   0.0000000000000000        0.0000000000000000     
   6.5398271488045353E-003   2.2473511101593234E-003
   1.3079654297609071E-002   4.4945327056704057E-003
   1.9619481446413605E-002   6.7413753041609343E-003
   2.6159308595218141E-002   8.9877094877993339E-003
   3.2699135744022674E-002   1.1233365935537344E-002
   3.9238962892827210E-002   1.3478175455319256E-002
   4.5778790041631746E-002   1.5721969016246746E-002
   5.2318617190436283E-002   1.7964577780688207E-002
   5.8858444339240819E-002   2.0205833136321585E-002
   6.5398271488045348E-002   2.2445566728099692E-002
   7.1938098636849884E-002   2.4683610490127066E-002
   7.8477925785654420E-002   2.6919796677437460E-002
   8.5017752934458957E-002   2.9153957897661058E-002
   9.1557580083263493E-002   3.1385927142570713E-002
   9.8097407232068029E-002   3.3615537819496326E-002
  0.10463723438087257        3.5842623782596915E-002
  0.11117706152967710        3.8067019363979486E-002
  0.11771688867848164        4.0288559404654478E-002
  0.12425671582728617        4.2507079285317127E-002
  0.13079654297609070        4.4722414956944623E-002
  0.13733637012489525        4.6934402971198566E-002
  0.14387619727369977        4.9142880510622787E-002
  0.15041602442250432        5.1347685418626408E-002
  0.15695585157130884        5.3548656229242236E-002
  0.16349567872011339        5.5745632196650637E-002
  0.17003550586891791        5.7938453324459238E-002
  0.17657533301772246        6.0126960394728902E-002
  0.18311516016652699        6.2310994996736528E-002
  0.18965498731533154        6.4490399555465414E-002
  0.19619481446413606        6.6665017359813825E-002
  0.20273464161294061        6.8834692590513127E-002
  0.20927446876174513        7.0999270347746224E-002
  0.21581429591054965        7.3158596678457921E-002
  0.22235412305935420        7.5312518603348227E-002
  0.22889395020815873        7.7460884143540895E-002
  0.23543377735696328        7.9603542346917994E-002
  0.24197360450576780        8.1740343314113464E-002
  0.24851343165457235        8.3871138224156982E-002
  0.25505325880337687        8.5995779359760938E-002
  0.26159308595218139        8.8114120132242471E-002
  0.26813291310098597        9.0226015106073740E-002
  0.27467274024979049        9.2331320023053040E-002
  0.28121256739859501        9.4429891826089407E-002
  0.28775239454739954        9.6521588682594792E-002
  0.29429222169620411        9.8606270007476002E-002
  0.30083204884500864       0.10068379648572146     
  0.30737187599381316       0.10275403009457487     
  0.31391170314261768       0.10481683412529171     
  0.32045153029142220       0.10687207320447076     
  0.32699135744022678       0.10891961331495684     
  0.33353118458903130       0.11095932181630805     
  0.34007101173783583       0.11299106746482314     
  0.34661083888664035       0.11501472043312365     
  0.35315066603544493       0.11703015232928619     
  0.35969049318424945       0.11903723621552041     
  0.36623032033305397       0.12103584662638808     
  0.37277014748185849       0.12302585958655934     
  0.37930997463066307       0.12500715262810239     
  0.38584980177946759       0.12697960480730244     
  0.39238962892827212       0.12894309672100712     
  0.39892945607707664       0.13089751052249463     
  0.40546928322588122       0.13284272993686153     
  0.41200911037468574       0.13477864027592823     
  0.41854893752349026       0.13670512845265820     
  0.42508876467229478       0.13862208299508999     
  0.43162859182109931       0.14052939405977885     
  0.43816841896990388       0.14242695344474665     
  0.44470824611870841       0.14431465460193801     
  0.45124807326751293       0.14619239264918166     
  0.45778790041631745       0.14806006438165506     
  0.46432772756512203       0.14991756828285199     
  0.47086755471392655       0.15176480453505184     
  0.47740738186273107       0.15360167502928981     
  0.48394720901153560       0.15542808337482847     
  0.49048703616034017       0.15724393490812924     
  0.49702686330914470       0.15904913670132528     
  0.50356669045794922       0.16084359757019456     
  0.51010651760675374       0.16262722808163463     
  0.51664634475555826       0.16439994056063945     
  0.52318617190436278       0.16616164909677877     
  0.52972599905316731       0.16791226955018176     
  0.53626582620197194       0.16965171955702560     
  0.54280565335077646       0.17137991853453072     
  0.54934548049958098       0.17309678768546452     
  0.55588530764838551       0.17480225000215519     
  0.56242513479719003       0.17649623027001760     
  0.56896496194599455       0.17817865507059380     
  0.57550478909479907       0.17984945278411038     
  0.58204461624360360       0.18150855359155513     
  0.58858444339240823       0.18315588947627637     
  0.59512427054121275       0.18479139422510696     
  0.60166409769001727       0.18641500342901732     
  0.60820392483882180       0.18802665448329933     
  0.61474375198762632       0.18962628658728628     
  0.62128357913643084       0.19121384074361089     
  0.62782340628523536       0.19278925975700648     
  0.63436323343403989       0.19435248823265433     
  0.64090306058284441       0.19590347257408194     
  0.64744288773164904       0.19744216098061632     
  0.65398271488045356       0.19896850344439640     
  0.66052254202925809       0.20048245174694976     
  0.66706236917806261       0.20198395945533792     
  0.67360219632686713       0.20347298191787486     
  0.68014202347567165       0.20494947625942439     
  0.68668185062447618       0.20641340137628109     
  0.69322167777328070       0.20786471793063957     
  0.69976150492208533       0.20930338834465897     
  0.70630133207088985       0.21072937679412571     
  0.71284115921969438       0.21214264920172290     
  0.71938098636849890       0.21354317322990959     
  0.72592081351730342       0.21493091827341745     
  0.73246064066610794       0.21630585545136963     
  0.73900046781491247       0.21766795759902879     
  0.74554029496371699       0.21901719925917923     
  0.75208012211252151       0.22035355667315057     
  0.75861994926132614       0.22167700777148838     
  0.76515977641013067       0.22298753216427813     
  0.77169960355893519       0.22428511113112962     
  0.77823943070773971       0.22556972761082758     
  0.78477925785654423       0.22684136619065537     
  0.79131908500534875       0.22810001309539879     
  0.79785891215415328       0.22934565617603567     
  0.80439873930295780       0.23057828489811916     
  0.81093856645176243       0.23179789032986087     
  0.81747839360056695       0.23300446512992085     
  0.82401822074937148       0.23419800353491133     
  0.83055804789817600       0.23537850134662153     
  0.83709787504698052       0.23654595591896960     
  0.84363770219578504       0.23770036614468978     
  0.85017752934458957       0.23884173244176135     
  0.85671735649339409       0.23997005673958630     
  0.86325718364219861       0.24108534246492283     
  0.86979701079100324       0.24218759452758262     
  0.87633683793980777       0.24327681930589767     
  0.88287666508861229       0.24435302463196484     
  0.88941649223741681       0.24541621977667510     
  0.89595631938622133       0.24646641543453415     
  0.90249614653502586       0.24750362370828219     
  0.90903597368383038       0.24852785809331981     
  0.91557580083263490       0.24953913346194664     
  0.92211562798143953       0.25053746604742094     
  0.92865545513024406       0.25152287342784618     
  0.93519528227904858       0.25249537450989257     
  0.94173510942785310       0.25345498951235962     
  0.94827493657665762       0.25440173994958870     
  0.95481476372546215       0.25533564861472952     
  0.96135459087426667       0.25625673956287159     
  0.96789441802307119       0.25716503809404362     
  0.97443424517187571       0.25806057073609040     
  0.98097407232068035       0.25894336522743394     
  0.98751389946948487       0.25981345049972371     
  0.99405372661828939       0.26067085666038547     
   1.0005935537670938       0.26151561497507353     
   1.0071333809158984       0.26234775785003417     
   1.0136732080647031       0.26316731881438643     
   1.0202130352135075       0.26397433250232699     
   1.0267528623623121       0.26476883463526601     
   1.0332926895111165       0.26555086200389988     
   1.0398325166599212       0.26632045245022784     
   1.0463723438087256       0.26707764484951851     
   1.0529121709575302       0.26782247909223300     
   1.0594519981063346       0.26855499606591049     
   1.0659918252551392       0.26927523763702255     
   1.0725316524039439       0.26998324663280260     
   1.0790714795527483       0.27067906682305604     
   1.0856113067015529       0.27136274290195750     
   1.0921511338503573       0.27203432046984077     
   1.0986909609991620       0.27269384601498758     
   1.1052307881479664       0.27334136689542021     
   1.1117706152967710       0.27397693132070472     
   1.1183104424455756       0.27460058833376905     
   1.1248502695943801       0.27521238779274271     
   1.1313900967431847       0.27581238035282268     
   1.1379299238919891       0.27640061744817068     
   1.1444697510407937       0.27697715127384798     
   1.1510095781895981       0.27754203476779188     
   1.1575494053384028       0.27809532159283923     
   1.1640892324872072       0.27863706611880240     
   1.1706290596360118       0.27916732340460138     
   1.1771688867848165       0.27968614918045875     
   1.1837087139336209       0.28019359983015962     
   1.1902485410824255       0.28068973237338352     
   1.1967883682312299       0.28117460444811110     
   1.2033281953800345       0.28164827429311062     
   1.2098680225288390       0.28211080073050882     
   1.2164078496776436       0.28256224314844991     
   1.2229476768264480       0.28300266148384640     
   1.2294875039752526       0.28343211620522707     
   1.2360273311240573       0.28385066829568462     
   1.2425671582728617       0.28425837923592745     
   1.2491069854216663       0.28465531098743918     
   1.2556468125704707       0.28504152597574972     
   1.2621866397192754       0.28541708707382091     
   1.2687264668680798       0.28578205758555042     
   1.2752662940168844       0.28613650122939732     
   1.2818061211656888       0.28648048212213273     
   1.2883459483144934       0.28681406476271754     
   1.2948857754632981       0.28713731401631198     
   1.3014256026121025       0.28745029509841852     
   1.3079654297609071       0.28775307355916124     
   1.3145052569097115       0.28804571526770545     
   1.3210450840585162       0.28832828639681823     
   1.3275849112073206       0.28860085340757441     
   1.3341247383561252       0.28886348303420900     
   1.3406645655049299       0.28911624226911931     
   1.3472043926537343       0.28935919834801860     
   1.3537442198025389       0.28959241873524350     
   1.3602840469513433       0.28981597110921697     
   1.3668238741001479       0.29002992334806998     
   1.3733637012489524       0.29023434351542138     
   1.3799035283977570       0.29042929984632093     
   1.3864433555465614       0.29061486073335430     
   1.3929831826953660       0.29079109471291376     
   1.3995230098441707       0.29095807045163408     
   1.4060628369929751       0.29111585673299806     
   1.4126026641417797       0.29126452244410911     
   1.4191424912905841       0.29140413656263570     
   1.4256823184393888       0.29153476814392687     
   1.4322221455881932       0.29165648630830077     
   1.4387619727369978       0.29176936022850619     
   1.4453017998858022       0.29187345911736001     
   1.4518416270346068       0.29196885221555879     
   1.4583814541834115       0.29205560877966769     
   1.4649212813322159       0.29213379807028611     
   1.4714611084810205       0.29220348934039081     
   1.4780009356298249       0.29226475182385747     
   1.4845407627786296       0.29231765472416055     
   1.4910805899274340       0.29236226720325303     
   1.4976204170762386       0.29239865837062473     
   1.5041602442250430       0.29242689727254045     
   1.5107000713738477       0.29244705288145856     
   1.5172398985226523       0.29245919408562898     
   1.5237797256714567       0.29246338967887148     
   1.5303195528202613       0.29245970835053398     
   1.5368593799690657       0.29244821867563076     
   1.5433992071178704       0.29242898910516080     
   1.5499390342666748       0.29240208795660527     
   1.5564788614154794       0.29236758340460478     
   1.5630186885642841       0.29232554347181566     
   1.5695585157130885       0.29227603601994484     
   1.5760983428618931       0.29221912874096284     
   1.5826381700106975       0.29215488914849497     
   1.5891779971595021       0.29208338456938926     
   1.5957178243083066       0.29200468213546144     
   1.6022576514571112       0.29191884877541546     
   1.6087974786059156       0.29182595120693999     
   1.6153373057547202       0.29172605592897843     
   1.6218771329035249       0.29161922921417405     
   1.6284169600523293       0.29150553710148619     
   1.6349567872011339       0.29138504538898075     
   1.6414966143499383       0.29125781962678959     
   1.6480364414987430       0.29112392511024160     
   1.6545762686475474       0.29098342687316214     
   1.6611160957963520       0.29083638968134046     
   1.6676559229451564       0.29068287802616499     
   1.6741957500939610       0.29052295611842294     
   1.6807355772427657       0.29035668788226610     
   1.6872754043915701       0.29018413694933914     
   1.6938152315403747       0.29000536665307042     
   1.7003550586891791       0.28982044002312379     
   1.7068948858379838       0.28962941978001006     
   1.7134347129867882       0.28943236832985675     
   1.7199745401355928       0.28922934775933484     
   1.7265143672843972       0.28902041983074084     
   1.7330541944332019       0.28880564597723374     
   1.7395940215820065       0.28858508729822380     
   1.7461338487308109       0.28835880455491331     
   1.7526736758796155       0.28812685816598654     
   1.7592135030284199       0.28788930820344855     
   1.7657533301772246       0.28764621438861032     
   1.7722931573260290       0.28739763608821911     
   1.7788329844748336       0.28714363231073259     
   1.7853728116236380       0.28688426170273490     
   1.7919126387724427       0.28661958254549302     
   1.7984524659212473       0.28634965275165214     
   1.8049922930700517       0.28607452986206816     
   1.8115321202188563       0.28579427104277527     
   1.8180719473676608       0.28550893308208813     
   1.8246117745164654       0.28521857238783555     
   1.8311516016652698       0.28492324498472477     
   1.8376914288140744       0.28462300651183503     
   1.8442312559628791       0.28431791222023745     
   1.8507710831116835       0.28400801697074052     
   1.8573109102604881       0.28369337523175980     
   1.8638507374092925       0.28337404107730829     
   1.8703905645580972       0.28305006818510869     
   1.8769303917069016       0.28272150983482180     
   1.8834702188557062       0.28238841890639388     
   1.8900100460045106       0.28205084787851736     
   1.8965498731533152       0.28170884882720559     
   1.9030897003021199       0.28136247342447834     
   1.9096295274509243       0.28101177293715740     
   1.9161693545997289       0.28065679822577005     
   1.9227091817485333       0.28029759974355822     
   1.9292490088973380       0.27993422753559288     
   1.9357888360461424       0.27956673123799014     
   1.9423286631949470       0.27919516007722872     
   1.9488684903437514       0.27881956286956666     
   1.9554083174925561       0.27843998802055492     
   1.9619481446413607       0.27805648352464718     
   1.9684879717901651       0.27766909696490288     
   1.9750277989389697       0.27727787551278327     
   1.9815676260877741       0.27688286592803713     
   1.9881074532365788       0.27648411455867561     
   1.9946472803853832       0.27608166734103373     
   2.0011871075341876       0.27567556979991820     
   2.0077269346829922       0.27526586704883699     
   2.0142667618317969       0.27485260379031262     
   2.0208065889806015       0.27443582431627489     
   2.0273464161294061       0.27401557250853181     
   2.0338862432782103       0.27359189183931831     
   2.0404260704270150       0.27316482537191938     
   2.0469658975758196       0.27273441576136731     
   2.0535057247246242       0.27230070525521055     
   2.0600455518734284       0.27186373569435335     
   2.0665853790222330       0.27142354851396372     
   2.0731252061710377       0.27098018474444840     
   2.0796650333198423       0.27053368501249436     
   2.0862048604686469       0.27008408954217289     
   2.0927446876174511       0.26963143815610729     
   2.0992845147662558       0.26917577027670059     
   2.1058243419150604       0.26871712492742339     
   2.1123641690638650       0.26825554073415869     
   2.1189039962126692       0.26779105592660385     
   2.1254438233614739       0.26732370833972685     
   2.1319836505102785       0.26685353541527612     
   2.1385234776590831       0.26638057420334210     
   2.1450633048078878       0.26590486136396940     
   2.1516031319566919       0.26542643316881809     
   2.1581429591054966       0.26494532550287231     
   2.1646827862543012       0.26446157386619518     
   2.1712226134031058       0.26397521337572871     
   2.1777624405519105       0.26348627876713671     
   2.1843022677007147       0.26299480439669043     
   2.1908420948495193       0.26250082424319438     
   2.1973819219983239       0.26200437190995218     
   2.2039217491471286       0.26150548062676954     
   2.2104615762959328       0.26100418325199537     
   2.2170014034447374       0.26050051227459742     
   2.2235412305935420       0.25999449981627282     
   2.2300810577423467       0.25948617763359144     
   2.2366208848911513       0.25897557712017122     
   2.2431607120399555       0.25846272930888403     
   2.2497005391887601       0.25794766487409132     
   2.2562403663375648       0.25743041413390721     
   2.2627801934863694       0.25691100705249015     
   2.2693200206351736       0.25638947324235911     
   2.2758598477839782       0.25586584196673534     
   2.2823996749327828       0.25534014214190837     
   2.2889395020815875       0.25481240233962332     
   2.2954793292303921       0.25428265078949142     
   2.3020191563791963       0.25375091538141997     
   2.3085589835280009       0.25321722366806243     
   2.3150988106768056       0.25268160286728641     
   2.3216386378256102       0.25214407986465992     
   2.3281784649744144       0.25160468121595359     
   2.3347182921232190       0.25106343314965873     
   2.3412581192720237       0.25052036156951968     
   2.3477979464208283       0.24997549205708017     
   2.3543377735696329       0.24942884987424227     
   2.3608776007184371       0.24888045996583699     
   2.3674174278672417       0.24833034696220610     
   2.3739572550160464       0.24777853518179407     
   2.3804970821648510       0.24722504863374895     
   2.3870369093136552       0.24666991102053204     
   2.3935767364624598       0.24611314574053444     
   2.4001165636112645       0.24555477589070135     
   2.4066563907600691       0.24499482426916147     
   2.4131962179088737       0.24443331337786200     
   2.4197360450576779       0.24387026542520829     
   2.4262758722064826       0.24330570232870646     
   2.4328156993552872       0.24273964571761003     
   2.4393555265040918       0.24217211693556784     
   2.4458953536528960       0.24160313704327405     
   2.4524351808017006       0.24103272682111893     
   2.4589750079505053       0.24046090677184009     
   2.4655148350993099       0.23988769712317271     
   2.4720546622481145       0.23931311783049933     
   2.4785944893969187       0.23873718857949747     
   2.4851343165457234       0.23815992878878531     
   2.4916741436945280       0.23758135761256421     
   2.4982139708433326       0.23700149394325809     
   2.5047537979921368       0.23642035641414832     
   2.5112936251409415       0.23583796340200433     
   2.5178334522897461       0.23525433302970924     
   2.5243732794385507       0.23466948316887934     
   2.5309131065873554       0.23408343144247801     
   2.5374529337361595       0.23349619522742265     
   2.5439927608849642       0.23290779165718425     
   2.5505325880337688       0.23231823762438025     
   2.5570724151825734       0.23172754978335794     
   2.5636122423313776       0.23113574455277081     
   2.5701520694801823       0.23054283811814499     
   2.5766918966289869       0.22994884643443667     
   2.5832317237777915       0.22935378522857966     
   2.5897715509265962       0.22875767000202310     
   2.5963113780754004       0.22816051603325802     
   2.6028512052242050       0.22756233838033355     
   2.6093910323730096       0.22696315188336161     
   2.6159308595218143       0.22636297116700999     
   2.6224706866706184       0.22576181064298348     
   2.6290105138194231       0.22515968451249257     
   2.6355503409682277       0.22455660676870995     
   2.6420901681170323       0.22395259119921362     
   2.6486299952658370       0.22334765138841711     
   2.6551698224146412       0.22274180071998592     
   2.6617096495634458       0.22213505237924069     
   2.6682494767122504       0.22152741935554576     
   2.6747893038610551       0.22091891444468392     
   2.6813291310098597       0.22030955025121643     
   2.6878689581586639       0.21969933919082810     
   2.6944087853074685       0.21908829349265790     
   2.7009486124562732       0.21847642520161387     
   2.7074884396050778       0.21786374618067303     
   2.7140282667538820       0.21725026811316525     
   2.7205680939026866       0.21663600250504178     
   2.7271079210514912       0.21602096068712776     
   2.7336477482002959       0.21540515381735811     
   2.7401875753491005       0.21478859288299793     
   2.7467274024979047       0.21417128870284552     
   2.7532672296467093       0.21355325192941976     
   2.7598070567955140       0.21293449305113021     
   2.7663468839443186       0.21231502239443020     
   2.7728867110931228       0.21169485012595365     
   2.7794265382419274       0.21107398625463386     
   2.7859663653907321       0.21045244063380589     
   2.7925061925395367       0.20983022296329143     
   2.7990460196883413       0.20920734279146591     
   2.8055858468371455       0.20858380951730851     
   2.8121256739859501       0.20795963239243473     
   2.8186655011347548       0.20733482052311070     
   2.8252053282835594       0.20670938287225080     
   2.8317451554323636       0.20608332826139641     
   2.8382849825811682       0.20545666537267768     
   2.8448248097299729       0.20482940275075723     
   2.8513646368787775       0.20420154880475558     
   2.8579044640275821       0.20357311181015933     
   2.8644442911763863       0.20294409991071088     
   2.8709841183251910       0.20231452112028034     
   2.8775239454739956       0.20168438332471930     
   2.8840637726228002       0.20105369428369702     
   2.8906035997716044       0.20042246163251801     
   2.8971434269204090       0.19979069288392187     
   2.9036832540692137       0.19915839542986566     
   2.9102230812180183       0.19852557654328687     
   2.9167629083668229       0.19789224337985001     
   2.9233027355156271       0.19725840297967417     
   2.9298425626644318       0.19662406226904289     
   2.9363823898132364       0.19598922806209604     
   2.9429222169620410       0.19535390706250436     
   2.9494620441108452       0.19471810586512503     
   2.9560018712596499       0.19408183095764051     
   2.9625416984084545       0.19344508872217886     
   2.9690815255572591       0.19280788543691668     
   2.9756213527060638       0.19217022727766442     
   2.9821611798548679       0.19153212031943351     
   2.9887010070036726       0.19089357053798653     
   2.9952408341524772       0.19025458381136981     
   3.0017806613012818       0.18961516592142788     
   3.0083204884500860       0.18897532255530142     
   3.0148603155988907       0.18833505930690728     
   3.0214001427476953       0.18769438167840166     
   3.0279399698964999       0.18705329508162563     
   3.0344797970453046       0.18641180483953404     
   3.0410196241941088       0.18576991618760708     
   3.0475594513429134       0.18512763427524512     
   3.0540992784917180       0.18448496416714649     
   3.0606391056405227       0.18384191084466880     
   3.0671789327893269       0.18319847920717319     
   3.0737187599381315       0.18255467407335235     
   3.0802585870869361       0.18191050018254190     
   3.0867984142357408       0.18126596219601540     
   3.0933382413845454       0.18062106469826308     
   3.0998780685333496       0.17997581219825443     
   3.1064178956821542       0.17933020913068470     
   3.1129577228309588       0.17868425985720529     
   3.1194975499797635       0.17803796866763855     
   3.1260373771285681       0.17739133978117627     
   3.1325772042773723       0.17674437734756349     
   3.1391170314261769       0.17609708544826552     
   3.1456568585749816       0.17544946809762063     
   3.1521966857237862       0.17480152924397691     
   3.1587365128725904       0.17415327277081374     
   3.1652763400213950       0.17350470249784863     
   3.1718161671701997       0.17285582218212892     
   3.1783559943190043       0.17220663551910856     
   3.1848958214678089       0.17155714614371015     
   3.1914356486166131       0.17090735763137241     
   3.1979754757654177       0.17025727349908334     
   3.2045153029142224       0.16960689720639868     
   3.2110551300630270       0.16895623215644628     
   3.2175949572118312       0.16830528169691666     
   3.2241347843606358       0.16765404912103879     
   3.2306746115094405       0.16700253766854301     
   3.2372144386582451       0.16635075052660941     
   3.2437542658070497       0.16569869083080285     
   3.2502940929558539       0.16504636166599460     
   3.2568339201046586       0.16439376606727055     
   3.2633737472534632       0.16374090702082614     
   3.2699135744022678       0.16308778746484806     
   3.2764534015510720       0.16243441029038327     
   3.2829932286998766       0.16178077834219495     
   3.2895330558486813       0.16112689441960570     
   3.2960728829974859       0.16047276127732829     
   3.3026127101462905       0.15981838162628381     
   3.3091525372950947       0.15916375813440753     
   3.3156923644438994       0.15850889342744254     
   3.3222321915927040       0.15785379008972134     
   3.3287720187415086       0.15719845066493532     
   3.3353118458903128       0.15654287765689276     
   3.3418516730391175       0.15588707353026457     
   3.3483915001879221       0.15523104071131902     
   3.3549313273367267       0.15457478158864471     
   3.3614711544855314       0.15391829851386227     
   3.3680109816343355       0.15326159380232490     
   3.3745508087831402       0.15260466973380793     
   3.3810906359319448       0.15194752855318711     
   3.3876304630807494       0.15129017247110657     
   3.3941702902295536       0.15063260366463563     
   3.4007101173783583       0.14997482427791550     
   3.4072499445271629       0.14931683642279506     
   3.4137897716759675       0.14865864217945673     
   3.4203295988247722       0.14800024359703196     
   3.4268694259735764       0.14734164269420655     
   3.4334092531223810       0.14668284145981650     
   3.4399490802711856       0.14602384185343323     
   3.4464889074199903       0.14536464580594000     
   3.4530287345687944       0.14470525522009808     
   3.4595685617175991       0.14404567197110366     
   3.4661083888664037       0.14338589790713577     
   3.4726482160152083       0.14272593484989426     
   3.4791880431640130       0.14206578459512953     
   3.4857278703128172       0.14140544891316248     
   3.4922676974616218       0.14074492954939605     
   3.4988075246104264       0.14008422822481817     
   3.5053473517592311       0.13942334663649542     
   3.5118871789080353       0.13876228645805885     
   3.5184270060568399       0.13810104934018111     
   3.5249668332056445       0.13743963691104508     
   3.5315066603544492       0.13677805077680474     
   3.5380464875032538       0.13611629252203777     
   3.5445863146520580       0.13545436371019001     
   3.5511261418008626       0.13479226588401236     
   3.5576659689496672       0.13413000056598992     
   3.5642057960984719       0.13346756925876327     
   3.5707456232472761       0.13280497344554229     
   3.5772854503960807       0.13214221459051298     
   3.5838252775448853       0.13147929413923626     
   3.5903651046936900       0.13081621351904013     
   3.5969049318424946       0.13015297413940444     
   3.6034447589912988       0.12948957739233882     
   3.6099845861401034       0.12882602465275353     
   3.6165244132889081       0.12816231727882385     
   3.6230642404377127       0.12749845661234727     
   3.6296040675865173       0.12683444397909444     
   3.6361438947353215       0.12617028068915365     
   3.6426837218841261       0.12550596803726874     
   3.6492235490329308       0.12484150730317067     
   3.6557633761817354       0.12417689975190309     
   3.6623032033305396       0.12351214663414156     
   3.6688430304793442       0.12284724918650702     
   3.6753828576281489       0.12218220863187301     
   3.6819226847769535       0.12151702617966730     
   3.6884625119257581       0.12085170302616763     
   3.6950023390745623       0.12018624035479195     
   3.7015421662233670       0.11952063933638288     
   3.7080819933721716       0.11885490112948682     
   3.7146218205209762       0.11818902688062767     
   3.7211616476697804       0.11752301772457530     
   3.7277014748185850       0.11685687478460847     
   3.7342413019673897       0.11619059917277315     
   3.7407811291161943       0.11552419199013525     
   3.7473209562649989       0.11485765432702877     
   3.7538607834138031       0.11419098726329875     
   3.7604006105626078       0.11352419186853976     
   3.7669404377114124       0.11285726920232926     
   3.7734802648602170       0.11219022031445659     
   3.7800200920090212       0.11152304624514731     
   3.7865599191578259       0.11085574802528296     
   3.7930997463066305       0.11018832667661649     
   3.7996395734554351       0.10952078321198336     
   3.8061794006042398       0.10885311863550812     
   3.8127192277530439       0.10818533394280716     
   3.8192590549018486       0.10751743012118710     
   3.8257988820506532       0.10684940814983912     
   3.8323387091994578       0.10618126900002928     
   3.8388785363482620       0.10551301363528511     
   3.8454183634970667       0.10484464301157806     
   3.8519581906458713       0.10417615807750244     
   3.8584980177946759       0.10350755977445038     
   3.8650378449434806       0.10283884903678339     
   3.8715776720922848       0.10217002679200012     
   3.8781174992410894       0.10150109396090065     
   3.8846573263898940       0.10083205145774742     
   3.8911971535386987       0.10016290019042265     
   3.8977369806875029        9.9493641060582380E-002
   3.9042768078363075        9.8824274963807385E-002
   3.9108166349851121        9.8154802789750750E-002
   3.9173564621339168        9.7485225422282260E-002
   3.9238962892827214        9.6815543739629834E-002
   3.9304361164315256        9.6145758614517712E-002
   3.9369759435803302        9.5475870914301847E-002
   3.9435157707291348        9.4805881501102141E-002
   3.9500555978779395        9.4135791231932067E-002
   3.9565954250267437        9.3465600958825154E-002
   3.9631352521755483        9.2795311528959104E-002
   3.9696750793243529        9.2124923784776602E-002
   3.9762149064731576        9.1454438564104124E-002
   3.9827547336219622        9.0783856700267590E-002
   3.9892945607707664        9.0113179022205767E-002
   3.9958343879195710        8.9442406354580964E-002
   4.0023742150683752        8.8771539517887244E-002
   4.0089140422171798        8.8100579328556500E-002
   4.0154538693659845        8.7429526599061808E-002
   4.0219936965147891        8.6758382138018508E-002
   4.0285335236635937        8.6087146750283200E-002
   4.0350733508123984        8.5415821237050313E-002
   4.0416131779612030        8.4744406395946464E-002
   4.0481530051100076        8.4072903021122830E-002
   4.0546928322588123        8.3401311903345196E-002
   4.0612326594076160        8.2729633830082097E-002
   4.0677724865564207        8.2057869585590859E-002
   4.0743123137052253        8.1386019951001518E-002
   4.0808521408540299        8.0714085704399169E-002
   4.0873919680028346        8.0042067620903989E-002
   4.0939317951516392        7.9369966472749548E-002
   4.1004716223004438        7.8697783029359411E-002
   4.1070114494492485        7.8025518057421694E-002
   4.1135512765980531        7.7353172320962116E-002
   4.1200911037468568        7.6680746581415091E-002
   4.1266309308956615        7.6008241597693302E-002
   4.1331707580444661        7.5335658126255575E-002
   4.1397105851932707        7.4662996921173050E-002
   4.1462504123420754        7.3990258734193889E-002
   4.1527902394908800        7.3317444314806343E-002
   4.1593300666396846        7.2644554410300391E-002
   4.1658698937884893        7.1971589765827654E-002
   4.1724097209372939        7.1298551124460291E-002
   4.1789495480860976        7.0625439227247955E-002
   4.1854893752349023        6.9952254813273732E-002
   4.1920292023837069        6.9278998619708515E-002
   4.1985690295325115        6.8605671381864172E-002
   4.2051088566813162        6.7932273833245252E-002
   4.2116486838301208        6.7258806705599569E-002
   4.2181885109789254        6.6585270728967388E-002
   4.2247283381277301        6.5911666631729496E-002
   4.2312681652765347        6.5237995140654009E-002
   4.2378079924253385        6.4564256980942078E-002
   4.2443478195741431        6.3890452876272250E-002
   4.2508876467229477        6.3216583548844060E-002
   4.2574274738717524        6.2542649719420126E-002
   4.2639673010205570        6.1868652107367472E-002
   4.2705071281693616        6.1194591430697644E-002
   4.2770469553181663        6.0520468406105844E-002
   4.2835867824669709        5.9846283749009056E-002
   4.2901266096157755        5.9172038173583186E-002
   4.2966664367645793        5.8497732392799276E-002
   4.3032062639133839        5.7823367118458702E-002
   4.3097460910621885        5.7148943061227586E-002
   4.3162859182109932        5.6474460930670135E-002
   4.3228257453597978        5.5799921435281272E-002
   4.3293655725086024        5.5125325282518289E-002
   4.3359053996574071        5.4450673178831753E-002
   4.3424452268062117        5.3775965829695502E-002
   4.3489850539550163        5.3101203939635980E-002
   4.3555248811038210        5.2426388212260630E-002
   4.3620647082526247        5.1751519350285630E-002
   4.3686045354014293        5.1076598055562875E-002
   4.3751443625502340        5.0401625029106181E-002
   4.3816841896990386        4.9726600971116849E-002
   4.3882240168478432        4.9051526581008476E-002
   4.3947638439966479        4.8376402557431121E-002
   4.4013036711454525        4.7701229598294800E-002
   4.4078434982942571        4.7026008400792373E-002
   4.4143833254430618        4.6350739661421690E-002
   4.4209231525918655        4.5675424076007283E-002
   4.4274629797406702        4.5000062339721335E-002
   4.4340028068894748        4.4324655147104076E-002
   4.4405426340382794        4.3649203192083715E-002
   4.4470824611870841        4.2973707167995624E-002
   4.4536222883358887        4.2298167767601202E-002
   4.4601621154846933        4.1622585683105985E-002
   4.4667019426334980        4.0946961606177432E-002
   4.4732417697823026        4.0271296227962071E-002
   4.4797815969311063        3.9595590239102231E-002
   4.4863214240799110        3.8919844329752235E-002
   4.4928612512287156        3.8244059189594157E-002
   4.4994010783775202        3.7568235507853161E-002
   4.5059409055263249        3.6892373973312270E-002
   4.5124807326751295        3.6216475274326851E-002
   4.5190205598239341        3.5540540098838558E-002
   4.5255603869727388        3.4864569134388949E-002
   4.5321002141215434        3.4188563068132637E-002
   4.5386400412703471        3.3512522586850051E-002
   4.5451798684191518        3.2836448376959884E-002
   4.5517196955679564        3.2160341124531054E-002
   4.5582595227167610        3.1484201515294442E-002
   4.5647993498655657        3.0808030234654133E-002
   4.5713391770143703        3.0131827967698414E-002
   4.5778790041631749        2.9455595399210378E-002
   4.5844188313119796        2.8779333213678249E-002
   4.5909586584607842        2.8103042095305331E-002
   4.5974984856095880        2.7426722728019694E-002
   4.6040383127583926        2.6750375795483547E-002
   4.6105781399071972        2.6074001981102275E-002
   4.6171179670560019        2.5397601968033257E-002
   4.6236577942048065        2.4721176439194359E-002
   4.6301976213536111        2.4044726077272167E-002
   4.6367374485024158        2.3368251564729936E-002
   4.6432772756512204        2.2691753583815331E-002
   4.6498171028000250        2.2015232816567833E-002
   4.6563569299488288        2.1338689944826031E-002
   4.6628967570976334        2.0662125650234522E-002
   4.6694365842464380        1.9985540614250695E-002
   4.6759764113952427        1.9308935518151226E-002
   4.6825162385440473        1.8632311043038422E-002
   4.6890560656928519        1.7955667869846242E-002
   4.6955958928416566        1.7279006679346232E-002
   4.7021357199904612        1.6602328152153182E-002
   4.7086755471392658        1.5925632968730598E-002
   4.7152153742880696        1.5248921809396014E-002
   4.7217552014368742        1.4572195354326077E-002
   4.7282950285856788        1.3895454283561485E-002
   4.7348348557344835        1.3218699277011737E-002
   4.7413746828832881        1.2541931014459695E-002
   4.7479145100320927        1.1865150175566023E-002
   4.7544543371808974        1.1188357439873427E-002
   4.7609941643297020        1.0511553486810744E-002
   4.7675339914785066        9.8347389956969008E-003
   4.7740738186273104        9.1579146457446935E-003
   4.7806136457761150        8.4810811160644650E-003
   4.7871534729249197        7.8042390856675843E-003
   4.7936933000737243        7.1273892334698602E-003
   4.8002331272225289        6.4505322382947547E-003
   4.8067729543713336        5.7736687788765275E-003
   4.8133127815201382        5.0967995338632149E-003
   4.8198526086689428        4.4199251818195073E-003
   4.8263924358177475        3.7430464012295100E-003
   4.8329322629665512        3.0661638704993781E-003
   4.8394720901153558        2.3892782679598564E-003
   4.8460119172641605        1.7123902718687029E-003
   4.8525517444129651        1.0355005604130087E-003
   4.8590915715617697        3.5860981171142265E-004
   4.8656313987105744       -3.1828129618372832E-004
   4.8721712258593790       -9.9517208528440921E-004
   4.8787110530081836       -1.6720618776649412E-003
   4.8852508801569883       -2.3489499954601552E-003
   4.8917907073057920       -3.0258357608636288E-003
   4.8983305344545967       -3.7027184961260146E-003
   4.9048703616034013       -4.3795975235534409E-003
   4.9114101887522059       -5.0564721655059989E-003
   4.9179500159010106       -5.7333417443962984E-003
   4.9244898430498152       -6.4102055826881083E-003
   4.9310296701986198       -7.0870630028950611E-003
   4.9375694973474245       -7.7639133275794305E-003
   4.9441093244962291       -8.4407558793509734E-003
   4.9506491516450328       -9.1175899808658353E-003
   4.9571889787938375       -9.7944149548255324E-003
   4.9637288059426421       -1.0471230123975986E-002
   4.9702686330914467       -1.1148034811106601E-002
   4.9768084602402514       -1.1824828339049437E-002
   4.9833482873890560       -1.2501610030678402E-002
   4.9898881145378606       -1.3178379208908521E-002
   4.9964279416866653       -1.3855135196695243E-002
   5.0029677688354699       -1.4531877317033813E-002
   5.0095075959842736       -1.5208604892958676E-002
   5.0160474231330783       -1.5885317247542951E-002
   5.0225872502818829       -1.6562013703897920E-002
   5.0291270774306875       -1.7238693585172601E-002
   5.0356669045794922       -1.7915356214553309E-002
   5.0422067317282968       -1.8592000915263324E-002
   5.0487465588771014       -1.9268627010562561E-002
   5.0552863860259061       -1.9945233823747258E-002
   5.0618262131747107       -2.0621820678149761E-002
   5.0683660403235145       -2.1298386897138293E-002
   5.0749058674723191       -2.1974931804116783E-002
   5.0814456946211237       -2.2651454722524712E-002
   5.0879855217699284       -2.3327954975837045E-002
   5.0945253489187330       -2.4004431887564084E-002
   5.1010651760675376       -2.4680884781251473E-002
   5.1076050032163423       -2.5357312980480169E-002
   5.1141448303651469       -2.6033715808866435E-002
   5.1206846575139515       -2.6710092590061893E-002
   5.1272244846627553       -2.7386442647753587E-002
   5.1337643118115599       -2.8062765305664067E-002
   5.1403041389603645       -2.8739059887551512E-002
   5.1468439661091692       -2.9415325717209857E-002
   5.1533837932579738       -3.0091562118468973E-002
   5.1599236204067784       -3.0767768415194817E-002
   5.1664634475555831       -3.1443943931289686E-002
   5.1730032747043877       -3.2120087990692402E-002
   5.1795431018531923       -3.2796199917378567E-002
   5.1860829290019961       -3.3472279035360833E-002
   5.1926227561508007       -3.4148324668689195E-002
   5.1991625832996053       -3.4824336141451286E-002
   5.2057024104484100       -3.5500312777772672E-002
   5.2122422375972146       -3.6176253901817224E-002
   5.2187820647460192       -3.6852158837787446E-002
   5.2253218918948239       -3.7528026909924843E-002
   5.2318617190436285       -3.8203857442510328E-002
   5.2384015461924331       -3.8879649759864562E-002
   5.2449413733412369       -3.9555403186348412E-002
   5.2514812004900415       -4.0231117046363368E-002
   5.2580210276388462       -4.0906790664351954E-002
   5.2645608547876508       -4.1582423364798185E-002
   5.2711006819364554       -4.2258014472228031E-002
   5.2776405090852601       -4.2933563311209899E-002
   5.2841803362340647       -4.3609069206355086E-002
   5.2907201633828693       -4.4284531482318250E-002
   5.2972599905316740       -4.4959949463797999E-002
   5.3037998176804786       -4.5635322475537331E-002
   5.3103396448292823       -4.6310649842324116E-002
   5.3168794719780870       -4.6985930888991757E-002
   5.3234192991268916       -4.7661164940419581E-002
   5.3299591262756962       -4.8336351321533473E-002
   5.3364989534245009       -4.9011489357306419E-002
   5.3430387805733055       -4.9686578372759006E-002
   5.3495786077221101       -5.0361617692960062E-002
   5.3561184348709148       -5.1036606643027199E-002
   5.3626582620197194       -5.1711544548127389E-002
   5.3691980891685231       -5.2386430733477582E-002
   5.3757379163173278       -5.3061264524345224E-002
   5.3822777434661324       -5.3736045246048927E-002
   5.3888175706149370       -5.4410772223959090E-002
   5.3953573977637417       -5.5085444783498388E-002
   5.4018972249125463       -5.5760062250142524E-002
   5.4084370520613509       -5.6434623949420774E-002
   5.4149768792101556       -5.7109129206916617E-002
   5.4215167063589602       -5.7783577348268375E-002
   5.4280565335077640       -5.8457967699169840E-002
   5.4345963606565686       -5.9132299585370904E-002
   5.4411361878053732       -5.9806572332678193E-002
   5.4476760149541779       -6.0480785266955731E-002
   5.4542158421029825       -6.1154937714125585E-002
   5.4607556692517871       -6.1829029000168505E-002
   5.4672954964005918       -6.2503058451124541E-002
   5.4738353235493964       -6.3177025393093750E-002
   5.4803751506982010       -6.3850929152236835E-002
   5.4869149778470048       -6.4524769054775805E-002
   5.4934548049958094       -6.5198544426994631E-002
   5.4999946321446140       -6.5872254595239932E-002
   5.5065344592934187       -6.6545898885921662E-002
   5.5130742864422233       -6.7219476625513641E-002
   5.5196141135910279       -6.7892987140554445E-002
   5.5261539407398326       -6.8566429757647887E-002
   5.5326937678886372       -6.9239803803463826E-002
   5.5392335950374418       -6.9913108604738747E-002
   5.5457734221862456       -7.0586343488276512E-002
   5.5523132493350502       -7.1259507780948986E-002
   5.5588530764838548       -7.1932600809696753E-002
   5.5653929036326595       -7.2605621901529804E-002
   5.5719327307814641       -7.3278570383528141E-002
   5.5784725579302687       -7.3951445582842584E-002
   5.5850123850790734       -7.4624246826695356E-002
   5.5915522122278780       -7.5296973442380885E-002
   5.5980920393766826       -7.5969624757266249E-002
   5.6046318665254864       -7.6642200098792218E-002
   5.6111716936742910       -7.7314698794473627E-002
   5.6177115208230957       -7.7987120171900251E-002
   5.6242513479719003       -7.8659463558737416E-002
   5.6307911751207049       -7.9331728282726721E-002
   5.6373310022695096       -8.0003913671686716E-002
   5.6438708294183142       -8.0676019053513612E-002
   5.6504106565671188       -8.1348043756181945E-002
   5.6569504837159235       -8.2019987107745232E-002
   5.6634903108647272       -8.2691848436336798E-002
   5.6700301380135318       -8.3363627070170310E-002
   5.6765699651623365       -8.4035322337540616E-002
   5.6831097923111411       -8.4706933566824266E-002
   5.6896496194599457       -8.5378460086480437E-002
   5.6961894466087504       -8.6049901225051378E-002
   5.7027292737575550       -8.6721256311163286E-002
   5.7092691009063596       -8.7392524673526914E-002
   5.7158089280551643       -8.8063705640938295E-002
   5.7223487552039680       -8.8734798542279406E-002
   5.7288885823527727       -8.9405802706518891E-002
   5.7354284095015773       -9.0076717462712799E-002
   5.7419682366503819       -9.0747542140005161E-002
   5.7485080637991866       -9.1418276067628756E-002
   5.7550478909479912       -9.2088918574905823E-002
   5.7615877180967958       -9.2759468991248692E-002
   5.7681275452456005       -9.3429926646160510E-002
   5.7746673723944051       -9.4100290869236047E-002
   5.7812071995432088       -9.4770560990162109E-002
   5.7877470266920135       -9.5440736338718538E-002
   5.7942868538408181       -9.6110816244778643E-002
   5.8008266809896227       -9.6780800038310147E-002
   5.8073665081384274       -9.7450687049375651E-002
   5.8139063352872320       -9.8120476608133458E-002
   5.8204461624360366       -9.8790168044838200E-002
   5.8269859895848413       -9.9459760689841636E-002
   5.8335258167336459      -0.10012925387359319     
   5.8400656438824496      -0.10079864692664069     
   5.8466054710312543      -0.10146793917963118     
   5.8531452981800589      -0.10213712996331144     
   5.8596851253288635      -0.10280621860852880     
   5.8662249524776682      -0.10347520444623169     
   5.8727647796264728      -0.10414408680747053     
   5.8793046067752774      -0.10481286502339823     
   5.8858444339240821      -0.10548153842527097     
   5.8923842610728867      -0.10615010634444887     
   5.8989240882216905      -0.10681856811239669     
   5.9054639153704951      -0.10748692306068448     
   5.9120037425192997      -0.10815517052098837     
   5.9185435696681044      -0.10882330982509103     
   5.9250833968169090      -0.10949134030488265     
   5.9316232239657136      -0.11015926129236137     
   5.9381630511145183      -0.11082707211963420     
   5.9447028782633229      -0.11149477211891744     
   5.9512427054121275      -0.11216236062253757     
   5.9577825325609313      -0.11282983696293188     
   5.9643223597097359      -0.11349720047264909     
   5.9708621868585405      -0.11416445048435017     
   5.9774020140073452      -0.11483158633080889     
   5.9839418411561498      -0.11549860734491249     
   5.9904816683049544      -0.11616551285966249     
   5.9970214954537591      -0.11683230220817530     
   6.0035613226025637      -0.11749897472368286     
   6.0101011497513683      -0.11816552973953344     
   6.0166409769001721      -0.11883196658919216     
   6.0231808040489767      -0.11949828460624184     
   6.0297206311977813      -0.12016448312438352     
   6.0362604583465860      -0.12083056147743725     
   6.0428002854953906      -0.12149651899934272     
   6.0493401126441952      -0.12216235502415998     
   6.0558799397929999      -0.12282806888607009     
   6.0624197669418045      -0.12349365991937578     
   6.0689595940906091      -0.12415912745850211     
   6.0754994212394129      -0.12482447083799723     
   6.0820392483882175      -0.12548968939253302     
   6.0885790755370222      -0.12615478245690567     
   6.0951189026858268      -0.12681974936603665     
   6.1016587298346314      -0.12748458945497293     
   6.1081985569834361      -0.12814930205888800     
   6.1147383841322407      -0.12881388651308248     
   6.1212782112810453      -0.12947834215298479     
   6.1278180384298500      -0.13014266831415167     
   6.1343578655786537      -0.13080686433226910     
   6.1408976927274583      -0.13147092954315284     
   6.1474375198762630      -0.13213486328274904     
   6.1539773470250676      -0.13279866488713510     
   6.1605171741738722      -0.13346233369252014     
   6.1670570013226769      -0.13412586903524581     
   6.1735968284714815      -0.13478927025178694     
   6.1801366556202861      -0.13545253667875218     
   6.1866764827690908      -0.13611566765288460     
   6.1932163099178945      -0.13677866251106252     
   6.1997561370666991      -0.13744152059030013     
   6.2062959642155038      -0.13810424122774803     
   6.2128357913643084      -0.13876682376069416     
   6.2193756185131130      -0.13942926752656409     
   6.2259154456619177      -0.14009157186292215     
   6.2324552728107223      -0.14075373610747172     
   6.2389950999595269      -0.14141575959805605     
   6.2455349271083316      -0.14207764167265893     
   6.2520747542571362      -0.14273938166940545     
   6.2586145814059400      -0.14340097892656234     
   6.2651544085547446      -0.14406243278253908     
   6.2716942357035492      -0.14472374257588824     
   6.2782340628523539      -0.14538490764530632     
   6.2847738900011585      -0.14604592732963431     
   6.2913137171499631      -0.14670680096785835     
   6.2978535442987678      -0.14736752789911053     
   6.3043933714475724      -0.14802810746266951     
   6.3109331985963770      -0.14868853899796103     
   6.3174730257451808      -0.14934882184455872     
   6.3240128528939854      -0.15000895534218486     
   6.3305526800427900      -0.15066893883071078     
   6.3370925071915947      -0.15132877165015771     
   6.3436323343403993      -0.15198845314069742     
   6.3501721614892039      -0.15264798264265289     
   6.3567119886380086      -0.15330735949649885     
   6.3632518157868132      -0.15396658304286268     
   6.3697916429356178      -0.15462565262252484     
   6.3763314700844216      -0.15528456757641970     
   6.3828712972332262      -0.15594332724563606     
   6.3894111243820308      -0.15660193097141792     
   6.3959509515308355      -0.15726037809516513     
   6.4024907786796401      -0.15791866795843401     
   6.4090306058284447      -0.15857679990293805     
   6.4155704329772494      -0.15923477327054844     
   6.4221102601260540      -0.15989258740329504     
   6.4286500872748586      -0.16055024164336676     
   6.4351899144236624      -0.16120773533311217     
   6.4417297415724670      -0.16186506781504051     
   6.4482695687212717      -0.16252223843182201     
   6.4548093958700763      -0.16317924652628876     
   6.4613492230188809      -0.16383609144143516     
   6.4678890501676856      -0.16449277252041886     
   6.4744288773164902      -0.16514928910656113     
   6.4809687044652948      -0.16580564054334776     
   6.4875085316140995      -0.16646182617442959     
   6.4940483587629032      -0.16711784534362314     
   6.5005881859117078      -0.16777369739491133     
   6.5071280130605125      -0.16842938167244417     
   6.5136678402093171      -0.16908489752053937     
   6.5202076673581217      -0.16974024428368301     
   6.5267474945069264      -0.17039542130653015     
   6.5332873216557310      -0.17105042793390560     
   6.5398271488045356      -0.17170526351080440     
   6.5463669759533403      -0.17235992738239267     
   6.5529068031021440      -0.17301441889400815     
   6.5594466302509487      -0.17366873739116095     
   6.5659864573997533      -0.17432288221953407     
   6.5725262845485579      -0.17497685272498414     
   6.5790661116973626      -0.17563064825354199     
   6.5856059388461672      -0.17628426815141354     
   6.5921457659949718      -0.17693771176498024     
   6.5986855931437765      -0.17759097844079966     
   6.6052254202925811      -0.17824406752560648     
   6.6117652474413848      -0.17889697836631277     
   6.6183050745901895      -0.17954971031000871     
   6.6248449017389941      -0.18020226270396369     
   6.6313847288877987      -0.18085463489562625     
   6.6379245560366034      -0.18150682623262529     
   6.6444643831854080      -0.18215883606277047     
   6.6510042103342126      -0.18281066373405291     
   6.6575440374830173      -0.18346230859464591     
   6.6640838646318219      -0.18411376999290546     
   6.6706236917806256      -0.18476504727737111     
   6.6771635189294303      -0.18541613979676644     
   6.6837033460782349      -0.18606704689999970     
   6.6902431732270395      -0.18671776793616460     
   6.6967830003758442      -0.18736830225454079     
   6.7033228275246488      -0.18801864920459477     
   6.7098626546734534      -0.18866880813598033     
   6.7164024818222581      -0.18931877839853911     
   6.7229423089710627      -0.18996855934230161     
   6.7294821361198665      -0.19061815031748752     
   6.7360219632686711      -0.19126755067450640     
   6.7425617904174757      -0.19191675976395861     
   6.7491016175662804      -0.19256577693663557     
   6.7556414447150850      -0.19321460154352069     
   6.7621812718638896      -0.19386323293578986     
   6.7687210990126943      -0.19451167046481227     
   6.7752609261614989      -0.19515991348215081     
   6.7818007533103035      -0.19580796133956299     
   6.7883405804591073      -0.19645581338900150     
   6.7948804076079119      -0.19710346898261463     
   6.8014202347567165      -0.19775092747274728     
   6.8079600619055212      -0.19839818821194133     
   6.8144998890543258      -0.19904525055293651     
   6.8210397162031304      -0.19969211384867086     
   6.8275795433519351      -0.20033877745228137     
   6.8341193705007397      -0.20098524071710486     
   6.8406591976495443      -0.20163150299667842     
   6.8471990247983481      -0.20227756364474017     
   6.8537388519471527      -0.20292342201522967     
   6.8602786790959573      -0.20356907746228892     
   6.8668185062447620      -0.20421452934026277     
   6.8733583333935666      -0.20485977700369962     
   6.8798981605423712      -0.20550481980735213     
   6.8864379876911759      -0.20614965710617772     
   6.8929778148399805      -0.20679428825533941     
   6.8995176419887851      -0.20743871261020622     
   6.9060574691375889      -0.20808292952635418     
   6.9125972962863935      -0.20872693835956646     
   6.9191371234351982      -0.20937073846583454     
   6.9256769505840028      -0.21001432920135851     
   6.9322167777328074      -0.21065770992254784     
   6.9387566048816121      -0.21130087998602204     
   6.9452964320304167      -0.21194383874861117     
   6.9518362591792213      -0.21258658556735674     
   6.9583760863280260      -0.21322911979951206     
   6.9649159134768297      -0.21387144080254308     
   6.9714557406256343      -0.21451354793412897     
   6.9779955677744390      -0.21515544055216279     
   6.9845353949232436      -0.21579711801475207     
   6.9910752220720482      -0.21643857968021946     
   6.9976150492208529      -0.21707982490710348     
   7.0041548763696575      -0.21772085305415909     
   7.0106947035184621      -0.21836166348035818     
   7.0172345306672668      -0.21900225554489045     
   7.0237743578160705      -0.21964262860716408     
   7.0303141849648751      -0.22028278202680598     
   7.0368540121136798      -0.22092271516366296     
   7.0433938392624844      -0.22156242737780193     
   7.0499336664112890      -0.22220191802951075     
   7.0564734935600937      -0.22284118647929893     
   7.0630133207088983      -0.22348023208789816     
   7.0695531478577029      -0.22411905421626291     
   7.0760929750065076      -0.22475765222557106     
   7.0826328021553113      -0.22539602547722479     
   7.0891726293041160      -0.22603417333285078     
   7.0957124564529206      -0.22667209515430145     
   7.1022522836017252      -0.22730979030365503     
   7.1087921107505299      -0.22794725814321634     
   7.1153319378993345      -0.22858449803551770     
   7.1218717650481391      -0.22922150934331920     
   7.1284115921969438      -0.22985829142960973     
   7.1349514193457484      -0.23049484365760714     
   7.1414912464945521      -0.23113116539075934     
   7.1480310736433568      -0.23176725599274461     
   7.1545709007921614      -0.23240311482747245     
   7.1611107279409660      -0.23303874125908411     
   7.1676505550897707      -0.23367413465195308     
   7.1741903822385753      -0.23430929437068618     
   7.1807302093873799      -0.23494421978012367     
   7.1872700365361846      -0.23557891024534017     
   7.1938098636849892      -0.23621336513164526     
   7.2003496908337938      -0.23684758380458415     
   7.2068895179825976      -0.23748156562993816     
   7.2134293451314022      -0.23811530997372546     
   7.2199691722802068      -0.23874881620220192     
   7.2265089994290115      -0.23938208368186120     
   7.2330488265778161      -0.24001511177943588     
   7.2395886537266207      -0.24064789986189794     
   7.2461284808754254      -0.24128044729645931     
   7.2526683080242300      -0.24191275345057256     
   7.2592081351730346      -0.24254481769193165     
   7.2657479623218384      -0.24317663938847225     
   7.2722877894706430      -0.24380821790837279     
   7.2788276166194477      -0.24443955262005471     
   7.2853674437682523      -0.24507064289218342     
   7.2919072709170569      -0.24570148809366857     
   7.2984470980658616      -0.24633208759366504     
   7.3049869252146662      -0.24696244076157334     
   7.3115267523634708      -0.24759254696704033     
   7.3180665795122755      -0.24822240557995984     
   7.3246064066610792      -0.24885201597047324     
   7.3311462338098838      -0.24948137750897020     
   7.3376860609586885      -0.25011048956608922     
   7.3442258881074931      -0.25073935151271820     
   7.3507657152562977      -0.25136796271999523     
   7.3573055424051024      -0.25199632255930915     
   7.3638453695539070      -0.25262443040230015     
   7.3703851967027116      -0.25325228562086033     
   7.3769250238515163      -0.25387988758713453     
   7.3834648510003200      -0.25450723567352085     
   7.3900046781491247      -0.25513432925267115     
   7.3965445052979293      -0.25576116769749185     
   7.4030843324467339      -0.25638775038114453     
   7.4096241595955386      -0.25701407667704662     
   7.4161639867443432      -0.25764014595887169     
   7.4227038138931478      -0.25826595760055049     
   7.4292436410419525      -0.25889151097627144     
   7.4357834681907571      -0.25951680546048117     
   7.4423232953395608      -0.26014184042788518     
   7.4488631224883655      -0.26076661525344852     
   7.4554029496371701      -0.26139112931239639     
   7.4619427767859747      -0.26201538198021473     
   7.4684826039347794      -0.26263937263265091     
   7.4750224310835840      -0.26326310064571429     
   7.4815622582323886      -0.26388656539567679     
   7.4881020853811933      -0.26450976625907369     
   7.4946419125299979      -0.26513270261270422     
   7.5011817396788016      -0.26575537383363190     
   7.5077215668276063      -0.26637777929918566     
   7.5142613939764109      -0.26699991838695991     
   7.5208012211252155      -0.26762179047481566     
   7.5273410482740202      -0.26824339494088079     
   7.5338808754228248      -0.26886473116355086     
   7.5404207025716294      -0.26948579852148963     
   7.5469605297204341      -0.27010659639362966     
   7.5535003568692387      -0.27072712415917327     
   7.5600401840180425      -0.27134738119759261     
   7.5665800111668471      -0.27196736688863066     
   7.5731198383156517      -0.27258708061230169     
   7.5796596654644564      -0.27320652174889198     
   7.5861994926132610      -0.27382568967896048     
   7.5927393197620656      -0.27444458378333925     
   7.5992791469108703      -0.27506320344313412     
   7.6058189740596749      -0.27568154803972550     
   7.6123588012084795      -0.27629961695476868     
   7.6188986283572833      -0.27691740957019489     
   7.6254384555060879      -0.27753492526821144     
   7.6319782826548925      -0.27815216343130267     
   7.6385181098036972      -0.27876912344223043     
   7.6450579369525018      -0.27938580468403462     
   7.6515977641013064      -0.28000220654003416     
   7.6581375912501111      -0.28061832839382700     
   7.6646774183989157      -0.28123416962929143     
   7.6712172455477203      -0.28184972963058619     
   7.6777570726965241      -0.28246500778215128     
   7.6842968998453287      -0.28308000346870849     
   7.6908367269941333      -0.28369471607526214     
   7.6973765541429380      -0.28430914498709975     
   7.7039163812917426      -0.28492328958979229     
   7.7104562084405472      -0.28553714926919521     
   7.7169960355893519      -0.28615072341144882     
   7.7235358627381565      -0.28676401140297891     
   7.7300756898869611      -0.28737701263049764     
   7.7366155170357649      -0.28798972648100368     
   7.7431553441845695      -0.28860215234178321     
   7.7496951713333742      -0.28921428960041029     
   7.7562349984821788      -0.28982613764474785     
   7.7627748256309834      -0.29043769586294771     
   7.7693146527797881      -0.29104896364345167     
   7.7758544799285927      -0.29165994037499199     
   7.7823943070773973      -0.29227062544659194     
   7.7889341342262020      -0.29288101824756635     
   7.7954739613750057      -0.29349111816752255     
   7.8020137885238103      -0.29410092459636045     
   7.8085536156726150      -0.29471043692427384     
   7.8150934428214196      -0.29531965454175024     
   7.8216332699702242      -0.29592857683957208     
   7.8281730971190289      -0.29653720320881699     
   7.8347129242678335      -0.29714553304085872     
   7.8412527514166381      -0.29775356572736739     
   7.8477925785654428      -0.29836130066031036     
   7.8543324057142465      -0.29896873723195255     
   7.8608722328630511      -0.29957587483485759     
   7.8674120600118558      -0.30018271286188769     
   7.8739518871606604      -0.30078925070620499     
   7.8804917143094650      -0.30139548776127156     
   7.8870315414582697      -0.30200142342085029     
   7.8935713686070743      -0.30260705707900570     
   7.9001111957558789      -0.30321238813010393     
   7.9066510229046836      -0.30381741596881401     
   7.9131908500534873      -0.30442213999010814     
   7.9197306772022920      -0.30502655958926223     
   7.9262705043510966      -0.30563067416185669     
   7.9328103314999012      -0.30623448310377704     
   7.9393501586487059      -0.30683798581121424     
   7.9458899857975105      -0.30744118168066564     
   7.9524298129463151      -0.30804407010893536     
   7.9589696400951198      -0.30864665049313494     
   7.9655094672439244      -0.30924892223068401     
   7.9720492943927281      -0.30985088471931088     
   7.9785891215415328      -0.31045253735705292     
   7.9851289486903374      -0.31105387954225766     
   7.9916687758391420      -0.31165491067358286     
   7.9982086029879467      -0.31225563014999730     
   8.0047484301367504      -0.31285603737078160     
   8.0112882572855550      -0.31345613173552855     
   8.0178280844343597      -0.31405591264414373     
   8.0243679115831643      -0.31465537949684624     
   8.0309077387319689      -0.31525453169416928     
   8.0374475658807736      -0.31585336863696062     
   8.0439873930295782      -0.31645188972638333     
   8.0505272201783828      -0.31705009436391629     
   8.0570670473271875      -0.31764798195135485     
   8.0636068744759921      -0.31824555189081144     
   8.0701467016247967      -0.31884280358471617     
   8.0766865287736014      -0.31943973643581730     
   8.0832263559224060      -0.32003634984718199     
   8.0897661830712106      -0.32063264322219681     
   8.0963060102200153      -0.32122861596456842     
   8.1028458373688199      -0.32182426747832404     
   8.1093856645176245      -0.32241959716781216     
   8.1159254916664292      -0.32301460443770319     
   8.1224653188152320      -0.32360928869298972     
   8.1290051459640367      -0.32420364933898765     
   8.1355449731128413      -0.32479768578133617     
   8.1420848002616459      -0.32539139742599887     
   8.1486246274104506      -0.32598478367926415     
   8.1551644545592552      -0.32657784394774581     
   8.1617042817080598      -0.32717057763838348     
   8.1682441088568645      -0.32776298415844352     
   8.1747839360056691      -0.32835506291551936     
   8.1813237631544737      -0.32894681331753228     
   8.1878635903032784      -0.32953823477273186     
   8.1944034174520830      -0.33012932668969669     
   8.2009432446008876      -0.33072008847733481     
   8.2074830717496923      -0.33131051954488450     
   8.2140228988984969      -0.33190061930191467     
   8.2205627260473015      -0.33249038715832546     
   8.2271025531961062      -0.33307982252434909     
   8.2336423803449108      -0.33366892481055027     
   8.2401822074937137      -0.33425769342782657     
   8.2467220346425183      -0.33484612778740952     
   8.2532618617913229      -0.33543422730086464     
   8.2598016889401276      -0.33602199138009248     
   8.2663415160889322      -0.33660941943732892     
   8.2728813432377368      -0.33719651088514591     
   8.2794211703865415      -0.33778326513645207     
   8.2859609975353461      -0.33836968160449304     
   8.2925008246841507      -0.33895575970285247     
   8.2990406518329554      -0.33954149884545221     
   8.3055804789817600      -0.34012689844655303     
   8.3121203061305646      -0.34071195792075548     
   8.3186601332793693      -0.34129667668300001     
   8.3251999604281739      -0.34188105414856779     
   8.3317397875769785      -0.34246508973308148     
   8.3382796147257832      -0.34304878285250540     
   8.3448194418745878      -0.34363213292314648     
   8.3513592690233924      -0.34421513936165465     
   8.3578990961721953      -0.34479780158502349     
   8.3644389233209999      -0.34538011901059074     
   8.3709787504698046      -0.34596209105603898     
   8.3775185776186092      -0.34654371713939619     
   8.3840584047674138      -0.34712499667903629     
   8.3905982319162185      -0.34770592909367970     
   8.3971380590650231      -0.34828651380239406     
   8.4036778862138277      -0.34886675022459457     
   8.4102177133626324      -0.34944663778004487     
   8.4167575405114370      -0.35002617588885737     
   8.4232973676602416      -0.35060536397149406     
   8.4298371948090463      -0.35118420144876672     
   8.4363770219578509      -0.35176268774183783     
   8.4429168491066555      -0.35234082227222135     
   8.4494566762554602      -0.35291860446178253     
   8.4559965034042648      -0.35349603373273930     
   8.4625363305530694      -0.35407310950766230     
   8.4690761577018741      -0.35464983120947580     
   8.4756159848506769      -0.35522619826145807     
   8.4821558119994815      -0.35580221008724205     
   8.4886956391482862      -0.35637786611081596     
   8.4952354662970908      -0.35695316575652380     
   8.5017752934458954      -0.35752810844906596     
   8.5083151205947001      -0.35810269361349961     
   8.5148549477435047      -0.35867692067523960     
   8.5213947748923093      -0.35925078906005892     
   8.5279346020411140      -0.35982429819408923     
   8.5344744291899186      -0.36039744750382136     
   8.5410142563387232      -0.36097023641610593     
   8.5475540834875279      -0.36154266435815408     
   8.5540939106363325      -0.36211473075753781     
   8.5606337377851371      -0.36268643504219078     
   8.5671735649339418      -0.36325777664040870     
   8.5737133920827464      -0.36382875498084999     
   8.5802532192315510      -0.36439936949253621     
   8.5867930463803557      -0.36496961960485308     
   8.5933328735291585      -0.36553950474755026     
   8.5998727006779632      -0.36610902435074266     
   8.6064125278267678      -0.36667817784491075     
   8.6129523549755724      -0.36724696466090095     
   8.6194921821243771      -0.36781538422992660     
   8.6260320092731817      -0.36838343598356788     
   8.6325718364219863      -0.36895111935377317     
   8.6391116635707910      -0.36951843377285920     
   8.6456514907195956      -0.37008537867351138     
   8.6521913178684002      -0.37065195348878494     
   8.6587311450172049      -0.37121815765210497     
   8.6652709721660095      -0.37178399059726730     
   8.6718107993148141      -0.37234945175843909     
   8.6783506264636188      -0.37291454057015916     
   8.6848904536124234      -0.37347925646733854     
   8.6914302807612280      -0.37404359888526156     
   8.6979701079100327      -0.37460756725958561     
   8.7045099350588373      -0.37517116102634240     
   8.7110497622076419      -0.37573437962193817     
   8.7175895893564448      -0.37629722248315439     
   8.7241294165052494      -0.37685968904714806     
   8.7306692436540541      -0.37742177875145266     
   8.7372090708028587      -0.37798349103397855     
   8.7437488979516633      -0.37854482533301331     
   8.7502887251004680      -0.37910578108722276     
   8.7568285522492726      -0.37966635773565111     
   8.7633683793980772      -0.38022655471772171     
   8.7699082065468819      -0.38078637147323763     
   8.7764480336956865      -0.38134580744238200     
   8.7829878608444911      -0.38190486206571889     
   8.7895276879932958      -0.38246353478419381     
   8.7960675151421004      -0.38302182503913390     
   8.8026073422909050      -0.38357973227224895     
   8.8091471694397097      -0.38413725592563175     
   8.8156869965885143      -0.38469439544175860     
   8.8222268237373189      -0.38525115026348994     
   8.8287666508861236      -0.38580751983407102     
   8.8353064780349264      -0.38636350359713234     
   8.8418463051837310      -0.38691910099669008     
   8.8483861323325357      -0.38747431147714678     
   8.8549259594813403      -0.38802913448329207     
   8.8614657866301449      -0.38858356946030281     
   8.8680056137789496      -0.38913761585374418     
   8.8745454409277542      -0.38969127310956964     
   8.8810852680765588      -0.39024454067412195     
   8.8876250952253635      -0.39079741799413359     
   8.8941649223741681      -0.39134990451672719     
   8.9007047495229727      -0.39190199968941641     
   8.9072445766717774      -0.39245370296010590     
   8.9137844038205820      -0.39300501377709240     
   8.9203242309693866      -0.39355593158906521     
   8.9268640581181913      -0.39410645584510640     
   8.9334038852669959      -0.39465658599469178     
   8.9399437124158005      -0.39520632148769108     
   8.9464835395646052      -0.39575566177436894     
   8.9530233667134080      -0.39630460630538511     
   8.9595631938622127      -0.39685315453179487     
   8.9661030210110173      -0.39740130590505024     
   8.9726428481598219      -0.39794905987699963     
   8.9791826753086266      -0.39849641589988916     
   8.9857225024574312      -0.39904337342636276     
   8.9922623296062358      -0.39958993190946296     
   8.9988021567550405      -0.40013609080263135     
   9.0053419839038451      -0.40068184955970881     
   9.0118818110526497      -0.40122720763493680     
   9.0184216382014544      -0.40177216448295716     
   9.0249614653502590      -0.40231671955881299     
   9.0315012924990636      -0.40286087231794926     
   9.0380411196478683      -0.40340462221621309     
   9.0445809467966729      -0.40394796870985483     
   9.0511207739454775      -0.40449091125552783     
   9.0576606010942822      -0.40503344931028962     
   9.0642004282430868      -0.40557558233160212     
   9.0707402553918897      -0.40611730977733229     
   9.0772800825406943      -0.40665863110575268     
   9.0838199096894989      -0.40719954577554202     
   9.0903597368383036      -0.40774005324578544     
   9.0968995639871082      -0.40828015297597564     
   9.1034393911359128      -0.40881984442601288     
   9.1099792182847175      -0.40935912705620564     
   9.1165190454335221      -0.40989800032727142     
   9.1230588725823267      -0.41043646370033676     
   9.1295986997311314      -0.41097451663693851     
   9.1361385268799360      -0.41151215859902357     
   9.1426783540287406      -0.41204938904895005     
   9.1492181811775453      -0.41258620744948765     
   9.1557580083263499      -0.41312261326381766     
   9.1622978354751545      -0.41365860595553450     
   9.1688376626239592      -0.41419418498864541     
   9.1753774897727638      -0.41472934982757137     
   9.1819173169215684      -0.41526409993714741     
   9.1884571440703713      -0.41579843478262357     
   9.1949969712191759      -0.41633235382966499     
   9.2015367983679806      -0.41686585654435265     
   9.2080766255167852      -0.41739894239318365     
   9.2146164526655898      -0.41793161084307229     
   9.2211562798143945      -0.41846386136135011     
   9.2276961069631991      -0.41899569341576653     
   9.2342359341120037      -0.41952710647448954     
   9.2407757612608084      -0.42005810000610616     
   9.2473155884096130      -0.42058867347962281     
   9.2538554155584176      -0.42111882636446585     
   9.2603952427072223      -0.42164855813048258     
   9.2669350698560269      -0.42217786824794118     
   9.2734748970048315      -0.42270675618753140     
   9.2800147241536362      -0.42323522142036551     
   9.2865545513024408      -0.42376326341797815     
   9.2930943784512454      -0.42429088165232742     
   9.2996342056000501      -0.42481807559579499     
   9.3061740327488529      -0.42534484472118689     
   9.3127138598976575      -0.42587118850173411     
   9.3192536870464622      -0.42639710641109285     
   9.3257935141952668      -0.42692259792334519     
   9.3323333413440714      -0.42744766251299959     
   9.3388731684928761      -0.42797229965499145     
   9.3454129956416807      -0.42849650882468360     
   9.3519528227904853      -0.42902028949786708     
   9.3584926499392900      -0.42954364115076099     
   9.3650324770880946      -0.43006656326001369     
   9.3715723042368992      -0.43058905530270331     
   9.3781121313857039      -0.43111111675633751     
   9.3846519585345085      -0.43163274709885502     
   9.3911917856833131      -0.43215394580862548     
   9.3977316128321178      -0.43267471236445010     
   9.4042714399809224      -0.43319504624556238     
   9.4108112671297270      -0.43371494693162838     
   9.4173510942785317      -0.43423441390274742     
   9.4238909214273345      -0.43475344663945270     
   9.4304307485761392      -0.43527204462271119     
   9.4369705757249438      -0.43579020733392509     
   9.4435104028737484      -0.43630793425493170     
   9.4500502300225531      -0.43682522486800396     
   9.4565900571713577      -0.43734207865585145     
   9.4631298843201623      -0.43785849510162012     
   9.4696697114689670      -0.43837447368889382     
   9.4762095386177716      -0.43889001390169385     
   9.4827493657665762      -0.43940511522447989     
   9.4892891929153809      -0.43991977714215080     
   9.4958290200641855      -0.44043399914004450     
   9.5023688472129901      -0.44094778070393909     
   9.5089086743617948      -0.44146112132005294     
   9.5154485015105994      -0.44197402047504541     
   9.5219883286594040      -0.44248647765601756     
   9.5285281558082087      -0.44299849235051192     
   9.5350679829570133      -0.44351006404651405     
   9.5416078101058162      -0.44402119223245201     
   9.5481476372546208      -0.44453187639719788     
   9.5546874644034254      -0.44504211603006733     
   9.5612272915522301      -0.44555191062082067     
   9.5677671187010347      -0.44606125965966348     
   9.5743069458498393      -0.44657016263724658     
   9.5808467729986440      -0.44707861904466700     
   9.5873866001474486      -0.44758662837346841     
   9.5939264272962532      -0.44809419011564144     
   9.6004662544450579      -0.44860130376362439     
   9.6070060815938625      -0.44910796881030363     
   9.6135459087426671      -0.44961418474901405     
   9.6200857358914718      -0.45011995107353958     
   9.6266255630402764      -0.45062526727811414     
   9.6331653901890810      -0.45113013285742137     
   9.6397052173378857      -0.45163454730659569     
   9.6462450444866903      -0.45213851012122264     
   9.6527848716354949      -0.45264202079733956     
   9.6593246987842996      -0.45314507883143579     
   9.6658645259331024      -0.45364768372045305     
   9.6724043530819070      -0.45414983496178674     
   9.6789441802307117      -0.45465153205328529     
   9.6854840073795163      -0.45515277449325187     
   9.6920238345283209      -0.45565356178044386     
   9.6985636616771256      -0.45615389341407409     
   9.7051034888259302      -0.45665376889381093     
   9.7116433159747348      -0.45715318771977881     
   9.7181831431235395      -0.45765214939255905     
   9.7247229702723441      -0.45815065341318983     
   9.7312627974211487      -0.45864869928316720     
   9.7378026245699534      -0.45914628650444528     
   9.7443424517187580      -0.45964341457943686     
   9.7508822788675626      -0.46014008301101383     
   9.7574221060163673      -0.46063629130250783     
   9.7639619331651719      -0.46113203895771049     
   9.7705017603139765      -0.46162732548087421     
   9.7770415874627812      -0.46212215037671245     
   9.7835814146115840      -0.46261651315040025     
   9.7901212417603887      -0.46311041330757502     
   9.7966610689091933      -0.46360385035433638     
   9.8032008960579979      -0.46409682379724743     
   9.8097407232068026      -0.46458933314333467     
   9.8162805503556072      -0.46508137790008874     
   9.8228203775044118      -0.46557295757546491     
   9.8293602046532165      -0.46606407167788344     
   9.8359000318020211      -0.46655471971623030     
   9.8424398589508257      -0.46704490119985748     
   9.8489796860996304      -0.46753461563858345     
   9.8555195132484350      -0.46802386254269379     
   9.8620593403972396      -0.46851264142294158     
   9.8685991675460443      -0.46900095179054796     
   9.8751389946948489      -0.46948879315720254     
   9.8816788218436535      -0.46997616503506395     
   9.8882186489924582      -0.47046306693676038     
   9.8947584761412628      -0.47094949837538985     
   9.9012983032900657      -0.47143545886452093     
   9.9078381304388703      -0.47192094791819317     
   9.9143779575876749      -0.47240596505091742     
   9.9209177847364796      -0.47289050977767666     
   9.9274576118852842      -0.47337458161392609     
   9.9339974390340888      -0.47385818007559394     
   9.9405372661828935      -0.47434130467908170     
   9.9470770933316981      -0.47482395494126473     
   9.9536169204805027      -0.47530613037949282     
   9.9601567476293074      -0.47578783051159057     
   9.9666965747781120      -0.47626905485585780     
   9.9732364019269166      -0.47674980293107017     
   9.9797762290757213      -0.47723007425647962     
   9.9863160562245259      -0.47770986835181484     
   9.9928558833733305      -0.47818918473728156     
   9.9993957105221352      -0.47866802293356370     
   10.005935537670940      -0.47914638246182284     
   10.012475364819744      -0.47962426284369952     
   10.019015191968547      -0.48010166360131346     
   10.025555019117352      -0.48057858425726374     
   10.032094846266157      -0.48105502433462971     
   10.038634673414961      -0.48153098335697136     
   10.045174500563766      -0.48200646084832954     
   10.051714327712570      -0.48248145633322703     
   10.058254154861375      -0.48295596933666812     
   10.064793982010180      -0.48342999938413989     
   10.071333809158984      -0.48390354600161223     
   10.077873636307789      -0.48437660871553850     
   10.084413463456594      -0.48484918705285618     
   10.090953290605398      -0.48532128054098678     
   10.097493117754203      -0.48579288870783677     
   10.104032944903008      -0.48626401108179812     
   10.110572772051812      -0.48673464719174830     
   10.117112599200617      -0.48720479656705135     
   10.123652426349421      -0.48767445873755783     
   10.130192253498226      -0.48814363323360555     
   10.136732080647029      -0.48861231958602003     
   10.143271907795834      -0.48908051732611491     
   10.149811734944638      -0.48954822598569248     
   10.156351562093443      -0.49001544509704398     
   10.162891389242247      -0.49048217419295048     
   10.169431216391052      -0.49094841280668272     
   10.175971043539857      -0.49141416047200215     
   10.182510870688661      -0.49187941672316110     
   10.189050697837466      -0.49234418109490335     
   10.195590524986271      -0.49280845312246452     
   10.202130352135075      -0.49327223234157264     
   10.208670179283880      -0.49373551828844836     
   10.215210006432685      -0.49419831049980573     
   10.221749833581489      -0.49466060851285271     
   10.228289660730294      -0.49512241186529110     
   10.234829487879098      -0.49558372009531770     
   10.241369315027903      -0.49604453274162419     
   10.247909142176708      -0.49650484934339795     
   10.254448969325511      -0.49696466944032236     
   10.260988796474315      -0.49742399257257730     
   10.267528623623120      -0.49788281828083969     
   10.274068450771924      -0.49834114610628383     
   10.280608277920729      -0.49879897559058184     
   10.287148105069534      -0.49925630627590428     
   10.293687932218338      -0.49971313770492048     
   10.300227759367143      -0.50016946942079898     
   10.306767586515948      -0.50062530096720803     
   10.313307413664752      -0.50108063188831609     
   10.319847240813557      -0.50153546172879226     
   10.326387067962361      -0.50198979003380673     
   10.332926895111166      -0.50244361634903112     
   10.339466722259971      -0.50289694022063924     
   10.346006549408775      -0.50334976119530717     
   10.352546376557580      -0.50380207882021377     
   10.359086203706385      -0.50425389264304166     
   10.365626030855189      -0.50470520221197690     
   10.372165858003992      -0.50515600707570985     
   10.378705685152797      -0.50560630678343566     
   10.385245512301601      -0.50605610088485486     
   10.391785339450406      -0.50650538893017305     
   10.398325166599211      -0.50695417047010238     
   10.404864993748015      -0.50740244505586118     
   10.411404820896820      -0.50785021223917481     
   10.417944648045625      -0.50829747157227645     
   10.424484475194429      -0.50874422260790630     
   10.431024302343234      -0.50919046489931363     
   10.437564129492038      -0.50963619800025606     
   10.444103956640843      -0.51008142146500046     
   10.450643783789648      -0.51052613484832354     
   10.457183610938452      -0.51097033770551148     
   10.463723438087257      -0.51141402959236182     
   10.470263265236062      -0.51185721006518259     
   10.476803092384866      -0.51229987868079330     
   10.483342919533671      -0.51274203499652526     
   10.489882746682474      -0.51318367857022229     
   10.496422573831278      -0.51362480896024065     
   10.502962400980083      -0.51406542572545011     
   10.509502228128888      -0.51450552842523389     
   10.516042055277692      -0.51494511661948916     
   10.522581882426497      -0.51538418986862800     
   10.529121709575302      -0.51582274773357684     
   10.535661536724106      -0.51626078977577794     
   10.542201363872911      -0.51669831555718937     
   10.548741191021715      -0.51713532464028522     
   10.555281018170520      -0.51757181658805640     
   10.561820845319325      -0.51800779096401095     
   10.568360672468129      -0.51844324733217462     
   10.574900499616934      -0.51887818525709084     
   10.581440326765739      -0.51931260430382198     
   10.587980153914543      -0.51974650403794875     
   10.594519981063348      -0.52017988402557158     
   10.601059808212153      -0.52061274383331024     
   10.607599635360957      -0.52104508302830510     
   10.614139462509760      -0.52147690117821699     
   10.620679289658565      -0.52190819785122777     
   10.627219116807369      -0.52233897261604056     
   10.633758943956174      -0.52276922504188084     
   10.640298771104979      -0.52319895469849598     
   10.646838598253783      -0.52362816115615651     
   10.653378425402588      -0.52405684398565588     
   10.659918252551392      -0.52448500275831111     
   10.666458079700197      -0.52491263704596380     
   10.672997906849002      -0.52533974642097925     
   10.679537733997806      -0.52576633045624832     
   10.686077561146611      -0.52619238872518703     
   10.692617388295416      -0.52661792080173697     
   10.699157215444220      -0.52704292626036608     
   10.705697042593025      -0.52746740467606901     
   10.712236869741830      -0.52789135562436706     
   10.718776696890634      -0.52831477868130972     
   10.725316524039439      -0.52873767342347355     
   10.731856351188242      -0.52916003942796397     
   10.738396178337046      -0.52958187627241493     
   10.744936005485851      -0.53000318353498976     
   10.751475832634656      -0.53042396079438092     
   10.758015659783460      -0.53084420762981133     
   10.764555486932265      -0.53126392362103425     
   10.771095314081069      -0.53168310834833343     
   10.777635141229874      -0.53210176139252430     
   10.784174968378679      -0.53251988233495373     
   10.790714795527483      -0.53293747075750098     
   10.797254622676288      -0.53335452624257740     
   10.803794449825093      -0.53377104837312750     
   10.810334276973897      -0.53418703673262935     
   10.816874104122702      -0.53460249090509437     
   10.823413931271507      -0.53501741047506857     
   10.829953758420311      -0.53543179502763227     
   10.836493585569116      -0.53584564414840097     
   10.843033412717920      -0.53625895742352547     
   10.849573239866723      -0.53667173443969263     
   10.856113067015528      -0.53708397478412528     
   10.862652894164333      -0.53749567804458331     
   10.869192721313137      -0.53790684380936327     
   10.875732548461942      -0.53831747166729926     
   10.882272375610746      -0.53872756120776366     
   10.888812202759551      -0.53913711202066683     
   10.895352029908356      -0.53954612369645805     
   10.901891857057160      -0.53995459582612559     
   10.908431684205965      -0.54036252800119711     
   10.914971511354770      -0.54076991981374067     
   10.921511338503574      -0.54117677085636440     
   10.928051165652379      -0.54158308072221728     
   10.934590992801184      -0.54198884900498945     
   10.941130819949988      -0.54239407529891270     
   10.947670647098793      -0.54279875919876053     
   10.954210474247597      -0.54320290029984919     
   10.960750301396402      -0.54360649819803764     
   10.967290128545205      -0.54400955248972782     
   10.973829955694010      -0.54441206277186549     
   10.980369782842814      -0.54481402864194040     
   10.986909609991619      -0.54521544969798674     
   10.993449437140423      -0.54561632553858341     
   10.999989264289228      -0.54601665576285452     
   11.006529091438033      -0.54641643997046985     
   11.013068918586837      -0.54681567776164519     
   11.019608745735642      -0.54721436873714280     
   11.026148572884447      -0.54761251249827170     
   11.032688400033251      -0.54801010864688804     
   11.039228227182056      -0.54840715678539576     
   11.045768054330861      -0.54880365651674679     
   11.052307881479665      -0.54919960744444130     
   11.058847708628470      -0.54959500917252824     
   11.065387535777274      -0.54998986130560612     
   11.071927362926079      -0.55038416344882257     
   11.078467190074884      -0.55077791520787567     
   11.085007017223687      -0.55117111618901349     
   11.091546844372491      -0.55156376599903512     
   11.098086671521296      -0.55195586424529075     
   11.104626498670100      -0.55234741053568215     
   11.111166325818905      -0.55273840447866296     
   11.117706152967710      -0.55312884568323928     
   11.124245980116514      -0.55351873375896998     
   11.130785807265319      -0.55390806831596695     
   11.137325634414124      -0.55429684896489551     
   11.143865461562928      -0.55468507531697520     
   11.150405288711733      -0.55507274698397946     
   11.156945115860537      -0.55545986357823685     
   11.163484943009342      -0.55584642471263068     
   11.170024770158147      -0.55623243000059974     
   11.176564597306951      -0.55661787905613869     
   11.183104424455756      -0.55700277149379884     
   11.189644251604561      -0.55738710692868731     
   11.196184078753365      -0.55777088497646898     
   11.202723905902168      -0.55815410525336562     
   11.209263733050973      -0.55853676737615698     
   11.215803560199777      -0.55891887096218096     
   11.222343387348582      -0.55930041562933397     
   11.228883214497387      -0.55968140099607133     
   11.235423041646191      -0.56006182668140780     
   11.241962868794996      -0.56044169230491758     
   11.248502695943801      -0.56082099748673508     
   11.255042523092605      -0.56119974184755494     
   11.261582350241410      -0.56157792500863302     
   11.268122177390214      -0.56195554659178615     
   11.274662004539019      -0.56233260621939263     
   11.281201831687824      -0.56270910351439285     
   11.287741658836628      -0.56308503810028965     
   11.294281485985433      -0.56346040960114829     
   11.300821313134238      -0.56383521764159739     
   11.307361140283042      -0.56420946184682874     
   11.313900967431847      -0.56458314184259828     
   11.320440794580650      -0.56495625725522602     
   11.326980621729454      -0.56532880771159655     
   11.333520448878259      -0.56570079283915919     
   11.340060276027064      -0.56607221226592908     
   11.346600103175868      -0.56644306562048674     
   11.353139930324673      -0.56681335253197884     
   11.359679757473478      -0.56718307263011836     
   11.366219584622282      -0.56755222554518525     
   11.372759411771087      -0.56792081090802671     
   11.379299238919891      -0.56828882835005712     
   11.385839066068696      -0.56865627750325920     
   11.392378893217501      -0.56902315800018377     
   11.398918720366305      -0.56938946947395042     
   11.405458547515110      -0.56975521155824749     
   11.411998374663915      -0.57012038388733310     
   11.418538201812719      -0.57048498609603471     
   11.425078028961524      -0.57084901781975028     
   11.431617856110329      -0.57121247869444802     
   11.438157683259131      -0.57157536835666711     
   11.444697510407936      -0.57193768644351783     
   11.451237337556741      -0.57229943259268212     
   11.457777164705545      -0.57266060644241379     
   11.464316991854350      -0.57302120763153908     
   11.470856819003155      -0.57338123579945677     
   11.477396646151959      -0.57374069058613852     
   11.483936473300764      -0.57409957163212977     
   11.490476300449568      -0.57445787857854946     
   11.497016127598373      -0.57481561106709056     
   11.503555954747178      -0.57517276874002055     
   11.510095781895982      -0.57552935124018179     
   11.516635609044787      -0.57588535821099174     
   11.523175436193592      -0.57624078929644351     
   11.529715263342396      -0.57659564414110598     
   11.536255090491201      -0.57694992239012433     
   11.542794917640006      -0.57730362368922006     
   11.549334744788810      -0.57765674768469233     
   11.555874571937615      -0.57800929402341683     
   11.562414399086418      -0.57836126235284735     
   11.568954226235222      -0.57871265232101554     
   11.575494053384027      -0.57906346357653138     
   11.582033880532832      -0.57941369576858359     
   11.588573707681636      -0.57976334854694012     
   11.595113534830441      -0.58011242156194809     
   11.601653361979245      -0.58046091446453441     
   11.608193189128050      -0.58080882690620628     
   11.614733016276855      -0.58115615853905123     
   11.621272843425659      -0.58150290901573765     
   11.627812670574464      -0.58184907798951502     
   11.634352497723269      -0.58219466511421436     
   11.640892324872073      -0.58253967004424856     
   11.647432152020878      -0.58288409243461270     
   11.653971979169683      -0.58322793194088440     
   11.660511806318487      -0.58357118821922427     
   11.667051633467292      -0.58391386092637576     
   11.673591460616096      -0.58425594971966643     
   11.680131287764899      -0.58459745425700738     
   11.686671114913704      -0.58493837419689398     
   11.693210942062509      -0.58527870919840652     
   11.699750769211313      -0.58561845892120978     
   11.706290596360118      -0.58595762302555410     
   11.712830423508922      -0.58629620117227532     
   11.719370250657727      -0.58663419302279551     
   11.725910077806532      -0.58697159823912259     
   11.732449904955336      -0.58730841648385146     
   11.738989732104141      -0.58764464742016398     
   11.745529559252946      -0.58798029071182889     
   11.752069386401750      -0.58831534602320312     
   11.758609213550555      -0.58864981301923136     
   11.765149040699360      -0.58898369136544648     
   11.771688867848164      -0.58931698072797034     
   11.778228694996969      -0.58964968077351343     
   11.784768522145773      -0.58998179116937566     
   11.791308349294578      -0.59031331158344691     
   11.797848176443381      -0.59064424168420648     
   11.804388003592186      -0.59097458114072443     
   11.810927830740990      -0.59130432962266111     
   11.817467657889795      -0.59163348680026828     
   11.824007485038599      -0.59196205234438859     
   11.830547312187404      -0.59229002592645663     
   11.837087139336209      -0.59261740721849865     
   11.843626966485013      -0.59294419589313341     
   11.850166793633818      -0.59327039162357231     
   11.856706620782623      -0.59359599408361952     
   11.863246447931427      -0.59392100294767280     
   11.869786275080232      -0.59424541789072305     
   11.876326102229037      -0.59456923858835542     
   11.882865929377841      -0.59489246471674928     
   11.889405756526646      -0.59521509595267841     
   11.895945583675450      -0.59553713197351144     
   11.902485410824255      -0.59585857245721263     
   11.909025237973060      -0.59617941708234123     
   11.915565065121863      -0.59649966552805289     
   11.922104892270667      -0.59681931747409889     
   11.928644719419472      -0.59713837260082747     
   11.935184546568276      -0.59745683058918342     
   11.941724373717081      -0.59777469112070880     
   11.948264200865886      -0.59809195387754299     
   11.954804028014690      -0.59840861854242344     
   11.961343855163495      -0.59872468479868524     
   11.967883682312300      -0.59904015233026220     
   11.974423509461104      -0.59935502082168690     
   11.980963336609909      -0.59966928995809077     
   11.987503163758713      -0.59998295942520452     
   11.994042990907518      -0.60029602890935907     
   12.000582818056323      -0.60060849809748451     
   12.007122645205127      -0.60092036667711191     
   12.013662472353932      -0.60123163433637261     
   12.020202299502737      -0.60154230076399895     
   12.026742126651541      -0.60185236564932443     
   12.033281953800344      -0.60216182868228441     
   12.039821780949149      -0.60247068955341565     
   12.046361608097953      -0.60277894795385734     
   12.052901435246758      -0.60308660357535115     
   12.059441262395563      -0.60339365611024132     
   12.065981089544367      -0.60370010525147544     
   12.072520916693172      -0.60400595069260432     
   12.079060743841977      -0.60431119212778239     
   12.085600570990781      -0.60461582925176849     
   12.092140398139586      -0.60491986175992518     
   12.098680225288390      -0.60522328934822023     
   12.105220052437195      -0.60552611171322590     
   12.111759879586000      -0.60582832855211988     
   12.118299706734804      -0.60612993956268535     
   12.124839533883609      -0.60643094444331125     
   12.131379361032414      -0.60673134289299258     
   12.137919188181218      -0.60703113461133107     
   12.144459015330023      -0.60733031929853509     
   12.150998842478826      -0.60762889665541964     
   12.157538669627630      -0.60792686638340754     
   12.164078496776435      -0.60822422818452904     
   12.170618323925240      -0.60852098176142244     
   12.177158151074044      -0.60881712681733402     
   12.183697978222849      -0.60911266305611889     
   12.190237805371654      -0.60940759018224055     
   12.196777632520458      -0.60970190790077217     
   12.203317459669263      -0.60999561591739582     
   12.209857286818067      -0.61028871393840356     
   12.216397113966872      -0.61058120167069740     
   12.222936941115677      -0.61087307882178943     
   12.229476768264481      -0.61116434509980277     
   12.236016595413286      -0.61145500021347088     
   12.242556422562091      -0.61174504387213890     
   12.249096249710895      -0.61203447578576298     
   12.255636076859700      -0.61232329566491128     
   12.262175904008505      -0.61261150322076396     
   12.268715731157307      -0.61289909816511334     
   12.275255558306112      -0.61318608021036458     
   12.281795385454917      -0.61347244906953546     
   12.288335212603721      -0.61375820445625739     
   12.294875039752526      -0.61404334608477484     
   12.301414866901331      -0.61432787366994623     
   12.307954694050135      -0.61461178692724394     
   12.314494521198940      -0.61489508557275463     
   12.321034348347744      -0.61517776932317980     
   12.327574175496549      -0.61545983789583569     
   12.334114002645354      -0.61574129100865360     
   12.340653829794158      -0.61602212838018067     
   12.347193656942963      -0.61630234972957920     
   12.353733484091768      -0.61658195477662803     
   12.360273311240572      -0.61686094324172214     
   12.366813138389377      -0.61713931484587303     
   12.373352965538182      -0.61741706931070894     
   12.379892792686986      -0.61769420635847572     
   12.386432619835789      -0.61797072571203593     
   12.392972446984594      -0.61824662709487055     
   12.399512274133398      -0.61852191023107805     
   12.406052101282203      -0.61879657484537531     
   12.412591928431008      -0.61907062066309793     
   12.419131755579812      -0.61934404741019977     
   12.425671582728617      -0.61961685481325413     
   12.432211409877421      -0.61988904259945365     
   12.438751237026226      -0.62016061049661064     
   12.445291064175031      -0.62043155823315710     
   12.451830891323835      -0.62070188553814531     
   12.458370718472640      -0.62097159214124809     
   12.464910545621445      -0.62124067777275871     
   12.471450372770249      -0.62150914216359154     
   12.477990199919054      -0.62177698504528223     
   12.484530027067859      -0.62204420614998790     
   12.491069854216663      -0.62231080521048743     
   12.497609681365468      -0.62257678196018174     
   12.504149508514272      -0.62284213613309403     
   12.510689335663075      -0.62310686746387023     
   12.517229162811880      -0.62337097568777899     
   12.523768989960685      -0.62363446054071214     
   12.530308817109489      -0.62389732175918466     
   12.536848644258294      -0.62415955908033538     
   12.543388471407098      -0.62442117224192717     
   12.549928298555903      -0.62468216098234663     
   12.556468125704708      -0.62494252504060499     
   12.563007952853512      -0.62520226415633851     
   12.569547780002317      -0.62546137806980784     
   12.576087607151122      -0.62571986652189915     
   12.582627434299926      -0.62597772925412387     
   12.589167261448731      -0.62623496600861928     
   12.595707088597536      -0.62649157652814880     
   12.602246915746340      -0.62674756055610170     
   12.608786742895145      -0.62700291783649398     
   12.615326570043949      -0.62725764811396845     
   12.621866397192754      -0.62751175113379487     
   12.628406224341557      -0.62776522664187007     
   12.634946051490362      -0.62801807438471879     
   12.641485878639166      -0.62827029410949309     
   12.648025705787971      -0.62852188556397326     
   12.654565532936775      -0.62877284849656778     
   12.661105360085580      -0.62902318265631396     
   12.667645187234385      -0.62927288779287727     
   12.674185014383189      -0.62952196365655289     
   12.680724841531994      -0.62977040999826484     
   12.687264668680799      -0.63001822656956674     
   12.693804495829603      -0.63026541312264206     
   12.700344322978408      -0.63051196941030441     
   12.706884150127213      -0.63075789518599712     
   12.713423977276017      -0.63100319020379481     
   12.719963804424822      -0.63124785421840235     
   12.726503631573626      -0.63149188698515557     
   12.733043458722431      -0.63173528826002190     
   12.739583285871236      -0.63197805779959992     
   12.746123113020039      -0.63222019536112006     
   12.752662940168843      -0.63246170070244490     
   12.759202767317648      -0.63270257358206916     
   12.765742594466452      -0.63294281375911976     
   12.772282421615257      -0.63318242099335653     
   12.778822248764062      -0.63342139504517236     
   12.785362075912866      -0.63365973567559319     
   12.791901903061671      -0.63389744264627823     
   12.798441730210476      -0.63413451571952062     
   12.804981557359280      -0.63437095465824733     
   12.811521384508085      -0.63460675922601939     
   12.818061211656889      -0.63484192918703208     
   12.824601038805694      -0.63507646430611564     
   12.831140865954499      -0.63531036434873500     
   12.837680693103303      -0.63554362908099005     
   12.844220520252108      -0.63577625826961592     
   12.850760347400913      -0.63600825168198349     
   12.857300174549717      -0.63623960908609944     
   12.863840001698520      -0.63647033025060629     
   12.870379828847325      -0.63670041494478291     
   12.876919655996129      -0.63692986293854448     
   12.883459483144934      -0.63715867400244308     
   12.889999310293739      -0.63738684790766775     
   12.896539137442543      -0.63761438442604457     
   12.903078964591348      -0.63784128333003698     
   12.909618791740153      -0.63806754439274593     
   12.916158618888957      -0.63829316738791053     
   12.922698446037762      -0.63851815208990770     
   12.929238273186566      -0.63874249827375273     
   12.935778100335371      -0.63896620571509954     
   12.942317927484176      -0.63918927419024063     
   12.948857754632980      -0.63941170347610754     
   12.955397581781785      -0.63963349335027098     
   12.961937408930590      -0.63985464359094091     
   12.968477236079394      -0.64007515397696735     
   12.975017063228199      -0.64029502428783980     
   12.981556890377002      -0.64051425430368791     
   12.988096717525806      -0.64073284380528184     
   12.994636544674611      -0.64095079257403176     
   13.001176371823416      -0.64116810039198924     
   13.007716198972220      -0.64138476704184633     
   13.014256026121025      -0.64160079230693634     
   13.020795853269830      -0.64181617597123397     
   13.027335680418634      -0.64203091781935573     
   13.033875507567439      -0.64224501763655961     
   13.040415334716243      -0.64245847520874577     
   13.046955161865048      -0.64267129032245673     
   13.053494989013853      -0.64288346276487740     
   13.060034816162657      -0.64309499232383538     
   13.066574643311462      -0.64330587878780110     
   13.073114470460267      -0.64351612194588792     
   13.079654297609071      -0.64372572158785279     
   13.086194124757876      -0.64393467750409616     
   13.092733951906681      -0.64414298948566184     
   13.099273779055483      -0.64435065732423824     
   13.105813606204288      -0.64455768081215714     
   13.112353433353093      -0.64476405974239537     
   13.118893260501897      -0.64496979390857379     
   13.125433087650702      -0.64517488310495830     
   13.131972914799507      -0.64537932712645973     
   13.138512741948311      -0.64558312576863397     
   13.145052569097116      -0.64578627882768258     
   13.151592396245920      -0.64598878610045229     
   13.158132223394725      -0.64619064738443599     
   13.164672050543530      -0.64639186247777225     
   13.171211877692334      -0.64659243117924614     
   13.177751704841139      -0.64679235328828866     
   13.184291531989944      -0.64699162860497794     
   13.190831359138748      -0.64719025693003873     
   13.197371186287553      -0.64738823806484269     
   13.203911013436358      -0.64758557181140841     
   13.210450840585162      -0.64778225797240230     
   13.216990667733965      -0.64797829635113824     
   13.223530494882770      -0.64817368675157783     
   13.230070322031574      -0.64836842897833069     
   13.236610149180379      -0.64856252283665450     
   13.243149976329184      -0.64875596813245540     
   13.249689803477988      -0.64894876467228835     
   13.256229630626793      -0.64914091226335657     
   13.262769457775597      -0.64933241071351255     
   13.269309284924402      -0.64952325983125769     
   13.275849112073207      -0.64971345942574310     
   13.282388939222011      -0.64990300930676914     
   13.288928766370816      -0.65009190928478577     
   13.295468593519621      -0.65028015917089321     
   13.302008420668425      -0.65046775877684149     
   13.308548247817230      -0.65065470791503099     
   13.315088074966035      -0.65084100639851250     
   13.321627902114839      -0.65102665404098770     
   13.328167729263644      -0.65121165065680886     
   13.334707556412447      -0.65139599606097931     
   13.341247383561251      -0.65157969006915373     
   13.347787210710056      -0.65176273249763805     
   13.354327037858861      -0.65194512316338993     
   13.360866865007665      -0.65212686188401858     
   13.367406692156470      -0.65230794847778550     
   13.373946519305274      -0.65248838276360388     
   13.380486346454079      -0.65266816456103949     
   13.387026173602884      -0.65284729369031069     
   13.393566000751688      -0.65302576997228801     
   13.400105827900493      -0.65320359322849553     
   13.406645655049298      -0.65338076328110972     
   13.413185482198102      -0.65355727995296065     
   13.419725309346907      -0.65373314306753161     
   13.426265136495712      -0.65390835244895962     
   13.432804963644516      -0.65408290792203505     
   13.439344790793321      -0.65425680931220276     
   13.445884617942125      -0.65443005644556096     
   13.452424445090930      -0.65460264914886290     
   13.458964272239733      -0.65477458724951565     
   13.465504099388538      -0.65494587057558107     
   13.472043926537342      -0.65511649895577606     
   13.478583753686147      -0.65528647221947189     
   13.485123580834951      -0.65545579019669564     
   13.491663407983756      -0.65562445271812919     
   13.498203235132561      -0.65579245961511001     
   13.504743062281365      -0.65595981071963116     
   13.511282889430170      -0.65612650586434174     
   13.517822716578975      -0.65629254488254629     
   13.524362543727779      -0.65645792760820598     
   13.530902370876584      -0.65662265387593821     
   13.537442198025389      -0.65678672352101641     
   13.543982025174193      -0.65695013637937116     
   13.550521852322998      -0.65711289228758962     
   13.557061679471802      -0.65727499108291565     
   13.563601506620607      -0.65743643260325069     
   13.570141333769412      -0.65759721668715310     
   13.576681160918215      -0.65775734317383883     
   13.583220988067019      -0.65791681190318130     
   13.589760815215824      -0.65807562271571196     
   13.596300642364628      -0.65823377545261996     
   13.602840469513433      -0.65839126995575237     
   13.609380296662238      -0.65854810606761482     
   13.615920123811042      -0.65870428363137123     
   13.622459950959847      -0.65885980249084408     
   13.628999778108652      -0.65901466249051432     
   13.635539605257456      -0.65916886347552217     
   13.642079432406261      -0.65932240529166641     
   13.648619259555065      -0.65947528778540543     
   13.655159086703870      -0.65962751080385662     
   13.661698913852675      -0.65977907419479720     
   13.668238741001479      -0.65992997780666340     
   13.674778568150284      -0.66008022148855194     
   13.681318395299089      -0.66022980509021889     
   13.687858222447893      -0.66037872846208079     
   13.694398049596696      -0.66052699145521421     
   13.700937876745501      -0.66067459392135608     
   13.707477703894305      -0.66082153571290414     
   13.714017531043110      -0.66096781668291649     
   13.720557358191915      -0.66111343668511202     
   13.727097185340719      -0.66125839557387089     
   13.733637012489524      -0.66140269320423428     
   13.740176839638329      -0.66154632943190439     
   13.746716666787133      -0.66168930411324511     
   13.753256493935938      -0.66183161710528171     
   13.759796321084742      -0.66197326826570113     
   13.766336148233547      -0.66211425745285246     
   13.772875975382352      -0.66225458452574615     
   13.779415802531156      -0.66239424934405544     
   13.785955629679961      -0.66253325176811539     
   13.792495456828766      -0.66267159165892353     
   13.799035283977570      -0.66280926887814007     
   13.805575111126375      -0.66294628328808769     
   13.812114938275178      -0.66308263475175200     
   13.818654765423982      -0.66321832313278162     
   13.825194592572787      -0.66335334829548809     
   13.831734419721592      -0.66348771010484620     
   13.838274246870396      -0.66362140842649431     
   13.844814074019201      -0.66375444312673382     
   13.851353901168006      -0.66388681407253036     
   13.857893728316810      -0.66401852113151272     
   13.864433555465615      -0.66414956417197402     
   13.870973382614419      -0.66427994306287097     
   13.877513209763224      -0.66440965767382498     
   13.884053036912029      -0.66453870787512137     
   13.890592864060833      -0.66466709353770992     
   13.897132691209638      -0.66479481453320477     
   13.903672518358443      -0.66492187073388520     
   13.910212345507247      -0.66504826201269496     
   13.916752172656052      -0.66517398824324248     
   13.923291999804857      -0.66529904929980188     
   13.929831826953659      -0.66542344505731199     
   13.936371654102464      -0.66554717539137709     
   13.942911481251269      -0.66567024017826659     
   13.949451308400073      -0.66579263929491606     
   13.955991135548878      -0.66591437261892616     
   13.962530962697683      -0.66603544002856374     
   13.969070789846487      -0.66615584140276118     
   13.975610616995292      -0.66627557662111736     
   13.982150444144096      -0.66639464556389694     
   13.988690271292901      -0.66651304811203083     
   13.995230098441706      -0.66663078414711663     
   14.001769925590510      -0.66674785355141841     
   14.008309752739315      -0.66686425620786649     
   14.014849579888120      -0.66697999200005853     
   14.021389407036924      -0.66709506081225833     
   14.027929234185729      -0.66720946252939750     
   14.034469061334534      -0.66732319703707399     
   14.041008888483338      -0.66743626422155344     
   14.047548715632141      -0.66754866396976875     
   14.054088542780946      -0.66766039616932016     
   14.060628369929750      -0.66777146070847526     
   14.067168197078555      -0.66788185747616968     
   14.073708024227360      -0.66799158636200662     
   14.080247851376164      -0.66810064725625729     
   14.086787678524969      -0.66820904004986059     
   14.093327505673773      -0.66831676463442391     
   14.099867332822578      -0.66842382090222252     
   14.106407159971383      -0.66853020874620017     
   14.112946987120187      -0.66863592805996919     
   14.119486814268992      -0.66874097873781013     
   14.126026641417797      -0.66884536067467226     
   14.132566468566601      -0.66894907376617385     
   14.139106295715406      -0.66905211790860175     
   14.145646122864211      -0.66915449299891172     
   14.152185950013015      -0.66925619893472865     
   14.158725777161820      -0.66935723561434668     
   14.165265604310623      -0.66945760293672918     
   14.171805431459427      -0.66955730080150866     
   14.178345258608232      -0.66965632910898742     
   14.184885085757037      -0.66975468776013714     
   14.191424912905841      -0.66985237665659891     
   14.197964740054646      -0.66994939570068424     
   14.204504567203450      -0.67004574479537371     
   14.211044394352255      -0.67014142384431852     
   14.217584221501060      -0.67023643275183931     
   14.224124048649864      -0.67033077142292752     
   14.230663875798669      -0.67042443976324417     
   14.237203702947474      -0.67051743767912109     
   14.243743530096278      -0.67060976507756032     
   14.250283357245083      -0.67070142186623449     
   14.256823184393888      -0.67079240795348682     
   14.263363011542692      -0.67088272324833109     
   14.269902838691497      -0.67097236766045210     
   14.276442665840301      -0.67106134110020554     
   14.282982492989104      -0.67114964347861772     
   14.289522320137909      -0.67123727470738648     
   14.296062147286714      -0.67132423469888047     
   14.302601974435518      -0.67141052336613982     
   14.309141801584323      -0.67149614062287566     
   14.315681628733127      -0.67158108638347103     
   14.322221455881932      -0.67166536056297999     
   14.328761283030737      -0.67174896307712850     
   14.335301110179541      -0.67183189384231379     
   14.341840937328346      -0.67191415277560529     
   14.348380764477151      -0.67199573979474403     
   14.354920591625955      -0.67207665481814305     
   14.361460418774760      -0.67215689776488730     
   14.368000245923565      -0.67223646855473362     
   14.374540073072369      -0.67231536710811146     
   14.381079900221174      -0.67239359334612214     
   14.387619727369978      -0.67247114719053946     
   14.394159554518783      -0.67254802856380957     
   14.400699381667588      -0.67262423738905108     
   14.407239208816391      -0.67269977359005528     
   14.413779035965195      -0.67277463709128582     
   14.420318863114000      -0.67284882781787914     
   14.426858690262804      -0.67292234569564480     
   14.433398517411609      -0.67299519065106472     
   14.439938344560414      -0.67306736261129396     
   14.446478171709218      -0.67313886150416058     
   14.453017998858023      -0.67320968725816577     
   14.459557826006828      -0.67327983980248363     
   14.466097653155632      -0.67334931906696172     
   14.472637480304437      -0.67341812498212072     
   14.479177307453241      -0.67348625747915480     
   14.485717134602046      -0.67355371648993134     
   14.492256961750851      -0.67362050194699141     
   14.498796788899655      -0.67368661378354966     
   14.505336616048460      -0.67375205193349397     
   14.511876443197265      -0.67381681633138635     
   14.518416270346069      -0.67388090691246227     
   14.524956097494872      -0.67394432361263146     
   14.531495924643677      -0.67400706636847696     
   14.538035751792481      -0.67406913511725608     
   14.544575578941286      -0.67413052979690002     
   14.551115406090091      -0.67419125034601424     
   14.557655233238895      -0.67425129670387807     
   14.564195060387700      -0.67431066881044532     
   14.570734887536505      -0.67436936660634372     
   14.577274714685309      -0.67442739003287544     
   14.583814541834114      -0.67448473903201722     
   14.590354368982918      -0.67454141354641994     
   14.596894196131723      -0.67459741351940927     
   14.603434023280528      -0.67465273889498489     
   14.609973850429332      -0.67470738961782173     
   14.616513677578137      -0.67476136563326894     
   14.623053504726942      -0.67481466688735037     
   14.629593331875746      -0.67486729332676498     
   14.636133159024551      -0.67491924489888633     
   14.642672986173354      -0.67497052155176285     
   14.649212813322158      -0.67502112323411778     
   14.655752640470963      -0.67507104989534950     
   14.662292467619768      -0.67512030148553126     
   14.668832294768572      -0.67516887795541147     
   14.675372121917377      -0.67521677925641388     
   14.681911949066182      -0.67526400534063691     
   14.688451776214986      -0.67531055616085478     
   14.694991603363791      -0.67535643167051640     
   14.701531430512595      -0.67540163182374624     
   14.708071257661400      -0.67544615657534435     
   14.714611084810205      -0.67549000588078589     
   14.721150911959009      -0.67553317969622151     
   14.727690739107814      -0.67557567797847751     
   14.734230566256619      -0.67561750068505544     
   14.740770393405423      -0.67565864777413276     
   14.747310220554228      -0.67569911920456227     
   14.753850047703033      -0.67573891493587257     
   14.760389874851835      -0.67577803492826793     
   14.766929702000640      -0.67581647914262843     
   14.773469529149445      -0.67585424754050982     
   14.780009356298249      -0.67589134008414364     
   14.786549183447054      -0.67592775673643746     
   14.793089010595859      -0.67596349746097439     
   14.799628837744663      -0.67599856222201393     
   14.806168664893468      -0.67603295098449123     
   14.812708492042272      -0.67606666371401769     
   14.819248319191077      -0.67609970037688027     
   14.825788146339882      -0.67613206094004252     
   14.832327973488686      -0.67616374537114377     
   14.838867800637491      -0.67619475363849968     
   14.845407627786296      -0.67622508571110196     
   14.851947454935100      -0.67625474155861853     
   14.858487282083905      -0.67628372115139346     
   14.865027109232710      -0.67631202446044736     
   14.871566936381514      -0.67633965145747688     
   14.878106763530317      -0.67636660211485489     
   14.884646590679122      -0.67639287640563073     
   14.891186417827926      -0.67641847430353019     
   14.897726244976731      -0.67644339578295531     
   14.904266072125536      -0.67646764081898469     
   14.910805899274340      -0.67649120938737328     
   14.917345726423145      -0.67651410146455238     
   14.923885553571949      -0.67653631702762995     
   14.930425380720754      -0.67655785605439067     
   14.936965207869559      -0.67657871852329532     
   14.943505035018363      -0.67659890441348125     
   14.950044862167168      -0.67661841370476294     
   14.956584689315973      -0.67663724637763090     
   14.963124516464777      -0.67665540241325250     
   14.969664343613582      -0.67667288179347174     
   14.976204170762387      -0.67668968450080902     
   14.982743997911191      -0.67670581051846190     
   14.989283825059996      -0.67672125983030440     
   14.995823652208799      -0.67673603242088698     
   15.002363479357603      -0.67675012827543712     
   15.008903306506408      -0.67676354737985911     
   15.015443133655213      -0.67677628972073356     
   15.021982960804017      -0.67678835528531844     
   15.028522787952822      -0.67679974406154808     
   15.035062615101626      -0.67681045603803358     
   15.041602442250431      -0.67682049120406318     
   15.048142269399236      -0.67682984954960157     
   15.054682096548040      -0.67683853106529024     
   15.061221923696845      -0.67684653574244791     
   15.067761750845650      -0.67685386357306987     
   15.074301577994454      -0.67686051454982832     
   15.080841405143259      -0.67686648866607213     
   15.087381232292064      -0.67687178591582731     
   15.093921059440868      -0.67687640629379653     
   15.100460886589673      -0.67688034979535960     
   15.107000713738477      -0.67688361641657269     
   15.113540540887280      -0.67688620615416950     
   15.120080368036085      -0.67688811900556012     
   15.126620195184890      -0.67688935496883174     
   15.133160022333694      -0.67688991404274845     
   15.139699849482499      -0.67688979622675116     
   15.146239676631303      -0.67688900152095777     
   15.152779503780108      -0.67688752992616263     
   15.159319330928913      -0.67688538144383781     
   15.165859158077717      -0.67688255607613146     
   15.172398985226522      -0.67687905382586899     
   15.178938812375327      -0.67687487469655272     
   15.185478639524131      -0.67687001869236174     
   15.192018466672936      -0.67686448581815206     
   15.198558293821741      -0.67685827607945659     
   15.205098120970545      -0.67685138948248502     
   15.211637948119350      -0.67684382603412396     
   15.218177775268154      -0.67683558574193692     
   15.224717602416959      -0.67682666861416418     
   15.231257429565762      -0.67681707465972274     
   15.237797256714567      -0.67680680388820669     
   15.244337083863371      -0.67679585630988670     
   15.250876911012176      -0.67678423193571047     
   15.257416738160980      -0.67677193077730224     
   15.263956565309785      -0.67675895284696319     
   15.270496392458590      -0.67674529815767137     
   15.277036219607394      -0.67673096672308131     
   15.283576046756199      -0.67671595855752453     
   15.290115873905004      -0.67670027367600916     
   15.296655701053808      -0.67668391209422019     
   15.303195528202613      -0.67666687382851898     
   15.309735355351417      -0.67664915889594401     
   15.316275182500222      -0.67663076731421001     
   15.322815009649027      -0.67661169910170882     
   15.329354836797831      -0.67659195427750851     
   15.335894663946636      -0.67657153286135396     
   15.342434491095441      -0.67655043487366651     
   15.348974318244245      -0.67652866033554426     
   15.355514145393048      -0.67650620926876170     
   15.362053972541853      -0.67648308169576976     
   15.368593799690657      -0.67645927763969615     
   15.375133626839462      -0.67643479712434496     
   15.381673453988267      -0.67640964017419658     
   15.388213281137071      -0.67638380681440824     
   15.394753108285876      -0.67635729707081282     
   15.401292935434681      -0.67633011096992046     
   15.407832762583485      -0.67630224853891707     
   15.414372589732290      -0.67627370980566526     
   15.420912416881094      -0.67624449479870363     
   15.427452244029899      -0.67621460354724727     
   15.433992071178704      -0.67618403608118738     
   15.440531898327508      -0.67615279243109128     
   15.447071725476313      -0.67612087262820297     
   15.453611552625118      -0.67608827670444194     
   15.460151379773922      -0.67605500469240420     
   15.466691206922727      -0.67602105662536183     
   15.473231034071530      -0.67598643253726287     
   15.479770861220334      -0.67595113246273120     
   15.486310688369139      -0.67591515643706723     
   15.492850515517944      -0.67587850449624676     
   15.499390342666748      -0.67584117667692178     
   15.505930169815553      -0.67580317301642012     
   15.512469996964358      -0.67576449355274526     
   15.519009824113162      -0.67572513832457703     
   15.525549651261967      -0.67568510737127052     
   15.532089478410771      -0.67564440073285659     
   15.538629305559576      -0.67560301845004200     
   15.545169132708381      -0.67556096056420889     
   15.551708959857185      -0.67551822711741516     
   15.558248787005990      -0.67547481815239430     
   15.564788614154795      -0.67543073371255535     
   15.571328441303599      -0.67538597384198273     
   15.577868268452404      -0.67534053858543619     
   15.584408095601209      -0.67529442798835115     
   15.590947922750011      -0.67524764209683819     
   15.597487749898816      -0.67520018095768297     
   15.604027577047621      -0.67515204461834677     
   15.610567404196425      -0.67510323312696596     
   15.617107231345230      -0.67505374653235206     
   15.623647058494035      -0.67500358488399159     
   15.630186885642839      -0.67495274823204610     
   15.636726712791644      -0.67490123662735246     
   15.643266539940448      -0.67484905012142216     
   15.649806367089253      -0.67479618876644165     
   15.656346194238058      -0.67474265261527244     
   15.662886021386862      -0.67468844172145048     
   15.669425848535667      -0.67463355613918685     
   15.675965675684472      -0.67457799592336709     
   15.682505502833276      -0.67452176112955131     
   15.689045329982081      -0.67446485181397453     
   15.695585157130886      -0.67440726803354589     
   15.702124984279690      -0.67434900984584922     
   15.708664811428493      -0.67429007730914281     
   15.715204638577298      -0.67423047048235896     
   15.721744465726102      -0.67417018942510465     
   15.728284292874907      -0.67410923419766089     
   15.734824120023712      -0.67404760486098292     
   15.741363947172516      -0.67398530147670010     
   15.747903774321321      -0.67392232410711583     
   15.754443601470125      -0.67385867281520750     
   15.760983428618930      -0.67379434766462620     
   15.767523255767735      -0.67372934871969736     
   15.774063082916539      -0.67366367604541977     
   15.780602910065344      -0.67359732970746611     
   15.787142737214149      -0.67353030977218264     
   15.793682564362953      -0.67346261630658955     
   15.800222391511758      -0.67339424937838011     
   15.806762218660563      -0.67332520905592119     
   15.813302045809367      -0.67325549540825336     
   15.819841872958172      -0.67318510850508995     
   15.826381700106975      -0.67311404841681821     
   15.832921527255779      -0.67304231521449809     
   15.839461354404584      -0.67296990896986253     
   15.846001181553389      -0.67289682975531817     
   15.852541008702193      -0.67282307764394400     
   15.859080835850998      -0.67274865270949213     
   15.865620662999802      -0.67267355502638770     
   15.872160490148607      -0.67259778466972819     
   15.878700317297412      -0.67252134171528399     
   15.885240144446216      -0.67244422623949807     
   15.891779971595021      -0.67236643831948595     
   15.898319798743826      -0.67228797803303553     
   15.904859625892630      -0.67220884545860704     
   15.911399453041435      -0.67212904067533308     
   15.917939280190240      -0.67204856376301836     
   15.924479107339044      -0.67196741480213995     
   15.931018934487849      -0.67188559387384672     
   15.937558761636653      -0.67180310105995955     
   15.944098588785456      -0.67171993644297145     
   15.950638415934261      -0.67163610010604669     
   15.957178243083066      -0.67155159213302196     
   15.963718070231870      -0.67146641260840489     
   15.970257897380675      -0.67138056161737536     
   15.976797724529479      -0.67129403924578412     
   15.983337551678284      -0.67120684558015364     
   15.989877378827089      -0.67111898070767750     
   15.996417205975893      -0.67103044471622075     
   16.002957033124698      -0.67094123769431924     
   16.009496860273501      -0.67085135973118004     
   16.016036687422307      -0.67076081091668105     
   16.022576514571110      -0.67066959134137116     
   16.029116341719917      -0.67057770109646997     
   16.035656168868719      -0.67048514027386774     
   16.042195996017526      -0.67039190896612511     
   16.048735823166329      -0.67029800726647359     
   16.055275650315135      -0.67020343526881476     
   16.061815477463938      -0.67010819306772063     
   16.068355304612744      -0.67001228075843344     
   16.074895131761547      -0.66991569843686538     
   16.081434958910354      -0.66981844619959896     
   16.087974786059156      -0.66972052414388628     
   16.094514613207963      -0.66962193236764966     
   16.101054440356766      -0.66952267096948059     
   16.107594267505572      -0.66942274004864055     
   16.114134094654375      -0.66932213970506049     
   16.120673921803178      -0.66922087003934072     
   16.127213748951984      -0.66911893115275101     
   16.133753576100787      -0.66901632314723003     
   16.140293403249593      -0.66891304612538593     
   16.146833230398396      -0.66880910019049566     
   16.153373057547203      -0.66870448544650518     
   16.159912884696006      -0.66859920199802925     
   16.166452711844812      -0.66849324995035131     
   16.172992538993615      -0.66838662940942350     
   16.179532366142421      -0.66827934048186632     
   16.186072193291224      -0.66817138327496861     
   16.192612020440031      -0.66806275789668768     
   16.199151847588833      -0.66795346445564874     
   16.205691674737640      -0.66784350306114537     
   16.212231501886443      -0.66773287382313895     
   16.218771329035249      -0.66762157685225865     
   16.225311156184052      -0.66750961225980154     
   16.231850983332858      -0.66739698015773219     
   16.238390810481661      -0.66728368065868271     
   16.244930637630464      -0.66716971387595259     
   16.251470464779270      -0.66705507992350854     
   16.258010291928073      -0.66693977891598455     
   16.264550119076880      -0.66682381096868182     
   16.271089946225683      -0.66670717619756803     
   16.277629773374489      -0.66658987471927811     
   16.284169600523292      -0.66647190665111333     
   16.290709427672098      -0.66635327211104189     
   16.297249254820901      -0.66623397121769845     
   16.303789081969708      -0.66611400409038368     
   16.310328909118510      -0.66599337084906485     
   16.316868736267317      -0.66587207161437512     
   16.323408563416120      -0.66575010650761390     
   16.329948390564926      -0.66562747565074598     
   16.336488217713729      -0.66550417916640259     
   16.343028044862535      -0.66538021717787998     
   16.349567872011338      -0.66525558980914024     
   16.356107699160145      -0.66513029718481054     
   16.362647526308947      -0.66500433943018378     
   16.369187353457750      -0.66487771667121764     
   16.375727180606557      -0.66475042903453474     
   16.382267007755360      -0.66462247664742280     
   16.388806834904166      -0.66449385963783414     
   16.395346662052969      -0.66436457813438587     
   16.401886489201775      -0.66423463226635948     
   16.408426316350578      -0.66410402216370079     
   16.414966143499385      -0.66397274795701988     
   16.421505970648187      -0.66384080977759108     
   16.428045797796994      -0.66370820775735251     
   16.434585624945797      -0.66357494202890621     
   16.441125452094603      -0.66344101272551781     
   16.447665279243406      -0.66330641998111683     
   16.454205106392212      -0.66317116393029574     
   16.460744933541015      -0.66303524470831077     
   16.467284760689822      -0.66289866245108087     
   16.473824587838624      -0.66276141729518878     
   16.480364414987427      -0.66262350937787928     
   16.486904242136234      -0.66248493883706039     
   16.493444069285037      -0.66234570581130259     
   16.499983896433843      -0.66220581043983906     
   16.506523723582646      -0.66206525286256501     
   16.513063550731452      -0.66192403322003812     
   16.519603377880255      -0.66178215165347809     
   16.526143205029062      -0.66163960830476631     
   16.532683032177864      -0.66149640331644632     
   16.539222859326671      -0.66135253683172301     
   16.545762686475474      -0.66120800899446286     
   16.552302513624280      -0.66106281994919380     
   16.558842340773083      -0.66091696984110471     
   16.565382167921889      -0.66077045881604579     
   16.571921995070692      -0.66062328702052819     
   16.578461822219499      -0.66047545460172341     
   16.585001649368301      -0.66032696170746408     
   16.591541476517108      -0.66017780848624308     
   16.598081303665911      -0.66002799508721355     
   16.604621130814714      -0.65987752166018887     
   16.611160957963520      -0.65972638835564257     
   16.617700785112323      -0.65957459532470786     
   16.624240612261129      -0.65942214271917787     
   16.630780439409932      -0.65926903069150511     
   16.637320266558739      -0.65911525939480164     
   16.643860093707541      -0.65896082898283881     
   16.650399920856348      -0.65880573961004707     
   16.656939748005151      -0.65864999143151559     
   16.663479575153957      -0.65849358460299279     
   16.670019402302760      -0.65833651928088532     
   16.676559229451566      -0.65817879562225856     
   16.683099056600369      -0.65802041378483622     
   16.689638883749176      -0.65786137392700006     
   16.696178710897978      -0.65770167620779008     
   16.702718538046785      -0.65754132078690386     
   16.709258365195588      -0.65738030782469681     
   16.715798192344391      -0.65721863748218201     
   16.722338019493197      -0.65705630992102959     
   16.728877846642000      -0.65689332530356737     
   16.735417673790806      -0.65672968379277974     
   16.741957500939609      -0.65656538555230837     
   16.748497328088416      -0.65640043074645138     
   16.755037155237218      -0.65623481954016372     
   16.761576982386025      -0.65606855209905646     
   16.768116809534828      -0.65590162858939705     
   16.774656636683634      -0.65573404917810907     
   16.781196463832437      -0.65556581403277192     
   16.787736290981243      -0.65539692332162069     
   16.794276118130046      -0.65522737721354629     
   16.800815945278853      -0.65505717587809453     
   16.807355772427655      -0.65488631948546694     
   16.813895599576462      -0.65471480820651984     
   16.820435426725265      -0.65454264221276448     
   16.826975253874071      -0.65436982167636693     
   16.833515081022874      -0.65419634677014771     
   16.840054908171677      -0.65402221766758184     
   16.846594735320483      -0.65384743454279826     
   16.853134562469286      -0.65367199757058003     
   16.859674389618093      -0.65349590692636439     
   16.866214216766895      -0.65331916278624180     
   16.872754043915702      -0.65314176532695645     
   16.879293871064505      -0.65296371472590575     
   16.885833698213311      -0.65278501116114040     
   16.892373525362114      -0.65260565481136390     
   16.898913352510920      -0.65242564585593255     
   16.905453179659723      -0.65224498447485535     
   16.911993006808530      -0.65206367084879369     
   16.918532833957332      -0.65188170515906119     
   16.925072661106139      -0.65169908758762352     
   16.931612488254942      -0.65151581831709826     
   16.938152315403748      -0.65133189753075471     
   16.944692142552551      -0.65114732541251363     
   16.951231969701354      -0.65096210214694705     
   16.957771796850160      -0.65077622791927836     
   16.964311623998963      -0.65058970291538176     
   16.970851451147769      -0.65040252732178228     
   16.977391278296572      -0.65021470132565551     
   16.983931105445379      -0.65002622511482733     
   16.990470932594182      -0.64983709887777408     
   16.997010759742988      -0.64964732280362192     
   17.003550586891791      -0.64945689708214693     
   17.010090414040597      -0.64926582190377491     
   17.016630241189400      -0.64907409745958089     
   17.023170068338207      -0.64888172394128940     
   17.029709895487009      -0.64868870154127400     
   17.036249722635816      -0.64849503045255708     
   17.042789549784619      -0.64830071086880980     
   17.049329376933425      -0.64810574298435164     
   17.055869204082228      -0.64791012699415040     
   17.062409031231034      -0.64771386309382228     
   17.068948858379837      -0.64751695147963106     
   17.075488685528640      -0.64731939234848834     
   17.082028512677446      -0.64712118589795331     
   17.088568339826249      -0.64692233232623220     
   17.095108166975056      -0.64672283183217893     
   17.101647994123859      -0.64652268461529383     
   17.108187821272665      -0.64632189087572400     
   17.114727648421468      -0.64612045081426339     
   17.121267475570274      -0.64591836463235208     
   17.127807302719077      -0.64571563253207598     
   17.134347129867884      -0.64551225471616736     
   17.140886957016686      -0.64530823138800408     
   17.147426784165493      -0.64510356275160929     
   17.153966611314296      -0.64489824901165194     
   17.160506438463102      -0.64469229037344544     
   17.167046265611905      -0.64448568704294851     
   17.173586092760711      -0.64427843922676475     
   17.180125919909514      -0.64407054713214162     
   17.186665747058317      -0.64386201096697138     
   17.193205574207123      -0.64365283093979009     
   17.199745401355926      -0.64344300725977788     
   17.206285228504733      -0.64323254013675846     
   17.212825055653536      -0.64302142978119892     
   17.219364882802342      -0.64280967640420961     
   17.225904709951145      -0.64259728021754381     
   17.232444537099951      -0.64238424143359774     
   17.238984364248754      -0.64217056026541031     
   17.245524191397561      -0.64195623692666259     
   17.252064018546363      -0.64174127163167793     
   17.258603845695170      -0.64152566459542160     
   17.265143672843973      -0.64130941603350078     
   17.271683499992779      -0.64109252616216383     
   17.278223327141582      -0.64087499519830071     
   17.284763154290388      -0.64065682335944252     
   17.291302981439191      -0.64043801086376095     
   17.297842808587998      -0.64021855793006843     
   17.304382635736800      -0.63999846477781797     
   17.310922462885603      -0.63977773162710294     
   17.317462290034410      -0.63955635869865612     
   17.324002117183213      -0.63933434621385066     
   17.330541944332019      -0.63911169439469895     
   17.337081771480822      -0.63888840346385289     
   17.343621598629628      -0.63866447364460333     
   17.350161425778431      -0.63843990516088012     
   17.356701252927238      -0.63821469823725174     
   17.363241080076040      -0.63798885309892517     
   17.369780907224847      -0.63776236997174551     
   17.376320734373650      -0.63753524908219583     
   17.382860561522456      -0.63730749065739711     
   17.389400388671259      -0.63707909492510750     
   17.395940215820065      -0.63685006211372330     
   17.402480042968868      -0.63662039245227675     
   17.409019870117675      -0.63639008617043780     
   17.415559697266477      -0.63615914349851266     
   17.422099524415284      -0.63592756466744405     
   17.428639351564087      -0.63569534990881083     
   17.435179178712890      -0.63546249945482758     
   17.441719005861696      -0.63522901353834504     
   17.448258833010499      -0.63499489239284879     
   17.454798660159305      -0.63476013625246019     
   17.461338487308108      -0.63452474535193537     
   17.467878314456915      -0.63428871992666525     
   17.474418141605717      -0.63405206021267513     
   17.480957968754524      -0.63381476644662482     
   17.487497795903327      -0.63357683886580807     
   17.494037623052133      -0.63333827770815254     
   17.500577450200936      -0.63309908321221919     
   17.507117277349742      -0.63285925561720269     
   17.513657104498545      -0.63261879516293051     
   17.520196931647352      -0.63237770208986321     
   17.526736758796154      -0.63213597663909382     
   17.533276585944961      -0.63189361905234775     
   17.539816413093764      -0.63165062957198259     
   17.546356240242567      -0.63140700844098796     
   17.552896067391373      -0.63116275590298476     
   17.559435894540176      -0.63091787220222584     
   17.565975721688982      -0.63067235758359452     
   17.572515548837785      -0.63042621229260576     
   17.579055375986592      -0.63017943657540454     
   17.585595203135394      -0.62993203067876691     
   17.592135030284201      -0.62968399485009841     
   17.598674857433004      -0.62943532933743529     
   17.605214684581810      -0.62918603438944265     
   17.611754511730613      -0.62893611025541574     
   17.618294338879419      -0.62868555718527852     
   17.624834166028222      -0.62843437542958425     
   17.631373993177029      -0.62818256523951443     
   17.637913820325831      -0.62793012686687943     
   17.644453647474638      -0.62767706056411754     
   17.650993474623441      -0.62742336658429509     
   17.657533301772247      -0.62716904518110606     
   17.664073128921050      -0.62691409660887198     
   17.670612956069853      -0.62665852112254117     
   17.677152783218659      -0.62640231897768928     
   17.683692610367462      -0.62614549043051848     
   17.690232437516269      -0.62588803573785723     
   17.696772264665071      -0.62562995515716024     
   17.703312091813878      -0.62537124894650820     
   17.709851918962681      -0.62511191736460725     
   17.716391746111487      -0.62485196067078885     
   17.722931573260290      -0.62459137912500973     
   17.729471400409096      -0.62433017298785143     
   17.736011227557899      -0.62406834252052024     
   17.742551054706706      -0.62380588798484649     
   17.749090881855508      -0.62354280964328468     
   17.755630709004315      -0.62327910775891326     
   17.762170536153118      -0.62301478259543408     
   17.768710363301924      -0.62274983441717235     
   17.775250190450727      -0.62248426348907615     
   17.781790017599530      -0.62221807007671637     
   17.788329844748336      -0.62195125444628663     
   17.794869671897139      -0.62168381686460239     
   17.801409499045945      -0.62141575759910128     
   17.807949326194748      -0.62114707691784266     
   17.814489153343555      -0.62087777508950703     
   17.821028980492358      -0.62060785238339644     
   17.827568807641164      -0.62033730906943330     
   17.834108634789967      -0.62006614541816119     
   17.840648461938773      -0.61979436170074365     
   17.847188289087576      -0.61952195818896427     
   17.853728116236383      -0.61924893515522694     
   17.860267943385185      -0.61897529287255437     
   17.866807770533992      -0.61870103161458878     
   17.873347597682795      -0.61842615165559178     
   17.879887424831601      -0.61815065327044305     
   17.886427251980404      -0.61787453673464099     
   17.892967079129210      -0.61759780232430217     
   17.899506906278013      -0.61732045031616112     
   17.906046733426816      -0.61704248098756964     
   17.912586560575622      -0.61676389461649728     
   17.919126387724425      -0.61648469148153029     
   17.925666214873232      -0.61620487186187178     
   17.932206042022035      -0.61592443603734148     
   17.938745869170841      -0.61564338428837517     
   17.945285696319644      -0.61536171689602448     
   17.951825523468450      -0.61507943414195698     
   17.958365350617253      -0.61479653630845521     
   17.964905177766060      -0.61451302367841720     
   17.971445004914862      -0.61422889653535540     
   17.977984832063669      -0.61394415516339729     
   17.984524659212472      -0.61365879984728389     
   17.991064486361278      -0.61337283087237071     
   17.997604313510081      -0.61308624852462656     
   18.004144140658887      -0.61279905309063387     
   18.010683967807690      -0.61251124485758823     
   18.017223794956493      -0.61222282411329765     
   18.023763622105299      -0.61193379114618296     
   18.030303449254102      -0.61164414624527719     
   18.036843276402909      -0.61135388970022508     
   18.043383103551712      -0.61106302180128325     
   18.049922930700518      -0.61077154283931967     
   18.056462757849321      -0.61047945310581320     
   18.063002584998127      -0.61018675289285351     
   18.069542412146930      -0.60989344249314104     
   18.076082239295737      -0.60959952219998603     
   18.082622066444539      -0.60930499230730883     
   18.089161893593346      -0.60900985310963940     
   18.095701720742149      -0.60871410490211697     
   18.102241547890955      -0.60841774798048953     
   18.108781375039758      -0.60812078264111413     
   18.115321202188564      -0.60782320918095611     
   18.121861029337367      -0.60752502789758889     
   18.128400856486174      -0.60722623908919382     
   18.134940683634976      -0.60692684305455968     
   18.141480510783779      -0.60662684009308243     
   18.148020337932586      -0.60632623050476508     
   18.154560165081389      -0.60602501459021729     
   18.161099992230195      -0.60572319265065488     
   18.167639819378998      -0.60542076498789976     
   18.174179646527804      -0.60511773190437979     
   18.180719473676607      -0.60481409370312789     
   18.187259300825414      -0.60450985068778218     
   18.193799127974216      -0.60420500316258596     
   18.200338955123023      -0.60389955143238638     
   18.206878782271826      -0.60359349580263544     
   18.213418609420632      -0.60328683657938864     
   18.219958436569435      -0.60297957406930525     
   18.226498263718241      -0.60267170857964791     
   18.233038090867044      -0.60236324041828182     
   18.239577918015851      -0.60205416989367544     
   18.246117745164653      -0.60174449731489921     
   18.252657572313460      -0.60143422299162552     
   18.259197399462263      -0.60112334723412886     
   18.265737226611066      -0.60081187035328509     
   18.272277053759872      -0.60049979266057085     
   18.278816880908675      -0.60018711446806394     
   18.285356708057481      -0.59987383608844269     
   18.291896535206284      -0.59955995783498517     
   18.298436362355091      -0.59924548002156985     
   18.304976189503893      -0.59893040296267452     
   18.311516016652700      -0.59861472697337625     
   18.318055843801503      -0.59829845236935097     
   18.324595670950309      -0.59798157946687336     
   18.331135498099112      -0.59766410858281627     
   18.337675325247918      -0.59734604003465064     
   18.344215152396721      -0.59702737414044493     
   18.350754979545528      -0.59670811121886524     
   18.357294806694330      -0.59638825158917430     
   18.363834633843137      -0.59606779557123180     
   18.370374460991940      -0.59574674348549361     
   18.376914288140743      -0.59542509565301205     
   18.383454115289549      -0.59510285239543492     
   18.389993942438352      -0.59478001403500513     
   18.396533769587158      -0.59445658089456155     
   18.403073596735961      -0.59413255329753700     
   18.409613423884768      -0.59380793156795919     
   18.416153251033570      -0.59348271603044966     
   18.422693078182377      -0.59315690701022428     
   18.429232905331180      -0.59283050483309185     
   18.435772732479986      -0.59250350982545463     
   18.442312559628789      -0.59217592231430749     
   18.448852386777595      -0.59184774262723805     
   18.455392213926398      -0.59151897109242602     
   18.461932041075205      -0.59118960803864296     
   18.468471868224007      -0.59085965379525174     
   18.475011695372814      -0.59052910869220676     
   18.481551522521617      -0.59019797306005306     
   18.488091349670423      -0.58986624722992631     
   18.494631176819226      -0.58953393153355227     
   18.501171003968029      -0.58920102630324678     
   18.507710831116835      -0.58886753187191487     
   18.514250658265638      -0.58853344857305123     
   18.520790485414445      -0.58819877674073895     
   18.527330312563247      -0.58786351670965009     
   18.533870139712054      -0.58752766881504437     
   18.540409966860857      -0.58719123339276980     
   18.546949794009663      -0.58685421077926192     
   18.553489621158466      -0.58651660131154315     
   18.560029448307272      -0.58617840532722310     
   18.566569275456075      -0.58583962316449767     
   18.573109102604882      -0.58550025516214910     
   18.579648929753684      -0.58516030165954547     
   18.586188756902491      -0.58481976299664018     
   18.592728584051294      -0.58447863951397183     
   18.599268411200100      -0.58413693155266389     
   18.605808238348903      -0.58379463945442445     
   18.612348065497706      -0.58345176356154560     
   18.618887892646512      -0.58310830421690318     
   18.625427719795315      -0.58276426176395646     
   18.631967546944121      -0.58241963654674800     
   18.638507374092924      -0.58207442890990313     
   18.645047201241731      -0.58172863919862916     
   18.651587028390534      -0.58138226775871604     
   18.658126855539340      -0.58103531493653515     
   18.664666682688143      -0.58068778107903929     
   18.671206509836949      -0.58033966653376245     
   18.677746336985752      -0.57999097164881908     
   18.684286164134559      -0.57964169677290389     
   18.690825991283361      -0.57929184225529207     
   18.697365818432168      -0.57894140844583797     
   18.703905645580971      -0.57859039569497539     
   18.710445472729777      -0.57823880435371722     
   18.716985299878580      -0.57788663477365465     
   18.723525127027386      -0.57753388730695732     
   18.730064954176189      -0.57718056230637271     
   18.736604781324992      -0.57682666012522577     
   18.743144608473798      -0.57647218111741860     
   18.749684435622601      -0.57611712563743045     
   18.756224262771408      -0.57576149404031662     
   18.762764089920211      -0.57540528668170876     
   18.769303917069017      -0.57504850391781415     
   18.775843744217820      -0.57469114610541572     
   18.782383571366626      -0.57433321360187117     
   18.788923398515429      -0.57397470676511297     
   18.795463225664236      -0.57361562595364801     
   18.802003052813038      -0.57325597152655705     
   18.808542879961845      -0.57289574384349462     
   18.815082707110648      -0.57253494326468846     
   18.821622534259454      -0.57217357015093884     
   18.828162361408257      -0.57181162486361925     
   18.834702188557063      -0.57144910776467472     
   18.841242015705866      -0.57108601921662239     
   18.847781842854669      -0.57072235958255102     
   18.854321670003475      -0.57035812922611995     
   18.860861497152278      -0.56999332851155970     
   18.867401324301085      -0.56962795780367093     
   18.873941151449888      -0.56926201746782434     
   18.880480978598694      -0.56889550786996024     
   18.887020805747497      -0.56852842937658832     
   18.893560632896303      -0.56816078235478706     
   18.900100460045106      -0.56779256717220339     
   18.906640287193913      -0.56742378419705264     
   18.913180114342715      -0.56705443379811760     
   18.919719941491522      -0.56668451634474881     
   18.926259768640325      -0.56631403220686372     
   18.932799595789131      -0.56594298175494651     
   18.939339422937934      -0.56557136536004737     
   18.945879250086740      -0.56519918339378306     
   18.952419077235543      -0.56482643622833528     
   18.958958904384350      -0.56445312423645133     
   18.965498731533152      -0.56407924779144303     
   18.972038558681955      -0.56370480726718708     
   18.978578385830762      -0.56332980303812374     
   18.985118212979565      -0.56295423547925749     
   18.991658040128371      -0.56257810496615568     
   18.998197867277174      -0.56220141187494899     
   19.004737694425980      -0.56182415658233031     
   19.011277521574783      -0.56144633946555511     
   19.017817348723590      -0.56106796090244049     
   19.024357175872392      -0.56068902127136488     
   19.030897003021199      -0.56030952095126807     
   19.037436830170002      -0.55992946032165025     
   19.043976657318808      -0.55954883976257208     
   19.050516484467611      -0.55916765965465431     
   19.057056311616417      -0.55878592037907671     
   19.063596138765220      -0.55840362231757890     
   19.070135965914027      -0.55802076585245863     
   19.076675793062829      -0.55763735136657255     
   19.083215620211632      -0.55725337924333518     
   19.089755447360439      -0.55686884986671847     
   19.096295274509242      -0.55648376362125196     
   19.102835101658048      -0.55609812089202182     
   19.109374928806851      -0.55571192206467079     
   19.115914755955657      -0.55532516752539762     
   19.122454583104460      -0.55493785766095693     
   19.128994410253267      -0.55454999285865869     
   19.135534237402069      -0.55416157350636752     
   19.142074064550876      -0.55377259999250272     
   19.148613891699679      -0.55338307270603804     
   19.155153718848485      -0.55299299203650076     
   19.161693545997288      -0.55260235837397131     
   19.168233373146094      -0.55221117210908366     
   19.174773200294897      -0.55181943363302377     
   19.181313027443704      -0.55142714333753029     
   19.187852854592506      -0.55103430161489353     
   19.194392681741313      -0.55064090885795502     
   19.200932508890116      -0.55024696546010776     
   19.207472336038919      -0.54985247181529495     
   19.214012163187725      -0.54945742831801037     
   19.220551990336528      -0.54906183536329745     
   19.227091817485334      -0.54866569334674919     
   19.233631644634137      -0.54826900266450751     
   19.240171471782944      -0.54787176371326318     
   19.246711298931746      -0.54747397689025512     
   19.253251126080553      -0.54707564259327024     
   19.259790953229356      -0.54667676122064279     
   19.266330780378162      -0.54627733317125404     
   19.272870607526965      -0.54587735884453215     
   19.279410434675771      -0.54547683864045138     
   19.285950261824574      -0.54507577295953191     
   19.292490088973381      -0.54467416220283948     
   19.299029916122183      -0.54427200677198495     
   19.305569743270990      -0.54386930706912351     
   19.312109570419793      -0.54346606349695492     
   19.318649397568599      -0.54306227645872296     
   19.325189224717402      -0.54265794635821452     
   19.331729051866205      -0.54225307359975961     
   19.338268879015011      -0.54184765858823125     
   19.344808706163814      -0.54144170172904427     
   19.351348533312621      -0.54103520342815548     
   19.357888360461423      -0.54062816409206327     
   19.364428187610230      -0.54022058412780716     
   19.370968014759033      -0.53981246394296667     
   19.377507841907839      -0.53940380394566245     
   19.384047669056642      -0.53899460454455428     
   19.390587496205448      -0.53858486614884149     
   19.397127323354251      -0.53817458916826255     
   19.403667150503058      -0.53776377401309439     
   19.410206977651860      -0.53735242109415227     
   19.416746804800667      -0.53694053082278903     
   19.423286631949470      -0.53652810361089498     
   19.429826459098276      -0.53611513987089732     
   19.436366286247079      -0.53570164001575982     
   19.442906113395882      -0.53528760445898227     
   19.449445940544688      -0.53487303361460026     
   19.455985767693491      -0.53445792789718460     
   19.462525594842297      -0.53404228772184104     
   19.469065421991100      -0.53362611350420985     
   19.475605249139907      -0.53320940566046493     
   19.482145076288710      -0.53279216460731449     
   19.488684903437516      -0.53237439076199944     
   19.495224730586319      -0.53195608454229359     
   19.501764557735125      -0.53153724636650324     
   19.508304384883928      -0.53111787665346644     
   19.514844212032735      -0.53069797582255296     
   19.521384039181537      -0.53027754429366358     
   19.527923866330344      -0.52985658248723011     
   19.534463693479147      -0.52943509082421403     
   19.541003520627953      -0.52901306972610707     
   19.547543347776756      -0.52859051961493042     
   19.554083174925562      -0.52816744091323431     
   19.560623002074365      -0.52774383404409708     
   19.567162829223168      -0.52731969943112589     
   19.573702656371974      -0.52689503749845534     
   19.580242483520777      -0.52646984867074720     
   19.586782310669584      -0.52604413337319034     
   19.593322137818387      -0.52561789203150022     
   19.599861964967193      -0.52519112507191801     
   19.606401792115996      -0.52476383292121065     
   19.612941619264802      -0.52433601600667046     
   19.619481446413605      -0.52390767475611422     
   19.626021273562412      -0.52347880959788318     
   19.632561100711214      -0.52304942096084261     
   19.639100927860021      -0.52261950927438106     
   19.645640755008824      -0.52218907496841027     
   19.652180582157630      -0.52175811847336451     
   19.658720409306433      -0.52132664022020014     
   19.665260236455239      -0.52089464064039570     
   19.671800063604042      -0.52046212016595061     
   19.678339890752845      -0.52002907922938546     
   19.684879717901651      -0.51959551826374084     
   19.691419545050454      -0.51916143770257805     
   19.697959372199261      -0.51872683797997765     
   19.704499199348064      -0.51829171953053921     
   19.711039026496870      -0.51785608278938133     
   19.717578853645673      -0.51741992819214067     
   19.724118680794479      -0.51698325617497176     
   19.730658507943282      -0.51654606717454676     
   19.737198335092089      -0.51610836162805451     
   19.743738162240891      -0.51567013997320077     
   19.750277989389698      -0.51523140264820688     
   19.756817816538501      -0.51479215009181045     
   19.763357643687307      -0.51435238274326389     
   19.769897470836110      -0.51391210104233465     
   19.776437297984916      -0.51347130542930430     
   19.782977125133719      -0.51302999634496849     
   19.789516952282526      -0.51258817423063641     
   19.796056779431328      -0.51214583952813009     
   19.802596606580131      -0.51170299267978425     
   19.809136433728938      -0.51125963412844555     
   19.815676260877741      -0.51081576431747289     
   19.822216088026547      -0.51037138369073587     
   19.828755915175350      -0.50992649269261514     
   19.835295742324156      -0.50948109176800171     
   19.841835569472959      -0.50903518136229642     
   19.848375396621766      -0.50858876192140989     
   19.854915223770568      -0.50814183389176137     
   19.861455050919375      -0.50769439772027902     
   19.867994878068178      -0.50724645385439893     
   19.874534705216984      -0.50679800274206510     
   19.881074532365787      -0.50634904483172838     
   19.887614359514593      -0.50589958057234696     
   19.894154186663396      -0.50544961041338499     
   19.900694013812203      -0.50499913480481251     
   19.907233840961005      -0.50454815419710519     
   19.913773668109808      -0.50409666904124373     
   19.920313495258615      -0.50364467978871319     
   19.926853322407418      -0.50319218689150291     
   19.933393149556224      -0.50273919080210572     
   19.939932976705027      -0.50228569197351769     
   19.946472803853833      -0.50183169085923773     
   19.953012631002636      -0.50137718791326691     
   19.959552458151443      -0.50092218359010821     
   19.966092285300245      -0.50046667834476577     
   19.972632112449052      -0.50001067263274512     
   19.979171939597855      -0.49955416691005183     
   19.985711766746661      -0.49909716163319168     
   19.992251593895464      -0.49863965725916981     
   19.998791421044270      -0.49818165424549071     
   20.005331248193073      -0.49772315305015741     
   20.011871075341880      -0.49726415413167097     
   20.018410902490682      -0.49680465794903045     
   20.024950729639489      -0.49634466496173202     
   20.031490556788292      -0.49588417562976855     
   20.038030383937095      -0.49542319041362948     
   20.044570211085901      -0.49496170977429998     
   20.051110038234704      -0.49449973417326076     
   20.057649865383510      -0.49403726407248733     
   20.064189692532313      -0.49357429993444979     
   20.070729519681120      -0.49311084222211243     
   20.077269346829922      -0.49264689139893275     
   20.083809173978729      -0.49218244792886168     
   20.090349001127532      -0.49171751227634269     
   20.096888828276338      -0.49125208490631150     
   20.103428655425141      -0.49078616628419525     
   20.109968482573947      -0.49031975687591284     
   20.116508309722750      -0.48985285714787352     
   20.123048136871557      -0.48938546756697709     
   20.129587964020359      -0.48891758860061313     
   20.136127791169166      -0.48844922071666047     
   20.142667618317969      -0.48798036438348713     
   20.149207445466775      -0.48751102006994945     
   20.155747272615578      -0.48704118824539155     
   20.162287099764381      -0.48657086937964561     
   20.168826926913187      -0.48610006394303018     
   20.175366754061990      -0.48562877240635083     
   20.181906581210797      -0.48515699524089906     
   20.188446408359599      -0.48468473291845210     
   20.194986235508406      -0.48421198591127212     
   20.201526062657209      -0.48373875469210631     
   20.208065889806015      -0.48326503973418578     
   20.214605716954818      -0.48279084151122559     
   20.221145544103624      -0.48231616049742376     
   20.227685371252427      -0.48184099716746159     
   20.234225198401234      -0.48136535199650216     
   20.240765025550036      -0.48088922546019069     
   20.247304852698843      -0.48041261803465385     
   20.253844679847646      -0.47993553019649893     
   20.260384506996452      -0.47945796242281391     
   20.266924334145255      -0.47897991519116639     
   20.273464161294058      -0.47850138897960370     
   20.280003988442864      -0.47802238426665200     
   20.286543815591667      -0.47754290153131590     
   20.293083642740473      -0.47706294125307835     
   20.299623469889276      -0.47658250391189955     
   20.306163297038083      -0.47610158998821683     
   20.312703124186886      -0.47562019996294413     
   20.319242951335692      -0.47513833431747143     
   20.325782778484495      -0.47465599353366439     
   20.332322605633301      -0.47417317809386395     
   20.338862432782104      -0.47368988848088522     
   20.345402259930911      -0.47320612517801808     
   20.351942087079713      -0.47272188866902570     
   20.358481914228520      -0.47223717943814464     
   20.365021741377323      -0.47175199797008427     
   20.371561568526129      -0.47126634475002577     
   20.378101395674932      -0.47078022026362265     
   20.384641222823738      -0.47029362499699917     
   20.391181049972541      -0.46980655943675081     
   20.397720877121344      -0.46931902406994297     
   20.404260704270150      -0.46883101938411109     
   20.410800531418953      -0.46834254586725982     
   20.417340358567760      -0.46785360400786263     
   20.423880185716563      -0.46736419429486148     
   20.430420012865369      -0.46687431721766609     
   20.436959840014172      -0.46638397326615344     
   20.443499667162978      -0.46589316293066751     
   20.450039494311781      -0.46540188670201865     
   20.456579321460588      -0.46491014507148304     
   20.463119148609390      -0.46441793853080249     
   20.469658975758197      -0.46392526757218333     
   20.476198802907000      -0.46343213268829653     
   20.482738630055806      -0.46293853437227711     
   20.489278457204609      -0.46244447311772330     
   20.495818284353415      -0.46194994941869638     
   20.502358111502218      -0.46145496376972006     
   20.508897938651021      -0.46095951666578000     
   20.515437765799827      -0.46046360860232322     
   20.521977592948630      -0.45996724007525785     
   20.528517420097437      -0.45947041158095242     
   20.535057247246240      -0.45897312361623543     
   20.541597074395046      -0.45847537667839489     
   20.548136901543849      -0.45797717126517756     
   20.554676728692655      -0.45747850787478905     
   20.561216555841458      -0.45697938700589263     
   20.567756382990265      -0.45647980915760916     
   20.574296210139067      -0.45597977482951657     
   20.580836037287874      -0.45547928452164921     
   20.587375864436677      -0.45497833873449722     
   20.593915691585483      -0.45447693796900662     
   20.600455518734286      -0.45397508272657794     
   20.606995345883092      -0.45347277350906656     
   20.613535173031895      -0.45297001081878163     
   20.620075000180702      -0.45246679515848587     
   20.626614827329504      -0.45196312703139502     
   20.633154654478307      -0.45145900694117713     
   20.639694481627114      -0.45095443539195224     
   20.646234308775917      -0.45044941288829199     
   20.652774135924723      -0.44994393993521881     
   20.659313963073526      -0.44943801703820579     
   20.665853790222332      -0.44893164470317559     
   20.672393617371135      -0.44842482343650075     
   20.678933444519942      -0.44791755374500247     
   20.685473271668744      -0.44740983613595031     
   20.692013098817551      -0.44690167111706208     
   20.698552925966354      -0.44639305919650268     
   20.705092753115160      -0.44588400088288410     
   20.711632580263963      -0.44537449668526458     
   20.718172407412769      -0.44486454711314843     
   20.724712234561572      -0.44435415267648515     
   20.731252061710379      -0.44384331388566917     
   20.737791888859181      -0.44333203125153925     
   20.744331716007984      -0.44282030528537814     
   20.750871543156791      -0.44230813649891171     
   20.757411370305594      -0.44179552540430878     
   20.763951197454400      -0.44128247251418046     
   20.770491024603203      -0.44076897834157958     
   20.777030851752009      -0.44025504340000032     
   20.783570678900812      -0.43974066820337776     
   20.790110506049619      -0.43922585326608693     
   20.796650333198421      -0.43871059910294280     
   20.803190160347228      -0.43819490622919954     
   20.809729987496031      -0.43767877516055004     
   20.816269814644837      -0.43716220641312536     
   20.822809641793640      -0.43664520050349426     
   20.829349468942446      -0.43612775794866271     
   20.835889296091249      -0.43560987926607314     
   20.842429123240056      -0.43509156497360441     
   20.848968950388858      -0.43457281558957067     
   20.855508777537665      -0.43405363163272143     
   20.862048604686468      -0.43353401362224048     
   20.868588431835271      -0.43301396207774606     
   20.875128258984077      -0.43249347751928940     
   20.881668086132880      -0.43197256046735527     
   20.888207913281686      -0.43145121144286069     
   20.894747740430489      -0.43092943096715469     
   20.901287567579296      -0.43040721956201772     
   20.907827394728098      -0.42988457774966121     
   20.914367221876905      -0.42936150605272694     
   20.920907049025708      -0.42883800499428659     
   20.927446876174514      -0.42831407509784125     
   20.933986703323317      -0.42778971688732076     
   20.940526530472123      -0.42726493088708345     
   20.947066357620926      -0.42673971762191520     
   20.953606184769733      -0.42621407761702934     
   20.960146011918535      -0.42568801139806584     
   20.966685839067342      -0.42516151949109093     
   20.973225666216145      -0.42463460242259660     
   20.979765493364948      -0.42410726071949972     
   20.986305320513754      -0.42357949490914221     
   20.992845147662557      -0.42305130551928977     
   20.999384974811363      -0.42252269307813178     
   21.005924801960166      -0.42199365811428080     
   21.012464629108973      -0.42146420115677169     
   21.019004456257775      -0.42093432273506143     
   21.025544283406582      -0.42040402337902849     
   21.032084110555385      -0.41987330361897218     
   21.038623937704191      -0.41934216398561214     
   21.045163764852994      -0.41881060501008821     
   21.051703592001800      -0.41827862722395920     
   21.058243419150603      -0.41774623115920295     
   21.064783246299410      -0.41721341734821560     
   21.071323073448212      -0.41668018632381093     
   21.077862900597019      -0.41614653861921985     
   21.084402727745822      -0.41561247476809027     
   21.090942554894628      -0.41507799530448580     
   21.097482382043431      -0.41454310076288603     
   21.104022209192234      -0.41400779167818558     
   21.110562036341040      -0.41347206858569346     
   21.117101863489843      -0.41293593202113271     
   21.123641690638649      -0.41239938252064001     
   21.130181517787452      -0.41186242062076478     
   21.136721344936259      -0.41132504685846899     
   21.143261172085062      -0.41078726177112629     
   21.149800999233868      -0.41024906589652177     
   21.156340826382671      -0.40971045977285142     
   21.162880653531477      -0.40917144393872135     
   21.169420480680280      -0.40863201893314727     
   21.175960307829087      -0.40809218529555430     
   21.182500134977889      -0.40755194356577606     
   21.189039962126696      -0.40701129428405419     
   21.195579789275499      -0.40647023799103810     
   21.202119616424305      -0.40592877522778398     
   21.208659443573108      -0.40538690653575454     
   21.215199270721914      -0.40484463245681857     
   21.221739097870717      -0.40430195353325010     
   21.228278925019520      -0.40375887030772811     
   21.234818752168326      -0.40321538332333584     
   21.241358579317129      -0.40267149312356021     
   21.247898406465936      -0.40212720025229137     
   21.254438233614739      -0.40158250525382244     
   21.260978060763545      -0.40103740867284809     
   21.267517887912348      -0.40049191105446519     
   21.274057715061154      -0.39994601294417120     
   21.280597542209957      -0.39939971488786424     
   21.287137369358764      -0.39885301743184237     
   21.293677196507566      -0.39830592112280300     
   21.300217023656373      -0.39775842650784260     
   21.306756850805176      -0.39721053413445567     
   21.313296677953982      -0.39666224455053467     
   21.319836505102785      -0.39611355830436912     
   21.326376332251591      -0.39556447594464528     
   21.332916159400394      -0.39501499802044543     
   21.339455986549197      -0.39446512508124765     
   21.345995813698003      -0.39391485767692480     
   21.352535640846806      -0.39336419635774428     
   21.359075467995613      -0.39281314167436737     
   21.365615295144416      -0.39226169417784890     
   21.372155122293222      -0.39170985441963613     
   21.378694949442025      -0.39115762295156903     
   21.385234776590831      -0.39060500032587891     
   21.391774603739634      -0.39005198709518840     
   21.398314430888441      -0.38949858381251085     
   21.404854258037243      -0.38894479103124940     
   21.411394085186050      -0.38839060930519687     
   21.417933912334853      -0.38783603918853510     
   21.424473739483659      -0.38728108123583410     
   21.431013566632462      -0.38672573600205196     
   21.437553393781268      -0.38617000404253377     
   21.444093220930071      -0.38561388591301160     
   21.450633048078878      -0.38505738216960345     
   21.457172875227680      -0.38450049336881309     
   21.463712702376483      -0.38394322006752940     
   21.470252529525290      -0.38338556282302566     
   21.476792356674093      -0.38282752219295907     
   21.483332183822899      -0.38226909873537035     
   21.489872010971702      -0.38171029300868292     
   21.496411838120508      -0.38115110557170245     
   21.502951665269311      -0.38059153698361642     
   21.509491492418118      -0.38003158780399338     
   21.516031319566920      -0.37947125859278252     
   21.522571146715727      -0.37891054991031303     
   21.529110973864530      -0.37834946231729361     
   21.535650801013336      -0.37778799637481186     
   21.542190628162139      -0.37722615264433373     
   21.548730455310945      -0.37666393168770290     
   21.555270282459748      -0.37610133406714041     
   21.561810109608555      -0.37553836034524390     
   21.568349936757357      -0.37497501108498704     
   21.574889763906160      -0.37441128684971914     
   21.581429591054967      -0.37384718820316437     
   21.587969418203770      -0.37328271570942134     
   21.594509245352576      -0.37271786993296269     
   21.601049072501379      -0.37215265143863402     
   21.607588899650185      -0.37158706079165388     
   21.614128726798988      -0.37102109855761289     
   21.620668553947795      -0.37045476530247345     
   21.627208381096597      -0.36988806159256860     
   21.633748208245404      -0.36932098799460211     
   21.640288035394207      -0.36875354507564778     
   21.646827862543013      -0.36818573340314825     
   21.653367689691816      -0.36761755354491538     
   21.659907516840622      -0.36704900606912888     
   21.666447343989425      -0.36648009154433636     
   21.672987171138232      -0.36591081053945224     
   21.679526998287034      -0.36534116362375763     
   21.686066825435841      -0.36477115136689942     
   21.692606652584644      -0.36420077433888975     
   21.699146479733447      -0.36363003311010578     
   21.705686306882253      -0.36305892825128877     
   21.712226134031056      -0.36248746033354340     
   21.718765961179862      -0.36191562992833776     
   21.725305788328665      -0.36134343760750220     
   21.731845615477472      -0.36077088394322904     
   21.738385442626274      -0.36019796950807204     
   21.744925269775081      -0.35962469487494547     
   21.751465096923884      -0.35905106061712405     
   21.758004924072690      -0.35847706730824197     
   21.764544751221493      -0.35790271552229258     
   21.771084578370299      -0.35732800583362773     
   21.777624405519102      -0.35675293881695702     
   21.784164232667909      -0.35617751504734751     
   21.790704059816711      -0.35560173510022297     
   21.797243886965518      -0.35502559955136331     
   21.803783714114321      -0.35444910897690407     
   21.810323541263124      -0.35387226395333582     
   21.816863368411930      -0.35329506505750358     
   21.823403195560733      -0.35271751286660635     
   21.829943022709539      -0.35213960795819615     
   21.836482849858342      -0.35156135091017809     
   21.843022677007149      -0.35098274230080906     
   21.849562504155951      -0.35040378270869776     
   21.856102331304758      -0.34982447271280376     
   21.862642158453561      -0.34924481289243703     
   21.869181985602367      -0.34866480382725734     
   21.875721812751170      -0.34808444609727390     
   21.882261639899976      -0.34750374028284431     
   21.888801467048779      -0.34692268696467443     
   21.895341294197586      -0.34634128672381753     
   21.901881121346388      -0.34575954014167398     
   21.908420948495195      -0.34517744779999021     
   21.914960775643998      -0.34459501028085870     
   21.921500602792804      -0.34401222816671689     
   21.928040429941607      -0.34342910204034688     
   21.934580257090410      -0.34284563248487482     
   21.941120084239216      -0.34226182008377026     
   21.947659911388019      -0.34167766542084566     
   21.954199738536825      -0.34109316908025566     
   21.960739565685628      -0.34050833164649652     
   21.967279392834435      -0.33992315370440579     
   21.973819219983238      -0.33933763583916127     
   21.980359047132044      -0.33875177863628098     
   21.986898874280847      -0.33816558268162200     
   21.993438701429653      -0.33757904856138032     
   21.999978528578456      -0.33699217686209004     
   22.006518355727263      -0.33640496817062299     
   22.013058182876065      -0.33581742307418772     
   22.019598010024872      -0.33522954216032935     
   22.026137837173675      -0.33464132601692886     
   22.032677664322481      -0.33405277523220228     
   22.039217491471284      -0.33346389039470054     
   22.045757318620090      -0.33287467209330834     
   22.052297145768893      -0.33228512091724410     
   22.058836972917696      -0.33169523745605894     
   22.065376800066502      -0.33110502229963634     
   22.071916627215305      -0.33051447603819140     
   22.078456454364112      -0.32992359926227044     
   22.084996281512915      -0.32933239256275021     
   22.091536108661721      -0.32874085653083740     
   22.098075935810524      -0.32814899175806805     
   22.104615762959330      -0.32755679883630695     
   22.111155590108133      -0.32696427835774705     
   22.117695417256940      -0.32637143091490872     
   22.124235244405742      -0.32577825710063951     
   22.130775071554549      -0.32518475750811315     
   22.137314898703352      -0.32459093273082934     
   22.143854725852158      -0.32399678336261284     
   22.150394553000961      -0.32340230999761288     
   22.156934380149767      -0.32280751323030299     
   22.163474207298570      -0.32221239365547982     
   22.170014034447373      -0.32161695186826300     
   22.176553861596179      -0.32102118846409433     
   22.183093688744982      -0.32042510403873725     
   22.189633515893789      -0.31982869918827606     
   22.196173343042592      -0.31923197450911572     
   22.202713170191398      -0.31863493059798081     
   22.209252997340201      -0.31803756805191535     
   22.215792824489007      -0.31743988746828189     
   22.222332651637810      -0.31684188944476088     
   22.228872478786617      -0.31624357457935048     
   22.235412305935419      -0.31564494347036548     
   22.241952133084226      -0.31504599671643702     
   22.248491960233029      -0.31444673491651187     
   22.255031787381835      -0.31384715866985180     
   22.261571614530638      -0.31324726857603308     
   22.268111441679444      -0.31264706523494573     
   22.274651268828247      -0.31204654924679320     
   22.281191095977054      -0.31144572121209146     
   22.287730923125856      -0.31084458173166846     
   22.294270750274659      -0.31024313140666376     
   22.300810577423466      -0.30964137083852766     
   22.307350404572269      -0.30903930062902069     
   22.313890231721075      -0.30843692138021311     
   22.320430058869878      -0.30783423369448415     
   22.326969886018684      -0.30723123817452153     
   22.333509713167487      -0.30662793542332067     
   22.340049540316294      -0.30602432604418450     
   22.346589367465096      -0.30542041064072217     
   22.353129194613903      -0.30481618981684927     
   22.359669021762706      -0.30421166417678647     
   22.366208848911512      -0.30360683432505953     
   22.372748676060315      -0.30300170086649830     
   22.379288503209121      -0.30239626440623618     
   22.385828330357924      -0.30179052554970970     
   22.392368157506731      -0.30118448490265765     
   22.398907984655533      -0.30057814307112068     
   22.405447811804336      -0.29997150066144074     
   22.411987638953143      -0.29936455828026004     
   22.418527466101946      -0.29875731653452109     
   22.425067293250752      -0.29814977603146564     
   22.431607120399555      -0.29754193737863416     
   22.438146947548361      -0.29693380118386520     
   22.444686774697164      -0.29632536805529514     
   22.451226601845971      -0.29571663860135705     
   22.457766428994773      -0.29510761343078029     
   22.464306256143580      -0.29449829315259013     
   22.470846083292383      -0.29388867837610677     
   22.477385910441189      -0.29327876971094508     
   22.483925737589992      -0.29266856776701367     
   22.490465564738798      -0.29205807315451443     
   22.497005391887601      -0.29144728648394208     
   22.503545219036408      -0.29083620836608326     
   22.510085046185210      -0.29022483941201604     
   22.516624873334017      -0.28961318023310939     
   22.523164700482820      -0.28900123144102258     
   22.529704527631623      -0.28838899364770426     
   22.536244354780429      -0.28777646746539232     
   22.542784181929232      -0.28716365350661288     
   22.549324009078038      -0.28655055238417998     
   22.555863836226841      -0.28593716471119468     
   22.562403663375648      -0.28532349110104466     
   22.568943490524450      -0.28470953216740352     
   22.575483317673257      -0.28409528852423022     
   22.582023144822060      -0.28348076078576839     
   22.588562971970866      -0.28286594956654576     
   22.595102799119669      -0.28225085548137357     
   22.601642626268475      -0.28163547914534592     
   22.608182453417278      -0.28101982117383911     
   22.614722280566085      -0.28040388218251111     
   22.621262107714887      -0.27978766278730099     
   22.627801934863694      -0.27917116360442801     
   22.634341762012497      -0.27855438525039145     
   22.640881589161300      -0.27793732834196960     
   22.647421416310106      -0.27731999349621944     
   22.653961243458909      -0.27670238133047581     
   22.660501070607715      -0.27608449246235078     
   22.667040897756518      -0.27546632750973332     
   22.673580724905325      -0.27484788709078833     
   22.680120552054127      -0.27422917182395634     
   22.686660379202934      -0.27361018232795248     
   22.693200206351737      -0.27299091922176633     
   22.699740033500543      -0.27237138312466092     
   22.706279860649346      -0.27175157465617239     
   22.712819687798152      -0.27113149443610918     
   22.719359514946955      -0.27051114308455154     
   22.725899342095762      -0.26989052122185087     
   22.732439169244564      -0.26926962946862892     
   22.738978996393371      -0.26864846844577750     
   22.745518823542174      -0.26802703877445766     
   22.752058650690980      -0.26740534107609903     
   22.758598477839783      -0.26678337597239932     
   22.765138304988586      -0.26616114408532365     
   22.771678132137392      -0.26553864603710392     
   22.778217959286195      -0.26491588245023812     
   22.784757786435001      -0.26429285394748986     
   22.791297613583804      -0.26366956115188772     
   22.797837440732611      -0.26304600468672434     
   22.804377267881414      -0.26242218517555632     
   22.810917095030220      -0.26179810324220315     
   22.817456922179023      -0.26117375951074667     
   22.823996749327829      -0.26054915460553074     
   22.830536576476632      -0.25992428915116017     
   22.837076403625439      -0.25929916377250045     
   22.843616230774241      -0.25867377909467693     
   22.850156057923048      -0.25804813574307434     
   22.856695885071851      -0.25742223434333594     
   22.863235712220657      -0.25679607552136324     
   22.869775539369460      -0.25616965990331497     
   22.876315366518263      -0.25554298811560677     
   22.882855193667069      -0.25491606078491053     
   22.889395020815872      -0.25428887853815346     
   22.895934847964678      -0.25366144200251783     
   22.902474675113481      -0.25303375180544024     
   22.909014502262288      -0.25240580857461087     
   22.915554329411091      -0.25177761293797285     
   22.922094156559897      -0.25114916552372196     
   22.928633983708700      -0.25052046696030555     
   22.935173810857506      -0.24989151787642219     
   22.941713638006309      -0.24926231890102099     
   22.948253465155116      -0.24863287066330084     
   22.954793292303918      -0.24800317379271003     
   22.961333119452725      -0.24737322891894545     
   22.967872946601528      -0.24674303667195191     
   22.974412773750334      -0.24611259768192170     
   22.980952600899137      -0.24548191257929383     
   22.987492428047943      -0.24485098199475336     
   22.994032255196746      -0.24421980655923092     
   23.000572082345549      -0.24358838690390192     
   23.007111909494355      -0.24295672366018597     
   23.013651736643158      -0.24232481745974643     
   23.020191563791965      -0.24169266893448937     
   23.026731390940768      -0.24106027871656338     
   23.033271218089574      -0.24042764743835873     
   23.039811045238377      -0.23979477573250660     
   23.046350872387183      -0.23916166423187871     
   23.052890699535986      -0.23852831356958662     
   23.059430526684793      -0.23789472437898090     
   23.065970353833595      -0.23726089729365088     
   23.072510180982402      -0.23662683294742357     
   23.079050008131205      -0.23599253197436326     
   23.085589835280011      -0.23535799500877103     
   23.092129662428814      -0.23472322268518378     
   23.098669489577620      -0.23408821563837384     
   23.105209316726423      -0.23345297450334826     
   23.111749143875230      -0.23281749991534817     
   23.118288971024032      -0.23218179250984819     
   23.124828798172835      -0.23154585292255567     
   23.131368625321642      -0.23090968178941024     
   23.137908452470445      -0.23027327974658302     
   23.144448279619251      -0.22963664743047607     
   23.150988106768054      -0.22899978547772168     
   23.157527933916860      -0.22836269452518185     
   23.164067761065663      -0.22772537520994748     
   23.170607588214470      -0.22708782816933790     
   23.177147415363272      -0.22645005404090010     
   23.183687242512079      -0.22581205346240832     
   23.190227069660882      -0.22517382707186306     
   23.196766896809688      -0.22453537550749070     
   23.203306723958491      -0.22389669940774290     
   23.209846551107297      -0.22325779941129564     
   23.216386378256100      -0.22261867615704897     
   23.222926205404907      -0.22197933028412617     
   23.229466032553709      -0.22133976243187306     
   23.236005859702512      -0.22069997323985752     
   23.242545686851319      -0.22005996334786868     
   23.249085514000122      -0.21941973339591653     
   23.255625341148928      -0.21877928402423094     
   23.262165168297731      -0.21813861587326136     
   23.268704995446537      -0.21749772958367594     
   23.275244822595340      -0.21685662579636086     
   23.281784649744147      -0.21621530515242005     
   23.288324476892949      -0.21557376829317407     
   23.294864304041756      -0.21493201586015975     
   23.301404131190559      -0.21429004849512961     
   23.307943958339365      -0.21364786684005094     
   23.314483785488168      -0.21300547153710542     
   23.321023612636974      -0.21236286322868839     
   23.327563439785777      -0.21172004255740812     
   23.334103266934584      -0.21107701016608529     
   23.340643094083386      -0.21043376669775227     
   23.347182921232193      -0.20979031279565261     
   23.353722748380996      -0.20914664910324005     
   23.360262575529799      -0.20850277626417846     
   23.366802402678605      -0.20785869492234058     
   23.373342229827408      -0.20721440572180783     
   23.379882056976214      -0.20656990930686933     
   23.386421884125017      -0.20592520632202155     
   23.392961711273824      -0.20528029741196741     
   23.399501538422626      -0.20463518322161589     
   23.406041365571433      -0.20398986439608116     
   23.412581192720236      -0.20334434158068204     
   23.419121019869042      -0.20269861542094134     
   23.425660847017845      -0.20205268656258521     
   23.432200674166651      -0.20140655565154256     
   23.438740501315454      -0.20076022333394422     
   23.445280328464261      -0.20011369025612261     
   23.451820155613063      -0.19946695706461068     
   23.458359982761870      -0.19882002440614172     
   23.464899809910673      -0.19817289292764834     
   23.471439637059476      -0.19752556327626203     
   23.477979464208282      -0.19687803609931243     
   23.484519291357085      -0.19623031204432673     
   23.491059118505891      -0.19558239175902903     
   23.497598945654694      -0.19493427589133949     
   23.504138772803501      -0.19428596508937410     
   23.510678599952303      -0.19363746000144361     
   23.517218427101110      -0.19298876127605313     
   23.523758254249913      -0.19233986956190136     
   23.530298081398719      -0.19169078550788002     
   23.536837908547522      -0.19104150976307319     
   23.543377735696328      -0.19039204297675660     
   23.549917562845131      -0.18974238579839700     
   23.556457389993938      -0.18909253887765159     
   23.562997217142740      -0.18844250286436731     
   23.569537044291547      -0.18779227840858018     
   23.576076871440350      -0.18714186616051462     
   23.582616698589156      -0.18649126677058292     
   23.589156525737959      -0.18584048088938449     
   23.595696352886762      -0.18518950916770513     
   23.602236180035568      -0.18453835225651655     
   23.608776007184371      -0.18388701080697578     
   23.615315834333177      -0.18323548547042418     
   23.621855661481980      -0.18258377689838712     
   23.628395488630787      -0.18193188574257319     
   23.634935315779590      -0.18127981265487347     
   23.641475142928396      -0.18062755828736116     
   23.648014970077199      -0.17997512329229051     
   23.654554797226005      -0.17932250832209659     
   23.661094624374808      -0.17866971402939436     
   23.667634451523615      -0.17801674106697807     
   23.674174278672417      -0.17736359008782074     
   23.680714105821224      -0.17671026174507334     
   23.687253932970027      -0.17605675669206416     
   23.693793760118833      -0.17540307558229831     
   23.700333587267636      -0.17474921906945687     
   23.706873414416439      -0.17409518780739636     
   23.713413241565245      -0.17344098245014802     
   23.719953068714048      -0.17278660365191725     
   23.726492895862854      -0.17213205206708287     
   23.733032723011657      -0.17147732835019641     
   23.739572550160464      -0.17082243315598158     
   23.746112377309267      -0.17016736713933359     
   23.752652204458073      -0.16951213095531845     
   23.759192031606876      -0.16885672525917239     
   23.765731858755682      -0.16820115070630104     
   23.772271685904485      -0.16754540795227901     
   23.778811513053292      -0.16688949765284899     
   23.785351340202094      -0.16623342046392134     
   23.791891167350901      -0.16557717704157324     
   23.798430994499704      -0.16492076804204808     
   23.804970821648510      -0.16426419412175489     
   23.811510648797313      -0.16360745593726758     
   23.818050475946119      -0.16295055414532431     
   23.824590303094922      -0.16229348940282692     
   23.831130130243725      -0.16163626236684009     
   23.837669957392531      -0.16097887369459088     
   23.844209784541334      -0.16032132404346802     
   23.850749611690141      -0.15966361407102109     
   23.857289438838944      -0.15900574443496007     
   23.863829265987750      -0.15834771579315465     
   23.870369093136553      -0.15768952880363346     
   23.876908920285359      -0.15703118412458342     
   23.883448747434162      -0.15637268241434929     
   23.889988574582969      -0.15571402433143272     
   23.896528401731771      -0.15505521053449184     
   23.903068228880578      -0.15439624168234040     
   23.909608056029381      -0.15373711843394727     
   23.916147883178187      -0.15307784144843573     
   23.922687710326990      -0.15241841138508275     
   23.929227537475796      -0.15175882890331838     
   23.935767364624599      -0.15109909466272511     
   23.942307191773406      -0.15043920932303714     
   23.948847018922208      -0.14977917354413989     
   23.955386846071011      -0.14911898798606907     
   23.961926673219818      -0.14845865330901029     
   23.968466500368621      -0.14779817017329816     
   23.975006327517427      -0.14713753923941589     
   23.981546154666230      -0.14647676116799438     
   23.988085981815036      -0.14581583661981168     
   23.994625808963839      -0.14515476625579238     
   24.001165636112646      -0.14449355073700684     
   24.007705463261448      -0.14383219072467054     
   24.014245290410255      -0.14317068688014351     
   24.020785117559058      -0.14250903986492960     
   24.027324944707864      -0.14184725034067586     
   24.033864771856667      -0.14118531896917175     
   24.040404599005473      -0.14052324641234870     
   24.046944426154276      -0.13986103333227923     
   24.053484253303083      -0.13919868039117642     
   24.060024080451885      -0.13853618825139322     
   24.066563907600688      -0.13787355757542177     
   24.073103734749495      -0.13721078902589276     
   24.079643561898298      -0.13654788326557468     
   24.086183389047104      -0.13588484095737335     
   24.092723216195907      -0.13522166276433106     
   24.099263043344713      -0.13455834934962602     
   24.105802870493516      -0.13389490137657162     
   24.112342697642323      -0.13323131950861583     
   24.118882524791125      -0.13256760440934057     
   24.125422351939932      -0.13190375674246088     
   24.131962179088735      -0.13123977717182442     
   24.138502006237541      -0.13057566636141082     
   24.145041833386344      -0.12991142497533084     
   24.151581660535150      -0.12924705367782588     
   24.158121487683953      -0.12858255313326725     
   24.164661314832760      -0.12791792400615551     
   24.171201141981562      -0.12725316696111977     
   24.177740969130369      -0.12658828266291702     
   24.184280796279172      -0.12592327177643167     
   24.190820623427975      -0.12525813496667454     
   24.197360450576781      -0.12459287289878242     
   24.203900277725584      -0.12392748623801741     
   24.210440104874390      -0.12326197564976617     
   24.216979932023193      -0.12259634179953925     
   24.223519759172000      -0.12193058535297055     
   24.230059586320802      -0.12126470697581647     
   24.236599413469609      -0.12059870733395543     
   24.243139240618412      -0.11993258709338704     
   24.249679067767218      -0.11926634692023158     
   24.256218894916021      -0.11859998748072918     
   24.262758722064827      -0.11793350944123931     
   24.269298549213630      -0.11726691346823999     
   24.275838376362437      -0.11660020022832719     
   24.282378203511239      -0.11593337038821416     
   24.288918030660046      -0.11526642461473074     
   24.295457857808849      -0.11459936357482271     
   24.301997684957652      -0.11393218793555111     
   24.308537512106458      -0.11326489836409158     
   24.315077339255261      -0.11259749552773370     
   24.321617166404067      -0.11192998009388025     
   24.328156993552870      -0.11126235273004674     
   24.334696820701677      -0.11059461410386048     
   24.341236647850479      -0.10992676488306015     
   24.347776474999286      -0.10925880573549492     
   24.354316302148089      -0.10859073732912396     
   24.360856129296895      -0.10792256033201567     
   24.367395956445698      -0.10725427541234706     
   24.373935783594504      -0.10658588323840301     
   24.380475610743307      -0.10591738447857575     
   24.387015437892114      -0.10524877980136402     
   24.393555265040916      -0.10458006987537248     
   24.400095092189723      -0.10391125536931105     
   24.406634919338526      -0.10324233695199427     
   24.413174746487332      -0.10257331529234050     
   24.419714573636135      -0.10190419105937147     
   24.426254400784938      -0.10123496492221137     
   24.432794227933744      -0.10056563755008636     
   24.439334055082547       -9.9896209612323816E-002
   24.445873882231353       -9.9226681778351644E-002
   24.452413709380156       -9.8557054717697712E-002
   24.458953536528963       -9.7887329099989040E-002
   24.465493363677766       -9.7217505594951292E-002
   24.472033190826572       -9.6547584872407929E-002
   24.478573017975375       -9.5877567602279709E-002
   24.485112845124181       -9.5207454454583867E-002
   24.491652672272984       -9.4537246099433578E-002
   24.498192499421791       -9.3866943207037201E-002
   24.504732326570593       -9.3196546447697592E-002
   24.511272153719400       -9.2526056491811531E-002
   24.517811980868203       -9.1855474009869001E-002
   24.524351808017009       -9.1184799672452452E-002
   24.530891635165812       -9.0514034150236233E-002
   24.537431462314615       -8.9843178113985858E-002
   24.543971289463421       -8.9172232234557378E-002
   24.550511116612224       -8.8501197182896646E-002
   24.557050943761030       -8.7830073630038738E-002
   24.563590770909833       -8.7158862247107199E-002
   24.570130598058640       -8.6487563705313422E-002
   24.576670425207443       -8.5816178675955923E-002
   24.583210252356249       -8.5144707830419761E-002
   24.589750079505052       -8.4473151840175759E-002
   24.596289906653858       -8.3801511376779922E-002
   24.602829733802661       -8.3129787111872702E-002
   24.609369560951468       -8.2457979717178373E-002
   24.615909388100270       -8.1786089864504322E-002
   24.622449215249077       -8.1114118225740398E-002
   24.628989042397880       -8.0442065472858260E-002
   24.635528869546686       -7.9769932277910655E-002
   24.642068696695489       -7.9097719313030765E-002
   24.648608523844295       -7.8425427250431556E-002
   24.655148350993098       -7.7753056762405112E-002
   24.661688178141901       -7.7080608521321897E-002
   24.668228005290707       -7.6408083199630147E-002
   24.674767832439510       -7.5735481469855218E-002
   24.681307659588317       -7.5062804004598804E-002
   24.687847486737120       -7.4390051476538391E-002
   24.694387313885926       -7.3717224558426497E-002
   24.700927141034729       -7.3044323923090043E-002
   24.707466968183535       -7.2371350243429666E-002
   24.714006795332338       -7.1698304192419043E-002
   24.720546622481145       -7.1025186443104224E-002
   24.727086449629947       -7.0351997668602964E-002
   24.733626276778754       -6.9678738542104032E-002
   24.740166103927557       -6.9005409736866571E-002
   24.746705931076363       -6.8332011926219363E-002
   24.753245758225166       -6.7658545783560217E-002
   24.759785585373972       -6.6985011982355291E-002
   24.766325412522775       -6.6311411196138398E-002
   24.772865239671578       -6.5637744098510295E-002
   24.779405066820384       -6.4964011363138091E-002
   24.785944893969187       -6.4290213663754536E-002
   24.792484721117994       -6.3616351674157315E-002
   24.799024548266797       -6.2942426068208421E-002
   24.805564375415603       -6.2268437519833464E-002
   24.812104202564406       -6.1594386703020990E-002
   24.818644029713212       -6.0920274291821813E-002
   24.825183856862015       -6.0246100960348339E-002
   24.831723684010822       -5.9571867382773910E-002
   24.838263511159624       -5.8897574233332098E-002
   24.844803338308431       -5.8223222186316058E-002
   24.851343165457234       -5.7548811916077830E-002
   24.857882992606040       -5.6874344097027685E-002
   24.864422819754843       -5.6199819403633444E-002
   24.870962646903649       -5.5525238510419808E-002
   24.877502474052452       -5.4850602091967654E-002
   24.884042301201259       -5.4175910822913405E-002
   24.890582128350061       -5.3501165377948336E-002
   24.897121955498864       -5.2826366431817880E-002
   24.903661782647671       -5.2151514659320997E-002
   24.910201609796474       -5.1476610735309451E-002
   24.916741436945280       -5.0801655334687182E-002
   24.923281264094083       -5.0126649132409572E-002
   24.929821091242889       -4.9451592803482824E-002
   24.936360918391692       -4.8776487022963284E-002
   24.942900745540499       -4.8101332465956714E-002
   24.949440572689301       -4.7426129807617678E-002
   24.955980399838108       -4.6750879723148835E-002
   24.962520226986911       -4.6075582887800261E-002
   24.969060054135717       -4.5400239976868810E-002
   24.975599881284520       -4.4724851665697375E-002
   24.982139708433326       -4.4049418629674278E-002
   24.988679535582129       -4.3373941544232561E-002
   24.995219362730936       -4.2698421084849295E-002
   25.001759189879738       -4.2022857927044945E-002
   25.008299017028545       -4.1347252746382665E-002
   25.014838844177348       -4.0671606218467639E-002
   25.021378671326151       -3.9995919018946391E-002
   25.027918498474957       -3.9320191823506136E-002
   25.034458325623760       -3.8644425307874042E-002
   25.040998152772566       -3.7968620147816649E-002
   25.047537979921369       -3.7292777019139106E-002
   25.054077807070176       -3.6616896597684551E-002
   25.060617634218978       -3.5940979559333397E-002
   25.067157461367785       -3.5265026580002683E-002
   25.073697288516588       -3.4589038335645389E-002
   25.080237115665394       -3.3913015502249760E-002
   25.086776942814197       -3.3236958755838625E-002
   25.093316769963003       -3.2560868772468735E-002
   25.099856597111806       -3.1884746228230072E-002
   25.106396424260613       -3.1208591799245188E-002
   25.112936251409415       -3.0532406161668503E-002
   25.119476078558222       -2.9856189991685652E-002
   25.126015905707025       -2.9179943965512808E-002
   25.132555732855828       -2.8503668759396000E-002
   25.139095560004634       -2.7827365049610434E-002
   25.145635387153437       -2.7151033512459816E-002
   25.152175214302243       -2.6474674824275683E-002
   25.158715041451046       -2.5798289661416729E-002
   25.165254868599853       -2.5121878700268111E-002
   25.171794695748655       -2.4445442617240798E-002
   25.178334522897462       -2.3768982088770863E-002
   25.184874350046265       -2.3092497791318837E-002
   25.191414177195071       -2.2415990401369022E-002
   25.197954004343874       -2.1739460595428809E-002
   25.204493831492680       -2.1062909050028000E-002
   25.211033658641483       -2.0386336441718143E-002
   25.217573485790290       -1.9709743447071840E-002
   25.224113312939092       -1.9033130742682095E-002
   25.230653140087899       -1.8356499005161606E-002
   25.237192967236702       -1.7679848911142108E-002
   25.243732794385508       -1.7003181137273702E-002
   25.250272621534311       -1.6326496360224159E-002
   25.256812448683114       -1.5649795256678253E-002
   25.263352275831920       -1.4973078503337093E-002
   25.269892102980723       -1.4296346776917429E-002
   25.276431930129529       -1.3619600754150987E-002
   25.282971757278332       -1.2942841111783794E-002
   25.289511584427139       -1.2266068526575490E-002
   25.296051411575942       -1.1589283675298656E-002
   25.302591238724748       -1.0912487234738151E-002
   25.309131065873551       -1.0235679881690409E-002
   25.315670893022357       -9.5588622929627855E-003
   25.322210720171160       -8.8820351453728699E-003
   25.328750547319967       -8.2051991157478087E-003
   25.335290374468769       -7.5283548809236302E-003
   25.341830201617576       -6.8515031177445711E-003
   25.348370028766379       -6.1746445030623947E-003
   25.354909855915185       -5.4977797137357150E-003
   25.361449683063988       -4.8209094266293204E-003
   25.367989510212791       -4.1440343186134997E-003
   25.374529337361597       -3.4671550665633603E-003
   25.381069164510400       -2.7902723473581534E-003
   25.387608991659206       -2.1133868378806001E-003
   25.394148818808009       -1.4364992150162085E-003
   25.400688645956816       -7.5961015565260189E-004
   25.407228473105619       -8.2720336678839695E-005
   25.413768300254425        5.9416956501525927E-004
   25.420308127403228        1.2710588725397933E-003
   25.426847954552034        1.9479469090054546E-003
   25.433387781700837        2.6248329975242066E-003
   25.439927608849644        3.3017164612099614E-003
   25.446467435998446        3.9785966231792548E-003
   25.453007263147253        4.6554728065519250E-003
   25.459547090296056        5.3323443344517893E-003
   25.466086917444862        6.0092105300073185E-003
   25.472626744593665        6.6860707163523200E-003
   25.479166571742471        7.3629242166266028E-003
   25.485706398891274        8.0397703539766708E-003
   25.492246226040077        8.7166084515563850E-003
   25.498786053188883        9.3934378325276468E-003
   25.505325880337686        1.0070257820061077E-002
   25.511865707486493        1.0747067737336689E-002
   25.518405534635296        1.1423866907544565E-002
   25.524945361784102        1.2100654653885533E-002
   25.531485188932905        1.2777430299571846E-002
   25.538025016081711        1.3454193167827859E-002
   25.544564843230514        1.4130942581890705E-002
   25.551104670379321        1.4807677865010967E-002
   25.557644497528123        1.5484398340453367E-002
   25.564184324676930        1.6161103331497423E-002
   25.570724151825733        1.6837792161438148E-002
   25.577263978974539        1.7514464153586710E-002
   25.583803806123342        1.8191118631271121E-002
   25.590343633272148        1.8867754917836901E-002
   25.596883460420951        1.9544372336647759E-002
   25.603423287569754        2.0220970211086285E-002
   25.609963114718560        2.0897547864554597E-002
   25.616502941867363        2.1574104620475047E-002
   25.623042769016170        2.2250639802290875E-002
   25.629582596164973        2.2927152733466905E-002
   25.636122423313779        2.3603642737490198E-002
   25.642662250462582        2.4280109137870754E-002
   25.649202077611388        2.4956551258142178E-002
   25.655741904760191        2.5632968421862336E-002
   25.662281731908998        2.6309359952614075E-002
   25.668821559057800        2.6985725174005864E-002
   25.675361386206607        2.7662063409672474E-002
   25.681901213355410        2.8338373983275673E-002
   25.688441040504216        2.9014656218504895E-002
   25.694980867653019        2.9690909439077894E-002
   25.701520694801825        3.0367132968741453E-002
   25.708060521950628        3.1043326131272045E-002
   25.714600349099435        3.1719488250476505E-002
   25.721140176248237        3.2395618650192713E-002
   25.727680003397040        3.3071716654290276E-002
   25.734219830545847        3.3747781586671181E-002
   25.740759657694650        3.4423812771270504E-002
   25.747299484843456        3.5099809532057047E-002
   25.753839311992259        3.5775771193034059E-002
   25.760379139141065        3.6451697078239885E-002
   25.766918966289868        3.7127586511748627E-002
   25.773458793438675        3.7803438817670856E-002
   25.779998620587477        3.8479253320154269E-002
   25.786538447736284        3.9155029343384357E-002
   25.793078274885087        3.9830766211585107E-002
   25.799618102033893        4.0506463249019645E-002
   25.806157929182696        4.1182119779990929E-002
   25.812697756331502        4.1857735128842444E-002
   25.819237583480305        4.2533308619958826E-002
   25.825777410629112        4.3208839577766590E-002
   25.832317237777914        4.3884327326734779E-002
   25.838857064926721        4.4559771191375636E-002
   25.845396892075524        4.5235170496245300E-002
   25.851936719224327        4.5910524565944466E-002
   25.858476546373133        4.6585832725119056E-002
   25.865016373521936        4.7261094298460940E-002
   25.871556200670742        4.7936308610708515E-002
   25.878096027819545        4.8611474986647488E-002
   25.884635854968352        4.9286592751111469E-002
   25.891175682117154        4.9961661228982691E-002
   25.897715509265961        5.0636679745192696E-002
   25.904255336414764        5.1311647624722949E-002
   25.910795163563570        5.1986564192605576E-002
   25.917334990712373        5.2661428773924018E-002
   25.923874817861179        5.3336240693813680E-002
   25.930414645009982        5.4010999277462654E-002
   25.936954472158789        5.4685703850112344E-002
   25.943494299307591        5.5360353737058172E-002
   25.950034126456398        5.6034948263650276E-002
   25.956573953605201        5.6709486755294108E-002
   25.963113780754004        5.7383968537451174E-002
   25.969653607902810        5.8058392935639719E-002
   25.976193435051613        5.8732759275435316E-002
   25.982733262200419        5.9407066882471625E-002
   25.989273089349222        6.0081315082441071E-002
   25.995812916498028        6.0755503201095427E-002
   26.002352743646831        6.1429630564246593E-002
   26.008892570795638        6.2103696497767188E-002
   26.015432397944441        6.2777700327591293E-002
   26.021972225093247        6.3451641379715082E-002
   26.028512052242050        6.4125518980197471E-002
   26.035051879390856        6.4799332455160882E-002
   26.041591706539659        6.5473081130791852E-002
   26.048131533688466        6.6146764333341670E-002
   26.054671360837268        6.6820381389127173E-002
   26.061211187986075        6.7493931624531267E-002
   26.067751015134878        6.8167414366003737E-002
   26.074290842283684        6.8840828940061841E-002
   26.080830669432487        6.9514174673291004E-002
   26.087370496581290        7.0187450892345501E-002
   26.093910323730096        7.0860656923949120E-002
   26.100450150878899        7.1533792094895798E-002
   26.106989978027705        7.2206855732050393E-002
   26.113529805176508        7.2879847162349243E-002
   26.120069632325315        7.3552765712800949E-002
   26.126609459474118        7.4225610710486931E-002
   26.133149286622924        7.4898381482562212E-002
   26.139689113771727        7.5571077356255997E-002
   26.146228940920533        7.6243697658872442E-002
   26.152768768069336        7.6916241717791212E-002
   26.159308595218143        7.7588708860468272E-002
   26.165848422366945        7.8261098414436459E-002
   26.172388249515752        7.8933409707306251E-002
   26.178928076664555        7.9605642066766319E-002
   26.185467903813361        8.0277794820584336E-002
   26.192007730962164        8.0949867296607511E-002
   26.198547558110967        8.1621858822763405E-002
   26.205087385259773        8.2293768727060471E-002
   26.211627212408576        8.2965596337588807E-002
   26.218167039557382        8.3637340982520791E-002
   26.224706866706185        8.4309001990111820E-002
   26.231246693854992        8.4980578688700834E-002
   26.237786521003795        8.5652070406711175E-002
   26.244326348152601        8.6323476472651095E-002
   26.250866175301404        8.6994796215114564E-002
   26.257406002450210        8.7666028962781833E-002
   26.263945829599013        8.8337174044420125E-002
   26.270485656747820        8.9008230788884368E-002
   26.277025483896622        8.9679198525117812E-002
   26.283565311045429        9.0350076582152716E-002
   26.290105138194232        9.1020864289111034E-002
   26.296644965343038        9.1691560975205089E-002
   26.303184792491841        9.2362165969738161E-002
   26.309724619640647        9.3032678602105248E-002
   26.316264446789450        9.3703098201793761E-002
   26.322804273938253        9.4373424098384034E-002
   26.329344101087059        9.5043655621550233E-002
   26.335883928235862        9.5713792101060763E-002
   26.342423755384669        9.6383832866779234E-002
   26.348963582533472        9.7053777248664805E-002
   26.355503409682278        9.7723624576773152E-002
   26.362043236831081        9.8393374181256904E-002
   26.368583063979887        9.9063025392366486E-002
   26.375122891128690        9.9732577540450687E-002
   26.381662718277497       0.10040202995595733     
   26.388202545426299       0.10107138196943403     
   26.394742372575106       0.10174063291152874     
   26.401282199723909       0.10240978211299054     
   26.407822026872715       0.10307882890467021     
   26.414361854021518       0.10374777261752099     
   26.420901681170324       0.10441661258259914     
   26.427441508319127       0.10508534813106471     
   26.433981335467930       0.10575397859418215     
   26.440521162616736       0.10642250330332098     
   26.447060989765539       0.10709092158995652     
   26.453600816914346       0.10775923278567047     
   26.460140644063149       0.10842743622215163     
   26.466680471211955       0.10909553123119656     
   26.473220298360758       0.10976351714471026     
   26.479760125509564       0.11043139329470682     
   26.486299952658367       0.11109915901331008     
   26.492839779807174       0.11176681363275433     
   26.499379606955976       0.11243435648538495     
   26.505919434104783       0.11310178690365909     
   26.512459261253586       0.11376910422014631     
   26.518999088402392       0.11443630776752932     
   26.525538915551195       0.11510339687860455     
   26.532078742700001       0.11577037088628291     
   26.538618569848804       0.11643722912359038     
   26.545158396997611       0.11710397092366871     
   26.551698224146413       0.11777059561977614     
   26.558238051295216       0.11843710254528790     
   26.564777878444023       0.11910349103369715     
   26.571317705592826       0.11976976041861534     
   26.577857532741632       0.12043591003377312     
   26.584397359890435       0.12110193921302083     
   26.590937187039241       0.12176784729032934     
   26.597477014188044       0.12243363359979058     
   26.604016841336851       0.12309929747561821     
   26.610556668485653       0.12376483825214835     
   26.617096495634460       0.12443025526384023     
   26.623636322783263       0.12509554784527688     
   26.630176149932069       0.12576071533116565     
   26.636715977080872       0.12642575705633913     
   26.643255804229678       0.12709067235575552     
   26.649795631378481       0.12775546056449957     
   26.656335458527288       0.12842012101778308     
   26.662875285676090       0.12908465305094557     
   26.669415112824893       0.12974905599945502     
   26.675954939973700       0.13041332919890844     
   26.682494767122503       0.13107747198503267     
   26.689034594271309       0.13174148369368491     
   26.695574421420112       0.13240536366085345     
   26.702114248568918       0.13306911122265835     
   26.708654075717721       0.13373272571535200     
   26.715193902866528       0.13439620647531994     
   26.721733730015330       0.13505955283908144     
   26.728273557164137       0.13572276414329007     
   26.734813384312940       0.13638583972473459     
   26.741353211461746       0.13704877892033937     
   26.747893038610549       0.13771158106716522     
   26.754432865759355       0.13837424550241004     
   26.760972692908158       0.13903677156340932     
   26.767512520056965       0.13969915858763704     
   26.774052347205767       0.14036140591270618     
   26.780592174354574       0.14102351287636938     
   26.787132001503377       0.14168547881651974     
   26.793671828652180       0.14234730307119128     
   26.800211655800986       0.14300898497855971     
   26.806751482949789       0.14367052387694321     
   26.813291310098595       0.14433191910480284     
   26.819831137247398       0.14499317000074335     
   26.826370964396204       0.14565427590351387     
   26.832910791545007       0.14631523615200848     
   26.839450618693814       0.14697605008526696     
   26.845990445842617       0.14763671704247533     
   26.852530272991423       0.14829723636296666     
   26.859070100140226       0.14895760738622163     
   26.865609927289032       0.14961782945186922     
   26.872149754437835       0.15027790189968734     
   26.878689581586642       0.15093782406960360     
   26.885229408735444       0.15159759530169575     
   26.891769235884251       0.15225721493619263     
   26.898309063033054       0.15291668231347455     
   26.904848890181860       0.15357599677407419     
   26.911388717330663       0.15423515765867704     
   26.917928544479466       0.15489416430812222     
   26.924468371628272       0.15555301606340313     
   26.931008198777075       0.15621171226566796     
   26.937548025925881       0.15687025225622050     
   26.944087853074684       0.15752863537652084     
   26.950627680223491       0.15818686096818574     
   26.957167507372294       0.15884492837298972     
   26.963707334521100       0.15950283693286529     
   26.970247161669903       0.16016058598990396     
   26.976786988818709       0.16081817488635661     
   26.983326815967512       0.16147560296463437     
   26.989866643116319       0.16213286956730916     
   26.996406470265121       0.16278997403711440     
   27.002946297413928       0.16344691571694556     
   27.009486124562731       0.16410369394986102     
   27.016025951711537       0.16476030807908254     
   27.022565778860340       0.16541675744799597     
   27.029105606009143       0.16607304140015197     
   27.035645433157949       0.16672915927926654     
   27.042185260306752       0.16738511042922188     
   27.048725087455558       0.16804089419406676     
   27.055264914604361       0.16869650991801746     
   27.061804741753168       0.16935195694545827     
   27.068344568901971       0.17000723462094211     
   27.074884396050777       0.17066234228919133     
   27.081424223199580       0.17131727929509827     
   27.087964050348386       0.17197204498372590     
   27.094503877497189       0.17262663870030859     
   27.101043704645996       0.17328105979025255     
   27.107583531794798       0.17393530759913670     
   27.114123358943605       0.17458938147271327     
   27.120663186092408       0.17524328075690843     
   27.127203013241214       0.17589700479782275     
   27.133742840390017       0.17655055294173230     
   27.140282667538823       0.17720392453508887     
   27.146822494687626       0.17785711892452091     
   27.153362321836429       0.17851013545683400     
   27.159902148985235       0.17916297347901167     
   27.166441976134038       0.17981563233821585     
   27.172981803282845       0.18046811138178770     
   27.179521630431648       0.18112040995724818     
   27.186061457580454       0.18177252741229868     
   27.192601284729257       0.18242446309482177     
   27.199141111878063       0.18307621635288177     
   27.205680939026866       0.18372778653472541     
   27.212220766175673       0.18437917298878251     
   27.218760593324475       0.18503037506366660     
   27.225300420473282       0.18568139210817566     
   27.231840247622085       0.18633222347129261     
   27.238380074770891       0.18698286850218607     
   27.244919901919694       0.18763332655021106     
   27.251459729068500       0.18828359696490946     
   27.257999556217303       0.18893367909601089     
   27.264539383366106       0.18958357229343323     
   27.271079210514912       0.19023327590728326     
   27.277619037663715       0.19088278928785743     
   27.284158864812522       0.19153211178564228     
   27.290698691961325       0.19218124275131537     
   27.297238519110131       0.19283018153574566     
   27.303778346258934       0.19347892748999446     
   27.310318173407740       0.19412747996531579     
   27.316858000556543       0.19477583831315709     
   27.323397827705350       0.19542400188516010     
   27.329937654854152       0.19607197003316126     
   27.336477482002959       0.19671974210919235     
   27.343017309151762       0.19736731746548139     
   27.349557136300568       0.19801469545445294     
   27.356096963449371       0.19866187542872904     
   27.362636790598177       0.19930885674112978     
   27.369176617746980       0.19995563874467373     
   27.375716444895787       0.20060222079257894     
   27.382256272044589       0.20124860223826338     
   27.388796099193392       0.20189478243534556     
   27.395335926342199       0.20254076073764535     
   27.401875753491002       0.20318653649918433     
   27.408415580639808       0.20383210907418686     
   27.414955407788611       0.20447747781708026     
   27.421495234937417       0.20512264208249584     
   27.428035062086220       0.20576760122526938     
   27.434574889235027       0.20641235460044163     
   27.441114716383829       0.20705690156325932     
   27.447654543532636       0.20770124146917543     
   27.454194370681439       0.20834537367385011     
   27.460734197830245       0.20898929753315107     
   27.467274024979048       0.20963301240315452     
   27.473813852127854       0.21027651764014554     
   27.480353679276657       0.21091981260061890     
   27.486893506425464       0.21156289664127972     
   27.493433333574266       0.21220576911904387     
   27.499973160723069       0.21284842939103893     
   27.506512987871876       0.21349087681460455     
   27.513052815020679       0.21413311074729333     
   27.519592642169485       0.21477513054687136     
   27.526132469318288       0.21541693557131886     
   27.532672296467094       0.21605852517883073     
   27.539212123615897       0.21669989872781742     
   27.545751950764704       0.21734105557690545     
   27.552291777913506       0.21798199508493782     
   27.558831605062313       0.21862271661097518     
   27.565371432211116       0.21926321951429587     
   27.571911259359922       0.21990350315439708     
   27.578451086508725       0.22054356689099511     
   27.584990913657531       0.22118341008402626     
   27.591530740806334       0.22182303209364732     
   27.598070567955141       0.22246243228023624     
   27.604610395103943       0.22310161000439294     
   27.611150222252750       0.22374056462693956     
   27.617690049401553       0.22437929550892158     
   27.624229876550356       0.22501780201160812     
   27.630769703699162       0.22565608349649258     
   27.637309530847965       0.22629413932529360     
   27.643849357996771       0.22693196885995529     
   27.650389185145574       0.22756957146264811     
   27.656929012294380       0.22820694649576947     
   27.663468839443183       0.22884409332194436     
   27.670008666591990       0.22948101130402584     
   27.676548493740793       0.23011769980509605     
   27.683088320889599       0.23075415818846645     
   27.689628148038402       0.23139038581767868     
   27.696167975187208       0.23202638205650505     
   27.702707802336011       0.23266214626894940     
   27.709247629484818       0.23329767781924743     
   27.715787456633620       0.23393297607186764     
   27.722327283782427       0.23456804039151172     
   27.728867110931230       0.23520287014311550     
   27.735406938080033       0.23583746469184907     
   27.741946765228839       0.23647182340311801     
   27.748486592377642       0.23710594564256351     
   27.755026419526448       0.23773983077606339     
   27.761566246675251       0.23837347816973245     
   27.768106073824057       0.23900688718992336     
   27.774645900972860       0.23964005720322706     
   27.781185728121667       0.24027298757647356     
   27.787725555270470       0.24090567767673249     
   27.794265382419276       0.24153812687131371     
   27.800805209568079       0.24217033452776807     
   27.807345036716885       0.24280230001388789     
   27.813884863865688       0.24343402269770772     
   27.820424691014495       0.24406550194750484     
   27.826964518163297       0.24469673713180001     
   27.833504345312104       0.24532772761935803     
   27.840044172460907       0.24595847277918845     
   27.846583999609713       0.24658897198054605     
   27.853123826758516       0.24721922459293166     
   27.859663653907319       0.24784922998609266     
   27.866203481056125       0.24847898753002368     
   27.872743308204928       0.24910849659496717     
   27.879283135353734       0.24973775655141406     
   27.885822962502537       0.25036676677010439     
   27.892362789651344       0.25099552662202795     
   27.898902616800147       0.25162403547842493     
   27.905442443948953       0.25225229271078636     
   27.911982271097756       0.25288029769085507     
   27.918522098246562       0.25350804979062613     
   27.925061925395365       0.25413554838234736     
   27.931601752544172       0.25476279283852027     
   27.938141579692974       0.25538978253190031     
   27.944681406841781       0.25601651683549786     
   27.951221233990584       0.25664299512257849     
   27.957761061139390       0.25726921676666409     
   27.964300888288193       0.25789518114153287     
   27.970840715436999       0.25852088762122055     
   27.977380542585802       0.25914633558002059     
   27.983920369734605       0.25977152439248508     
   27.990460196883411       0.26039645343342516     
   27.997000024032214       0.26102112207791178     
   28.003539851181021       0.26164552970127630     
   28.010079678329824       0.26226967567911114     
   28.016619505478630       0.26289355938727033     
   28.023159332627433       0.26351718020187009     
   28.029699159776239       0.26414053749928967     
   28.036238986925042       0.26476363065617170     
   28.042778814073849       0.26538645904942310     
   28.049318641222651       0.26600902205621546     
   28.055858468371458       0.26663131905398574     
   28.062398295520261       0.26725334942043699     
   28.068938122669067       0.26787511253353880     
   28.075477949817870       0.26849660777152806     
   28.082017776966676       0.26911783451290949     
   28.088557604115479       0.26973879213645641     
   28.095097431264282       0.27035948002121124     
   28.101637258413088       0.27097989754648605     
   28.108177085561891       0.27160004409186322     
   28.114716912710698       0.27221991903719639     
   28.121256739859501       0.27283952176261050     
   28.127796567008307       0.27345885164850287     
   28.134336394157110       0.27407790807554355     
   28.140876221305916       0.27469669042467615     
   28.147416048454719       0.27531519807711835     
   28.153955875603526       0.27593343041436247     
   28.160495702752328       0.27655138681817620     
   28.167035529901135       0.27716906667060309     
   28.173575357049938       0.27778646935396334     
   28.180115184198744       0.27840359425085420     
   28.186655011347547       0.27902044074415083     
   28.193194838496353       0.27963700821700677     
   28.199734665645156       0.28025329605285448     
   28.206274492793963       0.28086930363540613     
   28.212814319942765       0.28148503034865408     
   28.219354147091568       0.28210047557687173     
   28.225893974240375       0.28271563870461386     
   28.232433801389178       0.28333051911671725     
   28.238973628537984       0.28394511619830148     
   28.245513455686787       0.28455942933476958     
   28.252053282835593       0.28517345791180831     
   28.258593109984396       0.28578720131538921     
   28.265132937133203       0.28640065893176875     
   28.271672764282005       0.28701383014748932     
   28.278212591430812       0.28762671434937981     
   28.284752418579615       0.28823931092455590     
   28.291292245728421       0.28885161926042102     
   28.297832072877224       0.28946363874466696     
   28.304371900026030       0.29007536876527412     
   28.310911727174833       0.29068680871051245     
   28.317451554323640       0.29129795796894209     
   28.323991381472442       0.29190881592941381     
   28.330531208621245       0.29251938198106953     
   28.337071035770052       0.29312965551334325     
   28.343610862918855       0.29373963591596153     
   28.350150690067661       0.29434932257894386     
   28.356690517216464       0.29495871489260361     
   28.363230344365270       0.29556781224754847     
   28.369770171514073       0.29617661403468110     
   28.376309998662880       0.29678511964519971     
   28.382849825811682       0.29739332847059863     
   28.389389652960489       0.29800123990266908     
   28.395929480109292       0.29860885333349962     
   28.402469307258098       0.29921616815547691     
   28.409009134406901       0.29982318376128597     
   28.415548961555707       0.30042989954391131     
   28.422088788704510       0.30103631489663712     
   28.428628615853317       0.30164242921304796     
   28.435168443002119       0.30224824188702965     
   28.441708270150926       0.30285375231276940     
   28.448248097299729       0.30345895988475685     
   28.454787924448532       0.30406386399778446     
   28.461327751597338       0.30466846404694808     
   28.467867578746141       0.30527275942764759     
   28.474407405894947       0.30587674953558769     
   28.480947233043750       0.30648043376677825     
   28.487487060192556       0.30708381151753505     
   28.494026887341359       0.30768688218448037     
   28.500566714490166       0.30828964516454349     
   28.507106541638969       0.30889209985496147     
   28.513646368787775       0.30949424565327960     
   28.520186195936578       0.31009608195735205     
   28.526726023085384       0.31069760816534253     
   28.533265850234187       0.31129882367572487     
   28.539805677382994       0.31189972788728354     
   28.546345504531796       0.31250032019911428     
   28.552885331680603       0.31310060001062479     
   28.559425158829406       0.31370056672153535     
   28.565964985978209       0.31430021973187916     
   28.572504813127015       0.31489955844200329     
   28.579044640275818       0.31549858225256894     
   28.585584467424624       0.31609729056455238     
   28.592124294573427       0.31669568277924520     
   28.598664121722233       0.31729375829825529     
   28.605203948871036       0.31789151652350706     
   28.611743776019843       0.31848895685724232     
   28.618283603168646       0.31908607870202071     
   28.624823430317452       0.31968288146072038     
   28.631363257466255       0.32027936453653860     
   28.637903084615061       0.32087552733299229     
   28.644442911763864       0.32147136925391862     
   28.650982738912671       0.32206688970347574     
   28.657522566061473       0.32266208808614316     
   28.664062393210280       0.32325696380672247     
   28.670602220359083       0.32385151627033804     
   28.677142047507889       0.32444574488243727     
   28.683681874656692       0.32503964904879168     
   28.690221701805495       0.32563322817549706     
   28.696761528954301       0.32622648166897422     
   28.703301356103104       0.32681940893596978     
   28.709841183251910       0.32741200938355636     
   28.716381010400713       0.32800428241913354     
   28.722920837549520       0.32859622745042832     
   28.729460664698323       0.32918784388549560     
   28.736000491847129       0.32977913113271901     
   28.742540318995932       0.33037008860081135     
   28.749080146144738       0.33096071569881502     
   28.755619973293541       0.33155101183610303     
   28.762159800442348       0.33214097642237916     
   28.768699627591150       0.33273060886767886     
   28.775239454739957       0.33331990858236971     
   28.781779281888760       0.33390887497715194     
   28.788319109037566       0.33449750746305923     
   28.794858936186369       0.33508580545145900     
   28.801398763335175       0.33567376835405338     
   28.807938590483978       0.33626139558287943     
   28.814478417632781       0.33684868655030992     
   28.821018244781587       0.33743564066905379     
   28.827558071930390       0.33802225735215707     
   28.834097899079197       0.33860853601300289     
   28.840637726228000       0.33919447606531278     
   28.847177553376806       0.33978007692314660     
   28.853717380525609       0.34036533800090346     
   28.860257207674415       0.34095025871332235     
   28.866797034823218       0.34153483847548244     
   28.873336861972025       0.34211907670280417     
   28.879876689120827       0.34270297281104911     
   28.886416516269634       0.34328652621632133     
   28.892956343418437       0.34386973633506723     
   28.899496170567243       0.34445260258407678     
   28.906035997716046       0.34503512438048378     
   28.912575824864852       0.34561730114176636     
   28.919115652013655       0.34619913228574772     
   28.925655479162458       0.34678061723059689     
   28.932195306311264       0.34736175539482883     
   28.938735133460067       0.34794254619730525     
   28.945274960608874       0.34852298905723544     
   28.951814787757677       0.34910308339417667     
   28.958354614906483       0.34968282862803451     
   28.964894442055286       0.35026222417906377     
   28.971434269204092       0.35084126946786881     
   28.977974096352895       0.35141996391540448     
   28.984513923501702       0.35199830694297612     
   28.991053750650504       0.35257629797224083     
   28.997593577799311       0.35315393642520754     
   29.004133404948114       0.35373122172423777     
   29.010673232096920       0.35430815329204640     
   29.017213059245723       0.35488473055170167     
   29.023752886394529       0.35546095292662627     
   29.030292713543332       0.35603681984059804     
   29.036832540692139       0.35661233071775000     
   29.043372367840941       0.35718748498257125     
   29.049912194989744       0.35776228205990745     
   29.056452022138551       0.35833672137496159     
   29.062991849287354       0.35891080235329437     
   29.069531676436160       0.35948452442082468     
   29.076071503584963       0.36005788700383068     
   29.082611330733769       0.36063088952894962     
   29.089151157882572       0.36120353142317912     
   29.095690985031379       0.36177581211387710     
   29.102230812180181       0.36234773102876300     
   29.108770639328988       0.36291928759591791     
   29.115310466477791       0.36349048124378525     
   29.121850293626597       0.36406131140117126     
   29.128390120775400       0.36463177749724585     
   29.134929947924206       0.36520187896154299     
   29.141469775073009       0.36577161522396112     
   29.148009602221816       0.36634098571476409     
   29.154549429370618       0.36690998986458123     
   29.161089256519421       0.36747862710440854     
   29.167629083668228       0.36804689686560876     
   29.174168910817031       0.36861479857991220     
   29.180708737965837       0.36918233167941700     
   29.187248565114640       0.36974949559659015     
   29.193788392263446       0.37031628976426773     
   29.200328219412249       0.37088271361565550     
   29.206868046561056       0.37144876658432974     
   29.213407873709858       0.37201444810423745     
   29.219947700858665       0.37257975760969697     
   29.226487528007468       0.37314469453539900     
   29.233027355156274       0.37370925831640639     
   29.239567182305077       0.37427344838815552     
   29.246107009453883       0.37483726418645630     
   29.252646836602686       0.37540070514749285     
   29.259186663751493       0.37596377070782416     
   29.265726490900295       0.37652646030438480     
   29.272266318049102       0.37708877337448515     
   29.278806145197905       0.37765070935581208     
   29.285345972346708       0.37821226768642963     
   29.291885799495514       0.37877344780477956     
   29.298425626644317       0.37933424914968161     
   29.304965453793123       0.37989467116033454     
   29.311505280941926       0.38045471327631630     
   29.318045108090732       0.38101437493758472     
   29.324584935239535       0.38157365558447831     
   29.331124762388342       0.38213255465771623     
   29.337664589537145       0.38269107159839943     
   29.344204416685951       0.38324920584801120     
   29.350744243834754       0.38380695684841692     
   29.357284070983560       0.38436432404186599     
   29.363823898132363       0.38492130687099096     
   29.370363725281170       0.38547790477880906     
   29.376903552429972       0.38603411720872249     
   29.383443379578779       0.38658994360451854     
   29.389983206727582       0.38714538341037114     
   29.396523033876385       0.38770043607084037     
   29.403062861025191       0.38825510103087341     
   29.409602688173994       0.38880937773580543     
   29.416142515322800       0.38936326563135970     
   29.422682342471603       0.38991676416364829     
   29.429222169620409       0.39046987277917278     
   29.435761996769212       0.39102259092482444     
   29.442301823918019       0.39157491804788513     
   29.448841651066822       0.39212685359602784     
   29.455381478215628       0.39267839701731688     
   29.461921305364431       0.39322954776020891     
   29.468461132513237       0.39378030527355323     
   29.475000959662040       0.39433066900659225     
   29.481540786810847       0.39488063840896220     
   29.488080613959649       0.39543021293069380     
   29.494620441108456       0.39597939202221244     
   29.501160268257259       0.39652817513433913     
   29.507700095406065       0.39707656171829053     
   29.514239922554868       0.39762455122568030     
   29.520779749703671       0.39817214310851884     
   29.527319576852477       0.39871933681921412     
   29.533859404001280       0.39926613181057274     
   29.540399231150086       0.39981252753579943     
   29.546939058298889       0.40035852344849865     
   29.553478885447696       0.40090411900267425     
   29.560018712596499       0.40144931365273095     
   29.566558539745305       0.40199410685347403     
   29.573098366894108       0.40253849806011022     
   29.579638194042914       0.40308248672824842     
   29.586178021191717       0.40362607231389985     
   29.592717848340524       0.40416925427347888     
   29.599257675489326       0.40471203206380368     
   29.605797502638133       0.40525440514209649     
   29.612337329786936       0.40579637296598414     
   29.618877156935742       0.40633793499349874     
   29.625416984084545       0.40687909068307837     
   29.631956811233348       0.40741983949356730     
   29.638496638382154       0.40796018088421676     
   29.645036465530957       0.40850011431468536     
   29.651576292679763       0.40903963924503955     
   29.658116119828566       0.40957875513575454     
   29.664655946977373       0.41011746144771427     
   29.671195774126176       0.41065575764221268     
   29.677735601274982       0.41119364318095325     
   29.684275428423785       0.41173111752605074     
   29.690815255572591       0.41226818014003075     
   29.697355082721394       0.41280483048583055     
   29.703894909870201       0.41334106802679987     
   29.710434737019003       0.41387689222670104     
   29.716974564167810       0.41441230254971012     
   29.723514391316613       0.41494729846041656     
   29.730054218465419       0.41548187942382458     
   29.736594045614222       0.41601604490535310     
   29.743133872763028       0.41654979437083678     
   29.749673699911831       0.41708312728652608     
   29.756213527060634       0.41761604311908801     
   29.762753354209440       0.41814854133560692     
   29.769293181358243       0.41868062140358453     
   29.775833008507050       0.41921228279094075     
   29.782372835655853       0.41974352496601425     
   29.788912662804659       0.42027434739756275     
   29.795452489953462       0.42080474955476388     
   29.801992317102268       0.42133473090721540     
   29.808532144251071       0.42186429092493616     
   29.815071971399878       0.42239342907836586     
   29.821611798548680       0.42292214483836660     
   29.828151625697487       0.42345043767622242     
   29.834691452846290       0.42397830706364059     
   29.841231279995096       0.42450575247275169     
   29.847771107143899       0.42503277337611034     
   29.854310934292705       0.42555936924669563     
   29.860850761441508       0.42608553955791167     
   29.867390588590315       0.42661128378358820     
   29.873930415739117       0.42713660139798088     
   29.880470242887920       0.42766149187577213     
   29.887010070036727       0.42818595469207149     
   29.893549897185530       0.42870998932241616     
   29.900089724334336       0.42923359524277144     
   29.906629551483139       0.42975677192953160     
   29.913169378631945       0.43027951885951982     
   29.919709205780748       0.43080183550998907     
   29.926249032929555       0.43132372135862290     
   29.932788860078357       0.43184517588353544     
   29.939328687227164       0.43236619856327208     
   29.945868514375967       0.43288678887681015     
   29.952408341524773       0.43340694630355941     
   29.958948168673576       0.43392667032336230     
   29.965487995822382       0.43444596041649486     
   29.972027822971185       0.43496481606366705     
   29.978567650119992       0.43548323674602302     
   29.985107477268794       0.43600122194514229     
   29.991647304417597       0.43651877114303961     
   29.998187131566404       0.43703588382216579     
   30.004726958715207       0.43755255946540822     
   30.011266785864013       0.43806879755609113     
   30.017806613012816       0.43858459757797652     
   30.024346440161622       0.43909995901526422     
   30.030886267310425       0.43961488135259297     
   30.037426094459232       0.44012936407504033     
   30.043965921608034       0.44064340666812374     
   30.050505748756841       0.44115700861780033     
   30.057045575905644       0.44167016941046833     
   30.063585403054450       0.44218288853296689     
   30.070125230203253       0.44269516547257687     
   30.076665057352059       0.44320699971702143     
   30.083204884500862       0.44371839075446623     
   30.089744711649669       0.44422933807352027     
   30.096284538798471       0.44473984116323623     
   30.102824365947278       0.44524989951311106     
   30.109364193096081       0.44575951261308633     
   30.115904020244884       0.44626867995354902     
   30.122443847393690       0.44677740102533176     
   30.128983674542493       0.44728567531971353     
   30.135523501691299       0.44779350232841997     
   30.142063328840102       0.44830088154362396     
   30.148603155988908       0.44880781245794654     
   30.155142983137711       0.44931429456445665     
   30.161682810286518       0.44982032735667216     
   30.168222637435321       0.45032591032856029     
   30.174762464584127       0.45083104297453819     
   30.181302291732930       0.45133572478947309     
   30.187842118881736       0.45183995526868320     
   30.194381946030539       0.45234373390793792     
   30.200921773179346       0.45284706020345877     
   30.207461600328148       0.45334993365191945     
   30.214001427476955       0.45385235375044652     
   30.220541254625758       0.45435431999661974     
   30.227081081774561       0.45485583188847301     
   30.233620908923367       0.45535688892449444     
   30.240160736072170       0.45585749060362690     
   30.246700563220976       0.45635763642526872     
   30.253240390369779       0.45685732588927419     
   30.259780217518585       0.45735655849595380     
   30.266320044667388       0.45785533374607490     
   30.272859871816195       0.45835365114086218     
   30.279399698964998       0.45885151018199843     
   30.285939526113804       0.45934891037162445     
   30.292479353262607       0.45984585121234012     
   30.299019180411413       0.46034233220720450     
   30.305559007560216       0.46083835285973673     
   30.312098834709023       0.46133391267391605     
   30.318638661857825       0.46182901115418262     
   30.325178489006632       0.46232364780543811     
   30.331718316155435       0.46281782213304573     
   30.338258143304241       0.46331153364283129     
   30.344797970453044       0.46380478184108315     
   30.351337797601847       0.46429756623455315     
   30.357877624750653       0.46478988633045698     
   30.364417451899456       0.46528174163647440     
   30.370957279048262       0.46577313166075029     
   30.377497106197065       0.46626405591189451     
   30.384036933345872       0.46675451389898270     
   30.390576760494675       0.46724450513155708     
   30.397116587643481       0.46773402911962636     
   30.403656414792284       0.46822308537366641     
   30.410196241941090       0.46871167340462122     
   30.416736069089893       0.46919979272390250     
   30.423275896238700       0.46968744284339109     
   30.429815723387502       0.47017462327543680     
   30.436355550536309       0.47066133353285933     
   30.442895377685112       0.47114757312894828     
   30.449435204833918       0.47163334157746406     
   30.455975031982721       0.47211863839263829     
   30.462514859131524       0.47260346308917406     
   30.469054686280330       0.47308781518224680     
   30.475594513429133       0.47357169418750439     
   30.482134340577939       0.47405509962106773     
   30.488674167726742       0.47453803099953140     
   30.495213994875549       0.47502048783996415     
   30.501753822024352       0.47550246965990900     
   30.508293649173158       0.47598397597738423     
   30.514833476321961       0.47646500631088357     
   30.521373303470767       0.47694556017937650     
   30.527913130619570       0.47742563710230923     
   30.534452957768377       0.47790523659960482     
   30.540992784917179       0.47838435819166386     
   30.547532612065986       0.47886300139936472     
   30.554072439214789       0.47934116574406410     
   30.560612266363595       0.47981885074759784     
   30.567152093512398       0.48029605593228070     
   30.573691920661204       0.48077278082090769     
   30.580231747810007       0.48124902493675381     
   30.586771574958810       0.48172478780357503     
   30.593311402107616       0.48220006894560852     
   30.599851229256419       0.48267486788757302     
   30.606391056405226       0.48314918415466962     
   30.612930883554029       0.48362301727258211     
   30.619470710702835       0.48409636676747730     
   30.626010537851638       0.48456923216600567     
   30.632550365000444       0.48504161299530191     
   30.639090192149247       0.48551350878298516     
   30.645630019298054       0.48598491905715963     
   30.652169846446856       0.48645584334641501     
   30.658709673595663       0.48692628117982711     
   30.665249500744466       0.48739623208695804     
   30.671789327893272       0.48786569559785681     
   30.678329155042075       0.48833467124306001     
   30.684868982190881       0.48880315855359202     
   30.691408809339684       0.48927115706096547     
   30.697948636488491       0.48973866629718177     
   30.704488463637293       0.49020568579473184     
   30.711028290786096       0.49067221508659609     
   30.717568117934903       0.49113825370624536     
   30.724107945083706       0.49160380118764080     
   30.730647772232512       0.49206885706523507     
   30.737187599381315       0.49253342087397228     
   30.743727426530121       0.49299749214928867     
   30.750267253678924       0.49346107042711296     
   30.756807080827731       0.49392415524386685     
   30.763346907976533       0.49438674613646555     
   30.769886735125340       0.49484884264231810     
   30.776426562274143       0.49531044429932791     
   30.782966389422949       0.49577155064589357     
   30.789506216571752       0.49623216122090846     
   30.796046043720558       0.49669227556376222     
   30.802585870869361       0.49715189321434039     
   30.809125698018168       0.49761101371302535     
   30.815665525166970       0.49806963660069670     
   30.822205352315773       0.49852776141873129     
   30.828745179464580       0.49898538770900447     
   30.835285006613383       0.49944251501388998     
   30.841824833762189       0.49989914287626042     
   30.848364660910992       0.50035527083948805     
   30.854904488059798       0.50081089844744475     
   30.861444315208601       0.50126602524450314     
   30.867984142357408       0.50172065077553618     
   30.874523969506210       0.50217477458591864     
   30.881063796655017       0.50262839622152633     
   30.887603623803820       0.50308151522873779     
   30.894143450952626       0.50353413115443413     
   30.900683278101429       0.50398624354599919     
   30.907223105250235       0.50443785195132074     
   30.913762932399038       0.50488895591879035     
   30.920302759547845       0.50533955499730410     
   30.926842586696647       0.50578964873626286     
   30.933382413845454       0.50623923668557280     
   30.939922240994257       0.50668831839564621     
   30.946462068143060       0.50713689341740109     
   30.953001895291866       0.50758496130226261     
   30.959541722440669       0.50803252160216283     
   30.966081549589475       0.50847957386954146     
   30.972621376738278       0.50892611765734619     
   30.979161203887084       0.50937215251903323     
   30.985701031035887       0.50981767800856781     
   30.992240858184694       0.51026269368042443     
   30.998780685333497       0.51070719908958728     
   31.005320512482303       0.51115119379155116     
   31.011860339631106       0.51159467734232111     
   31.018400166779912       0.51203764929841378     
   31.024939993928715       0.51248010921685727     
   31.031479821077522       0.51292205665519153     
   31.038019648226324       0.51336349117146918     
   31.044559475375131       0.51380441232425544     
   31.051099302523934       0.51424481967262958     
   31.057639129672737       0.51468471277618411     
   31.064178956821543       0.51512409119502578     
   31.070718783970346       0.51556295448977629     
   31.077258611119152       0.51600130222157226     
   31.083798438267955       0.51643913395206609     
   31.090338265416761       0.51687644924342591     
   31.096878092565564       0.51731324765833653     
   31.103417919714371       0.51774952875999958     
   31.109957746863174       0.51818529211213382     
   31.116497574011980       0.51862053727897595     
   31.123037401160783       0.51905526382528078     
   31.129577228309589       0.51948947131632184     
   31.136117055458392       0.51992315931789146     
   31.142656882607199       0.52035632739630178     
   31.149196709756001       0.52078897511838473     
   31.155736536904808       0.52122110205149264     
   31.162276364053611       0.52165270776349837     
   31.168816191202417       0.52208379182279641     
   31.175356018351220       0.52251435379830269     
   31.181895845500023       0.52294439325945508     
   31.188435672648829       0.52337390977621423     
   31.194975499797632       0.52380290291906362     
   31.201515326946438       0.52423137225901006     
   31.208055154095241       0.52465931736758420     
   31.214594981244048       0.52508673781684123     
   31.221134808392851       0.52551363317936017     
   31.227674635541657       0.52594000302824606     
   31.234214462690460       0.52636584693712896     
   31.240754289839266       0.52679116448016483     
   31.247294116988069       0.52721595523203635     
   31.253833944136876       0.52764021876795242     
   31.260373771285678       0.52806395466364986     
   31.266913598434485       0.52848716249539263     
   31.273453425583288       0.52890984183997281     
   31.279993252732094       0.52933199227471117     
   31.286533079880897       0.52975361337745719     
   31.293072907029700       0.53017470472658978     
   31.299612734178506       0.53059526590101769     
   31.306152561327309       0.53101529648017975     
   31.312692388476115       0.53143479604404520     
   31.319232215624918       0.53185376417311470     
   31.325772042773725       0.53227220044841994     
   31.332311869922528       0.53269010445152487     
   31.338851697071334       0.53310747576452522     
   31.345391524220137       0.53352431397004985     
   31.351931351368943       0.53394061865126041     
   31.358471178517746       0.53435638939185237     
   31.365011005666553       0.53477162577605497     
   31.371550832815355       0.53518632738863181     
   31.378090659964162       0.53560049381488128     
   31.384630487112965       0.53601412464063691     
   31.391170314261771       0.53642721945226779     
   31.397710141410574       0.53683977783667935     
   31.404249968559380       0.53725179938131307     
   31.410789795708183       0.53766328367414751     
   31.417329622856986       0.53807423030369805     
   31.423869450005792       0.53848463885901843     
   31.430409277154595       0.53889450892969992     
   31.436949104303402       0.53930384010587240     
   31.443488931452205       0.53971263197820474     
   31.450028758601011       0.54012088413790516     
   31.456568585749814       0.54052859617672144     
   31.463108412898620       0.54093576768694140     
   31.469648240047423       0.54134239826139385     
   31.476188067196230       0.54174848749344795     
   31.482727894345032       0.54215403497701453     
   31.489267721493839       0.54255904030654623     
   31.495807548642642       0.54296350307703756     
   31.502347375791448       0.54336742288402584     
   31.508887202940251       0.54377079932359118     
   31.515427030089057       0.54417363199235724     
   31.521966857237860       0.54457592048749126     
   31.528506684386663       0.54497766440670470     
   31.535046511535469       0.54537886334825370     
   31.541586338684272       0.54577951691093940     
   31.548126165833079       0.54617962469410819     
   31.554665992981882       0.54657918629765234     
   31.561205820130688       0.54697820132201014     
   31.567745647279491       0.54737666936816654     
   31.574285474428297       0.54777459003765372     
   31.580825301577100       0.54817196293255077     
   31.587365128725907       0.54856878765548500     
   31.593904955874709       0.54896506380963150     
   31.600444783023516       0.54936079099871415     
   31.606984610172319       0.54975596882700584     
   31.613524437321125       0.55015059689932866     
   31.620064264469928       0.55054467482105462     
   31.626604091618734       0.55093820219810574     
   31.633143918767537       0.55133117863695458     
   31.639683745916344       0.55172360374462481     
   31.646223573065146       0.55211547712869136     
   31.652763400213949       0.55250679839728067     
   31.659303227362756       0.55289756715907168     
   31.665843054511559       0.55328778302329551     
   31.672382881660365       0.55367744559973620     
   31.678922708809168       0.55406655449873143     
   31.685462535957974       0.55445510933117226     
   31.692002363106777       0.55484310970850359     
   31.698542190255584       0.55523055524272524     
   31.705082017404386       0.55561744554639170     
   31.711621844553193       0.55600378023261265     
   31.718161671701996       0.55638955891505337     
   31.724701498850802       0.55677478120793522     
   31.731241325999605       0.55715944672603579     
   31.737781153148411       0.55754355508468967     
   31.744320980297214       0.55792710589978856     
   31.750860807446021       0.55831009878778148     
   31.757400634594823       0.55869253336567559     
   31.763940461743630       0.55907440925103635     
   31.770480288892433       0.55945572606198790     
   31.777020116041236       0.55983648341721337     
   31.783559943190042       0.56021668093595534     
   31.790099770338845       0.56059631823801637     
   31.796639597487651       0.56097539494375925     
   31.803179424636454       0.56135391067410700     
   31.809719251785260       0.56173186505054418     
   31.816259078934063       0.56210925769511633     
   31.822798906082870       0.56248608823043067     
   31.829338733231673       0.56286235627965686     
   31.835878560380479       0.56323806146652677     
   31.842418387529282       0.56361320341533527     
   31.848958214678088       0.56398778175094022     
   31.855498041826891       0.56436179609876358     
   31.862037868975698       0.56473524608479075     
   31.868577696124500       0.56510813133557181     
   31.875117523273307       0.56548045147822157     
   31.881657350422110       0.56585220614041987     
   31.888197177570913       0.56622339495041196     
   31.894737004719719       0.56659401753700922     
   31.901276831868522       0.56696407352958889     
   31.907816659017328       0.56733356255809497     
   31.914356486166131       0.56770248425303849     
   31.920896313314937       0.56807083824549787     
   31.927436140463740       0.56843862416711888     
   31.933975967612547       0.56880584165011583     
   31.940515794761350       0.56917249032727113     
   31.947055621910156       0.56953856983193607     
   31.953595449058959       0.56990407979803126     
   31.960135276207765       0.57026901986004652     
   31.966675103356568       0.57063338965304189     
   31.973214930505375       0.57099718881264772     
   31.979754757654177       0.57136041697506468     
   31.986294584802984       0.57172307377706455     
   31.992834411951787       0.57208515885599076     
   31.999374239100593       0.57244667184975795     
   32.005914066249396       0.57280761239685341     
   32.012453893398202       0.57316798013633641     
   32.018993720547002       0.57352777470783922     
   32.025533547695808       0.57388699575156743     
   32.032073374844614       0.57424564290829994     
   32.038613201993421       0.57460371581938940     
   32.045153029142220       0.57496121412676315     
   32.051692856291027       0.57531813747292271     
   32.058232683439833       0.57567448550094480     
   32.064772510588639       0.57603025785448136     
   32.071312337737439       0.57638545417776021     
   32.077852164886245       0.57674007411558481     
   32.084391992035052       0.57709411731333526     
   32.090931819183858       0.57744758341696834     
   32.097471646332657       0.57780047207301799     
   32.104011473481464       0.57815278292859562     
   32.110551300630270       0.57850451563139016     
   32.117091127779076       0.57885566982966918     
   32.123630954927876       0.57920624517227837     
   32.130170782076682       0.57955624130864236     
   32.136710609225489       0.57990565788876514     
   32.143250436374288       0.58025449456322997     
   32.149790263523094       0.58060275098320013     
   32.156330090671901       0.58095042680041942     
   32.162869917820707       0.58129752166721194     
   32.169409744969506       0.58164403523648278     
   32.175949572118313       0.58198996716171836     
   32.182489399267119       0.58233531709698672     
   32.189029226415926       0.58268008469693799     
   32.195569053564725       0.58302426961680442     
   32.202108880713531       0.58336787151240133     
   32.208648707862338       0.58371089004012677     
   32.215188535011144       0.58405332485696215     
   32.221728362159944       0.58439517562047283     
   32.228268189308750       0.58473644198880770     
   32.234808016457556       0.58507712362070052     
   32.241347843606356       0.58541722017546982     
   32.247887670755162       0.58575673131301897     
   32.254427497903968       0.58609565669383679     
   32.260967325052775       0.58643399597899781     
   32.267507152201574       0.58677174883016292     
   32.274046979350381       0.58710891490957928     
   32.280586806499187       0.58744549388008072     
   32.287126633647993       0.58778148540508823     
   32.293666460796793       0.58811688914861038     
   32.300206287945599       0.58845170477524344     
   32.306746115094406       0.58878593195017159     
   32.313285942243212       0.58911957033916773     
   32.319825769392011       0.58945261960859363     
   32.326365596540818       0.58978507942540004     
   32.332905423689624       0.59011694945712689     
   32.339445250838430       0.59044822937190422     
   32.345985077987230       0.59077891883845224     
   32.352524905136036       0.59110901752608125     
   32.359064732284843       0.59143852510469286     
   32.365604559433642       0.59176744124477942     
   32.372144386582448       0.59209576561742472     
   32.378684213731255       0.59242349789430437     
   32.385224040880061       0.59275063774768622     
   32.391763868028860       0.59307718485043026     
   32.398303695177667       0.59340313887598950     
   32.404843522326473       0.59372849949840989     
   32.411383349475280       0.59405326639233069     
   32.417923176624079       0.59437743923298514     
   32.424463003772885       0.59470101769620032     
   32.431002830921692       0.59502400145839784     
   32.437542658070498       0.59534639019659386     
   32.444082485219297       0.59566818358839968     
   32.450622312368104       0.59598938131202195     
   32.457162139516910       0.59630998304626293     
   32.463701966665717       0.59662998847052084     
   32.470241793814516       0.59694939726479024     
   32.476781620963322       0.59726820910966250     
   32.483321448112129       0.59758642368632553     
   32.489861275260928       0.59790404067656489     
   32.496401102409735       0.59822105976276363     
   32.502940929558541       0.59853748062790257     
   32.509480756707347       0.59885330295556083     
   32.516020583856147       0.59916852642991625     
   32.522560411004953       0.59948315073574510     
   32.529100238153760       0.59979717555842327     
   32.535640065302566       0.60011060058392585     
   32.542179892451365       0.60042342549882788     
   32.548719719600172       0.60073564999030438     
   32.555259546748978       0.60104727374613098     
   32.561799373897784       0.60135829645468364     
   32.568339201046584       0.60166871780493991     
   32.574879028195390       0.60197853748647845     
   32.581418855344197       0.60228775518947941     
   32.587958682493003       0.60259637060472526     
   32.594498509641802       0.60290438342360042     
   32.601038336790609       0.60321179333809227     
   32.607578163939415       0.60351860004079072     
   32.614117991088214       0.60382480322488918     
   32.620657818237021       0.60413040258418438     
   32.627197645385827       0.60443539781307698     
   32.633737472534634       0.60473978860657185     
   32.640277299683433       0.60504357466027803     
   32.646817126832239       0.60534675567040963     
   32.653356953981046       0.60564933133378551     
   32.659896781129852       0.60595130134783004     
   32.666436608278651       0.60625266541057321     
   32.672976435427458       0.60655342322065098     
   32.679516262576264       0.60685357447730548     
   32.686056089725071       0.60715311888038559     
   32.692595916873870       0.60745205613034681     
   32.699135744022676       0.60775038592825170     
   32.705675571171483       0.60804810797577080     
   32.712215398320289       0.60834522197518193     
   32.718755225469089       0.60864172762937097     
   32.725295052617895       0.60893762464183254     
   32.731834879766701       0.60923291271666935     
   32.738374706915501       0.60952759155859348     
   32.744914534064307       0.60982166087292600     
   32.751454361213113       0.61011512036559779     
   32.757994188361920       0.61040796974314904     
   32.764534015510719       0.61070020871273067     
   32.771073842659526       0.61099183698210358     
   32.777613669808332       0.61128285425963957     
   32.784153496957138       0.61157326025432113     
   32.790693324105938       0.61186305467574265     
   32.797233151254744       0.61215223723410939     
   32.803772978403551       0.61244080764023889     
   32.810312805552357       0.61272876560556078     
   32.816852632701156       0.61301611084211705     
   32.823392459849963       0.61330284306256244     
   32.829932286998769       0.61358896198016488     
   32.836472114147568       0.61387446730880535     
   32.843011941296375       0.61415935876297845     
   32.849551768445181       0.61444363605779273     
   32.856091595593988       0.61472729890897093     
   32.862631422742787       0.61501034703285029     
   32.869171249891593       0.61529278014638278     
   32.875711077040400       0.61557459796713498     
   32.882250904189206       0.61585580021328923     
   32.888790731338005       0.61613638660364323     
   32.895330558486812       0.61641635685761065     
   32.901870385635618       0.61669571069522122     
   32.908410212784425       0.61697444783712108     
   32.914950039933224       0.61725256800457318     
   32.921489867082030       0.61753007091945711     
   32.928029694230837       0.61780695630427040     
   32.934569521379643       0.61808322388212722     
   32.941109348528443       0.61835887337676021     
   32.947649175677249       0.61863390451251976     
   32.954189002826055       0.61890831701437476     
   32.960728829974855       0.61918211060791284     
   32.967268657123661       0.61945528501934022     
   32.973808484272467       0.61972783997548275     
   32.980348311421274       0.61999977520378524     
   32.986888138570073       0.62027109043231243     
   32.993427965718880       0.62054178538974936     
   32.999967792867686       0.62081185980540077     
   33.006507620016492       0.62108131340919248     
   33.013047447165292       0.62135014593167071     
   33.019587274314098       0.62161835710400304     
   33.026127101462905       0.62188594665797814     
   33.032666928611711       0.62215291432600672     
   33.039206755760510       0.62241925984112101     
   33.045746582909317       0.62268498293697538     
   33.052286410058123       0.62295008334784685     
   33.058826237206929       0.62321456080863502     
   33.065366064355729       0.62347841505486246     
   33.071905891504535       0.62374164582267477     
   33.078445718653342       0.62400425284884131     
   33.084985545802141       0.62426623587075492     
   33.091525372950947       0.62452759462643259     
   33.098065200099754       0.62478832885451574     
   33.104605027248560       0.62504843829427004     
   33.111144854397359       0.62530792268558599     
   33.117684681546166       0.62556678176897917     
   33.124224508694972       0.62582501528559065     
   33.130764335843779       0.62608262297718686     
   33.137304162992578       0.62633960458616000     
   33.143843990141384       0.62659595985552863     
   33.150383817290191       0.62685168852893736     
   33.156923644438997       0.62710679035065764     
   33.163463471587797       0.62736126506558743     
   33.170003298736603       0.62761511241925216     
   33.176543125885409       0.62786833215780458     
   33.183082953034216       0.62812092402802477     
   33.189622780183015       0.62837288777732092     
   33.196162607331821       0.62862422315372934     
   33.202702434480628       0.62887492990591454     
   33.209242261629427       0.62912500778316993     
   33.215782088778234       0.62937445653541757     
   33.222321915927040       0.62962327591320866     
   33.228861743075846       0.62987146566772378     
   33.235401570224646       0.63011902555077326     
   33.241941397373452       0.63036595531479722     
   33.248481224522259       0.63061225471286586     
   33.255021051671065       0.63085792349867975     
   33.261560878819864       0.63110296142657007     
   33.268100705968671       0.63134736825149906     
   33.274640533117477       0.63159114372905967     
   33.281180360266283       0.63183428761547666     
   33.287720187415083       0.63207679966760599     
   33.294260014563889       0.63231867964293553     
   33.300799841712696       0.63255992729958566     
   33.307339668861495       0.63280054239630834     
   33.313879496010301       0.63304052469248862     
   33.320419323159108       0.63327987394814433     
   33.326959150307914       0.63351858992392596     
   33.333498977456713       0.63375667238111777     
   33.340038804605520       0.63399412108163711     
   33.346578631754326       0.63423093578803547     
   33.353118458903133       0.63446711626349805     
   33.359658286051932       0.63470266227184435     
   33.366198113200738       0.63493757357752834     
   33.372737940349545       0.63517184994563880     
   33.379277767498351       0.63540549114189926     
   33.385817594647150       0.63563849693266872     
   33.392357421795957       0.63587086708494123     
   33.398897248944763       0.63610260136634655     
   33.405437076093570       0.63633369954515051     
   33.411976903242369       0.63656416139025496     
   33.418516730391175       0.63679398667119802     
   33.425056557539982       0.63702317515815432     
   33.431596384688781       0.63725172662193552     
   33.438136211837588       0.63747964083399000     
   33.444676038986394       0.63770691756640374     
   33.451215866135200       0.63793355659189976     
   33.457755693284000       0.63815955768383936     
   33.464295520432806       0.63838492061622110     
   33.470835347581612       0.63860964516368235     
   33.477375174730419       0.63883373110149844     
   33.483915001879218       0.63905717820558339     
   33.490454829028025       0.63927998625249016     
   33.496994656176831       0.63950215501941066     
   33.503534483325637       0.63972368428417614     
   33.510074310474437       0.63994457382525727     
   33.516614137623243       0.64016482342176451     
   33.523153964772050       0.64038443285344848     
   33.529693791920856       0.64060340190069942     
   33.536233619069655       0.64082173034454859     
   33.542773446218462       0.64103941796666730     
   33.549313273367268       0.64125646454936813     
   33.555853100516067       0.64147286987560437     
   33.562392927664874       0.64168863372897067     
   33.568932754813680       0.64190375589370319     
   33.575472581962487       0.64211823615468000     
   33.582012409111286       0.64233207429742056     
   33.588552236260092       0.64254527010808682     
   33.595092063408899       0.64275782337348286     
   33.601631890557705       0.64296973388105561     
   33.608171717706504       0.64318100141889456     
   33.614711544855311       0.64339162577573206     
   33.621251372004117       0.64360160674094380     
   33.627791199152924       0.64381094410454875     
   33.634331026301723       0.64401963765720960     
   33.640870853450529       0.64422768719023282     
   33.647410680599336       0.64443509249556874     
   33.653950507748142       0.64464185336581226     
   33.660490334896942       0.64484796959420243     
   33.667030162045748       0.64505344097462303     
   33.673569989194554       0.64525826730160263     
   33.680109816343354       0.64546244837031497     
   33.686649643492160       0.64566598397657893     
   33.693189470640966       0.64586887391685888     
   33.699729297789773       0.64607111798826500     
   33.706269124938572       0.64627271598855307     
   33.712808952087379       0.64647366771612513     
   33.719348779236185       0.64667397297002949     
   33.725888606384991       0.64687363154996091     
   33.732428433533791       0.64707264325626068     
   33.738968260682597       0.64727100788991732     
   33.745508087831404       0.64746872525256605     
   33.752047914980210       0.64766579514648948     
   33.758587742129009       0.64786221737461769     
   33.765127569277816       0.64805799174052869     
   33.771667396426622       0.64825311804844776     
   33.778207223575428       0.64844759610324887     
   33.784747050724228       0.64864142571045391     
   33.791286877873034       0.64883460667623316     
   33.797826705021841       0.64902713880740581     
   33.804366532170640       0.64921902191143965     
   33.810906359319446       0.64941025579645151     
   33.817446186468253       0.64960084027120757     
   33.823986013617059       0.64979077514512329     
   33.830525840765858       0.64998006022826393     
   33.837065667914665       0.65016869533134436     
   33.843605495063471       0.65035668026572935     
   33.850145322212278       0.65054401484343416     
   33.856685149361077       0.65073069887712409     
   33.863224976509883       0.65091673218011525     
   33.869764803658690       0.65110211456637412     
   33.876304630807496       0.65128684585051855     
   33.882844457956296       0.65147092584781707     
   33.889384285105102       0.65165435437418973     
   33.895924112253908       0.65183713124620801     
   33.902463939402708       0.65201925628109514     
   33.909003766551514       0.65220072929672590     
   33.915543593700320       0.65238155011162735     
   33.922083420849127       0.65256171854497880     
   33.928623247997926       0.65274123441661169     
   33.935163075146733       0.65292009754701008     
   33.941702902295539       0.65309830775731104     
   33.948242729444345       0.65327586486930422     
   33.954782556593145       0.65345276870543245     
   33.961322383741951       0.65362901908879201     
   33.967862210890758       0.65380461584313243     
   33.974402038039564       0.65397955879285707     
   33.980941865188363       0.65415384776302288     
   33.987481692337170       0.65432748257934104     
   33.994021519485976       0.65450046306817655     
   34.000561346634782       0.65467278905654913     
   34.007101173783582       0.65484446037213251     
   34.013641000932388       0.65501547684325567     
   34.020180828081195       0.65518583829890187     
   34.026720655229994       0.65535554456870981     
   34.033260482378800       0.65552459548297315     
   34.039800309527607       0.65569299087264099     
   34.046340136676413       0.65586073056931793     
   34.052879963825212       0.65602781440526436     
   34.059419790974019       0.65619424221339628     
   34.065959618122825       0.65636001382728615     
   34.072499445271632       0.65652512908116223     
   34.079039272420431       0.65668958780990916     
   34.085579099569237       0.65685338984906827     
   34.092118926718044       0.65701653503483759     
   34.098658753866850       0.65717902320407195     
   34.105198581015649       0.65734085419428301     
   34.111738408164456       0.65750202784363998     
   34.118278235313262       0.65766254399096913     
   34.124818062462069       0.65782240247575419     
   34.131357889610868       0.65798160313813692     
   34.137897716759674       0.65814014581891633     
   34.144437543908481       0.65829803035955003     
   34.150977371057280       0.65845525660215354     
   34.157517198206087       0.65861182438950028     
   34.164057025354893       0.65876773356502261     
   34.170596852503699       0.65892298397281146     
   34.177136679652499       0.65907757545761647     
   34.183676506801305       0.65923150786484586     
   34.190216333950112       0.65938478104056741     
   34.196756161098918       0.65953739483150786     
   34.203295988247717       0.65968934908505361     
   34.209835815396524       0.65984064364925010     
   34.216375642545330       0.65999127837280314     
   34.222915469694136       0.66014125310507754     
   34.229455296842936       0.66029056769609895     
   34.235995123991742       0.66043922199655269     
   34.242534951140549       0.66058721585778424     
   34.249074778289355       0.66073454913180008     
   34.255614605438154       0.66088122167126673     
   34.262154432586961       0.66102723332951174     
   34.268694259735767       0.66117258396052336     
   34.275234086884566       0.66131727341895108     
   34.281773914033373       0.66146130156010530     
   34.288313741182179       0.66160466823995812     
   34.294853568330986       0.66174737331514255     
   34.301393395479785       0.66188941664295387     
   34.307933222628591       0.66203079808134846     
   34.314473049777398       0.66217151748894487     
   34.321012876926204       0.66231157472502389     
   34.327552704075003       0.66245096964952821     
   34.334092531223810       0.66258970212306278     
   34.340632358372616       0.66272777200689537     
   34.347172185521423       0.66286517916295584     
   34.353712012670222       0.66300192345383713     
   34.360251839819028       0.66313800474279505     
   34.366791666967835       0.66327342289374824     
   34.373331494116634       0.66340817777127847     
   34.379871321265441       0.66354226924063087     
   34.386411148414247       0.66367569716771424     
   34.392950975563053       0.66380846141910022     
   34.399490802711853       0.66394056186202488     
   34.406030629860659       0.66407199836438768     
   34.412570457009465       0.66420277079475210     
   34.419110284158272       0.66433287902234572     
   34.425650111307071       0.66446232291706042     
   34.432189938455878       0.66459110234945218     
   34.438729765604684       0.66471921719074156     
   34.445269592753490       0.66484666731281372     
   34.451809419902290       0.66497345258821861     
   34.458349247051096       0.66509957289017085     
   34.464889074199903       0.66522502809255035     
   34.471428901348709       0.66534981806990168     
   34.477968728497508       0.66547394269743498     
   34.484508555646315       0.66559740185102556     
   34.491048382795121       0.66572019540721428     
   34.497588209943920       0.66584232324320758     
   34.504128037092727       0.66596378523687771     
   34.510667864241533       0.66608458126676262     
   34.517207691390340       0.66620471121206615     
   34.523747518539139       0.66632417495265839     
   34.530287345687945       0.66644297236907579     
   34.536827172836752       0.66656110334252083     
   34.543366999985558       0.66667856775486256     
   34.549906827134357       0.66679536548863649     
   34.556446654283164       0.66691149642704495     
   34.562986481431970       0.66702696045395693     
   34.569526308580777       0.66714175745390847     
   34.576066135729576       0.66725588731210261     
   34.582605962878382       0.66736934991440933     
   34.589145790027189       0.66748214514736615     
   34.595685617175995       0.66759427289817785     
   34.602225444324795       0.66770573305471670     
   34.608765271473601       0.66781652550552251     
   34.615305098622407       0.66792665013980268     
   34.621844925771207       0.66803610684743275     
   34.628384752920013       0.66814489551895606     
   34.634924580068819       0.66825301604558385     
   34.641464407217626       0.66836046831919560     
   34.648004234366425       0.66846725223233905     
   34.654544061515232       0.66857336767823028     
   34.661083888664038       0.66867881455075384     
   34.667623715812844       0.66878359274446275     
   34.674163542961644       0.66888770215457904     
   34.680703370110450       0.66899114267699311     
   34.687243197259257       0.66909391420826436     
   34.693783024408063       0.66919601664562156     
   34.700322851556862       0.66929744988696205     
   34.706862678705669       0.66939821383085274     
   34.713402505854475       0.66949830837652946     
   34.719942333003281       0.66959773342389783     
   34.726482160152081       0.66969648887353284     
   34.733021987300887       0.66979457462667880     
   34.739561814449694       0.66989199058525040     
   34.746101641598493       0.66998873665183123     
   34.752641468747299       0.67008481272967546     
   34.759181295896106       0.67018021872270694     
   34.765721123044912       0.67027495453551977     
   34.772260950193711       0.67036902007337806     
   34.778800777342518       0.67046241524221639     
   34.785340604491324       0.67055513994863936     
   34.791880431640131       0.67064719409992235     
   34.798420258788930       0.67073857760401123     
   34.804960085937736       0.67082929036952255     
   34.811499913086543       0.67091933230574363     
   34.818039740235349       0.67100870332263240     
   34.824579567384149       0.67109740333081780     
   34.831119394532955       0.67118543224159988     
   34.837659221681761       0.67127278996694961     
   34.844199048830568       0.67135947641950944     
   34.850738875979367       0.67144549151259281     
   34.857278703128173       0.67153083516018464     
   34.863818530276980       0.67161550727694130     
   34.870358357425779       0.67169950777819065     
   34.876898184574586       0.67178283657993221     
   34.883438011723392       0.67186549359883718     
   34.889977838872198       0.67194747875224869     
   34.896517666020998       0.67202879195818144     
   34.903057493169804       0.67210943313532212     
   34.909597320318611       0.67218940220302970     
   34.916137147467417       0.67226869908133513     
   34.922676974616216       0.67234732369094141     
   34.929216801765023       0.67242527595322399     
   34.935756628913829       0.67250255579023066     
   34.942296456062635       0.67257916312468147     
   34.948836283211435       0.67265509787996924     
   34.955376110360241       0.67273035998015907     
   34.961915937509048       0.67280494934998891     
   34.968455764657847       0.67287886591486945     
   34.974995591806653       0.67295210960088403     
   34.981535418955460       0.67302468033478902     
   34.988075246104266       0.67309657804401357     
   34.994615073253065       0.67316780265666010     
   35.001154900401872       0.67323835410150401     
   35.007694727550678       0.67330823230799386     
   35.014234554699485       0.67337743720625132     
   35.020774381848284       0.67344596872707163     
   35.027314208997090       0.67351382680192329     
   35.033854036145897       0.67358101136294801     
   35.040393863294703       0.67364752234296144     
   35.046933690443502       0.67371335967545232     
   35.053473517592309       0.67377852329458376     
   35.060013344741115       0.67384301313519179     
   35.066553171889922       0.67390682913278677     
   35.073092999038721       0.67396997122355251     
   35.079632826187527       0.67403243934434698     
   35.086172653336334       0.67409423343270225     
   35.092712480485133       0.67415535342682398     
   35.099252307633940       0.67421579926559227     
   35.105792134782746       0.67427557088856138     
   35.112331961931552       0.67433466823595944     
   35.118871789080352       0.67439309124868940     
   35.125411616229158       0.67445083986832799     
   35.131951443377964       0.67450791403712673     
   35.138491270526771       0.67456431369801140     
   35.145031097675570       0.67462003879458254     
   35.151570924824377       0.67467508927111464     
   35.158110751973183       0.67472946507255760     
   35.164650579121989       0.67478316614453548     
   35.171190406270789       0.67483619243334725     
   35.177730233419595       0.67488854388596642     
   35.184270060568402       0.67494022045004176     
   35.190809887717208       0.67499122207389672     
   35.197349714866007       0.67504154870652966     
   35.203889542014814       0.67509120029761394     
   35.210429369163620       0.67514017679749783     
   35.216969196312419       0.67518847815720506     
   35.223509023461226       0.67523610432843395     
   35.230048850610032       0.67528305526355870     
   35.236588677758839       0.67532933091562808     
   35.243128504907638       0.67537493123836667     
   35.249668332056444       0.67541985618617384     
   35.256208159205251       0.67546410571412485     
   35.262747986354057       0.67550767977797022     
   35.269287813502856       0.67555057833413579     
   35.275827640651663       0.67559280133972299     
   35.282367467800469       0.67563434875250894     
   35.288907294949276       0.67567522053094597     
   35.295447122098075       0.67571541663416268     
   35.301986949246881       0.67575493702196254     
   35.308526776395688       0.67579378165482562     
   35.315066603544494       0.67583195049390687     
   35.321606430693294       0.67586944350103761     
   35.328146257842100       0.67590626063872494     
   35.334686084990906       0.67594240187015153     
   35.341225912139706       0.67597786715917629     
   35.347765739288512       0.67601265647033393     
   35.354305566437318       0.67604676976883493     
   35.360845393586125       0.67608020702056637     
   35.367385220734924       0.67611296819209066     
   35.373925047883731       0.67614505325064678     
   35.380464875032537       0.67617646216414962     
   35.387004702181343       0.67620719490119030     
   35.393544529330143       0.67623725143103608     
   35.400084356478949       0.67626663172363044     
   35.406624183627756       0.67629533574959300     
   35.413164010776562       0.67632336348021982     
   35.419703837925361       0.67635071488748322     
   35.426243665074168       0.67637738994403174     
   35.432783492222974       0.67640338862319016     
   35.439323319371780       0.67642871089896017     
   35.445863146520580       0.67645335674601914     
   35.452402973669386       0.67647732613972134     
   35.458942800818193       0.67650061905609749     
   35.465482627966992       0.67652323547185467     
   35.472022455115798       0.67654517536437619     
   35.478562282264605       0.67656643871172228     
   35.485102109413411       0.67658702549262983     
   35.491641936562210       0.67660693568651187     
   35.498181763711017       0.67662616927345820     
   35.504721590859823       0.67664472623423522     
   35.511261418008630       0.67666260655028598     
   35.517801245157429       0.67667981020373025     
   35.524341072306235       0.67669633717736433     
   35.530880899455042       0.67671218745466133     
   35.537420726603848       0.67672736101977071     
   35.543960553752648       0.67674185785751917     
   35.550500380901454       0.67675567795340985     
   35.557040208050260       0.67676882129362259     
   35.563580035199060       0.67678128786501390     
   35.570119862347866       0.67679307765511754     
   35.576659689496672       0.67680419065214337     
   35.583199516645479       0.67681462684497851     
   35.589739343794278       0.67682438622318697     
   35.596279170943085       0.67683346877700901     
   35.602818998091891       0.67684187449736244     
   35.609358825240697       0.67684960337584132     
   35.615898652389497       0.67685665540471673     
   35.622438479538303       0.67686303057693686     
   35.628978306687110       0.67686872888612626     
   35.635518133835916       0.67687375032658692     
   35.642057960984715       0.67687809489329709     
   35.648597788133522       0.67688176258191246     
   35.655137615282328       0.67688475338876530     
   35.661677442431134       0.67688706731086468     
   35.668217269579934       0.67688870434589687     
   35.674757096728740       0.67688966449222465     
   35.681296923877547       0.67688994774888778     
   35.687836751026346       0.67688955411560336     
   35.694376578175152       0.67688848359276477     
   35.700916405323959       0.67688673618144257     
   35.707456232472765       0.67688431188338416     
   35.713996059621564       0.67688121070101381     
   35.720535886770371       0.67687743263743283     
   35.727075713919177       0.67687297769641908     
   35.733615541067984       0.67686784588242777     
   35.740155368216783       0.67686203720059046     
   35.746695195365589       0.67685555165671607     
   35.753235022514396       0.67684838925728996     
   35.759774849663202       0.67684055000947452     
   35.766314676812001       0.67683203392110913     
   35.772854503960808       0.67682284100070988     
   35.779394331109614       0.67681297125746964     
   35.785934158258421       0.67680242470125807     
   35.792473985407220       0.67679120134262183     
   35.799013812556026       0.67677930119278418     
   35.805553639704833       0.67676672426364537     
   35.812093466853632       0.67675347056778223     
   35.818633294002439       0.67673954011844861     
   35.825173121151245       0.67672493292957481     
   35.831712948300051       0.67670964901576813     
   35.838252775448851       0.67669368839231236     
   35.844792602597657       0.67667705107516829     
   35.851332429746464       0.67665973708097304     
   35.857872256895270       0.67664174642704078     
   35.864412084044069       0.67662307913136199     
   35.870951911192876       0.67660373521260420     
   35.877491738341682       0.67658371469011114     
   35.884031565490488       0.67656301758390347     
   35.890571392639288       0.67654164391467819     
   35.897111219788094       0.67651959370380899     
   35.903651046936901       0.67649686697334610     
   35.910190874085707       0.67647346374601613     
   35.916730701234506       0.67644938404522259     
   35.923270528383313       0.67642462789504498     
   35.929810355532119       0.67639919532023929     
   35.936350182680918       0.67637308634623838     
   35.942890009829725       0.67634630099915116     
   35.949429836978531       0.67631883930576286     
   35.955969664127338       0.67629070129353530     
   35.962509491276137       0.67626188699060641     
   35.969049318424943       0.67623239642579047     
   35.975589145573750       0.67620222962857812     
   35.982128972722556       0.67617138662913612     
   35.988668799871355       0.67613986745830756     
   35.995208627020162       0.67610767214761147     
   36.001748454168968       0.67607480072924320     
   36.008288281317775       0.67604125323607422     
   36.014828108466574       0.67600702970165205     
   36.021367935615380       0.67597213016020019     
   36.027907762764187       0.67593655464661817     
   36.034447589912986       0.67590030319648153     
   36.040987417061793       0.67586337584604161     
   36.047527244210599       0.67582577263222587     
   36.054067071359405       0.67578749359263746     
   36.060606898508205       0.67574853876555541     
   36.067146725657011       0.67570890818993468     
   36.073686552805817       0.67566860190540567     
   36.080226379954624       0.67562761995227472     
   36.086766207103423       0.67558596237152391     
   36.093306034252230       0.67554362920481070     
   36.099845861401036       0.67550062049446824     
   36.106385688549842       0.67545693628350534     
   36.112925515698642       0.67541257661560616     
   36.119465342847448       0.67536754153513034     
   36.126005169996255       0.67532183108711308     
   36.132544997145061       0.67527544531726458     
   36.139084824293860       0.67522838427197085     
   36.145624651442667       0.67518064799829292     
   36.152164478591473       0.67513223654396692     
   36.158704305740272       0.67508314995740437     
   36.165244132889079       0.67503338828769188     
   36.171783960037885       0.67498295158459121     
   36.178323787186692       0.67493183989853878     
   36.184863614335491       0.67488005328064660     
   36.191403441484297       0.67482759178270102     
   36.197943268633104       0.67477445545716375     
   36.204483095781910       0.67472064435717094     
   36.211022922930709       0.67466615853653378     
   36.217562750079516       0.67461099804973801     
   36.224102577228322       0.67455516295194418     
   36.230642404377129       0.67449865329898750     
   36.237182231525928       0.67444146914737746     
   36.243722058674734       0.67438361055429830     
   36.250261885823541       0.67432507757760851     
   36.256801712972347       0.67426587027584128     
   36.263341540121147       0.67420598870820370     
   36.269881367269953       0.67414543293457729     
   36.276421194418759       0.67408420301551808     
   36.282961021567559       0.67402229901225585     
   36.289500848716365       0.67395972098669454     
   36.296040675865171       0.67389646900141220     
   36.302580503013978       0.67383254311966101     
   36.309120330162777       0.67376794340536650     
   36.315660157311584       0.67370266992312866     
   36.322199984460390       0.67363672273822095     
   36.328739811609196       0.67357010191659050     
   36.335279638757996       0.67350280752485825     
   36.341819465906802       0.67343483963031836     
   36.348359293055609       0.67336619830093891     
   36.354899120204415       0.67329688360536122     
   36.361438947353214       0.67322689561289983     
   36.367978774502021       0.67315623439354288     
   36.374518601650827       0.67308490001795140     
   36.381058428799633       0.67301289255746000     
   36.387598255948433       0.67294021208407606     
   36.394138083097239       0.67286685867048013     
   36.400677910246046       0.67279283239002541     
   36.407217737394845       0.67271813331673835     
   36.413757564543651       0.67264276152531788     
   36.420297391692458       0.67256671709113591     
   36.426837218841264       0.67249000009023685     
   36.433377045990063       0.67241261059933766     
   36.439916873138870       0.67233454869582787     
   36.446456700287676       0.67225581445776927     
   36.452996527436483       0.67217640796389622     
   36.459536354585282       0.67209632929361540     
   36.466076181734088       0.67201557852700511     
   36.472616008882895       0.67193415574481641     
   36.479155836031701       0.67185206102847195     
   36.485695663180501       0.67176929446006639     
   36.492235490329307       0.67168585612236642     
   36.498775317478113       0.67160174609881029     
   36.505315144626920       0.67151696447350806     
   36.511854971775719       0.67143151133124135     
   36.518394798924525       0.67134538675746336     
   36.524934626073332       0.67125859083829842     
   36.531474453222131       0.67117112366054277     
   36.538014280370938       0.67108298531166344     
   36.544554107519744       0.67099417587979882     
   36.551093934668550       0.67090469545375830     
   36.557633761817350       0.67081454412302233     
   36.564173588966156       0.67072372197774233     
   36.570713416114963       0.67063222910874032     
   36.577253243263769       0.67054006560750923     
   36.583793070412568       0.67044723156621244     
   36.590332897561375       0.67035372707768415     
   36.596872724710181       0.67025955223542877     
   36.603412551858987       0.67016470713362108     
   36.609952379007787       0.67006919186710634     
   36.616492206156593       0.66997300653139957     
   36.623032033305400       0.66987615122268640     
   36.629571860454199       0.66977862603782201     
   36.636111687603005       0.66968043107433162     
   36.642651514751812       0.66958156643041011     
   36.649191341900618       0.66948203220492208     
   36.655731169049417       0.66938182849740191     
   36.662270996198224       0.66928095540805332     
   36.668810823347030       0.66917941303774930     
   36.675350650495837       0.66907720148803229     
   36.681890477644636       0.66897432086111375     
   36.688430304793442       0.66887077125987449     
   36.694970131942249       0.66876655278786379     
   36.701509959091055       0.66866166554930051     
   36.708049786239854       0.66855610964907164     
   36.714589613388661       0.66844988519273307     
   36.721129440537467       0.66834299228650940     
   36.727669267686274       0.66823543103729344     
   36.734209094835073       0.66812720155264638     
   36.740748921983879       0.66801830394079775     
   36.747288749132686       0.66790873831064523     
   36.753828576281485       0.66779850477175440     
   36.760368403430292       0.66768760343435873     
   36.766908230579098       0.66757603440935975     
   36.773448057727904       0.66746379780832621     
   36.779987884876704       0.66735089374349510     
   36.786527712025510       0.66723732232777011     
   36.793067539174316       0.66712308367472284     
   36.799607366323123       0.66700817789859179     
   36.806147193471922       0.66689260511428294     
   36.812687020620729       0.66677636543736896     
   36.819226847769535       0.66665945898408951     
   36.825766674918341       0.66654188587135110     
   36.832306502067141       0.66642364621672678     
   36.838846329215947       0.66630474013845631     
   36.845386156364754       0.66618516775544567     
   36.851925983513560       0.66606492918726723     
   36.858465810662359       0.66594402455415957     
   36.865005637811166       0.66582245397702733     
   36.871545464959972       0.66570021757744113     
   36.878085292108771       0.66557731547763743     
   36.884625119257578       0.66545374780051825     
   36.891164946406384       0.66532951466965129     
   36.897704773555191       0.66520461620926952     
   36.904244600703990       0.66507905254427180     
   36.910784427852796       0.66495282380022136     
   36.917324255001603       0.66482593010334712     
   36.923864082150409       0.66469837158054279     
   36.930403909299208       0.66457014835936701     
   36.936943736448015       0.66444126056804265     
   36.943483563596821       0.66431170833545783     
   36.950023390745628       0.66418149179116470     
   36.956563217894427       0.66405061106537966     
   36.963103045043233       0.66391906628898378     
   36.969642872192040       0.66378685759352152     
   36.976182699340846       0.66365398511120155     
   36.982722526489646       0.66352044897489648     
   36.989262353638452       0.66338624931814250     
   36.995802180787258       0.66325138627513913     
   37.002342007936058       0.66311585998074951     
   37.008881835084864       0.66297967057050000     
   37.015421662233670       0.66284281818057977     
   37.021961489382477       0.66270530294784147     
   37.028501316531276       0.66256712500980008     
   37.035041143680083       0.66242828450463387     
   37.041580970828889       0.66228878157118309     
   37.048120797977695       0.66214861634895072     
   37.054660625126495       0.66200778897810209     
   37.061200452275301       0.66186629959946430     
   37.067740279424108       0.66172414835452709     
   37.074280106572914       0.66158133538544139     
   37.080819933721713       0.66143786083502021     
   37.087359760870520       0.66129372484673832     
   37.093899588019326       0.66114892756473154     
   37.100439415168125       0.66100346913379715     
   37.106979242316932       0.66085734969939380     
   37.113519069465738       0.66071056940764072     
   37.120058896614545       0.66056312840531828     
   37.126598723763344       0.66041502683986730     
   37.133138550912150       0.66026626485938955     
   37.139678378060957       0.66011684261264703     
   37.146218205209763       0.65996676024906176     
   37.152758032358562       0.65981601791871625     
   37.159297859507369       0.65966461577235291     
   37.165837686656175       0.65951255396137376     
   37.172377513804982       0.65935983263784070     
   37.178917340953781       0.65920645195447503     
   37.185457168102587       0.65905241206465726     
   37.191996995251394       0.65889771312242762     
   37.198536822400200       0.65874235528248470     
   37.205076649549000       0.65858633870018668     
   37.211616476697806       0.65842966353154975     
   37.218156303846612       0.65827232993324947     
   37.224696130995412       0.65811433806261910     
   37.231235958144218       0.65795568807765081     
   37.237775785293024       0.65779638013699426     
   37.244315612441831       0.65763641439995768     
   37.250855439590630       0.65747579102650666     
   37.257395266739437       0.65731451017726472     
   37.263935093888243       0.65715257201351240     
   37.270474921037049       0.65698997669718828     
   37.277014748185849       0.65682672439088741     
   37.283554575334655       0.65666281525786208     
   37.290094402483462       0.65649824946202140     
   37.296634229632268       0.65633302716793140     
   37.303174056781067       0.65616714854081415     
   37.309713883929874       0.65600061374654850     
   37.316253711078680       0.65583342295166891     
   37.322793538227486       0.65566557632336642     
   37.329333365376286       0.65549707402948754     
   37.335873192525092       0.65532791623853470     
   37.342413019673899       0.65515810311966571     
   37.348952846822698       0.65498763484269340     
   37.355492673971504       0.65481651157808640     
   37.362032501120311       0.65464473349696772     
   37.368572328269117       0.65447230077111562     
   37.375112155417916       0.65429921357296261     
   37.381651982566723       0.65412547207559613     
   37.388191809715529       0.65395107645275752     
   37.394731636864336       0.65377602687884262     
   37.401271464013135       0.65360032352890063     
   37.407811291161941       0.65342396657863533     
   37.414351118310748       0.65324695620440321     
   37.420890945459554       0.65306929258321500     
   37.427430772608353       0.65289097589273426     
   37.433970599757160       0.65271200631127757     
   37.440510426905966       0.65253238401781455     
   37.447050254054773       0.65235210919196751     
   37.453590081203572       0.65217118201401136     
   37.460129908352378       0.65198960266487327     
   37.466669735501185       0.65180737132613231     
   37.473209562649984       0.65162448818002017     
   37.479749389798791       0.65144095340941988     
   37.486289216947597       0.65125676719786607     
   37.492829044096403       0.65107192972954508     
   37.499368871245203       0.65088644118929440     
   37.505908698394009       0.65070030176260241     
   37.512448525542816       0.65051351163560867     
   37.518988352691622       0.65032607099510342     
   37.525528179840421       0.65013798002852707     
   37.532068006989228       0.64994923892397083     
   37.538607834138034       0.64975984787017549     
   37.545147661286840       0.64956980705653244     
   37.551687488435640       0.64937911667308224     
   37.558227315584446       0.64918777691051543     
   37.564767142733253       0.64899578796017166     
   37.571306969882059       0.64880315001403988     
   37.577846797030858       0.64860986326475822     
   37.584386624179665       0.64841592790561320     
   37.590926451328471       0.64822134413054033     
   37.597466278477270       0.64802611213412342     
   37.604006105626077       0.64783023211159430     
   37.610545932774883       0.64763370425883315     
   37.617085759923690       0.64743652877236768     
   37.623625587072489       0.64723870584937349     
   37.630165414221295       0.64704023568767344     
   37.636705241370102       0.64684111848573755     
   37.643245068518908       0.64664135444268322     
   37.649784895667707       0.64644094375827454     
   37.656324722816514       0.64623988663292198     
   37.662864549965320       0.64603818326768281     
   37.669404377114127       0.64583583386426036     
   37.675944204262926       0.64563283862500409     
   37.682484031411732       0.64542919775290930     
   37.689023858560539       0.64522491145161676     
   37.695563685709338       0.64501997992541271     
   37.702103512858145       0.64481440337922868     
   37.708643340006951       0.64460818201864134     
   37.715183167155757       0.64440131604987194     
   37.721722994304557       0.64419380567978646     
   37.728262821453363       0.64398565111589534     
   37.734802648602169       0.64377685256635309     
   37.741342475750976       0.64356741023995834     
   37.747882302899775       0.64335732434615323     
   37.754422130048582       0.64314659509502381     
   37.760961957197388       0.64293522269729930     
   37.767501784346194       0.64272320736435207     
   37.774041611494994       0.64251054930819740     
   37.780581438643800       0.64229724874149341     
   37.787121265792607       0.64208330587754070     
   37.793661092941413       0.64186872093028213     
   37.800200920090212       0.64165349411430261     
   37.806740747239019       0.64143762564482898     
   37.813280574387825       0.64122111573772966     
   37.819820401536624       0.64100396460951459     
   37.826360228685431       0.64078617247733505     
   37.832900055834237       0.64056773955898283     
   37.839439882983044       0.64034866607289131     
   37.845979710131843       0.64012895223813349     
   37.852519537280649       0.63990859827442359     
   37.859059364429456       0.63968760440211547     
   37.865599191578262       0.63946597084220291     
   37.872139018727061       0.63924369781631951     
   37.878678845875868       0.63902078554673836     
   37.885218673024674       0.63879723425637169     
   37.891758500173481       0.63857304416877070     
   37.898298327322280       0.63834821550812548     
   37.904838154471086       0.63812274849926487     
   37.911377981619893       0.63789664336765572     
   37.917917808768699       0.63766990033940318     
   37.924457635917499       0.63744251964125032     
   37.930997463066305       0.63721450150057779     
   37.937537290215111       0.63698584614540366     
   37.944077117363911       0.63675655380438356     
   37.950616944512717       0.63652662470680943     
   37.957156771661523       0.63629605908261078     
   37.963696598810330       0.63606485716235284     
   37.970236425959129       0.63583301917723789     
   37.976776253107936       0.63560054535910360     
   37.983316080256742       0.63536743594042411     
   37.989855907405548       0.63513369115430862     
   37.996395734554348       0.63489931123450194     
   38.002935561703154       0.63466429641538402     
   38.009475388851961       0.63442864693196965     
   38.016015216000767       0.63419236301990844     
   38.022555043149566       0.63395544491548417     
   38.029094870298373       0.63371789285561497     
   38.035634697447179       0.63347970707785306     
   38.042174524595985       0.63324088782038401     
   38.048714351744785       0.63300143532202713     
   38.055254178893591       0.63276134982223498     
   38.061794006042398       0.63252063156109295     
   38.068333833191197       0.63227928077931950     
   38.074873660340003       0.63203729771826500     
   38.081413487488810       0.63179468261991301     
   38.087953314637616       0.63155143572687833     
   38.094493141786415       0.63130755728240795     
   38.101032968935222       0.63106304753038023     
   38.107572796084028       0.63081790671530491     
   38.114112623232835       0.63057213508232302     
   38.120652450381634       0.63032573287720595     
   38.127192277530440       0.63007870034635605     
   38.133732104679247       0.62983103773680582     
   38.140271931828053       0.62958274529621794     
   38.146811758976853       0.62933382327288467     
   38.153351586125659       0.62908427191572813     
   38.159891413274465       0.62883409147429969     
   38.166431240423265       0.62858328219877979     
   38.172971067572071       0.62833184433997769     
   38.179510894720877       0.62807977814933125     
   38.186050721869684       0.62782708387890673     
   38.192590549018483       0.62757376178139834     
   38.199130376167290       0.62731981211012811     
   38.205670203316096       0.62706523511904588     
   38.212210030464902       0.62681003106272848     
   38.218749857613702       0.62655420019638008     
   38.225289684762508       0.62629774277583150     
   38.231829511911315       0.62604065905754003     
   38.238369339060121       0.62578294929858969     
   38.244909166208920       0.62552461375668988     
   38.251448993357727       0.62526565269017653     
   38.257988820506533       0.62500606635801026     
   38.264528647655339       0.62474585501977775     
   38.271068474804139       0.62448501893569031     
   38.277608301952945       0.62422355836658383     
   38.284148129101752       0.62396147357391907     
   38.290687956250551       0.62369876481978070     
   38.297227783399357       0.62343543236687748     
   38.303767610548164       0.62317147647854187     
   38.310307437696970       0.62290689741872973     
   38.316847264845769       0.62264169545202031     
   38.323387091994576       0.62237587084361523     
   38.329926919143382       0.62210942385933943     
   38.336466746292189       0.62184235476563965     
   38.343006573440988       0.62157466382958515     
   38.349546400589794       0.62130635131886680     
   38.356086227738601       0.62103741750179720     
   38.362626054887407       0.62076786264730999     
   38.369165882036206       0.62049768702496022     
   38.375705709185013       0.62022689090492344     
   38.382245536333819       0.61995547455799571     
   38.388785363482626       0.61968343825559358     
   38.395325190631425       0.61941078226975310     
   38.401865017780231       0.61913750687313029     
   38.408404844929038       0.61886361233900067     
   38.414944672077837       0.61858909894125869     
   38.421484499226644       0.61831396695441776     
   38.428024326375450       0.61803821665360981     
   38.434564153524256       0.61776184831458525     
   38.441103980673056       0.61748486221371235     
   38.447643807821862       0.61720725862797732     
   38.454183634970668       0.61692903783498354     
   38.460723462119475       0.61665020011295191     
   38.467263289268274       0.61637074574072026     
   38.473803116417081       0.61609067499774284     
   38.480342943565887       0.61580998816409038     
   38.486882770714693       0.61552868552044970     
   38.493422597863493       0.61524676734812356     
   38.499962425012299       0.61496423392903010     
   38.506502252161106       0.61468108554570267     
   38.513042079309912       0.61439732248128975     
   38.519581906458711       0.61411294501955438     
   38.526121733607518       0.61382795344487384     
   38.532661560756324       0.61354234804223995     
   38.539201387905123       0.61325612909725802     
   38.545741215053930       0.61296929689614710     
   38.552281042202736       0.61268185172573919     
   38.558820869351543       0.61239379387347948     
   38.565360696500342       0.61210512362742597     
   38.571900523649148       0.61181584127624888     
   38.578440350797955       0.61152594710923036     
   38.584980177946761       0.61123544141626485     
   38.591520005095560       0.61094432448785785     
   38.598059832244367       0.61065259661512639     
   38.604599659393173       0.61036025808979832     
   38.611139486541980       0.61006730920421204     
   38.617679313690779       0.60977375025131675     
   38.624219140839585       0.60947958152467108     
   38.630758967988392       0.60918480331844405     
   38.637298795137198       0.60888941592741364     
   38.643838622285998       0.60859341964696723     
   38.650378449434804       0.60829681477310138     
   38.656918276583610       0.60799960160242061     
   38.663458103732410       0.60770178043213818     
   38.669997930881216       0.60740335156007541     
   38.676537758030022       0.60710431528466102     
   38.683077585178829       0.60680467190493126     
   38.689617412327628       0.60650442172052965     
   38.696157239476435       0.60620356503170647     
   38.702697066625241       0.60590210213931817     
   38.709236893774047       0.60560003334482770     
   38.715776720922847       0.60529735895030379     
   38.722316548071653       0.60499407925842108     
   38.728856375220460       0.60469019457245887     
   38.735396202369266       0.60438570519630230     
   38.741936029518065       0.60408061143444036     
   38.748475856666872       0.60377491359196711     
   38.755015683815678       0.60346861197458035     
   38.761555510964477       0.60316170688858151     
   38.768095338113284       0.60285419864087575     
   38.774635165262090       0.60254608753897132     
   38.781174992410897       0.60223737389097942     
   38.787714819559696       0.60192805800561366     
   38.794254646708502       0.60161814019218984     
   38.800794473857309       0.60130762076062594     
   38.807334301006115       0.60099650002144112     
   38.813874128154914       0.60068477828575639     
   38.820413955303721       0.60037245586529331     
   38.826953782452527       0.60005953307237447     
   38.833493609601334       0.59974601021992258     
   38.840033436750133       0.59943188762146027     
   38.846573263898939       0.59911716559111050     
   38.853113091047746       0.59880184444359508     
   38.859652918196552       0.59848592449423521     
   38.866192745345352       0.59816940605895086     
   38.872732572494158       0.59785228945426050     
   38.879272399642964       0.59753457499728058     
   38.885812226791764       0.59721626300572572     
   38.892352053940570       0.59689735379790787     
   38.898891881089376       0.59657784769273625     
   38.905431708238183       0.59625774500971684     
   38.911971535386982       0.59593704606895248     
   38.918511362535789       0.59561575119114207     
   38.925051189684595       0.59529386069758039     
   38.931591016833401       0.59497137491015806     
   38.938130843982201       0.59464829415136078     
   38.944670671131007       0.59432461874426934     
   38.951210498279814       0.59400034901255916     
   38.957750325428620       0.59367548528049985     
   38.964290152577419       0.59335002787295543     
   38.970829979726226       0.59302397711538313     
   38.977369806875032       0.59269733333383368     
   38.983909634023838       0.59237009685495079     
   38.990449461172638       0.59204226800597126     
   38.996989288321444       0.59171384711472352     
   39.003529115470251       0.59138483450962875     
   39.010068942619050       0.59105523051969944     
   39.016608769767856       0.59072503547453969     
   39.023148596916663       0.59039424970434440     
   39.029688424065469       0.59006287353989950     
   39.036228251214268       0.58973090731258104     
   39.042768078363075       0.58939835135435525     
   39.049307905511881       0.58906520599777812     
   39.055847732660688       0.58873147157599492     
   39.062387559809487       0.58839714842274016     
   39.068927386958293       0.58806223687233705     
   39.075467214107100       0.58772673725969704     
   39.082007041255906       0.58739064992031986     
   39.088546868404705       0.58705397519029257     
   39.095086695553512       0.58671671340629028     
   39.101626522702318       0.58637886490557445     
   39.108166349851125       0.58604043002599371     
   39.114706176999924       0.58570140910598301     
   39.121246004148730       0.58536180248456304     
   39.127785831297537       0.58502161050134072     
   39.134325658446336       0.58468083349650790     
   39.140865485595143       0.58433947181084156     
   39.147405312743949       0.58399752578570341     
   39.153945139892755       0.58365499576303959     
   39.160484967041555       0.58331188208537987     
   39.167024794190361       0.58296818509583814     
   39.173564621339168       0.58262390513811124     
   39.180104448487974       0.58227904255647933     
   39.186644275636773       0.58193359769580477     
   39.193184102785580       0.58158757090153257     
   39.199723929934386       0.58124096251968949     
   39.206263757083192       0.58089377289688382     
   39.212803584231992       0.58054600238030540     
   39.219343411380798       0.58019765131772449     
   39.225883238529605       0.57984872005749233     
   39.232423065678411       0.57949920894854012     
   39.238962892827210       0.57914911834037897     
   39.245502719976017       0.57879844858309948     
   39.252042547124823       0.57844720002737138     
   39.258582374273622       0.57809537302444336     
   39.265122201422429       0.57774296792614221     
   39.271662028571235       0.57738998508487316     
   39.278201855720042       0.57703642485361906     
   39.284741682868841       0.57668228758593998     
   39.291281510017647       0.57632757363597342     
   39.297821337166454       0.57597228335843320     
   39.304361164315260       0.57561641710860967     
   39.310900991464059       0.57525997524236894     
   39.317440818612866       0.57490295811615300     
   39.323980645761672       0.57454536608697881     
   39.330520472910479       0.57418719951243880     
   39.337060300059278       0.57382845875069910     
   39.343600127208084       0.57346914416050065     
   39.350139954356891       0.57310925610115804     
   39.356679781505690       0.57274879493255937     
   39.363219608654497       0.57238776101516575     
   39.369759435803303       0.57202615471001106     
   39.376299262952109       0.57166397637870170     
   39.382839090100909       0.57130122638341607     
   39.389378917249715       0.57093790508690390     
   39.395918744398521       0.57057401285248666     
   39.402458571547328       0.57020955004405671     
   39.408998398696127       0.56984451702607664     
   39.415538225844934       0.56947891416357954     
   39.422078052993740       0.56911274182216831     
   39.428617880142546       0.56874600036801526     
   39.435157707291346       0.56837869016786191     
   39.441697534440152       0.56801081158901845     
   39.448237361588959       0.56764236499936327     
   39.454777188737765       0.56727335076734309     
   39.461317015886564       0.56690376926197217     
   39.467856843035371       0.56653362085283210     
   39.474396670184177       0.56616290591007101     
   39.480936497332976       0.56579162480440415     
   39.487476324481783       0.56541977790711240     
   39.494016151630589       0.56504736559004287     
   39.500555978779396       0.56467438822560767     
   39.507095805928195       0.56430084618678411     
   39.513635633077001       0.56392673984711450     
   39.520175460225808       0.56355206958070503     
   39.526715287374614       0.56317683576222577     
   39.533255114523413       0.56280103876691101     
   39.539794941672220       0.56242467897055737     
   39.546334768821026       0.56204775674952479     
   39.552874595969833       0.56167027248073531     
   39.559414423118632       0.56129222654167354     
   39.565954250267438       0.56091361931038497     
   39.572494077416245       0.56053445116547729     
   39.579033904565051       0.56015472248611842     
   39.585573731713851       0.55977443365203705     
   39.592113558862657       0.55939358504352199     
   39.598653386011463       0.55901217704142181     
   39.605193213160263       0.55863021002714475     
   39.611733040309069       0.55824768438265759     
   39.618272867457875       0.55786460049048592     
   39.624812694606682       0.55748095873371395     
   39.631352521755481       0.55709675949598314     
   39.637892348904288       0.55671200316149283     
   39.644432176053094       0.55632669011499936     
   39.650972003201900       0.55594082074181572     
   39.657511830350700       0.55555439542781138     
   39.664051657499506       0.55516741455941154     
   39.670591484648313       0.55477987852359734     
   39.677131311797119       0.55439178770790454     
   39.683671138945918       0.55400314250042393     
   39.690210966094725       0.55361394328980096     
   39.696750793243531       0.55322419046523452     
   39.703290620392337       0.55283388441647774     
   39.709830447541137       0.55244302553383651     
   39.716370274689943       0.55205161420816973     
   39.722910101838750       0.55165965083088886     
   39.729449928987549       0.55126713579395703     
   39.735989756136355       0.55087406948988937     
   39.742529583285162       0.55048045231175224     
   39.749069410433968       0.55008628465316300     
   39.755609237582767       0.54969156690828891     
   39.762149064731574       0.54929629947184799     
   39.768688891880380       0.54890048273910763     
   39.775228719029187       0.54850411710588454     
   39.781768546177986       0.54810720296854420     
   39.788308373326792       0.54770974072400103     
   39.794848200475599       0.54731173076971729     
   39.801388027624405       0.54691317350370261     
   39.807927854773205       0.54651406932451441     
   39.814467681922011       0.54611441863125698     
   39.821007509070817       0.54571422182358087     
   39.827547336219617       0.54531347930168284     
   39.834087163368423       0.54491219146630554     
   39.840626990517229       0.54451035871873688     
   39.847166817666036       0.54410798146080941     
   39.853706644814835       0.54370506009490038     
   39.860246471963642       0.54330159502393138     
   39.866786299112448       0.54289758665136734     
   39.873326126261254       0.54249303538121663     
   39.879865953410054       0.54208794161803053     
   39.886405780558860       0.54168230576690279     
   39.892945607707667       0.54127612823346938     
   39.899485434856473       0.54086940942390760     
   39.906025262005272       0.54046214974493645     
   39.912565089154079       0.54005434960381560     
   39.919104916302885       0.53964600940834517     
   39.925644743451691       0.53923712956686531     
   39.932184570600491       0.53882771048825584     
   39.938724397749297       0.53841775258193603     
   39.945264224898104       0.53800725625786361     
   39.951804052046903       0.53759622192653478     
   39.958343879195709       0.53718464999898430     
   39.964883706344516       0.53677254088678372     
   39.971423533493322       0.53635989500204218     
   39.977963360642121       0.53594671275740569     
   39.984503187790928       0.53553299456605641     
   39.991043014939734       0.53511874084171263     
   39.997582842088541       0.53470395199862808     
   40.004122669237340       0.53428862845159142     
   40.010662496386146       0.53387277061592631     
   40.017202323534953       0.53345637890749054     
   40.023742150683759       0.53303945374267581     
   40.030281977832558       0.53262199553840739     
   40.036821804981365       0.53220400471214335     
   40.043361632130171       0.53178548168187467     
   40.049901459278978       0.53136642686612434     
   40.056441286427777       0.53094684068394704     
   40.062981113576583       0.53052672355492925     
   40.069520940725390       0.53010607589918779     
   40.076060767874189       0.52968489813737041     
   40.082600595022996       0.52926319069065497     
   40.089140422171802       0.52884095398074893     
   40.095680249320608       0.52841818842988875     
   40.102220076469408       0.52799489446084025     
   40.108759903618214       0.52757107249689728     
   40.115299730767020       0.52714672296188181     
   40.121839557915827       0.52672184628014329     
   40.128379385064626       0.52629644287655863     
   40.134919212213433       0.52587051317653100     
   40.141459039362239       0.52544405760599022     
   40.147998866511045       0.52501707659139185     
   40.154538693659845       0.52458957055971700     
   40.161078520808651       0.52416153993847159     
   40.167618347957458       0.52373298515568611     
   40.174158175106264       0.52330390663991555     
   40.180698002255063       0.52287430482023844     
   40.187237829403870       0.52244418012625637     
   40.193777656552676       0.52201353298809416     
   40.200317483701475       0.52158236383639889     
   40.206857310850282       0.52115067310233976     
   40.213397137999088       0.52071846121760756     
   40.219936965147895       0.52028572861441413     
   40.226476792296694       0.51985247572549220     
   40.233016619445500       0.51941870298409443     
   40.239556446594307       0.51898441082399371     
   40.246096273743113       0.51854959967948211     
   40.252636100891912       0.51811426998537091     
   40.259175928040719       0.51767842217698967     
   40.265715755189525       0.51724205669018630     
   40.272255582338332       0.51680517396132619     
   40.278795409487131       0.51636777442729209     
   40.285335236635937       0.51592985852548368     
   40.291875063784744       0.51549142669381676     
   40.298414890933550       0.51505247937072318     
   40.304954718082350       0.51461301699515016     
   40.311494545231156       0.51417304000656028     
   40.318034372379962       0.51373254884493025     
   40.324574199528762       0.51329154395075138     
   40.331114026677568       0.51285002576502881     
   40.337653853826374       0.51240799472928023     
   40.344193680975181       0.51196545128553683     
   40.350733508123980       0.51152239587634230     
   40.357273335272787       0.51107882894475187     
   40.363813162421593       0.51063475093433253     
   40.370352989570399       0.51019016228916225     
   40.376892816719199       0.50974506345382975     
   40.383432643868005       0.50929945487343387     
   40.389972471016812       0.50885333699358304     
   40.396512298165618       0.50840671026039519     
   40.403052125314417       0.50795957512049694     
   40.409591952463224       0.50751193202102374     
   40.416131779612030       0.50706378140961850     
   40.422671606760829       0.50661512373443185     
   40.429211433909636       0.50616595944412146     
   40.435751261058442       0.50571628898785159     
   40.442291088207249       0.50526611281529277     
   40.448830915356048       0.50481543137662110     
   40.455370742504854       0.50436424512251821     
   40.461910569653661       0.50391255450416994     
   40.468450396802467       0.50346035997326732     
   40.474990223951266       0.50300766198200486     
   40.481530051100073       0.50255446098308032     
   40.488069878248879       0.50210075742969473     
   40.494609705397686       0.50164655177555184     
   40.501149532546485       0.50119184447485710     
   40.507689359695291       0.50073663598231799     
   40.514229186844098       0.50028092675314284     
   40.520769013992904       0.49982471724304095     
   40.527308841141704       0.49936800790822178     
   40.533848668290510       0.49891079920539472     
   40.540388495439316       0.49845309159176848     
   40.546928322588116       0.49799488552505061     
   40.553468149736922       0.49753618146344725     
   40.560007976885728       0.49707697986566246     
   40.566547804034535       0.49661728119089765     
   40.573087631183334       0.49615708589885182     
   40.579627458332141       0.49569639444971997     
   40.586167285480947       0.49523520730419368     
   40.592707112629753       0.49477352492346016     
   40.599246939778553       0.49431134776920166     
   40.605786766927359       0.49384867630359541     
   40.612326594076166       0.49338551098931277     
   40.618866421224972       0.49292185228951918     
   40.625406248373771       0.49245770066787325     
   40.631946075522578       0.49199305658852660     
   40.638485902671384       0.49152792051612343     
   40.645025729820190       0.49106229291579973     
   40.651565556968990       0.49059617425318314     
   40.658105384117796       0.49012956499439236     
   40.664645211266603       0.48966246560603655     
   40.671185038415402       0.48919487655521510     
   40.677724865564208       0.48872679830951715     
   40.684264692713015       0.48825823133702095     
   40.690804519861821       0.48778917610629335     
   40.697344347010620       0.48731963308638965     
   40.703884174159427       0.48684960274685291     
   40.710424001308233       0.48637908555771348     
   40.716963828457040       0.48590808198948843     
   40.723503655605839       0.48543659251318133     
   40.730043482754645       0.48496461760028181     
   40.736583309903452       0.48449215772276472     
   40.743123137052258       0.48401921335308984     
   40.749662964201057       0.48354578496420164     
   40.756202791349864       0.48307187302952848     
   40.762742618498670       0.48259747802298225     
   40.769282445647477       0.48212260041895805     
   40.775822272796276       0.48164724069233328     
   40.782362099945082       0.48117139931846797     
   40.788901927093889       0.48069507677320322     
   40.795441754242688       0.48021827353286178     
   40.801981581391495       0.47974099007424675     
   40.808521408540301       0.47926322687464168     
   40.815061235689107       0.47878498441180967     
   40.821601062837907       0.47830626316399327     
   40.828140889986713       0.47782706360991362     
   40.834680717135520       0.47734738622877038     
   40.841220544284326       0.47686723150024091     
   40.847760371433125       0.47638659990447996     
   40.854300198581932       0.47590549192211906     
   40.860840025730738       0.47542390803426621     
   40.867379852879544       0.47494184872250533     
   40.873919680028344       0.47445931446889572     
   40.880459507177150       0.47397630575597166     
   40.886999334325957       0.47349282306674190     
   40.893539161474756       0.47300886688468907     
   40.900078988623562       0.47252443769376923     
   40.906618815772369       0.47203953597841181     
   40.913158642921175       0.47155416222351837     
   40.919698470069974       0.47106831691446277     
   40.926238297218781       0.47058200053709026     
   40.932778124367587       0.47009521357771716     
   40.939317951516394       0.46960795652313064     
   40.945857778665193       0.46912022986058743     
   40.952397605813999       0.46863203407781440     
   40.958937432962806       0.46814336966300729     
   40.965477260111612       0.46765423710483051     
   40.972017087260411       0.46716463689241666     
   40.978556914409218       0.46667456951536596     
   40.985096741558024       0.46618403546374576     
   40.991636568706831       0.46569303522809014     
   40.998176395855630       0.46520156929939915     
   41.004716223004436       0.46470963816913902     
   41.011256050153243       0.46421724232924061     
   41.017795877302042       0.46372438227209994     
   41.024335704450849       0.46323105849057689     
   41.030875531599655       0.46273727147799554     
   41.037415358748461       0.46224302172814258     
   41.043955185897261       0.46174830973526793     
   41.050495013046067       0.46125313599408363     
   41.057034840194873       0.46075750099976320     
   41.063574667343680       0.46026140524794185     
   41.070114494492479       0.45976484923471528     
   41.076654321641286       0.45926783345663946     
   41.083194148790092       0.45877035841073022     
   41.089733975938898       0.45827242459446255     
   41.096273803087698       0.45777403250577031     
   41.102813630236504       0.45727518264304556     
   41.109353457385311       0.45677587550513821     
   41.115893284534117       0.45627611159135534     
   41.122433111682916       0.45577589140146096     
   41.128972938831723       0.45527521543567517     
   41.135512765980529       0.45477408419467391     
   41.142052593129328       0.45427249817958842     
   41.148592420278135       0.45377045789200482     
   41.155132247426941       0.45326796383396328     
   41.161672074575748       0.45276501650795792     
   41.168211901724547       0.45226161641693613     
   41.174751728873353       0.45175776406429796     
   41.181291556022160       0.45125345995389565     
   41.187831383170966       0.45074870459003347     
   41.194371210319765       0.45024349847746670     
   41.200911037468572       0.44973784212140133     
   41.207450864617378       0.44923173602749400     
   41.213990691766185       0.44872518070185052     
   41.220530518914984       0.44821817665102642     
   41.227070346063790       0.44771072438202564     
   41.233610173212597       0.44720282440230047     
   41.240150000361403       0.44669447721975092     
   41.246689827510203       0.44618568334272413     
   41.253229654659009       0.44567644328001399     
   41.259769481807815       0.44516675754086060     
   41.266309308956615       0.44465662663494965     
   41.272849136105421       0.44414605107241201     
   41.279388963254227       0.44363503136382326     
   41.285928790403034       0.44312356802020320     
   41.292468617551833       0.44261166155301512     
   41.299008444700640       0.44209931247416540     
   41.305548271849446       0.44158652129600318     
   41.312088098998252       0.44107328853131966     
   41.318627926147052       0.44055961469334753     
   41.325167753295858       0.44004550029576084     
   41.331707580444665       0.43953094585267377     
   41.338247407593471       0.43901595187864079     
   41.344787234742270       0.43850051888865604     
   41.351327061891077       0.43798464739815235     
   41.357866889039883       0.43746833792300122     
   41.364406716188689       0.43695159097951219     
   41.370946543337489       0.43643440708443215     
   41.377486370486295       0.43591678675494505     
   41.384026197635102       0.43539873050867106     
   41.390566024783901       0.43488023886366667     
   41.397105851932707       0.43436131233842346     
   41.403645679081514       0.43384195145186777     
   41.410185506230320       0.43332215672336072     
   41.416725333379119       0.43280192867269685     
   41.423265160527926       0.43228126782010429     
   41.429804987676732       0.43176017468624395     
   41.436344814825539       0.43123864979220894     
   41.442884641974338       0.43071669365952403     
   41.449424469123144       0.43019430681014559     
   41.455964296271951       0.42967148976646025     
   41.462504123420757       0.42914824305128507     
   41.469043950569557       0.42862456718786690     
   41.475583777718363       0.42810046269988150     
   41.482123604867169       0.42757593011143336     
   41.488663432015969       0.42705096994705521     
   41.495203259164775       0.42652558273170693     
   41.501743086313581       0.42599976899077607     
   41.508282913462388       0.42547352925007603     
   41.514822740611187       0.42494686403584692     
   41.521362567759994       0.42441977387475371     
   41.527902394908800       0.42389225929388663     
   41.534442222057606       0.42336432082076025     
   41.540982049206406       0.42283595898331300     
   41.547521876355212       0.42230717430990677     
   41.554061703504019       0.42177796732932626     
   41.560601530652825       0.42124833857077831     
   41.567141357801624       0.42071828856389193     
   41.573681184950431       0.42018781783871695     
   41.580221012099237       0.41965692692572404     
   41.586760839248043       0.41912561635580425     
   41.593300666396843       0.41859388666026814     
   41.599840493545649       0.41806173837084537     
   41.606380320694456       0.41752917201968420     
   41.612920147843255       0.41699618813935102     
   41.619459974992061       0.41646278726282976     
   41.625999802140868       0.41592896992352124     
   41.632539629289674       0.41539473665524279     
   41.639079456438473       0.41486008799222768     
   41.645619283587280       0.41432502446912456     
   41.652159110736086       0.41378954662099698     
   41.658698937884893       0.41325365498332278     
   41.665238765033692       0.41271735009199351     
   41.671778592182498       0.41218063248331427     
   41.678318419331305       0.41164350269400241     
   41.684858246480111       0.41110596126118792     
   41.691398073628910       0.41056800872241217     
   41.697937900777717       0.41002964561562766     
   41.704477727926523       0.40949087247919758     
   41.711017555075330       0.40895168985189501     
   41.717557382224129       0.40841209827290259     
   41.724097209372935       0.40787209828181187     
   41.730637036521742       0.40733169041862288     
   41.737176863670541       0.40679087522374346     
   41.743716690819348       0.40624965323798878     
   41.750256517968154       0.40570802500258096     
   41.756796345116960       0.40516599105914808     
   41.763336172265760       0.40462355194972416     
   41.769875999414566       0.40408070821674830     
   41.776415826563372       0.40353746040306426     
   41.782955653712179       0.40299380905191978     
   41.789495480860978       0.40244975470696631     
   41.796035308009785       0.40190529791225804     
   41.802575135158591       0.40136043921225190     
   41.809114962307397       0.40081517915180653     
   41.815654789456197       0.40026951827618207     
   41.822194616605003       0.39972345713103929     
   41.828734443753810       0.39917699626243941     
   41.835274270902616       0.39863013621684318     
   41.841814098051415       0.39808287754111082     
   41.848353925200222       0.39753522078250075     
   41.854893752349028       0.39698716648867011     
   41.861433579497827       0.39643871520767282     
   41.867973406646634       0.39588986748796040     
   41.874513233795440       0.39534062387838054     
   41.881053060944247       0.39479098492817671     
   41.887592888093046       0.39424095118698793     
   41.894132715241852       0.39369052320484799     
   41.900672542390659       0.39313970153218492     
   41.907212369539465       0.39258848671982033     
   41.913752196688264       0.39203687931896897     
   41.920292023837071       0.39148487988123826     
   41.926831850985877       0.39093248895862776     
   41.933371678134684       0.39037970710352826     
   41.939911505283483       0.38982653486872165     
   41.946451332432289       0.38927297280738010     
   41.952991159581096       0.38871902147306581     
   41.959530986729895       0.38816468141973004     
   41.966070813878702       0.38760995320171276     
   41.972610641027508       0.38705483737374236     
   41.979150468176314       0.38649933449093460     
   41.985690295325114       0.38594344510879225     
   41.992230122473920       0.38538716978320486     
   41.998769949622726       0.38483050907044769     
   42.005309776771533       0.38427346352718145     
   42.011849603920332       0.38371603371045171     
   42.018389431069139       0.38315822017768825     
   42.024929258217945       0.38260002348670458     
   42.031469085366751       0.38204144419569736     
   42.038008912515551       0.38148248286324599     
   42.044548739664357       0.38092314004831168     
   42.051088566813164       0.38036341631023735     
   42.057628393961970       0.37980331220874680     
   42.064168221110769       0.37924282830394390     
   42.070708048259576       0.37868196515631292     
   42.077247875408382       0.37812072332671659     
   42.083787702557181       0.37755910337639703     
   42.090327529705988       0.37699710586697416     
   42.096867356854794       0.37643473136044536     
   42.103407184003601       0.37587198041918518     
   42.109947011152400       0.37530885360594463     
   42.116486838301206       0.37474535148385046     
   42.123026665450013       0.37418147461640472     
   42.129566492598819       0.37361722356748439     
   42.136106319747618       0.37305259890134046     
   42.142646146896425       0.37248760118259766     
   42.149185974045231       0.37192223097625371     
   42.155725801194038       0.37135648884767875     
   42.162265628342837       0.37079037536261494     
   42.168805455491643       0.37022389108717585     
   42.175345282640450       0.36965703658784554     
   42.181885109789256       0.36908981243147870     
   42.188424936938056       0.36852221918529937     
   42.194964764086862       0.36795425741690091     
   42.201504591235668       0.36738592769424500     
   42.208044418384468       0.36681723058566140     
   42.214584245533274       0.36624816665984722     
   42.221124072682080       0.36567873648586630     
   42.227663899830887       0.36510894063314892     
   42.234203726979686       0.36453877967149090     
   42.240743554128493       0.36396825417105322     
   42.247283381277299       0.36339736470236134     
   42.253823208426105       0.36282611183630481     
   42.260363035574905       0.36225449614413635     
   42.266902862723711       0.36168251819747171     
   42.273442689872518       0.36111017856828898     
   42.279982517021324       0.36053747782892759     
   42.286522344170123       0.35996441655208838     
   42.293062171318930       0.35939099531083274     
   42.299601998467736       0.35881721467858169     
   42.306141825616542       0.35824307522911603     
   42.312681652765342       0.35766857753657522     
   42.319221479914148       0.35709372217545676     
   42.325761307062955       0.35651850972061622     
   42.332301134211754       0.35594294074726596     
   42.338840961360560       0.35536701583097485     
   42.345380788509367       0.35479073554766799     
   42.351920615658173       0.35421410047362556     
   42.358460442806972       0.35363711118548258     
   42.365000269955779       0.35305976826022845     
   42.371540097104585       0.35248207227520612     
   42.378079924253392       0.35190402380811148     
   42.384619751402191       0.35132562343699303     
   42.391159578550997       0.35074687174025115     
   42.397699405699804       0.35016776929663740     
   42.404239232848610       0.34958831668525442     
   42.410779059997409       0.34900851448555475     
   42.417318887146216       0.34842836327734056     
   42.423858714295022       0.34784786364076309     
   42.430398541443829       0.34726701615632194     
   42.436938368592628       0.34668582140486476     
   42.443478195741434       0.34610427996758608     
   42.450018022890241       0.34552239242602739     
   42.456557850039040       0.34494015936207623     
   42.463097677187847       0.34435758135796574     
   42.469637504336653       0.34377465899627391     
   42.476177331485459       0.34319139285992306     
   42.482717158634259       0.34260778353217930     
   42.489256985783065       0.34202383159665206     
   42.495796812931872       0.34143953763729318     
   42.502336640080678       0.34085490223839665     
   42.508876467229477       0.34026992598459788     
   42.515416294378284       0.33968460946087314     
   42.521956121527090       0.33909895325253891     
   42.528495948675896       0.33851295794525149     
   42.535035775824696       0.33792662412500607     
   42.541575602973502       0.33733995237813652     
   42.548115430122309       0.33675294329131461     
   42.554655257271108       0.33616559745154939     
   42.561195084419914       0.33557791544618676     
   42.567734911568721       0.33498989786290867     
   42.574274738717527       0.33440154528973270     
   42.580814565866326       0.33381285831501151     
   42.587354393015133       0.33322383752743195     
   42.593894220163939       0.33263448351601488     
   42.600434047312746       0.33204479687011434     
   42.606973874461545       0.33145477817941693     
   42.613513701610351       0.33086442803394134     
   42.620053528759158       0.33027374702403767     
   42.626593355907964       0.32968273574038703     
   42.633133183056763       0.32909139477400062     
   42.639673010205570       0.32849972471621941     
   42.646212837354376       0.32790772615871350     
   42.652752664503183       0.32731539969348145     
   42.659292491651982       0.32672274591284967     
   42.665832318800788       0.32612976540947203     
   42.672372145949595       0.32553645877632892     
   42.678911973098394       0.32494282660672708     
   42.685451800247201       0.32434886949429859     
   42.691991627396007       0.32375458803300056     
   42.698531454544813       0.32315998281711455     
   42.705071281693613       0.32256505444124572     
   42.711611108842419       0.32196980350032245     
   42.718150935991225       0.32137423058959569     
   42.724690763140032       0.32077833630463831     
   42.731230590288831       0.32018212124134465     
   42.737770417437638       0.31958558599592973     
   42.744310244586444       0.31898873116492876     
   42.750850071735250       0.31839155734519670     
   42.757389898884050       0.31779406513390723     
   42.763929726032856       0.31719625512855265     
   42.770469553181663       0.31659812792694292     
   42.777009380330469       0.31599968412720525     
   42.783549207479268       0.31540092432778344     
   42.790089034628075       0.31480184912743736     
   42.796628861776881       0.31420245912524214     
   42.803168688925680       0.31360275492058776     
   42.809708516074487       0.31300273711317850     
   42.816248343223293       0.31240240630303212     
   42.822788170372100       0.31180176309047941     
   42.829327997520899       0.31120080807616357     
   42.835867824669705       0.31059954186103972     
   42.842407651818512       0.30999796504637395     
   42.848947478967318       0.30939607823374315     
   42.855487306116117       0.30879388202503416     
   42.862027133264924       0.30819137702244309     
   42.868566960413730       0.30758856382847499     
   42.875106787562537       0.30698544304594311     
   42.881646614711336       0.30638201527796810     
   42.888186441860142       0.30577828112797789     
   42.894726269008949       0.30517424119970654     
   42.901266096157755       0.30456989609719393     
   42.907805923306555       0.30396524642478528     
   42.914345750455361       0.30336029278713017     
   42.920885577604167       0.30275503578918223     
   42.927425404752967       0.30214947603619863     
   42.933965231901773       0.30154361413373892     
   42.940505059050579       0.30093745068766509     
   42.947044886199386       0.30033098630414057     
   42.953584713348185       0.29972422158962975     
   42.960124540496992       0.29911715715089732     
   42.966664367645798       0.29850979359500773     
   42.973204194794604       0.29790213152932454     
   42.979744021943404       0.29729417156150989     
   42.986283849092210       0.29668591429952368     
   42.992823676241017       0.29607736035162313     
   42.999363503389823       0.29546851032636223     
   43.005903330538622       0.29485936483259101     
   43.012443157687429       0.29424992447945497     
   43.018982984836235       0.29364018987639440     
   43.025522811985034       0.29303016163314399     
   43.032062639133841       0.29241984035973201     
   43.038602466282647       0.29180922666647957     
   43.045142293431454       0.29119832116400052     
   43.051682120580253       0.29058712446320029     
   43.058221947729059       0.28997563717527558     
   43.064761774877866       0.28936385991171371     
   43.071301602026672       0.28875179328429190     
   43.077841429175471       0.28813943790507685     
   43.084381256324278       0.28752679438642387     
   43.090921083473084       0.28691386334097657     
   43.097460910621891       0.28630064538166589     
   43.104000737770690       0.28568714112170984     
   43.110540564919496       0.28507335117461269     
   43.117080392068303       0.28445927615416428     
   43.123620219217109       0.28384491667443978     
   43.130160046365908       0.28323027334979861     
   43.136699873514715       0.28261534679488409     
   43.143239700663521       0.28200013762462273     
   43.149779527812321       0.28138464645422379     
   43.156319354961127       0.28076887389917837     
   43.162859182109933       0.28015282057525909     
   43.169399009258740       0.27953648709851919     
   43.175938836407539       0.27891987408529217     
   43.182478663556346       0.27830298215219113     
   43.189018490705152       0.27768581191610786     
   43.195558317853958       0.27706836399421270     
   43.202098145002758       0.27645063900395350     
   43.208637972151564       0.27583263756305537     
   43.215177799300371       0.27521436028951968     
   43.221717626449177       0.27459580780162374     
   43.228257453597976       0.27397698071791987     
   43.234797280746783       0.27335787965723540     
   43.241337107895589       0.27273850523867121     
   43.247876935044395       0.27211885808160186     
   43.254416762193195       0.27149893880567433     
   43.260956589342001       0.27087874803080803     
   43.267496416490808       0.27025828637719373     
   43.274036243639607       0.26963755446529303     
   43.280576070788413       0.26901655291583781     
   43.287115897937220       0.26839528234982973     
   43.293655725086026       0.26777374338853926     
   43.300195552234825       0.26715193665350540     
   43.306735379383632       0.26652986276653490     
   43.313275206532438       0.26590752234970166     
   43.319815033681245       0.26528491602534610     
   43.326354860830044       0.26466204441607444     
   43.332894687978850       0.26403890814475844     
   43.339434515127657       0.26341550783453427     
   43.345974342276463       0.26279184410880224     
   43.352514169425262       0.26216791759122615     
   43.359053996574069       0.26154372890573241     
   43.365593823722875       0.26091927867650977     
   43.372133650871682       0.26029456752800850     
   43.378673478020481       0.25966959608493967     
   43.385213305169287       0.25904436497227479     
   43.391753132318094       0.25841887481524489     
   43.398292959466893       0.25779312623934020     
   43.404832786615700       0.25716711987030927     
   43.411372613764506       0.25654085633415841     
   43.417912440913312       0.25591433625715121     
   43.424452268062112       0.25528756026580779     
   43.430992095210918       0.25466052898690406     
   43.437531922359724       0.25403324304747138     
   43.444071749508531       0.25340570307479560     
   43.450611576657330       0.25277790969641678     
   43.457151403806137       0.25214986354012825     
   43.463691230954943       0.25152156523397617     
   43.470231058103749       0.25089301540625891     
   43.476770885252549       0.25026421468552623     
   43.483310712401355       0.24963516370057881     
   43.489850539550162       0.24900586308046765     
   43.496390366698968       0.24837631345449343     
   43.502930193847767       0.24774651545220580     
   43.509470020996574       0.24711646970340265     
   43.516009848145380       0.24648617683812979     
   43.522549675294179       0.24585563748668010     
   43.529089502442986       0.24522485227959293     
   43.535629329591792       0.24459382184765346     
   43.542169156740599       0.24396254682189214     
   43.548708983889398       0.24333102783358398     
   43.555248811038204       0.24269926551424800     
   43.561788638187011       0.24206726049564653     
   43.568328465335817       0.24143501340978452     
   43.574868292484616       0.24080252488890908     
   43.581408119633423       0.24016979556550877     
   43.587947946782229       0.23953682607231289     
   43.594487773931036       0.23890361704229091     
   43.601027601079835       0.23827016910865192     
   43.607567428228641       0.23763648290484385     
   43.614107255377448       0.23700255906455286     
   43.620647082526247       0.23636839822170283     
   43.627186909675054       0.23573400101045455     
   43.633726736823860       0.23509936806520532     
   43.640266563972666       0.23446450002058802     
   43.646806391121466       0.23382939751147069     
   43.653346218270272       0.23319406117295582     
   43.659886045419078       0.23255849164037981     
   43.666425872567885       0.23192268954931217     
   43.672965699716684       0.23128665553555494     
   43.679505526865491       0.23065039023514222     
   43.686045354014297       0.23001389428433924     
   43.692585181163103       0.22937716831964203     
   43.699125008311903       0.22874021297777647     
   43.705664835460709       0.22810302889569795     
   43.712204662609516       0.22746561671059054     
   43.718744489758322       0.22682797705986646     
   43.725284316907121       0.22619011058116531     
   43.731824144055928       0.22555201791235360     
   43.738363971204734       0.22491369969152397     
   43.744903798353533       0.22427515655699465     
   43.751443625502340       0.22363638914730874     
   43.757983452651146       0.22299739810123373     
   43.764523279799953       0.22235818405776059     
   43.771063106948752       0.22171874765610339     
   43.777602934097558       0.22107908953569855     
   43.784142761246365       0.22043921033620420     
   43.790682588395171       0.21979911069749949     
   43.797222415543970       0.21915879125968407     
   43.803762242692777       0.21851825266307739     
   43.810302069841583       0.21787749554821809     
   43.816841896990390       0.21723652055586318     
   43.823381724139189       0.21659532832698775     
   43.829921551287995       0.21595391950278395     
   43.836461378436802       0.21531229472466071     
   43.843001205585608       0.21467045463424267     
   43.849541032734408       0.21402839987337002     
   43.856080859883214       0.21338613108409749     
   43.862620687032020       0.21274364890869388     
   43.869160514180820       0.21210095398964135     
   43.875700341329626       0.21145804696963477     
   43.882240168478432       0.21081492849158129     
   43.888779995627239       0.21017159919859932     
   43.895319822776038       0.20952805973401817     
   43.901859649924845       0.20888431074137723     
   43.908399477073651       0.20824035286442563     
   43.914939304222457       0.20759618674712110     
   43.921479131371257       0.20695181303362986     
   43.928018958520063       0.20630723236832554     
   43.934558785668870       0.20566244539578890     
   43.941098612817676       0.20501745276080682     
   43.947638439966475       0.20437225510837201     
   43.954178267115282       0.20372685308368207     
   43.960718094264088       0.20308124733213906     
   43.967257921412894       0.20243543849934872     
   43.973797748561694       0.20178942723111992     
   43.980337575710500       0.20114321417346384     
   43.986877402859307       0.20049679997259362     
   43.993417230008106       0.19985018527492343     
   43.999957057156912       0.19920337072706801     
   44.006496884305719       0.19855635697584181     
   44.013036711454525       0.19790914466825871     
   44.019576538603324       0.19726173445153095     
   44.026116365752131       0.19661412697306868     
   44.032656192900937       0.19596632288047947     
   44.039196020049744       0.19531832282156736     
   44.045735847198543       0.19467012744433240     
   44.052275674347349       0.19402173739696998     
   44.058815501496156       0.19337315332787022     
   44.065355328644962       0.19272437588561711     
   44.071895155793761       0.19207540571898810     
   44.078434982942568       0.19142624347695336     
   44.084974810091374       0.19077688980867510     
   44.091514637240181       0.19012734536350709     
   44.098054464388980       0.18947761079099368     
   44.104594291537786       0.18882768674086947     
   44.111134118686593       0.18817757386305853     
   44.117673945835392       0.18752727280767378     
   44.124213772984199       0.18687678422501616     
   44.130753600133005       0.18622610876557436     
   44.137293427281811       0.18557524708002379     
   44.143833254430611       0.18492419981922617     
   44.150373081579417       0.18427296763422868     
   44.156912908728223       0.18362155117626361     
   44.163452735877030       0.18296995109674735     
   44.169992563025829       0.18231816804727999     
   44.176532390174636       0.18166620267964462     
   44.183072217323442       0.18101405564580653     
   44.189612044472248       0.18036172759791286     
   44.196151871621048       0.17970921918829152     
   44.202691698769854       0.17905653106945102     
   44.209231525918661       0.17840366389407944     
   44.215771353067460       0.17775061831504399     
   44.222311180216266       0.17709739498539021     
   44.228851007365073       0.17644399455834145     
   44.235390834513879       0.17579041768729814     
   44.241930661662678       0.17513666502583716     
   44.248470488811485       0.17448273722771113     
   44.255010315960291       0.17382863494684786     
   44.261550143109098       0.17317435883734966     
   44.268089970257897       0.17251990955349258     
   44.274629797406703       0.17186528774972598     
   44.281169624555510       0.17121049408067163     
   44.287709451704316       0.17055552920112316     
   44.294249278853115       0.16990039376604549     
   44.300789106001922       0.16924508843057406     
   44.307328933150728       0.16858961385001420     
   44.313868760299535       0.16793397067984051     
   44.320408587448334       0.16727815957569614     
   44.326948414597140       0.16662218119339220     
   44.333488241745947       0.16596603618890707     
   44.340028068894746       0.16530972521838574     
   44.346567896043553       0.16465324893813918     
   44.353107723192359       0.16399660800464372     
   44.359647550341165       0.16333980307454024     
   44.366187377489965       0.16268283480463372     
   44.372727204638771       0.16202570385189238     
   44.379267031787577       0.16136841087344719     
   44.385806858936384       0.16071095652659115     
   44.392346686085183       0.16005334146877856     
   44.398886513233990       0.15939556635762453     
   44.405426340382796       0.15873763185090412     
   44.411966167531602       0.15807953860655186     
   44.418505994680402       0.15742128728266100     
   44.425045821829208       0.15676287853748286     
   44.431585648978015       0.15610431302942615     
   44.438125476126821       0.15544559141705647     
   44.444665303275620       0.15478671435909533     
   44.451205130424427       0.15412768251441983     
   44.457744957573233       0.15346849654206182     
   44.464284784722032       0.15280915710120727     
   44.470824611870839       0.15214966485119560     
   44.477364439019645       0.15149002045151908     
   44.483904266168452       0.15083022456182210     
   44.490444093317251       0.15017027784190057     
   44.496983920466057       0.14951018095170121     
   44.503523747614864       0.14884993455132087     
   44.510063574763670       0.14818953930100601     
   44.516603401912469       0.14752899586115184     
   44.523143229061276       0.14686830489230179     
   44.529683056210082       0.14620746705514687     
   44.536222883358889       0.14554648301052489     
   44.542762710507688       0.14488535341941991     
   44.549302537656494       0.14422407894296152     
   44.555842364805301       0.14356266024242417     
   44.562382191954107       0.14290109797922662     
   44.568922019102907       0.14223939281493103     
   44.575461846251713       0.14157754541124268     
   44.582001673400519       0.14091555643000891     
   44.588541500549319       0.14025342653321871     
   44.595081327698125       0.13959115638300196     
   44.601621154846931       0.13892874664162883     
   44.608160981995738       0.13826619797150907     
   44.614700809144537       0.13760351103519133     
   44.621240636293344       0.13694068649536256     
   44.627780463442150       0.13627772501484731     
   44.634320290590956       0.13561462725660703     
   44.640860117739756       0.13495139388373953     
   44.647399944888562       0.13428802555947814     
   44.653939772037369       0.13362452294719118     
   44.660479599186175       0.13296088671038128     
   44.667019426334974       0.13229711751268464     
   44.673559253483781       0.13163321601787054     
   44.680099080632587       0.13096918288984039     
   44.686638907781386       0.13030501879262735     
   44.693178734930193       0.12964072439039551     
   44.699718562078999       0.12897630034743929     
   44.706258389227806       0.12831174732818273     
   44.712798216376605       0.12764706599717884     
   44.719338043525411       0.12698225701910895     
   44.725877870674218       0.12631732105878207     
   44.732417697823024       0.12565225878113412     
   44.738957524971823       0.12498707085122740     
   44.745497352120630       0.12432175793424982     
   44.752037179269436       0.12365632069551430     
   44.758577006418243       0.12299075980045809     
   44.765116833567042       0.12232507591464208     
   44.771656660715848       0.12165926970375016     
   44.778196487864655       0.12099334183358852     
   44.784736315013461       0.12032729297008504     
   44.791276142162260       0.11966112377928860     
   44.797815969311067       0.11899483492736840     
   44.804355796459873       0.11832842708061325     
   44.810895623608673       0.11766190090543104     
   44.817435450757479       0.11699525706834790     
   44.823975277906285       0.11632849623600770     
   44.830515105055092       0.11566161907517128     
   44.837054932203891       0.11499462625271578     
   44.843594759352698       0.11432751843563402     
   44.850134586501504       0.11366029629103383     
   44.856674413650310       0.11299296048613734     
   44.863214240799110       0.11232551168828039     
   44.869754067947916       0.11165795056491173     
   44.876293895096723       0.11099027778359251     
   44.882833722245529       0.11032249401199548     
   44.889373549394328       0.10965459991790445     
   44.895913376543135       0.10898659616921354     
   44.902453203691941       0.10831848343392642     
   44.908993030840747       0.10765026238015588     
   44.915532857989547       0.10698193367612296     
   44.922072685138353       0.10631349799015635     
   44.928612512287160       0.10564495599069178     
   44.935152339435959       0.10497630834627120     
   44.941692166584765       0.10430755572554229     
   44.948231993733572       0.10363869879725765     
   44.954771820882378       0.10296973823027422     
   44.961311648031177       0.10230067469355256     
   44.967851475179984       0.10163150885615621     
   44.974391302328790       0.10096224138725102     
   44.980931129477597       0.10029287295610442     
   44.987470956626396        9.9623404232084892E-002
   44.994010783775202        9.8953835884661112E-002
   45.000550610924009        9.8284168583401457E-002
   45.007090438072815        9.7614402997973221E-002
   45.013630265221614        9.6944539798141979E-002
   45.020170092370421        9.6274579653770953E-002
   45.026709919519227        9.5604523234820271E-002
   45.033249746668034        9.4934371211346333E-002
   45.039789573816833        9.4264124253501211E-002
   45.046329400965639        9.3593783031531805E-002
   45.052869228114446        9.2923348215779369E-002
   45.059409055263245        9.2252820476678724E-002
   45.065948882412052        9.1582200484757598E-002
   45.072488709560858        9.0911488910635996E-002
   45.079028536709664        9.0240686425025501E-002
   45.085568363858464        8.9569793698728570E-002
   45.092108191007270        8.8898811402637945E-002
   45.098648018156076        8.8227740207735911E-002
   45.105187845304883        8.7556580785093693E-002
   45.111727672453682        8.6885333805870671E-002
   45.118267499602489        8.6213999941313846E-002
   45.124807326751295        8.5542579862757082E-002
   45.131347153900101        8.4871074241620451E-002
   45.137886981048901        8.4199483749409568E-002
   45.144426808197707        8.3527809057714952E-002
   45.150966635346514        8.2856050838211265E-002
   45.157506462495320        8.2184209762656737E-002
   45.164046289644119        8.1512286502892453E-002
   45.170586116792926        8.0840281730841679E-002
   45.177125943941732        8.0168196118509172E-002
   45.183665771090531        7.9496030337980528E-002
   45.190205598239338        7.8823785061421570E-002
   45.196745425388144        7.8151460961077557E-002
   45.203285252536951        7.7479058709272561E-002
   45.209825079685750        7.6806578978408868E-002
   45.216364906834556        7.6134022440966176E-002
   45.222904733983363        7.5461389769501050E-002
   45.229444561132169        7.4788681636646162E-002
   45.235984388280968        7.4115898715109638E-002
   45.242524215429775        7.3443041677674376E-002
   45.249064042578581        7.2770111197197451E-002
   45.255603869727388        7.2097107946609326E-002
   45.262143696876187        7.1424032598913265E-002
   45.268683524024993        7.0750885827184584E-002
   45.275223351173800        7.0077668304570101E-002
   45.281763178322599        6.9404380704287297E-002
   45.288303005471406        6.8731023699623778E-002
   45.294842832620212        6.8057597963936581E-002
   45.301382659769018        6.7384104170651410E-002
   45.307922486917818        6.6710542993262067E-002
   45.314462314066624        6.6036915105329733E-002
   45.321002141215430        6.5363221180482309E-002
   45.327541968364237        6.4689461892413688E-002
   45.334081795513036        6.4015637914883183E-002
   45.340621622661843        6.3341749921714777E-002
   45.347161449810649        6.2667798586796428E-002
   45.353701276959455        6.1993784584079503E-002
   45.360241104108255        6.1319708587577994E-002
   45.366780931257061        6.0645571271367889E-002
   45.373320758405868        5.9971373309586518E-002
   45.379860585554674        5.9297115376431848E-002
   45.386400412703473        5.8622798146161795E-002
   45.392940239852280        5.7948422293093597E-002
   45.399480067001086        5.7273988491603089E-002
   45.406019894149885        5.6599497416124113E-002
   45.412559721298692        5.5924949741147714E-002
   45.419099548447498        5.5250346141221568E-002
   45.425639375596305        5.4575687290949276E-002
   45.432179202745104        5.3900973864989696E-002
   45.438719029893910        5.3226206538056237E-002
   45.445258857042717        5.2551385984916252E-002
   45.451798684191523        5.1876512880390267E-002
   45.458338511340322        5.1201587899351413E-002
   45.464878338489129        5.0526611716724651E-002
   45.471418165637935        4.9851585007486161E-002
   45.477957992786742        4.9176508446662673E-002
   45.484497819935541        4.8501382709330736E-002
   45.491037647084347        4.7826208470616083E-002
   45.497577474233154        4.7150986405692971E-002
   45.504117301381960        4.6475717189783453E-002
   45.510657128530760        4.5800401498156736E-002
   45.517196955679566        4.5125040006128533E-002
   45.523736782828372        4.4449633389060321E-002
   45.530276609977172        4.3774182322358711E-002
   45.536816437125978        4.3098687481474794E-002
   45.543356264274784        4.2423149541903384E-002
   45.549896091423591        4.1747569179182438E-002
   45.556435918572390        4.1071947068892320E-002
   45.562975745721197        4.0396283886655129E-002
   45.569515572870003        3.9720580308134051E-002
   45.576055400018809        3.9044837009032662E-002
   45.582595227167609        3.8369054665094271E-002
   45.589135054316415        3.7693233952101203E-002
   45.595674881465222        3.7017375545874191E-002
   45.602214708614028        3.6341480122271633E-002
   45.608754535762827        3.5665548357188950E-002
   45.615294362911634        3.4989580926557913E-002
   45.621834190060440        3.4313578506345956E-002
   45.628374017209246        3.3637541772555492E-002
   45.634913844358046        3.2961471401223255E-002
   45.641453671506852        3.2285368068419612E-002
   45.647993498655659        3.1609232450247902E-002
   45.654533325804458        3.0933065222843746E-002
   45.661073152953264        3.0256867062374366E-002
   45.667612980102071        2.9580638645037925E-002
   45.674152807250877        2.8904380647062838E-002
   45.680692634399676        2.8228093744707104E-002
   45.687232461548483        2.7551778614257623E-002
   45.693772288697289        2.6875435932029526E-002
   45.700312115846096        2.6199066374365497E-002
   45.706851942994895        2.5522670617635097E-002
   45.713391770143701        2.4846249338234077E-002
   45.719931597292508        2.4169803212583718E-002
   45.726471424441314        2.3493332917130145E-002
   45.733011251590113        2.2816839128343657E-002
   45.739551078738920        2.2140322522718036E-002
   45.746090905887726        2.1463783776769895E-002
   45.752630733036526        2.0787223567037976E-002
   45.759170560185332        2.0110642570082486E-002
   45.765710387334138        1.9434041462484432E-002
   45.772250214482945        1.8757420920844911E-002
   45.778790041631744        1.8080781621784468E-002
   45.785329868780551        1.7404124241942404E-002
   45.791869695929357        1.6727449457976100E-002
   45.798409523078163        1.6050757946560336E-002
   45.804949350226963        1.5374050384386627E-002
   45.811489177375769        1.4697327448162533E-002
   45.818029004524575        1.4020589814610993E-002
   45.824568831673382        1.3343838160469640E-002
   45.831108658822181        1.2667073162490123E-002
   45.837648485970988        1.1990295497437447E-002
   45.844188313119794        1.1313505842089275E-002
   45.850728140268600        1.0636704873235259E-002
   45.857267967417400        9.9598932676763698E-003
   45.863807794566206        9.2830717022242114E-003
   45.870347621715013        8.6062408537003528E-003
   45.876887448863812        7.9294013989356423E-003
   45.883427276012618        7.2525540147695298E-003
   45.889967103161425        6.5756993780494042E-003
   45.896506930310231        5.8988381656298996E-003
   45.903046757459030        5.2219710543722287E-003
   45.909586584607837        4.5450987211435043E-003
   45.916126411756643        3.8682218428160581E-003
   45.922666238905450        3.1913410962667700E-003
   45.929206066054249        2.5144571583763852E-003
   45.935745893203055        1.8375707060288423E-003
   45.942285720351862        1.1606824161105932E-003
   45.948825547500668        4.8379296550992790E-004
   45.955365374649467       -1.9309696888370281E-004
   45.961905201798274       -8.6998671018036471E-004
   45.968445028947080       -1.5468755814903163E-003
   45.974984856095887       -2.2237629059246866E-003
   45.981524683244686       -2.9006480065961507E-003
   45.988064510393492       -3.5775302066196092E-003
   45.994604337542299       -4.2544088291128603E-003
   46.001144164691098       -4.9312831971972827E-003
   46.007683991839905       -5.6081526339985073E-003
   46.014223818988711       -6.2850164626470978E-003
   46.020763646137517       -6.9618740062792244E-003
   46.027303473286317       -7.6387245880373440E-003
   46.033843300435123       -8.3155675310708776E-003
   46.040383127583929       -8.9924021585368781E-003
   46.046922954732736       -9.6692277936007189E-003
   46.053462781881535       -1.0346043759436768E-002
   46.060002609030342       -1.1022849379229056E-002
   46.066542436179148       -1.1699643976171965E-002
   46.073082263327954       -1.2376426873470896E-002
   46.079622090476754       -1.3053197394342953E-002
   46.086161917625560       -1.3729954862017618E-002
   46.092701744774367       -1.4406698599737418E-002
   46.099241571923173       -1.5083427930758621E-002
   46.105781399071972       -1.5760142178351894E-002
   46.112321226220779       -1.6436840665802987E-002
   46.118861053369585       -1.7113522716413414E-002
   46.125400880518384       -1.7790187653501124E-002
   46.131940707667191       -1.8466834800401181E-002
   46.138480534815997       -1.9143463480466437E-002
   46.145020361964804       -1.9820073017068212E-002
   46.151560189113603       -2.0496662733596970E-002
   46.158100016262409       -2.1173231953462997E-002
   46.164639843411216       -2.1849780000097067E-002
   46.171179670560022       -2.2526306196951139E-002
   46.177719497708821       -2.3202809867499011E-002
   46.184259324857628       -2.3879290335237023E-002
   46.190799152006434       -2.4555746923684698E-002
   46.197338979155241       -2.5232178956385451E-002
   46.203878806304040       -2.5908585756907243E-002
   46.210418633452846       -2.6584966648843283E-002
   46.216958460601653       -2.7261320955812671E-002
   46.223498287750459       -2.7937648001461104E-002
   46.230038114899259       -2.8613947109461531E-002
   46.236577942048065       -2.9290217603514850E-002
   46.243117769196871       -2.9966458807350570E-002
   46.249657596345671       -3.0642670044727479E-002
   46.256197423494477       -3.1318850639434341E-002
   46.262737250643283       -3.1994999915290562E-002
   46.269277077792090       -3.2671117196146869E-002
   46.275816904940889       -3.3347201805885983E-002
   46.282356732089696       -3.4023253068423291E-002
   46.288896559238502       -3.4699270307707523E-002
   46.295436386387308       -3.5375252847721451E-002
   46.301976213536108       -3.6051200012482534E-002
   46.308516040684914       -3.6727111126043606E-002
   46.315055867833721       -3.7402985512493547E-002
   46.321595694982527       -3.8078822495957988E-002
   46.328135522131326       -3.8754621400599924E-002
   46.334675349280133       -3.9430381550620459E-002
   46.341215176428939       -4.0106102270259444E-002
   46.347755003577738       -4.0781782883796157E-002
   46.354294830726545       -4.1457422715549988E-002
   46.360834657875351       -4.2133021089881095E-002
   46.367374485024158       -4.2808577331191124E-002
   46.373914312172957       -4.3484090763923816E-002
   46.380454139321763       -4.4159560712565743E-002
   46.386993966470570       -4.4834986501646946E-002
   46.393533793619376       -4.5510367455741663E-002
   46.400073620768175       -4.6185702899468911E-002
   46.406613447916982       -4.6860992157493266E-002
   46.413153275065788       -4.7536234554525450E-002
   46.419693102214595       -4.8211429415323082E-002
   46.426232929363394       -4.8886576064691302E-002
   46.432772756512200       -4.9561673827483450E-002
   46.439312583661007       -5.0236722028601778E-002
   46.445852410809813       -5.0911719992998067E-002
   46.452392237958612       -5.1586667045674377E-002
   46.458932065107419       -5.2261562511683637E-002
   46.465471892256225       -5.2936405716130383E-002
   46.472011719405025       -5.3611195984171418E-002
   46.478551546553831       -5.4285932641016464E-002
   46.485091373702637       -5.4960615011928872E-002
   46.491631200851444       -5.5635242422226269E-002
   46.498171028000243       -5.6309814197281247E-002
   46.504710855149050       -5.6984329662522024E-002
   46.511250682297856       -5.7658788143433143E-002
   46.517790509446662       -5.8333188965556122E-002
   46.524330336595462       -5.9007531454490128E-002
   46.530870163744268       -5.9681814935892682E-002
   46.537409990893075       -6.0356038735480316E-002
   46.543949818041881       -6.1030202179029214E-002
   46.550489645190680       -6.1704304592375935E-002
   46.557029472339487       -6.2378345301418066E-002
   46.563569299488293       -6.3052323632114882E-002
   46.570109126637099       -6.3726238910488078E-002
   46.576648953785899       -6.4400090462622364E-002
   46.583188780934705       -6.5073877614666167E-002
   46.589728608083512       -6.5747599692832379E-002
   46.596268435232311       -6.6421256023398892E-002
   46.602808262381117       -6.7094845932709382E-002
   46.609348089529924       -6.7768368747173929E-002
   46.615887916678730       -6.8441823793269727E-002
   46.622427743827529       -6.9115210397541746E-002
   46.628967570976336       -6.9788527886603349E-002
   46.635507398125142       -7.0461775587137079E-002
   46.642047225273949       -7.1134952825895215E-002
   46.648587052422748       -7.1808058929700519E-002
   46.655126879571554       -7.2481093225446908E-002
   46.661666706720361       -7.3154055040100058E-002
   46.668206533869167       -7.3826943700698172E-002
   46.674746361017966       -7.4499758534352575E-002
   46.681286188166773       -7.5172498868248463E-002
   46.687826015315579       -7.5845164029645473E-002
   46.694365842464386       -7.6517753345878459E-002
   46.700905669613185       -7.7190266144358088E-002
   46.707445496761991       -7.7862701752571595E-002
   46.713985323910798       -7.8535059498083343E-002
   46.720525151059597       -7.9207338708535593E-002
   46.727064978208404       -7.9879538711649128E-002
   46.733604805357210       -8.0551658835223944E-002
   46.740144632506016       -8.1223698407139930E-002
   46.746684459654816       -8.1895656755357510E-002
   46.753224286803622       -8.2567533207918334E-002
   46.759764113952428       -8.3239327092945944E-002
   46.766303941101235       -8.3911037738646471E-002
   46.772843768250034       -8.4582664473309255E-002
   46.779383595398841       -8.5254206625307583E-002
   46.785923422547647       -8.5925663523099272E-002
   46.792463249696453       -8.6597034495227432E-002
   46.799003076845253       -8.7268318870321118E-002
   46.805542903994059       -8.7939515977095914E-002
   46.812082731142866       -8.8610625144354721E-002
   46.818622558291665       -8.9281645700988427E-002
   46.825162385440471       -8.9952576975976417E-002
   46.831702212589278       -9.0623418298387451E-002
   46.838242039738084       -9.1294168997380160E-002
   46.844781866886883       -9.1964828402203894E-002
   46.851321694035690       -9.2635395842199209E-002
   46.857861521184496       -9.3305870646798683E-002
   46.864401348333303       -9.3976252145527517E-002
   46.870941175482102       -9.4646539668004195E-002
   46.877481002630908       -9.5316732543941213E-002
   46.884020829779715       -9.5986830103145654E-002
   46.890560656928521       -9.6656831675520027E-002
   46.897100484077320       -9.7326736591062724E-002
   46.903640311226127       -9.7996544179868805E-002
   46.910180138374933       -9.8666253772130702E-002
   46.916719965523740       -9.9335864698138834E-002
   46.923259792672539      -0.10000537628828227     
   46.929799619821345      -0.10067478787304943     
   46.936339446970152      -0.10134409878302869     
   46.942879274118951      -0.10201330834890919     
   46.949419101267758      -0.10268241590148135     
   46.955958928416564      -0.10335142077163760     
   46.962498755565370      -0.10402032229037309     
   46.969038582714170      -0.10468911978878628     
   46.975578409862976      -0.10535781259807969     
   46.982118237011782      -0.10602640004956050     
   46.988658064160589      -0.10669488147464129     
   46.995197891309388      -0.10736325620484058     
   47.001737718458195      -0.10803152357178369     
   47.008277545607001      -0.10869968290720322     
   47.014817372755807      -0.10936773354293984     
   47.021357199904607      -0.11003567481094294     
   47.027897027053413      -0.11070350604327121     
   47.034436854202220      -0.11137122657209345     
   47.040976681351026      -0.11203883572968910     
   47.047516508499825      -0.11270633284844901     
   47.054056335648632      -0.11337371726087610     
   47.060596162797438      -0.11404098829958592     
   47.067135989946237      -0.11470814529730745     
   47.073675817095044      -0.11537518758688368     
   47.080215644243850      -0.11604211450127233     
   47.086755471392657      -0.11670892537354646     
   47.093295298541456      -0.11737561953689524     
   47.099835125690262      -0.11804219632462448     
   47.106374952839069      -0.11870865507015738     
   47.112914779987875      -0.11937499510703523     
   47.119454607136674      -0.12004121576891796     
   47.125994434285481      -0.12070731638958493     
   47.132534261434287      -0.12137329630293549     
   47.139074088583094      -0.12203915484298977     
   47.145613915731893      -0.12270489134388919     
   47.152153742880699      -0.12337050513989727     
   47.158693570029506      -0.12403599556540021     
   47.165233397178312      -0.12470136195490757     
   47.171773224327112      -0.12536660364305299     
   47.178313051475918      -0.12603171996459478     
   47.184852878624724      -0.12669671025441659     
   47.191392705773524      -0.12736157384752816     
   47.197932532922330      -0.12802631007906587     
   47.204472360071136      -0.12869091828429352     
   47.211012187219943      -0.12935539779860289     
   47.217552014368742      -0.13001974795751442     
   47.224091841517549      -0.13068396809667801     
   47.230631668666355      -0.13134805755187348     
   47.237171495815161      -0.13201201565901141     
   47.243711322963961      -0.13267584175413366     
   47.250251150112767      -0.13333953517341415     
   47.256790977261574      -0.13400309525315948     
   47.263330804410380      -0.13466652132980955     
   47.269870631559179      -0.13532981273993830     
   47.276410458707986      -0.13599296882025427     
   47.282950285856792      -0.13665598890760147     
   47.289490113005598      -0.13731887233895973     
   47.296029940154398      -0.13798161845144569     
   47.302569767303204      -0.13864422658231315     
   47.309109594452011      -0.13930669606895407     
   47.315649421600810      -0.13996902624889893     
   47.322189248749616      -0.14063121645981749     
   47.328729075898423      -0.14129326603951961     
   47.335268903047229      -0.14195517432595570     
   47.341808730196028      -0.14261694065721744     
   47.348348557344835      -0.14327856437153855     
   47.354888384493641      -0.14394004480729528     
   47.361428211642448      -0.14460138130300718     
   47.367968038791247      -0.14526257319733779     
   47.374507865940053      -0.14592361982909519     
   47.381047693088860      -0.14658452053723278     
   47.387587520237666      -0.14724527466084983     
   47.394127347386465      -0.14790588153919224     
   47.400667174535272      -0.14856634051165310     
   47.407207001684078      -0.14922665091777346     
   47.413746828832878      -0.14988681209724289     
   47.420286655981684      -0.15054682338990022     
   47.426826483130490      -0.15120668413573418     
   47.433366310279297      -0.15186639367488400     
   47.439906137428096      -0.15252595134764010     
   47.446445964576903      -0.15318535649444492     
   47.452985791725709      -0.15384460845589321     
   47.459525618874515      -0.15450370657273305     
   47.466065446023315      -0.15516265018586631     
   47.472605273172121      -0.15582143863634937     
   47.479145100320927      -0.15648007126539382     
   47.485684927469734      -0.15713854741436697     
   47.492224754618533      -0.15779686642479271     
   47.498764581767340      -0.15845502763835206     
   47.505304408916146      -0.15911303039688376     
   47.511844236064952      -0.15977087404238505     
   47.518384063213752      -0.16042855791701233     
   47.524923890362558      -0.16108608136308164     
   47.531463717511365      -0.16174344372306965     
   47.538003544660164      -0.16240064433961388     
   47.544543371808970      -0.16305768255551381     
   47.551083198957777      -0.16371455771373117     
   47.557623026106583      -0.16437126915739081     
   47.564162853255382      -0.16502781622978127     
   47.570702680404189      -0.16568419827435552     
   47.577242507552995      -0.16634041463473148     
   47.583782334701802      -0.16699646465469278     
   47.590322161850601      -0.16765234767818946     
   47.596861988999407      -0.16830806304933846     
   47.603401816148214      -0.16896361011242439     
   47.609941643297020      -0.16961898821190022     
   47.616481470445819      -0.17027419669238783     
   47.623021297594626      -0.17092923489867873     
   47.629561124743432      -0.17158410217573472     
   47.636100951892239      -0.17223879786868859     
   47.642640779041038      -0.17289332132284457     
   47.649180606189844      -0.17354767188367926     
   47.655720433338651      -0.17420184889684207     
   47.662260260487450      -0.17485585170815598     
   47.668800087636257      -0.17550967966361825     
   47.675339914785063      -0.17616333210940083     
   47.681879741933869      -0.17681680839185132     
   47.688419569082669      -0.17747010785749337     
   47.694959396231475      -0.17812322985302759     
   47.701499223380281      -0.17877617372533200     
   47.708039050529088      -0.17942893882146266     
   47.714578877677887      -0.18008152448865450     
   47.721118704826694      -0.18073393007432187     
   47.727658531975500      -0.18138615492605911     
   47.734198359124306      -0.18203819839164143     
   47.740738186273106      -0.18269005981902542     
   47.747278013421912      -0.18334173855634955     
   47.753817840570719      -0.18399323395193512     
   47.760357667719525      -0.18464454535428673     
   47.766897494868324      -0.18529567211209300     
   47.773437322017131      -0.18594661357422718     
   47.779977149165937      -0.18659736908974775     
   47.786516976314736      -0.18724793800789924     
   47.793056803463543      -0.18789831967811271     
   47.799596630612349      -0.18854851345000651     
   47.806136457761156      -0.18919851867338688     
   47.812676284909955      -0.18984833469824858     
   47.819216112058761      -0.19049796087477558     
   47.825755939207568      -0.19114739655334173     
   47.832295766356374      -0.19179664108451130     
   47.838835593505173      -0.19244569381903978     
   47.845375420653980      -0.19309455410787449     
   47.851915247802786      -0.19374322130215507     
   47.858455074951593      -0.19439169475321436     
   47.864994902100392      -0.19503997381257884     
   47.871534729249198      -0.19568805783196952     
   47.878074556398005      -0.19633594616330241     
   47.884614383546811      -0.19698363815868908     
   47.891154210695611      -0.19763113317043765     
   47.897694037844417      -0.19827843055105301     
   47.904233864993223      -0.19892552965323784     
   47.910773692142023      -0.19957242982989301     
   47.917313519290829      -0.20021913043411843     
   47.923853346439635      -0.20086563081921335     
   47.930393173588442      -0.20151193033867751     
   47.936933000737241      -0.20215802834621130     
   47.943472827886048      -0.20280392419571674     
   47.950012655034854      -0.20344961724129801     
   47.956552482183660      -0.20409510683726201     
   47.963092309332460      -0.20474039233811919     
   47.969632136481266      -0.20538547309858401     
   47.976171963630073      -0.20603034847357576     
   47.982711790778879      -0.20667501781821898     
   47.989251617927678      -0.20731948048784443     
   47.995791445076485      -0.20796373583798936     
   48.002331272225291      -0.20860778322439841     
   48.008871099374090      -0.20925162200302427     
   48.015410926522897      -0.20989525153002814     
   48.021950753671703      -0.21053867116178046     
   48.028490580820510      -0.21118188025486162     
   48.035030407969309      -0.21182487816606257     
   48.041570235118115      -0.21246766425238534     
   48.048110062266922      -0.21311023787104386     
   48.054649889415728      -0.21375259837946453     
   48.061189716564527      -0.21439474513528681     
   48.067729543713334      -0.21503667749636396     
   48.074269370862140      -0.21567839482076365     
   48.080809198010947      -0.21631989646676850     
   48.087349025159746      -0.21696118179287691     
   48.093888852308552      -0.21760225015780349     
   48.100428679457359      -0.21824310092047997     
   48.106968506606165      -0.21888373344005549     
   48.113508333754964      -0.21952414707589760     
   48.120048160903771      -0.22016434118759265     
   48.126587988052577      -0.22080431513494650     
   48.133127815201377      -0.22144406827798518     
   48.139667642350183      -0.22208359997695559     
   48.146207469498989      -0.22272290959232599     
   48.152747296647796      -0.22336199648478683     
   48.159287123796595      -0.22400086001525119     
   48.165826950945402      -0.22463949954485551     
   48.172366778094208      -0.22527791443496031     
   48.178906605243014      -0.22591610404715065     
   48.185446432391814      -0.22655406774323694     
   48.191986259540620      -0.22719180488525545     
   48.198526086689427      -0.22782931483546912     
   48.205065913838233      -0.22846659695636792     
   48.211605740987032      -0.22910365061066976     
   48.218145568135839      -0.22974047516132101     
   48.224685395284645      -0.23037706997149707     
   48.231225222433451      -0.23101343440460320     
   48.237765049582251      -0.23164956782427493     
   48.244304876731057      -0.23228546959437885     
   48.250844703879864      -0.23292113907901316     
   48.257384531028663      -0.23355657564250842     
   48.263924358177469      -0.23419177864942808     
   48.270464185326276      -0.23482674746456905     
   48.277004012475082      -0.23546148145296256     
   48.283543839623881      -0.23609597997987461     
   48.290083666772688      -0.23673024241080670     
   48.296623493921494      -0.23736426811149638     
   48.303163321070301      -0.23799805644791797     
   48.309703148219100      -0.23863160678628309     
   48.316242975367906      -0.23926491849304149     
   48.322782802516713      -0.23989799093488137     
   48.329322629665519      -0.24053082347873031     
   48.335862456814318      -0.24116341549175574     
   48.342402283963125      -0.24179576634136574     
   48.348942111111931      -0.24242787539520935     
   48.355481938260738      -0.24305974202117764     
   48.362021765409537      -0.24369136558740387     
   48.368561592558343      -0.24432274546226454     
   48.375101419707150      -0.24495388101437973     
   48.381641246855949      -0.24558477161261394     
   48.388181074004756      -0.24621541662607654     
   48.394720901153562      -0.24684581542412254     
   48.401260728302368      -0.24747596737635308     
   48.407800555451168      -0.24810587185261629     
   48.414340382599974      -0.24873552822300760     
   48.420880209748780      -0.24936493585787070     
   48.427420036897587      -0.24999409412779794     
   48.433959864046386      -0.25062300240363106     
   48.440499691195193      -0.25125166005646182     
   48.447039518343999      -0.25188006645763245     
   48.453579345492805      -0.25250822097873665     
   48.460119172641605      -0.25313612299161986     
   48.466658999790411      -0.25376377186838012     
   48.473198826939218      -0.25439116698136843     
   48.479738654088017      -0.25501830770318984     
   48.486278481236823      -0.25564519340670350     
   48.492818308385630      -0.25627182346502381     
   48.499358135534436      -0.25689819725152063     
   48.505897962683235      -0.25752431413982019     
   48.512437789832042      -0.25815017350380559     
   48.518977616980848      -0.25877577471761759     
   48.525517444129655      -0.25940111715565484     
   48.532057271278454      -0.26002620019257489     
   48.538597098427260      -0.26065102320329475     
   48.545136925576067      -0.26127558556299141     
   48.551676752724873      -0.26189988664710251     
   48.558216579873672      -0.26252392583132700     
   48.564756407022479      -0.26314770249162561     
   48.571296234171285      -0.26377121600422176     
   48.577836061320092      -0.26439446574560188     
   48.584375888468891      -0.26501745109251623     
   48.590915715617697      -0.26564017142197949     
   48.597455542766504      -0.26626262611127138     
   48.603995369915303      -0.26688481453793711     
   48.610535197064110      -0.26750673607978831     
   48.617075024212916      -0.26812839011490341     
   48.623614851361722      -0.26874977602162847     
   48.630154678510522      -0.26937089317857743     
   48.636694505659328      -0.26999174096463324     
   48.643234332808134      -0.27061231875894803     
   48.649774159956941      -0.27123262594094416     
   48.656313987105740      -0.27185266189031432     
   48.662853814254547      -0.27247242598702254     
   48.669393641403353      -0.27309191761130486     
   48.675933468552159      -0.27371113614366949     
   48.682473295700959      -0.27433008096489797     
   48.689013122849765      -0.27494875145604547     
   48.695552949998572      -0.27556714699844159     
   48.702092777147378      -0.27618526697369067     
   48.708632604296177      -0.27680311076367276     
   48.715172431444984      -0.27742067775054408     
   48.721712258593790      -0.27803796731673769     
   48.728252085742589      -0.27865497884496387     
   48.734791912891396      -0.27927171171821125     
   48.741331740040202      -0.27988816531974692     
   48.747871567189009      -0.28050433903311722     
   48.754411394337808      -0.28112023224214855     
   48.760951221486614      -0.28173584433094762     
   48.767491048635421      -0.28235117468390236     
   48.774030875784227      -0.28296622268568239     
   48.780570702933026      -0.28358098772123969     
   48.787110530081833      -0.28419546917580935     
   48.793650357230639      -0.28480966643490979     
   48.800190184379446      -0.28542357888434378     
   48.806730011528245      -0.28603720591019888     
   48.813269838677051      -0.28665054689884806     
   48.819809665825858      -0.28726360123695033     
   48.826349492974664      -0.28787636831145136     
   48.832889320123464      -0.28848884750958409     
   48.839429147272270      -0.28910103821886940     
   48.845968974421076      -0.28971293982711638     
   48.852508801569876      -0.29032455172242355     
   48.859048628718682      -0.29093587329317899     
   48.865588455867488      -0.29154690392806115     
   48.872128283016295      -0.29215764301603936     
   48.878668110165094      -0.29276808994637454     
   48.885207937313901      -0.29337824410861979     
   48.891747764462707      -0.29398810489262100     
   48.898287591611513      -0.29459767168851725     
   48.904827418760313      -0.29520694388674179     
   48.911367245909119      -0.29581592087802244     
   48.917907073057926      -0.29642460205338228     
   48.924446900206732      -0.29703298680414003     
   48.930986727355531      -0.29764107452191102     
   48.937526554504338      -0.29824886459860744     
   48.944066381653144      -0.29885635642643926     
   48.950606208801950      -0.29946354939791470     
   48.957146035950750      -0.30007044290584067     
   48.963685863099556      -0.30067703634332377     
   48.970225690248363      -0.30128332910377059     
   48.976765517397162      -0.30188932058088819     
   48.983305344545968      -0.30249501016868530     
   48.989845171694775      -0.30310039726147220     
   48.996384998843581      -0.30370548125386182     
   49.002924825992380      -0.30431026154077018     
   49.009464653141187      -0.30491473751741704     
   49.016004480289993      -0.30551890857932640     
   49.022544307438800      -0.30612277412232713     
   49.029084134587599      -0.30672633354255380     
   49.035623961736405      -0.30732958623644685     
   49.042163788885212      -0.30793253160075373     
   49.048703616034018      -0.30853516903252898     
   49.055243443182817      -0.30913749792913520     
   49.061783270331624      -0.30973951768824348     
   49.068323097480430      -0.31034122770783407     
   49.074862924629230      -0.31094262738619693     
   49.081402751778036      -0.31154371612193243     
   49.087942578926842      -0.31214449331395178     
   49.094482406075649      -0.31274495836147781     
   49.101022233224448      -0.31334511066404547     
   49.107562060373255      -0.31394494962150249     
   49.114101887522061      -0.31454447463400986     
   49.120641714670867      -0.31514368510204260     
   49.127181541819667      -0.31574258042639031     
   49.133721368968473      -0.31634116000815754     
   49.140261196117279      -0.31693942324876478     
   49.146801023266086      -0.31753736954994877     
   49.153340850414885      -0.31813499831376318     
   49.159880677563692      -0.31873230894257937     
   49.166420504712498      -0.31932930083908651     
   49.172960331861304      -0.31992597340629286     
   49.179500159010104      -0.32052232604752573     
   49.186039986158910      -0.32111835816643258     
   49.192579813307717      -0.32171406916698131     
   49.199119640456516      -0.32230945845346082     
   49.205659467605322      -0.32290452543048193     
   49.212199294754129      -0.32349926950297764     
   49.218739121902935      -0.32409369007620381     
   49.225278949051734      -0.32468778655573999     
   49.231818776200541      -0.32528155834748956     
   49.238358603349347      -0.32587500485768078     
   49.244898430498154      -0.32646812549286713     
   49.251438257646953      -0.32706091965992801     
   49.257978084795759      -0.32765338676606920     
   49.264517911944566      -0.32824552621882358     
   49.271057739093372      -0.32883733742605181     
   49.277597566242171      -0.32942881979594257     
   49.284137393390978      -0.33001997273701361     
   49.290677220539784      -0.33061079565811186     
   49.297217047688591      -0.33120128796841447     
   49.303756874837390      -0.33179144907742913     
   49.310296701986196      -0.33238127839499476     
   49.316836529135003      -0.33297077533128194     
   49.323376356283802      -0.33355993929679378     
   49.329916183432609      -0.33414876970236640     
   49.336456010581415      -0.33473726595916925     
   49.342995837730221      -0.33532542747870620     
   49.349535664879021      -0.33591325367281560     
   49.356075492027827      -0.33650074395367136     
   49.362615319176633      -0.33708789773378323     
   49.369155146325440      -0.33767471442599734     
   49.375694973474239      -0.33826119344349698     
   49.382234800623046      -0.33884733419980317     
   49.388774627771852      -0.33943313610877518     
   49.395314454920658      -0.34001859858461109     
   49.401854282069458      -0.34060372104184838     
   49.408394109218264      -0.34118850289536468     
   49.414933936367071      -0.34177294356037802     
   49.421473763515877      -0.34235704245244791     
   49.428013590664676      -0.34294079898747526     
   49.434553417813483      -0.34352421258170363     
   49.441093244962289      -0.34410728265171947     
   49.447633072111088      -0.34469000861445270     
   49.454172899259895      -0.34527238988717723     
   49.460712726408701      -0.34585442588751192     
   49.467252553557508      -0.34643611603342078     
   49.473792380706307      -0.34701745974321363     
   49.480332207855113      -0.34759845643554671     
   49.486872035003920      -0.34817910552942349     
   49.493411862152726      -0.34875940644419468     
   49.499951689301525      -0.34933935859955945     
   49.506491516450332      -0.34991896141556561     
   49.513031343599138      -0.35049821431261041     
   49.519571170747945      -0.35107711671144082     
   49.526110997896744      -0.35165566803315451     
   49.532650825045550      -0.35223386769920029     
   49.539190652194357      -0.35281171513137832     
   49.545730479343156      -0.35338920975184118     
   49.552270306491963      -0.35396635098309431     
   49.558810133640769      -0.35454313824799655     
   49.565349960789575      -0.35511957096976055     
   49.571889787938375      -0.35569564857195363     
   49.578429615087181      -0.35627137047849805     
   49.584969442235987      -0.35684673611367212     
   49.591509269384794      -0.35742174490210998     
   49.598049096533593      -0.35799639626880292     
   49.604588923682400      -0.35857068963909972     
   49.611128750831206      -0.35914462443870676     
   49.617668577980012      -0.35971820009368943     
   49.624208405128812      -0.36029141603047193     
   49.630748232277618      -0.36086427167583845     
   49.637288059426425      -0.36143676645693329     
   49.643827886575231      -0.36200889980126166     
   49.650367713724030      -0.36258067113669024     
   49.656907540872837      -0.36315207989144765     
   49.663447368021643      -0.36372312549412511     
   49.669987195170442      -0.36429380737367717     
   49.676527022319249      -0.36486412495942183     
   49.683066849468055      -0.36543407768104158     
   49.689606676616862      -0.36600366496858366     
   49.696146503765661      -0.36657288625246065     
   49.702686330914467      -0.36714174096345142     
   49.709226158063274      -0.36771022853270124     
   49.715765985212080      -0.36827834839172252     
   49.722305812360879      -0.36884609997239554     
   49.728845639509686      -0.36941348270696850     
   49.735385466658492      -0.36998049602805871     
   49.741925293807299      -0.37054713936865297     
   49.748465120956098      -0.37111341216210775     
   49.755004948104904      -0.37167931384215047     
   49.761544775253711      -0.37224484384287931     
   49.768084602402517      -0.37281000159876432     
   49.774624429551316      -0.37337478654464773     
   49.781164256700123      -0.37393919811574455     
   49.787704083848929      -0.37450323574764327     
   49.794243910997729      -0.37506689887630634     
   49.800783738146535      -0.37563018693807049     
   49.807323565295341      -0.37619309936964773     
   49.813863392444148      -0.37675563560812547     
   49.820403219592947      -0.37731779509096774     
   49.826943046741754      -0.37787957725601484     
   49.833482873890560      -0.37844098154148476     
   49.840022701039366      -0.37900200738597312     
   49.846562528188166      -0.37956265422845403     
   49.853102355336972      -0.38012292150828075     
   49.859642182485779      -0.38068280866518595     
   49.866182009634585      -0.38124231513928253     
   49.872721836783384      -0.38180144037106389     
   49.879261663932191      -0.38236018380140502     
   49.885801491080997      -0.38291854487156229     
   49.892341318229803      -0.38347652302317475     
   49.898881145378603      -0.38403411769826418     
   49.905420972527409      -0.38459132833923587     
   49.911960799676216      -0.38514815438887923     
   49.918500626825015      -0.38570459529036827     
   49.925040453973821      -0.38626065048726205     
   49.931580281122628      -0.38681631942350519     
   49.938120108271434      -0.38737160154342909     
   49.944659935420233      -0.38792649629175135     
   49.951199762569040      -0.38848100311357731     
   49.957739589717846      -0.38903512145440017     
   49.964279416866653      -0.38958885076010158     
   49.970819244015452      -0.39014219047695220     
   49.977359071164258      -0.39069514005161243     
   49.983898898313065      -0.39124769893113265     
   49.990438725461871      -0.39179986656295390     
   49.996978552610670      -0.39235164239490866     
   50.003518379759477      -0.39290302587522091     
   50.010058206908283      -0.39345401645250738     
   50.016598034057090      -0.39400461357577732     
   50.023137861205889      -0.39455481669443371     
   50.029677688354695      -0.39510462525827333     
   50.036217515503502      -0.39565403871748767     
   50.042757342652301      -0.39620305652266330     
   50.049297169801108      -0.39675167812478240     
   50.055836996949914      -0.39729990297522344     
   50.062376824098720      -0.39784773052576144     
   50.068916651247520      -0.39839516022856897     
   50.075456478396326      -0.39894219153621624     
   50.081996305545132      -0.39948882390167195     
   50.088536132693939      -0.40003505677830364     
   50.095075959842738      -0.40058088961987870     
   50.101615786991545      -0.40112632188056402     
   50.108155614140351      -0.40167135301492735     
   50.114695441289157      -0.40221598247793783     
   50.121235268437957      -0.40276020972496579     
   50.127775095586763      -0.40330403421178407     
   50.134314922735570      -0.40384745539456812     
   50.140854749884369      -0.40439047272989681     
   50.147394577033175      -0.40493308567475272     
   50.153934404181982      -0.40547529368652291     
   50.160474231330788      -0.40601709622299942     
   50.167014058479587      -0.40655849274237971     
   50.173553885628394      -0.40709948270326718     
   50.180093712777200      -0.40764006556467203     
   50.186633539926007      -0.40818024078601117     
   50.193173367074806      -0.40872000782710965     
   50.199713194223612      -0.40925936614820030     
   50.206253021372419      -0.40979831520992471     
   50.212792848521225      -0.41033685447333401     
   50.219332675670024      -0.41087498339988876     
   50.225872502818831      -0.41141270145146008     
   50.232412329967637      -0.41195000809033006     
   50.238952157116444      -0.41248690277919176     
   50.245491984265243      -0.41302338498115088     
   50.252031811414049      -0.41355945415972489     
   50.258571638562856      -0.41409510977884473     
   50.265111465711655      -0.41463035130285492     
   50.271651292860462      -0.41516517819651361     
   50.278191120009268      -0.41569958992499417     
   50.284730947158074      -0.41623358595388488     
   50.291270774306874      -0.41676716574918965     
   50.297810601455680      -0.41730032877732859     
   50.304350428604486      -0.41783307450513885     
   50.310890255753293      -0.41836540239987446     
   50.317430082902092      -0.41889731192920771     
   50.323969910050899      -0.41942880256122905     
   50.330509737199705      -0.41995987376444777     
   50.337049564348511      -0.42049052500779271     
   50.343589391497311      -0.42102075576061271     
   50.350129218646117      -0.42155056549267689     
   50.356669045794924      -0.42207995367417561     
   50.363208872943730      -0.42260891977572057     
   50.369748700092529      -0.42313746326834589     
   50.376288527241336      -0.42366558362350787     
   50.382828354390142      -0.42419328031308623     
   50.389368181538941      -0.42472055280938426     
   50.395908008687748      -0.42524740058512944     
   50.402447835836554      -0.42577382311347411     
   50.408987662985361      -0.42629981986799559     
   50.415527490134160      -0.42682539032269717     
   50.422067317282966      -0.42735053395200850     
   50.428607144431773      -0.42787525023078582     
   50.435146971580579      -0.42839953863431296     
   50.441686798729378      -0.42892339863830153     
   50.448226625878185      -0.42944682971889137     
   50.454766453026991      -0.42996983135265149     
   50.461306280175798      -0.43049240301658026     
   50.467846107324597      -0.43101454418810603     
   50.474385934473403      -0.43153625434508758     
   50.480925761622210      -0.43205753296581478     
   50.487465588771016      -0.43257837952900907     
   50.494005415919816      -0.43309879351382380     
   50.500545243068622      -0.43361877439984503     
   50.507085070217428      -0.43413832166709182     
   50.513624897366228      -0.43465743479601704     
   50.520164724515034      -0.43517611326750738     
   50.526704551663840      -0.43569435656288452     
   50.533244378812647      -0.43621216416390507     
   50.539784205961446      -0.43672953555276145     
   50.546324033110253      -0.43724647021208224     
   50.552863860259059      -0.43776296762493300     
   50.559403687407865      -0.43827902727481599     
   50.565943514556665      -0.43879464864567169     
   50.572483341705471      -0.43930983122187872     
   50.579023168854278      -0.43982457448825457     
   50.585562996003084      -0.44033887793005594     
   50.592102823151883      -0.44085274103297928     
   50.598642650300690      -0.44136616328316169     
   50.605182477449496      -0.44187914416718066     
   50.611722304598295      -0.44239168317205563     
   50.618262131747102      -0.44290377978524731     
   50.624801958895908      -0.44341543349465923     
   50.631341786044715      -0.44392664378863766     
   50.637881613193514      -0.44443741015597221     
   50.644421440342320      -0.44494773208589672     
   50.650961267491127      -0.44545760906808901     
   50.657501094639933      -0.44596704059267239     
   50.664040921788732      -0.44647602615021509     
   50.670580748937539      -0.44698456523173169     
   50.677120576086345      -0.44749265732868304     
   50.683660403235152      -0.44800030193297713     
   50.690200230383951      -0.44850749853696925     
   50.696740057532757      -0.44901424663346290     
   50.703279884681564      -0.44952054571570982     
   50.709819711830370      -0.45002639527741101     
   50.716359538979169      -0.45053179481271705     
   50.722899366127976      -0.45103674381622821     
   50.729439193276782      -0.45154124178299554     
   50.735979020425582      -0.45204528820852113     
   50.742518847574388      -0.45254888258875858     
   50.749058674723194      -0.45305202442011333     
   50.755598501872001      -0.45355471319944368     
   50.762138329020800      -0.45405694842406080     
   50.768678156169607      -0.45455872959172949     
   50.775217983318413      -0.45506005620066869     
   50.781757810467219      -0.45556092774955154     
   50.788297637616019      -0.45606134373750667     
   50.794837464764825      -0.45656130366411818     
   50.801377291913631      -0.45706080702942592     
   50.807917119062438      -0.45755985333392668     
   50.814456946211237      -0.45805844207857416     
   50.820996773360044      -0.45855657276477951     
   50.827536600508850      -0.45905424489441210     
   50.834076427657656      -0.45955145796979979     
   50.840616254806456      -0.46004821149372960     
   50.847156081955262      -0.46054450496944782     
   50.853695909104069      -0.46104033790066112     
   50.860235736252868      -0.46153570979153657     
   50.866775563401674      -0.46203062014670215     
   50.873315390550481      -0.46252506847124752     
   50.879855217699287      -0.46301905427072448     
   50.886395044848086      -0.46351257705114712     
   50.892934871996893      -0.46400563631899272     
   50.899474699145699      -0.46449823158120196     
   50.906014526294506      -0.46499036234517965     
   50.912554353443305      -0.46548202811879491     
   50.919094180592111      -0.46597322841038213     
   50.925634007740918      -0.46646396272874091     
   50.932173834889724      -0.46695423058313695     
   50.938713662038523      -0.46744403148330244     
   50.945253489187330      -0.46793336493943638     
   50.951793316336136      -0.46842223046220544     
   50.958333143484943      -0.46891062756274399     
   50.964872970633742      -0.46939855575265504     
   50.971412797782548      -0.46988601454401030     
   50.977952624931355      -0.47037300344935107     
   50.984492452080154      -0.47085952198168840     
   50.991032279228961      -0.47134556965450375     
   50.997572106377767      -0.47183114598174941     
   51.004111933526573      -0.47231625047784909     
   51.010651760675373      -0.47280088265769821     
   51.017191587824179      -0.47328504203666477     
   51.023731414972985      -0.47376872813058923     
   51.030271242121792      -0.47425194045578567     
   51.036811069270591      -0.47473467852904155     
   51.043350896419398      -0.47521694186761892     
   51.049890723568204      -0.47569872998925444     
   51.056430550717010      -0.47618004241215994     
   51.062970377865810      -0.47666087865502316     
   51.069510205014616      -0.47714123823700760     
   51.076050032163423      -0.47762112067775381     
   51.082589859312229      -0.47810052549737930     
   51.089129686461028      -0.47857945221647941     
   51.095669513609835      -0.47905790035612733     
   51.102209340758641      -0.47953586943787485     
   51.108749167907440      -0.48001335898375297     
   51.115288995056247      -0.48049036851627203     
   51.121828822205053      -0.48096689755842265     
   51.128368649353860      -0.48144294563367568     
   51.134908476502659      -0.48191851226598309     
   51.141448303651465      -0.48239359697977818     
   51.147988130800272      -0.48286819929997626     
   51.154527957949078      -0.48334231875197498     
   51.161067785097877      -0.48381595486165491     
   51.167607612246684      -0.48428910715538004     
   51.174147439395490      -0.48476177515999797     
   51.180687266544297      -0.48523395840284078     
   51.187227093693096      -0.48570565641172520     
   51.193766920841902      -0.48617686871495308     
   51.200306747990709      -0.48664759484131231     
   51.206846575139508      -0.48711783432007660     
   51.213386402288315      -0.48758758668100671     
   51.219926229437121      -0.48805685145434996     
   51.226466056585927      -0.48852562817084194     
   51.233005883734727      -0.48899391636170569     
   51.239545710883533      -0.48946171555865314     
   51.246085538032339      -0.48992902529388493     
   51.252625365181146      -0.49039584510009149     
   51.259165192329945      -0.49086217451045289     
   51.265705019478752      -0.49132801305863971     
   51.272244846627558      -0.49179336027881354     
   51.278784673776364      -0.49225821570562706     
   51.285324500925164      -0.49272257887422488     
   51.291864328073970      -0.49318644932024380     
   51.298404155222777      -0.49364982657981338     
   51.304943982371583      -0.49411271018955633     
   51.311483809520382      -0.49457509968658919     
   51.318023636669189      -0.49503699460852230     
   51.324563463817995      -0.49549839449346089     
   51.331103290966794      -0.49595929888000495     
   51.337643118115601      -0.49641970730725010     
   51.344182945264407      -0.49687961931478797     
   51.350722772413214      -0.49733903444270661     
   51.357262599562013      -0.49779795223159068     
   51.363802426710819      -0.49825637222252256     
   51.370342253859626      -0.49871429395708222     
   51.376882081008432      -0.49917171697734791     
   51.383421908157231      -0.49962864082589659     
   51.389961735306038      -0.50008506504580441     
   51.396501562454844      -0.50054098918064727     
   51.403041389603651      -0.50099641277450091     
   51.409581216752450      -0.50145133537194175     
   51.416121043901256      -0.50190575651804725     
   51.422660871050063      -0.50235967575839624     
   51.429200698198869      -0.50281309263906948     
   51.435740525347668      -0.50326600670665012     
   51.442280352496475      -0.50371841750822399     
   51.448820179645281      -0.50417032459138034     
   51.455360006794081      -0.50462172750421219     
   51.461899833942887      -0.50507262579531642     
   51.468439661091693      -0.50552301901379504     
   51.474979488240500      -0.50597290670925443     
   51.481519315389299      -0.50642228843180725     
   51.488059142538106      -0.50687116373207164     
   51.494598969686912      -0.50731953216117232     
   51.501138796835718      -0.50776739327074083     
   51.507678623984518      -0.50821474661291599     
   51.514218451133324      -0.50866159174034464     
   51.520758278282131      -0.50910792820618145     
   51.527298105430937      -0.50955375556409011     
   51.533837932579736      -0.50999907336824313     
   51.540377759728543      -0.51044388117332296     
   51.546917586877349      -0.51088817853452151     
   51.553457414026155      -0.51133196500754152     
   51.559997241174955      -0.51177524014859643     
   51.566537068323761      -0.51221800351441138     
   51.573076895472568      -0.51266025466222265     
   51.579616722621367      -0.51310199314977933     
   51.586156549770173      -0.51354321853534290     
   51.592696376918980      -0.51398393037768775     
   51.599236204067786      -0.51442412823610240     
   51.605776031216585      -0.51486381167038864     
   51.612315858365392      -0.51530298024086330     
   51.618855685514198      -0.51574163350835756     
   51.625395512663005      -0.51617977103421842     
   51.631935339811804      -0.51661739238030824     
   51.638475166960610      -0.51705449710900564     
   51.645014994109417      -0.51749108478320593     
   51.651554821258223      -0.51792715496632136     
   51.658094648407022      -0.51836270722228195     
   51.664634475555829      -0.51879774111553523     
   51.671174302704635      -0.51923225621104752     
   51.677714129853442      -0.51966625207430361     
   51.684253957002241      -0.52009972827130757     
   51.690793784151047      -0.52053268436858335     
   51.697333611299854      -0.52096511993317463     
   51.703873438448653      -0.52139703453264608     
   51.710413265597460      -0.52182842773508298     
   51.716953092746266      -0.52225929910909219     
   51.723492919895072      -0.52268964822380226     
   51.730032747043872      -0.52311947464886399     
   51.736572574192678      -0.52354877795445121     
   51.743112401341484      -0.52397755771126042     
   51.749652228490291      -0.52440581349051196     
   51.756192055639090      -0.52483354486394995     
   51.762731882787897      -0.52526075140384310     
   51.769271709936703      -0.52568743268298490     
   51.775811537085509      -0.52611358827469390     
   51.782351364234309      -0.52653921775281476     
   51.788891191383115      -0.52696432069171772     
   51.795431018531922      -0.52738889666630007     
   51.801970845680721      -0.52781294525198574     
   51.808510672829527      -0.52823646602472618     
   51.815050499978334      -0.52865945856100049     
   51.821590327127140      -0.52908192243781638     
   51.828130154275939      -0.52950385723270965     
   51.834669981424746      -0.52992526252374572     
   51.841209808573552      -0.53034613788951934     
   51.847749635722359      -0.53076648290915507     
   51.854289462871158      -0.53118629716230781     
   51.860829290019964      -0.53160558022916349     
   51.867369117168771      -0.53202433169043895     
   51.873908944317577      -0.53244255112738270     
   51.880448771466376      -0.53286023812177541     
   51.886988598615183      -0.53327739225592996     
   51.893528425763989      -0.53369401311269227     
   51.900068252912796      -0.53411010027544148     
   51.906608080061595      -0.53452565332809032     
   51.913147907210401      -0.53494067185508587     
   51.919687734359208      -0.53535515544140966     
   51.926227561508007      -0.53576910367257791     
   51.932767388656814      -0.53618251613464241     
   51.939307215805620      -0.53659539241419085     
   51.945847042954426      -0.53700773209834696     
   51.952386870103226      -0.53741953477477089     
   51.958926697252032      -0.53783080003166006     
   51.965466524400838      -0.53824152745774922     
   51.972006351549645      -0.53865171664231082     
   51.978546178698444      -0.53906136717515585     
   51.985086005847251      -0.53947047864663356     
   51.991625832996057      -0.53987905064763275     
   51.998165660144863      -0.54028708276958126     
   52.004705487293663      -0.54069457460444703     
   52.011245314442469      -0.54110152574473813     
   52.017785141591276      -0.54150793578350354     
   52.024324968740082      -0.54191380431433311     
   52.030864795888881      -0.54231913093135842     
   52.037404623037688      -0.54272391522925278     
   52.043944450186494      -0.54312815680323179     
   52.050484277335293      -0.54353185524905412     
   52.057024104484100      -0.54393501016302115     
   52.063563931632906      -0.54433762114197803     
   52.070103758781713      -0.54473968778331372     
   52.076643585930512      -0.54514120968496160     
   52.083183413079318      -0.54554218644539987     
   52.089723240228125      -0.54594261766365160     
   52.096263067376931      -0.54634250293928577     
   52.102802894525730      -0.54674184187241703     
   52.109342721674537      -0.54714063406370628     
   52.115882548823343      -0.54753887911436139     
   52.122422375972150      -0.54793657662613748     
   52.128962203120949      -0.54833372620133691     
   52.135502030269755      -0.54873032744281014     
   52.142041857418562      -0.54912637995395597     
   52.148581684567368      -0.54952188333872187     
   52.155121511716168      -0.54991683720160434     
   52.161661338864974      -0.55031124114764962     
   52.168201166013780      -0.55070509478245377     
   52.174740993162580      -0.55109839771216307     
   52.181280820311386      -0.55149114954347478     
   52.187820647460192      -0.55188334988363685     
   52.194360474608999      -0.55227499834044913     
   52.200900301757798      -0.55266609452226301     
   52.207440128906605      -0.55305663803798244     
   52.213979956055411      -0.55344662849706383     
   52.220519783204217      -0.55383606550951658     
   52.227059610353017      -0.55422494868590388     
   52.233599437501823      -0.55461327763734247     
   52.240139264650630      -0.55500105197550342     
   52.246679091799436      -0.55538827131261248     
   52.253218918948235      -0.55577493526145016     
   52.259758746097042      -0.55616104343535266     
   52.266298573245848      -0.55654659544821172     
   52.272838400394647      -0.55693159091447519     
   52.279378227543454      -0.55731602944914782     
   52.285918054692260      -0.55769991066779101     
   52.292457881841067      -0.55808323418652350     
   52.298997708989866      -0.55846599962202181     
   52.305537536138672      -0.55884820659152046     
   52.312077363287479      -0.55922985471281261     
   52.318617190436285      -0.55961094360425001     
   52.325157017585084      -0.55999147288474382     
   52.331696844733891      -0.56037144217376478     
   52.338236671882697      -0.56075085109134359     
   52.344776499031504      -0.56112969925807132     
   52.351316326180303      -0.56150798629509968     
   52.357856153329109      -0.56188571182414171     
   52.364395980477916      -0.56226287546747200     
   52.370935807626722      -0.56263947684792692     
   52.377475634775521      -0.56301551558890495     
   52.384015461924328      -0.56339099131436732     
   52.390555289073134      -0.56376590364883850     
   52.397095116221934      -0.56414025221740605     
   52.403634943370740      -0.56451403664572142     
   52.410174770519546      -0.56488725656000005     
   52.416714597668353      -0.56525991158702216     
   52.423254424817152      -0.56563200135413261     
   52.429794251965959      -0.56600352548924182     
   52.436334079114765      -0.56637448362082554     
   52.442873906263571      -0.56674487537792562     
   52.449413733412371      -0.56711470039015033     
   52.455953560561177      -0.56748395828767462     
   52.462493387709983      -0.56785264870124075     
   52.469033214858790      -0.56822077126215820     
   52.475573042007589      -0.56858832560230432     
   52.482112869156396      -0.56895531135412469     
   52.488652696305202      -0.56932172815063387     
   52.495192523454008      -0.56968757562541494     
   52.501732350602808      -0.57005285341262024     
   52.508272177751614      -0.57041756114697217     
   52.514812004900421      -0.57078169846376303     
   52.521351832049220      -0.57114526499885532     
   52.527891659198026      -0.57150826038868252     
   52.534431486346833      -0.57187068427024945     
   52.540971313495639      -0.57223253628113202     
   52.547511140644438      -0.57259381605947846     
   52.554050967793245      -0.57295452324400875     
   52.560590794942051      -0.57331465747401589     
   52.567130622090858      -0.57367421838936550     
   52.573670449239657      -0.57403320563049676     
   52.580210276388463      -0.57439161883842238     
   52.586750103537270      -0.57474945765472929     
   52.593289930686076      -0.57510672172157851     
   52.599829757834875      -0.57546341068170592     
   52.606369584983682      -0.57581952417842275     
   52.612909412132488      -0.57617506185561540     
   52.619449239281295      -0.57653002335774617     
   52.625989066430094      -0.57688440832985355     
   52.632528893578900      -0.57723821641755269     
   52.639068720727707      -0.57759144726703526     
   52.645608547876506      -0.57794410052507061     
   52.652148375025313      -0.57829617583900539     
   52.658688202174119      -0.57864767285676433     
   52.665228029322925      -0.57899859122685049     
   52.671767856471725      -0.57934893059834525     
   52.678307683620531      -0.57969869062090951     
   52.684847510769337      -0.58004787094478327     
   52.691387337918144      -0.58039647122078586     
   52.697927165066943      -0.58074449110031734     
   52.704466992215750      -0.58109193023535766     
   52.711006819364556      -0.58143878827846773     
   52.717546646513362      -0.58178506488278958     
   52.724086473662162      -0.58213075970204653     
   52.730626300810968      -0.58247587239054366     
   52.737166127959775      -0.58282040260316847     
   52.743705955108581      -0.58316434999539069     
   52.750245782257380      -0.58350771422326286     
   52.756785609406187      -0.58385049494342089     
   52.763325436554993      -0.58419269181308386     
   52.769865263703792      -0.58453430449005506     
   52.776405090852599      -0.58487533263272173     
   52.782944918001405      -0.58521577590005580     
   52.789484745150212      -0.58555563395161392     
   52.796024572299011      -0.58589490644753806     
   52.802564399447817      -0.58623359304855582     
   52.809104226596624      -0.58657169341598048     
   52.815644053745430      -0.58690920721171169     
   52.822183880894229      -0.58724613409823578     
   52.828723708043036      -0.58758247373862560     
   52.835263535191842      -0.58791822579654174     
   52.841803362340649      -0.58825338993623211     
   52.848343189489448      -0.58858796582253248     
   52.854883016638254      -0.58892195312086715     
   52.861422843787061      -0.58925535149724861     
   52.867962670935860      -0.58958816061827868     
   52.874502498084667      -0.58992038015114800     
   52.881042325233473      -0.59025200976363723     
   52.887582152382279      -0.59058304912411663     
   52.894121979531079      -0.59091349790154690     
   52.900661806679885      -0.59124335576547926     
   52.907201633828691      -0.59157262238605590     
   52.913741460977498      -0.59190129743401021     
   52.920281288126297      -0.59222938058066699     
   52.926821115275104      -0.59255687149794312     
   52.933360942423910      -0.59288376985834801     
   52.939900769572716      -0.59321007533498293     
   52.946440596721516      -0.59353578760154246     
   52.952980423870322      -0.59386090633231436     
   52.959520251019129      -0.59418543120217993     
   52.966060078167935      -0.59450936188661452     
   52.972599905316734      -0.59483269806168704     
   52.979139732465541      -0.59515543940406146     
   52.985679559614347      -0.59547758559099651     
   52.992219386763146      -0.59579913630034609     
   52.998759213911953      -0.59612009121055920     
   53.005299041060759      -0.59644045000068135     
   53.011838868209566      -0.59676021235035337     
   53.018378695358365      -0.59707937793981303     
   53.024918522507171      -0.59739794644989486     
   53.031458349655978      -0.59771591756203013     
   53.037998176804784      -0.59803329095824787     
   53.044538003953583      -0.59835006632117471     
   53.051077831102390      -0.59866624333403518     
   53.057617658251196      -0.59898182168065228     
   53.064157485400003      -0.59929680104544769     
   53.070697312548802      -0.59961118111344203     
   53.077237139697608      -0.59992496157025532     
   53.083776966846415      -0.60023814210210691     
   53.090316793995221      -0.60055072239581653     
   53.096856621144020      -0.60086270213880366     
   53.103396448292827      -0.60117408101908876     
   53.109936275441633      -0.60148485872529267     
   53.116476102590433      -0.60179503494663800     
   53.123015929739239      -0.60210460937294841     
   53.129555756888045      -0.60241358169464931     
   53.136095584036852      -0.60272195160276865     
   53.142635411185651      -0.60302971878893641     
   53.149175238334458      -0.60333688294538546     
   53.155715065483264      -0.60364344376495149     
   53.162254892632070      -0.60394940094107363     
   53.168794719780870      -0.60425475416779495     
   53.175334546929676      -0.60455950313976214     
   53.181874374078483      -0.60486364755222610     
   53.188414201227289      -0.60516718710104245     
   53.194954028376088      -0.60547012148267176     
   53.201493855524895      -0.60577245039417971     
   53.208033682673701      -0.60607417353323711     
   53.214573509822507      -0.60637529059812101     
   53.221113336971307      -0.60667580128771437     
   53.227653164120113      -0.60697570530150635     
   53.234192991268920      -0.60727500233959320     
   53.240732818417719      -0.60757369210267764     
   53.247272645566525      -0.60787177429206996     
   53.253812472715332      -0.60816924860968802     
   53.260352299864138      -0.60846611475805745     
   53.266892127012937      -0.60876237244031217     
   53.273431954161744      -0.60905802136019438     
   53.279971781310550      -0.60935306122205535     
   53.286511608459357      -0.60964749173085497     
   53.293051435608156      -0.60994131259216289     
   53.299591262756962      -0.61023452351215823     
   53.306131089905769      -0.61052712419763000     
   53.312670917054575      -0.61081911435597769     
   53.319210744203374      -0.61111049369521098     
   53.325750571352181      -0.61140126192395061     
   53.332290398500987      -0.61169141875142841     
   53.338830225649787      -0.61198096388748735     
   53.345370052798593      -0.61226989704258250     
   53.351909879947399      -0.61255821792778065     
   53.358449707096206      -0.61284592625476075     
   53.364989534245005      -0.61313302173581463     
   53.371529361393812      -0.61341950408384671     
   53.378069188542618      -0.61370537301237471     
   53.384609015691424      -0.61399062823552975     
   53.391148842840224      -0.61427526946805655     
   53.397688669989030      -0.61455929642531393     
   53.404228497137836      -0.61484270882327485     
   53.410768324286643      -0.61512550637852692     
   53.417308151435442      -0.61540768880827257     
   53.423847978584249      -0.61568925583032952     
   53.430387805733055      -0.61597020716313056     
   53.436927632881861      -0.61625054252572442     
   53.443467460030661      -0.61653026163777580     
   53.450007287179467      -0.61680936421956556     
   53.456547114328274      -0.61708784999199107     
   53.463086941477073      -0.61736571867656653     
   53.469626768625879      -0.61764296999542334     
   53.476166595774686      -0.61791960367131016     
   53.482706422923492      -0.61819561942759327     
   53.489246250072291      -0.61847101698825702     
   53.495786077221098      -0.61874579607790370     
   53.502325904369904      -0.61901995642175434     
   53.508865731518711      -0.61929349774564857     
   53.515405558667510      -0.61956641977604499     
   53.521945385816316      -0.61983872224002168     
   53.528485212965123      -0.62011040486527602     
   53.535025040113929      -0.62038146738012556     
   53.541564867262728      -0.62065190951350779     
   53.548104694411535      -0.62092173099498038     
   53.554644521560341      -0.62119093155472205     
   53.561184348709148      -0.62145951092353202     
   53.567724175857947      -0.62172746883283114     
   53.574264003006753      -0.62199480501466142     
   53.580803830155560      -0.62226151920168682     
   53.587343657304359      -0.62252761112719290     
   53.593883484453166      -0.62279308052508786     
   53.600423311601972      -0.62305792712990227     
   53.606963138750778      -0.62332215067678953     
   53.613502965899578      -0.62358575090152624     
   53.620042793048384      -0.62384872754051190     
   53.626582620197190      -0.62411108033077012     
   53.633122447345997      -0.62437280900994807     
   53.639662274494796      -0.62463391331631701     
   53.646202101643603      -0.62489439298877258     
   53.652741928792409      -0.62515424776683515     
   53.659281755941215      -0.62541347739065001     
   53.665821583090015      -0.62567208160098753     
   53.672361410238821      -0.62593006013924346     
   53.678901237387628      -0.62618741274743916     
   53.685441064536434      -0.62644413916822217     
   53.691980891685233      -0.62670023914486594     
   53.698520718834040      -0.62695571242127068     
   53.705060545982846      -0.62721055874196285     
   53.711600373131645      -0.62746477785209642     
   53.718140200280452      -0.62771836949745208     
   53.724680027429258      -0.62797133342443834     
   53.731219854578065      -0.62822366938009111     
   53.737759681726864      -0.62847537711207446     
   53.744299508875670      -0.62872645636868085     
   53.750839336024477      -0.62897690689883068     
   53.757379163173283      -0.62922672845207372     
   53.763918990322082      -0.62947592077858816     
   53.770458817470889      -0.62972448362918199     
   53.776998644619695      -0.62997241675529203     
   53.783538471768502      -0.63021971990898540     
   53.790078298917301      -0.63046639284295880     
   53.796618126066107      -0.63071243531053944     
   53.803157953214914      -0.63095784706568481     
   53.809697780363720      -0.63120262786298309     
   53.816237607512520      -0.63144677745765343     
   53.822777434661326      -0.63169029560554635     
   53.829317261810132      -0.63193318206314364     
   53.835857088958932      -0.63217543658755893     
   53.842396916107738      -0.63241705893653744     
   53.848936743256544      -0.63265804886845722     
   53.855476570405351      -0.63289840614232795     
   53.862016397554150      -0.63313813051779266     
   53.868556224702957      -0.63337722175512678     
   53.875096051851763      -0.63361567961523912     
   53.881635879000569      -0.63385350385967199     
   53.888175706149369      -0.63409069425060083     
   53.894715533298175      -0.63432725055083539     
   53.901255360446982      -0.63456317252381955     
   53.907795187595788      -0.63479845993363115     
   53.914335014744587      -0.63503311254498274     
   53.920874841893394      -0.63526713012322189     
   53.927414669042200      -0.63550051243433092     
   53.933954496190999      -0.63573325924492752     
   53.940494323339806      -0.63596537032226486     
   53.947034150488612      -0.63619684543423183     
   53.953573977637419      -0.63642768434935337     
   53.960113804786218      -0.63665788683679059     
   53.966653631935024      -0.63688745266634095     
   53.973193459083831      -0.63711638160843875     
   53.979733286232637      -0.63734467343415491     
   53.986273113381436      -0.63757232791519769     
   53.992812940530243      -0.63779934482391254     
   53.999352767679049      -0.63802572393328261     
   54.005892594827856      -0.63825146501692875     
   54.012432421976655      -0.63847656784910978     
   54.018972249125461      -0.63870103220472307     
   54.025512076274268      -0.63892485785930409     
   54.032051903423074      -0.63914804458902719     
   54.038591730571873      -0.63937059217070580     
   54.045131557720680      -0.63959250038179227     
   54.051671384869486      -0.63981376900037834     
   54.058211212018286      -0.64003439780519544     
   54.064751039167092      -0.64025438657561484     
   54.071290866315898      -0.64047373509164762     
   54.077830693464705      -0.64069244313394524     
   54.084370520613504      -0.64091051048379977     
   54.090910347762311      -0.64112793692314385     
   54.097450174911117      -0.64134472223455108     
   54.103990002059923      -0.64156086620123587     
   54.110529829208723      -0.64177636860705467     
   54.117069656357529      -0.64199122923650476     
   54.123609483506335      -0.64220544787472567     
   54.130149310655142      -0.64241902430749864     
   54.136689137803941      -0.64263195832124742     
   54.143228964952748      -0.64284424970303777     
   54.149768792101554      -0.64305589824057852     
   54.156308619250360      -0.64326690372222095     
   54.162848446399160      -0.64347726593695964     
   54.169388273547966      -0.64368698467443242     
   54.175928100696773      -0.64389605972492059     
   54.182467927845572      -0.64410449087934896     
   54.189007754994378      -0.64431227792928647     
   54.195547582143185      -0.64451942066694601     
   54.202087409291991      -0.64472591888518493     
   54.208627236440790      -0.64493177237750487     
   54.215167063589597      -0.64513698093805261     
   54.221706890738403      -0.64534154436161928     
   54.228246717887210      -0.64554546244364164     
   54.234786545036009      -0.64574873498020147     
   54.241326372184815      -0.64595136176802648     
   54.247866199333622      -0.64615334260448953     
   54.254406026482428      -0.64635467728761009     
   54.260945853631227      -0.64655536561605342     
   54.267485680780034      -0.64675540738913107     
   54.274025507928840      -0.64695480240680137     
   54.280565335077647      -0.64715355046966927     
   54.287105162226446      -0.64735165137898665     
   54.293644989375252      -0.64754910493665263     
   54.300184816524059      -0.64774591094521361     
   54.306724643672858      -0.64794206920786379     
   54.313264470821665      -0.64813757952844475     
   54.319804297970471      -0.64833244171144622     
   54.326344125119277      -0.64852665556200595     
   54.332883952268077      -0.64872022088591008     
   54.339423779416883      -0.64891313748959345     
   54.345963606565689      -0.64910540518013926     
   54.352503433714496      -0.64929702376527987     
   54.359043260863295      -0.64948799305339677     
   54.365583088012102      -0.64967831285352062     
   54.372122915160908      -0.64986798297533166     
   54.378662742309714      -0.65005700322915971     
   54.385202569458514      -0.65024537342598454     
   54.391742396607320      -0.65043309337743604     
   54.398282223756127      -0.65062016289579394     
   54.404822050904926      -0.65080658179398909     
   54.411361878053732      -0.65099234988560239     
   54.417901705202539      -0.65117746698486578     
   54.424441532351345      -0.65136193290666222     
   54.430981359500144      -0.65154574746652583     
   54.437521186648951      -0.65172891048064185     
   54.444061013797757      -0.65191142176584749     
   54.450600840946564      -0.65209328113963139     
   54.457140668095363      -0.65227448842013414     
   54.463680495244169      -0.65245504342614846     
   54.470220322392976      -0.65263494597711935     
   54.476760149541782      -0.65281419589314438     
   54.483299976690581      -0.65299279299497348     
   54.489839803839388      -0.65317073710400964     
   54.496379630988194      -0.65334802804230852     
   54.502919458137001      -0.65352466563257960     
   54.509459285285800      -0.65370064969818487     
   54.515999112434606      -0.65387598006314063     
   54.522538939583413      -0.65405065655211614     
   54.529078766732212      -0.65422467899043524     
   54.535618593881019      -0.65439804720407524     
   54.542158421029825      -0.65457076101966816     
   54.548698248178631      -0.65474282026450004     
   54.555238075327431      -0.65491422476651162     
   54.561777902476237      -0.65508497435429835     
   54.568317729625043      -0.65525506885711093     
   54.574857556773850      -0.65542450810485453     
   54.581397383922649      -0.65559329192809013     
   54.587937211071456      -0.65576142015803374     
   54.594477038220262      -0.65592889262655729     
   54.601016865369068      -0.65609570916618798     
   54.607556692517868      -0.65626186961010968     
   54.614096519666674      -0.65642737379216165     
   54.620636346815481      -0.65659222154683983     
   54.627176173964287      -0.65675641270929652     
   54.633716001113086      -0.65691994711534041     
   54.640255828261893      -0.65708282460143730     
   54.646795655410699      -0.65724504500470948     
   54.653335482559498      -0.65740660816293672     
   54.659875309708305      -0.65756751391455581     
   54.666415136857111      -0.65772776209866102     
   54.672954964005918      -0.65788735255500408     
   54.679494791154717      -0.65804628512399466     
   54.686034618303523      -0.65820455964670022     
   54.692574445452330      -0.65836217596484592     
   54.699114272601136      -0.65851913392081574     
   54.705654099749935      -0.65867543335765166     
   54.712193926898742      -0.65883107411905428     
   54.718733754047548      -0.65898605604938287     
   54.725273581196355      -0.65914037899365518     
   54.731813408345154      -0.65929404279754866     
   54.738353235493960      -0.65944704730739923     
   54.744893062642767      -0.65959939237020249     
   54.751432889791573      -0.65975107783361342     
   54.757972716940372      -0.65990210354594647     
   54.764512544089179      -0.66005246935617590     
   54.771052371237985      -0.66020217511393609     
   54.777592198386785      -0.66035122066952101     
   54.784132025535591      -0.66049960587388534     
   54.790671852684397      -0.66064733057864389     
   54.797211679833204      -0.66079439463607170     
   54.803751506982003      -0.66094079789910498     
   54.810291334130810      -0.66108654022134039     
   54.816831161279616      -0.66123162145703551     
   54.823370988428422      -0.66137604146110918     
   54.829910815577222      -0.66151980008914146     
   54.836450642726028      -0.66166289719737359     
   54.842990469874835      -0.66180533264270858     
   54.849530297023641      -0.66194710628271092     
   54.856070124172440      -0.66208821797560691     
   54.862609951321247      -0.66222866758028487     
   54.869149778470053      -0.66236845495629537     
   54.875689605618859      -0.66250757996385090     
   54.882229432767659      -0.66264604246382641     
   54.888769259916465      -0.66278384231775944     
   54.895309087065272      -0.66292097938785022     
   54.901848914214071      -0.66305745353696155     
   54.908388741362877      -0.66319326462861938     
   54.914928568511684      -0.66332841252701247     
   54.921468395660490      -0.66346289709699302     
   54.928008222809289      -0.66359671820407662     
   54.934548049958096      -0.66372987571444186     
   54.941087877106902      -0.66386236949493149     
   54.947627704255709      -0.66399419941305160     
   54.954167531404508      -0.66412536533697231     
   54.960707358553314      -0.66425586713552764     
   54.967247185702121      -0.66438570467821589     
   54.973787012850927      -0.66451487783519947     
   54.980326839999726      -0.66464338647730525     
   54.986866667148533      -0.66477123047602438     
   54.993406494297339      -0.66489840970351310     
   54.999946321446139      -0.66502492403259217     
   55.006486148594945      -0.66515077333674721     
   55.013025975743751      -0.66527595749012891     
   55.019565802892558      -0.66540047636755306     
   55.026105630041357      -0.66552432984450094     
   55.032645457190164      -0.66564751779711895     
   55.039185284338970      -0.66577004010221907     
   55.045725111487776      -0.66589189663727921     
   55.052264938636576      -0.66601308728044262     
   55.058804765785382      -0.66613361191051879     
   55.065344592934188      -0.66625347040698291     
   55.071884420082995      -0.66637266264997685     
   55.078424247231794      -0.66649118852030786     
   55.084964074380601      -0.66660904789945052     
   55.091503901529407      -0.66672624066954522     
   55.098043728678213      -0.66684276671339926     
   55.104583555827013      -0.66695862591448651     
   55.111123382975819      -0.66707381815694800     
   55.117663210124626      -0.66718834332559129     
   55.124203037273425      -0.66730220130589124     
   55.130742864422231      -0.66741539198398980     
   55.137282691571038      -0.66752791524669652     
   55.143822518719844      -0.66763977098148786     
   55.150362345868643      -0.66775095907650817     
   55.156902173017450      -0.66786147942056950     
   55.163442000166256      -0.66797133190315139     
   55.169981827315063      -0.66808051641440136     
   55.176521654463862      -0.66818903284513498     
   55.183061481612668      -0.66829688108683583     
   55.189601308761475      -0.66840406103165562     
   55.196141135910281      -0.66851057257241420     
   55.202680963059080      -0.66861641560260032     
   55.209220790207887      -0.66872159001637088     
   55.215760617356693      -0.66882609570855145     
   55.222300444505500      -0.66892993257463629     
   55.228840271654299      -0.66903310051078846     
   55.235380098803105      -0.66913559941384015     
   55.241919925951912      -0.66923742918129248     
   55.248459753100711      -0.66933858971131555     
   55.254999580249518      -0.66943908090274895     
   55.261539407398324      -0.66953890265510141     
   55.268079234547130      -0.66963805486855121     
   55.274619061695930      -0.66973653744394612     
   55.281158888844736      -0.66983435028280369     
   55.287698715993542      -0.66993149328731083     
   55.294238543142349      -0.67002796636032480     
   55.300778370291148      -0.67012376940537244     
   55.307318197439955      -0.67021890232665071     
   55.313858024588761      -0.67031336502902661     
   55.320397851737567      -0.67040715741803747     
   55.326937678886367      -0.67050027939989099     
   55.333477506035173      -0.67059273088146498     
   55.340017333183980      -0.67068451177030819     
   55.346557160332786      -0.67077562197463958     
   55.353096987481585      -0.67086606140334903     
   55.359636814630392      -0.67095582996599701     
   55.366176641779198      -0.67104492757281498     
   55.372716468927997      -0.67113335413470543     
   55.379256296076804      -0.67122110956324188     
   55.385796123225610      -0.67130819377066864     
   55.392335950374417      -0.67139460666990158     
   55.398875777523216      -0.67148034817452795     
   55.405415604672022      -0.67156541819880611     
   55.411955431820829      -0.67164981665766610     
   55.418495258969635      -0.67173354346670933     
   55.425035086118434      -0.67181659854220921     
   55.431574913267241      -0.67189898180111041     
   55.438114740416047      -0.67198069316102993     
   55.444654567564854      -0.67206173254025625     
   55.451194394713653      -0.67214209985775009     
   55.457734221862459      -0.67222179503314394     
   55.464274049011266      -0.67230081798674290     
   55.470813876160065      -0.67237916863952385     
   55.477353703308872      -0.67245684691313612     
   55.483893530457678      -0.67253385272990152     
   55.490433357606484      -0.67261018601281408     
   55.496973184755284      -0.67268584668554088     
   55.503513011904090      -0.67276083467242087     
   55.510052839052896      -0.67283514989846616     
   55.516592666201703      -0.67290879228936151     
   55.523132493350502      -0.67298176177146474     
   55.529672320499309      -0.67305405827180609     
   55.536212147648115      -0.67312568171808906     
   55.542751974796921      -0.67319663203869040     
   55.549291801945721      -0.67326690916265985     
   55.555831629094527      -0.67333651301971997     
   55.562371456243334      -0.67340544354026732     
   55.568911283392140      -0.67347370065537093     
   55.575451110540939      -0.67354128429677396     
   55.581990937689746      -0.67360819439689279     
   55.588530764838552      -0.67367443088881729     
   55.595070591987351      -0.67373999370631088     
   55.601610419136158      -0.67380488278381068     
   55.608150246284964      -0.67386909805642781     
   55.614690073433771      -0.67393263945994675     
   55.621229900582570      -0.67399550693082633     
   55.627769727731376      -0.67405770040619906     
   55.634309554880183      -0.67411921982387124     
   55.640849382028989      -0.67418006512232376     
   55.647389209177788      -0.67424023624071117     
   55.653929036326595      -0.67429973311886215     
   55.660468863475401      -0.67435855569728020     
   55.667008690624208      -0.67441670391714237     
   55.673548517773007      -0.67447417772030072     
   55.680088344921813      -0.67453097704928133     
   55.686628172070620      -0.67458710184728476     
   55.693167999219426      -0.67464255205818646     
   55.699707826368225      -0.67469732762653623     
   55.706247653517032      -0.67475142849755820     
   55.712787480665838      -0.67480485461715178     
   55.719327307814638      -0.67485760593189070     
   55.725867134963444      -0.67490968238902371     
   55.732406962112250      -0.67496108393647425     
   55.738946789261057      -0.67501181052284098     
   55.745486616409856      -0.67506186209739716     
   55.752026443558663      -0.67511123861009115     
   55.758566270707469      -0.67515994001154667     
   55.765106097856275      -0.67520796625306212     
   55.771645925005075      -0.67525531728661137     
   55.778185752153881      -0.67530199306484318     
   55.784725579302687      -0.67534799354108210     
   55.791265406451494      -0.67539331866932739     
   55.797805233600293      -0.67543796840425407     
   55.804345060749100      -0.67548194270121242     
   55.810884887897906      -0.67552524151622795     
   55.817424715046712      -0.67556786480600206     
   55.823964542195512      -0.67560981252791130     
   55.830504369344318      -0.67565108464000811     
   55.837044196493125      -0.67569168110102018     
   55.843584023641924      -0.67573160187035131     
   55.850123850790730      -0.67577084690808054     
   55.856663677939537      -0.67580941617496282     
   55.863203505088343      -0.67584730963242889     
   55.869743332237142      -0.67588452724258541     
   55.876283159385949      -0.67592106896821458     
   55.882822986534755      -0.67595693477277485     
   55.889362813683562      -0.67599212462040026     
   55.895902640832361      -0.67602663847590116     
   55.902442467981167      -0.67606047630476362     
   55.908982295129974      -0.67609363807314959     
   55.915522122278780      -0.67612612374789760     
   55.922061949427579      -0.67615793329652185     
   55.928601776576386      -0.67618906668721279     
   55.935141603725192      -0.67621952388883699     
   55.941681430873999      -0.67624930487093737     
   55.948221258022798      -0.67627840960373287     
   55.954761085171604      -0.67630683805811886     
   55.961300912320411      -0.67633459020566677     
   55.967840739469210      -0.67636166601862446     
   55.974380566618017      -0.67638806546991614     
   55.980920393766823      -0.67641378853314238     
   55.987460220915629      -0.67643883518258008     
   55.994000048064429      -0.67646320539318261     
   56.000539875213235      -0.67648689914057969     
   56.007079702362041      -0.67650991640107772     
   56.013619529510848      -0.67653225715165932     
   56.020159356659647      -0.67655392136998371     
   56.026699183808454      -0.67657490903438677     
   56.033239010957260      -0.67659522012388085     
   56.039778838106066      -0.67661485461815474     
   56.046318665254866      -0.67663381249757404     
   56.052858492403672      -0.67665209374318080     
   56.059398319552479      -0.67666969833669388     
   56.065938146701278      -0.67668662626050857     
   56.072477973850084      -0.67670287749769698     
   56.079017800998891      -0.67671845203200787     
   56.085557628147697      -0.67673334984786682     
   56.092097455296496      -0.67674757093037585     
   56.098637282445303      -0.67676111526531391     
   56.105177109594109      -0.67677398283913681     
   56.111716936742916      -0.67678617363897675     
   56.118256763891715      -0.67679768765264314     
   56.124796591040521      -0.67680852486862186     
   56.131336418189328      -0.67681868527607569     
   56.137876245338134      -0.67682816886484420     
   56.144416072486933      -0.67683697562544398     
   56.150955899635740      -0.67684510554906807     
   56.157495726784546      -0.67685255862758664     
   56.164035553933353      -0.67685933485354666     
   56.170575381082152      -0.67686543422017176     
   56.177115208230958      -0.67687085672136260     
   56.183655035379765      -0.67687560235169686     
   56.190194862528564      -0.67687967110642877     
   56.196734689677371      -0.67688306298148948     
   56.203274516826177      -0.67688577797348726     
   56.209814343974983      -0.67688781607970705     
   56.216354171123783      -0.67688917729811071     
   56.222893998272589      -0.67688986162733711     
   56.229433825421395      -0.67688986906670190     
   56.235973652570202      -0.67688919961619765     
   56.242513479719001      -0.67688785327649381     
   56.249053306867808      -0.67688583004893654     
   56.255593134016614      -0.67688312993554933     
   56.262132961165420      -0.67687975293903224     
   56.268672788314220      -0.67687569906276224     
   56.275212615463026      -0.67687096831079308     
   56.281752442611833      -0.67686556068785564     
   56.288292269760639      -0.67685947619935760     
   56.294832096909438      -0.67685271485138332     
   56.301371924058245      -0.67684527665069416     
   56.307911751207051      -0.67683716160472840     
   56.314451578355850      -0.67682836972160110     
   56.320991405504657      -0.67681890101010389     
   56.327531232653463      -0.67680875547970587     
   56.334071059802270      -0.67679793314055225     
   56.340610886951069      -0.67678643400346539     
   56.347150714099875      -0.67677425807994462     
   56.353690541248682      -0.67676140538216567     
   56.360230368397488      -0.67674787592298136     
   56.366770195546287      -0.67673366971592119     
   56.373310022695094      -0.67671878677519115     
   56.379849849843900      -0.67670322711567443     
   56.386389676992707      -0.67668699075293059     
   56.392929504141506      -0.67667007770319598     
   56.399469331290312      -0.67665248798338384     
   56.406009158439119      -0.67663422161108355     
   56.412548985587925      -0.67661527860456172     
   56.419088812736724      -0.67659565898276131     
   56.425628639885531      -0.67657536276530195     
   56.432168467034337      -0.67655438997247963     
   56.438708294183137      -0.67653274062526747     
   56.445248121331943      -0.67651041474531470     
   56.451787948480749      -0.67648741235494714     
   56.458327775629556      -0.67646373347716726     
   56.464867602778355      -0.67643937813565391     
   56.471407429927162      -0.67641434635476239     
   56.477947257075968      -0.67638863815952455     
   56.484487084224774      -0.67636225357564839     
   56.491026911373574      -0.67633519262951880     
   56.497566738522380      -0.67630745534819658     
   56.504106565671187      -0.67627904175941900     
   56.510646392819993      -0.67624995189159975     
   56.517186219968792      -0.67622018577382847     
   56.523726047117599      -0.67618974343587146     
   56.530265874266405      -0.67615862490817102     
   56.536805701415211      -0.67612683022184572     
   56.543345528564011      -0.67609435940869023     
   56.549885355712817      -0.67606121250117523     
   56.556425182861624      -0.67602738953244779     
   56.562965010010423      -0.67599289053633072     
   56.569504837159229      -0.67595771554732320     
   56.576044664308036      -0.67592186460060000     
   56.582584491456842      -0.67588533773201231     
   56.589124318605641      -0.67584813497808682     
   56.595664145754448      -0.67581025637602654     
   56.602203972903254      -0.67577170196370973     
   56.608743800052061      -0.67573247177969087     
   56.615283627200860      -0.67569256586320037     
   56.621823454349666      -0.67565198425414386     
   56.628363281498473      -0.67561072699310321     
   56.634903108647279      -0.67556879412133541     
   56.641442935796078      -0.67552618568077361     
   56.647982762944885      -0.67548290171402614     
   56.654522590093691      -0.67543894226437695     
   56.661062417242491      -0.67539430737578554     
   56.667602244391297      -0.67534899709288676     
   56.674142071540103      -0.67530301146099092     
   56.680681898688910      -0.67525635052608357     
   56.687221725837709      -0.67520901433482583     
   56.693761552986516      -0.67516100293455361     
   56.700301380135322      -0.67511231637327851     
   56.706841207284128      -0.67506295469968702     
   56.713381034432928      -0.67501291796314078     
   56.719920861581734      -0.67496220621367664     
   56.726460688730540      -0.67491081950200638     
   56.733000515879347      -0.67485875787951655     
   56.739540343028146      -0.67480602139826884     
   56.746080170176953      -0.67475261011099985     
   56.752619997325759      -0.67469852407112052     
   56.759159824474565      -0.67464376333271725     
   56.765699651623365      -0.67458832795055068     
   56.772239478772171      -0.67453221798005603     
   56.778779305920978      -0.67447543347734351     
   56.785319133069777      -0.67441797449919749     
   56.791858960218583      -0.67435984110307712     
   56.798398787367390      -0.67430103334711544     
   56.804938614516196      -0.67424155129012053     
   56.811478441664995      -0.67418139499157426     
   56.818018268813802      -0.67412056451163294     
   56.824558095962608      -0.67405905991112725     
   56.831097923111415      -0.67399688125156143     
   56.837637750260214      -0.67393402859511453     
   56.844177577409020      -0.67387050200463894     
   56.850717404557827      -0.67380630154366139     
   56.857257231706633      -0.67374142727638231     
   56.863797058855432      -0.67367587926767580     
   56.870336886004239      -0.67360965758309010     
   56.876876713153045      -0.67354276228884691     
   56.883416540301852      -0.67347519345184126     
   56.889956367450651      -0.67340695113964233     
   56.896496194599457      -0.67333803542049231     
   56.903036021748264      -0.67326844636330685     
   56.909575848897063      -0.67319818403767506     
   56.916115676045870      -0.67312724851385930     
   56.922655503194676      -0.67305563986279504     
   56.929195330343482      -0.67298335815609078     
   56.935735157492282      -0.67291040346602848     
   56.942274984641088      -0.67283677586556268     
   56.948814811789894      -0.67276247542832091     
   56.955354638938701      -0.67268750222860374     
   56.961894466087500      -0.67261185634138432     
   56.968434293236307      -0.67253553784230857     
   56.974974120385113      -0.67245854680769501     
   56.981513947533919      -0.67238088331453461     
   56.988053774682719      -0.67230254744049089     
   56.994593601831525      -0.67222353926389977     
   57.001133428980332      -0.67214385886376937     
   57.007673256129138      -0.67206350631978007     
   57.014213083277937      -0.67198248171228447     
   57.020752910426744      -0.67190078512230722     
   57.027292737575550      -0.67181841663154473     
   57.033832564724349      -0.67173537632236580     
   57.040372391873156      -0.67165166427781031     
   57.046912219021962      -0.67156728058159076     
   57.053452046170769      -0.67148222531809043     
   57.059991873319568      -0.67139649857236494     
   57.066531700468374      -0.67131010043014083     
   57.073071527617181      -0.67122303097781622     
   57.079611354765987      -0.67113529030246066     
   57.086151181914786      -0.67104687849181477     
   57.092691009063593      -0.67095779563429048     
   57.099230836212399      -0.67086804181897053     
   57.105770663361206      -0.67077761713560868     
   57.112310490510005      -0.67068652167462983     
   57.118850317658811      -0.67059475552712922     
   57.125390144807618      -0.67050231878487310     
   57.131929971956417      -0.67040921154029820     
   57.138469799105224      -0.67031543388651171     
   57.145009626254030      -0.67022098591729140     
   57.151549453402836      -0.67012586772708516     
   57.158089280551636      -0.67003007941101123     
   57.164629107700442      -0.66993362106485776     
   57.171168934849248      -0.66983649278508339     
   57.177708761998055      -0.66973869466881608     
   57.184248589146854      -0.66964022681385427     
   57.190788416295661      -0.66954108931866563     
   57.197328243444467      -0.66944128228238775     
   57.203868070593273      -0.66934080580482747     
   57.210407897742073      -0.66923965998646151     
   57.216947724890879      -0.66913784492843564     
   57.223487552039686      -0.66903536073256464     
   57.230027379188492      -0.66893220750133309     
   57.236567206337291      -0.66882838533789390     
   57.243107033486098      -0.66872389434606938     
   57.249646860634904      -0.66861873463035060     
   57.256186687783703      -0.66851290629589710     
   57.262726514932510      -0.66840640944853735     
   57.269266342081316      -0.66829924419476816     
   57.275806169230123      -0.66819141064175469     
   57.282345996378922      -0.66808290889733069     
   57.288885823527728      -0.66797373906999780     
   57.295425650676535      -0.66786390126892581     
   57.301965477825341      -0.66775339560395264     
   57.308505304974140      -0.66764222218558389     
   57.315045132122947      -0.66753038112499286     
   57.321584959271753      -0.66741787253402085     
   57.328124786420560      -0.66730469652517621     
   57.334664613569359      -0.66719085321163507     
   57.341204440718165      -0.66707634270724081     
   57.347744267866972      -0.66696116512650372     
   57.354284095015778      -0.66684532058460155     
   57.360823922164577      -0.66672880919737887     
   57.367363749313384      -0.66661163108134702     
   57.373903576462190      -0.66649378635368395     
   57.380443403610990      -0.66637527513223460     
   57.386983230759796      -0.66625609753551007     
   57.393523057908602      -0.66613625368268803     
   57.400062885057409      -0.66601574369361238     
   57.406602712206208      -0.66589456768879285     
   57.413142539355015      -0.66577272578940583     
   57.419682366503821      -0.66565021811729297     
   57.426222193652627      -0.66552704479496194     
   57.432762020801427      -0.66540320594558622     
   57.439301847950233      -0.66527870169300451     
   57.445841675099039      -0.66515353216172113     
   57.452381502247846      -0.66502769747690560     
   57.458921329396645      -0.66490119776439249     
   57.465461156545452      -0.66477403315068173     
   57.472000983694258      -0.66464620376293770     
   57.478540810843064      -0.66451770972898994     
   57.485080637991864      -0.66438855117733253     
   57.491620465140670      -0.66425872823712384     
   57.498160292289477      -0.66412824103818702     
   57.504700119438276      -0.66399708971100913     
   57.511239946587082      -0.66386527438674148     
   57.517779773735889      -0.66373279519719930     
   57.524319600884695      -0.66359965227486206     
   57.530859428033494      -0.66346584575287260     
   57.537399255182301      -0.66333137576503731     
   57.543939082331107      -0.66319624244582631     
   57.550478909479914      -0.66306044593037272     
   57.557018736628713      -0.66292398635447336     
   57.563558563777519      -0.66278686385458752     
   57.570098390926326      -0.66264907856783795     
   57.576638218075132      -0.66251063063200966     
   57.583178045223931      -0.66237152018555079     
   57.589717872372738      -0.66223174736757184     
   57.596257699521544      -0.66209131231784546     
   57.602797526670351      -0.66195021517680674     
   57.609337353819150      -0.66180845608555283     
   57.615877180967956      -0.66166603518584288     
   57.622417008116763      -0.66152295262009775     
   57.628956835265562      -0.66137920853139998     
   57.635496662414369      -0.66123480306349358     
   57.642036489563175      -0.66108973636078416     
   57.648576316711981      -0.66094400856833835     
   57.655116143860781      -0.66079761983188412     
   57.661655971009587      -0.66065057029781005     
   57.668195798158393      -0.66050286011316561     
   57.674735625307200      -0.66035448942566100     
   57.681275452455999      -0.66020545838366707     
   57.687815279604806      -0.66005576713621472     
   57.694355106753612      -0.65990541583299533     
   57.700894933902418      -0.65975440462436008     
   57.707434761051218      -0.65960273366132016     
   57.713974588200024      -0.65945040309554659     
   57.720514415348831      -0.65929741307936995     
   57.727054242497630      -0.65914376376578021     
   57.733594069646436      -0.65898945530842667     
   57.740133896795243      -0.65883448786161780     
   57.746673723944049      -0.65867886158032118     
   57.753213551092848      -0.65852257662016289     
   57.759753378241655      -0.65836563313742813     
   57.766293205390461      -0.65820803128906014     
   57.772833032539268      -0.65804977123266095     
   57.779372859688067      -0.65789085312649043     
   57.785912686836873      -0.65773127712946688     
   57.792452513985680      -0.65757104340116612     
   57.798992341134486      -0.65741015210182208     
   57.805532168283285      -0.65724860339232583     
   57.812071995432092      -0.65708639743422625     
   57.818611822580898      -0.65692353438972917     
   57.825151649729705      -0.65676001442169774     
   57.831691476878504      -0.65659583769365182     
   57.838231304027310      -0.65643100436976831     
   57.844771131176117      -0.65626551461488025     
   57.851310958324916      -0.65609936859447771     
   57.857850785473723      -0.65593256647470655     
   57.864390612622529      -0.65576510842236890     
   57.870930439771335      -0.65559699460492271     
   57.877470266920135      -0.65542822519048205     
   57.884010094068941      -0.65525880034781603     
   57.890549921217747      -0.65508872024634968     
   57.897089748366554      -0.65491798505616317     
   57.903629575515353      -0.65474659494799148     
   57.910169402664160      -0.65457455009322496     
   57.916709229812966      -0.65440185066390821     
   57.923249056961772      -0.65422849683274087     
   57.929788884110572      -0.65405448877307670     
   57.936328711259378      -0.65387982665892375     
   57.942868538408185      -0.65370451066494417     
   57.949408365556991      -0.65352854096645396     
   57.955948192705790      -0.65335191773942269     
   57.962488019854597      -0.65317464116047375     
   57.969027847003403      -0.65299671140688353     
   57.975567674152202      -0.65281812865658195     
   57.982107501301009      -0.65263889308815171     
   57.988647328449815      -0.65245900488082842     
   57.995187155598622      -0.65227846421450020     
   58.001726982747421      -0.65209727126970773     
   58.008266809896227      -0.65191542622764409     
   58.014806637045034      -0.65173292927015414     
   58.021346464193840      -0.65154978057973489     
   58.027886291342639      -0.65136598033953519     
   58.034426118491446      -0.65118152873335500     
   58.040965945640252      -0.65099642594564622     
   58.047505772789059      -0.65081067216151145     
   58.054045599937858      -0.65062426756670455     
   58.060585427086664      -0.65043721234763008     
   58.067125254235471      -0.65024950669134329     
   58.073665081384277      -0.65006115078554982     
   58.080204908533076      -0.64987214481860556     
   58.086744735681883      -0.64968248897951641     
   58.093284562830689      -0.64949218345793824     
   58.099824389979489      -0.64930122844417670     
   58.106364217128295      -0.64910962412918671     
   58.112904044277101      -0.64891737070457245     
   58.119443871425908      -0.64872446836258757     
   58.125983698574707      -0.64853091729613443     
   58.132523525723514      -0.64833671769876389     
   58.139063352872320      -0.64814186976467580     
   58.145603180021126      -0.64794637368871788     
   58.152143007169926      -0.64775022966638629     
   58.158682834318732      -0.64755343789382502     
   58.165222661467539      -0.64735599856782589     
   58.171762488616345      -0.64715791188582827     
   58.178302315765144      -0.64695917804591874     
   58.184842142913951      -0.64675979724683108     
   58.191381970062757      -0.64655976968794626     
   58.197921797211556      -0.64635909556929183     
   58.204461624360363      -0.64615777509154171     
   58.211001451509169      -0.64595580845601663     
   58.217541278657976      -0.64575319586468305     
   58.224081105806775      -0.64554993752015344     
   58.230620932955581      -0.64534603362568643     
   58.237160760104388      -0.64514148438518581     
   58.243700587253194      -0.64493629000320074     
   58.250240414401993      -0.64473045068492563     
   58.256780241550800      -0.64452396663620004     
   58.263320068699606      -0.64431683806350759     
   58.269859895848413      -0.64410906517397715     
   58.276399722997212      -0.64390064817538151     
   58.282939550146018      -0.64369158727613773     
   58.289479377294825      -0.64348188268530659     
   58.296019204443631      -0.64327153461259279     
   58.302559031592430      -0.64306054326834439     
   58.309098858741237      -0.64284890886355284     
   58.315638685890043      -0.64263663160985229     
   58.322178513038843      -0.64242371171952017     
   58.328718340187649      -0.64221014940547638     
   58.335258167336455      -0.64199594488128309     
   58.341797994485262      -0.64178109836114494     
   58.348337821634061      -0.64156561005990831     
   58.354877648782868      -0.64134948019306171     
   58.361417475931674      -0.64113270897673491     
   58.367957303080480      -0.64091529662769908     
   58.374497130229280      -0.64069724336336664     
   58.381036957378086      -0.64047854940179083     
   58.387576784526892      -0.64025921496166571     
   58.394116611675699      -0.64003924026232561     
   58.400656438824498      -0.63981862552374513     
   58.407196265973305      -0.63959737096653912     
   58.413736093122111      -0.63937547681196227     
   58.420275920270917      -0.63915294328190864     
   58.426815747419717      -0.63892977059891165     
   58.433355574568523      -0.63870595898614424     
   58.439895401717330      -0.63848150866741760     
   58.446435228866129      -0.63825641986718251     
   58.452975056014935      -0.63803069281052749     
   58.459514883163742      -0.63780432772317963     
   58.466054710312548      -0.63757732483150409     
   58.472594537461347      -0.63734968436250361     
   58.479134364610154      -0.63712140654381877     
   58.485674191758960      -0.63689249160372752     
   58.492214018907767      -0.63666293977114463     
   58.498753846056566      -0.63643275127562193     
   58.505293673205372      -0.63620192634734785     
   58.511833500354179      -0.63597046521714751     
   58.518373327502985      -0.63573836811648188     
   58.524913154651784      -0.63550563527744819     
   58.531452981800591      -0.63527226693277916     
   58.537992808949397      -0.63503826331584334     
   58.544532636098204      -0.63480362466064411     
   58.551072463247003      -0.63456835120182020     
   58.557612290395809      -0.63433244317464521     
   58.564152117544616      -0.63409590081502698     
   58.570691944693415      -0.63385872435950785     
   58.577231771842222      -0.63362091404526444     
   58.583771598991028      -0.63338247011010695     
   58.590311426139834      -0.63314339279247933     
   58.596851253288634      -0.63290368233145899     
   58.603391080437440      -0.63266333896675619     
   58.609930907586246      -0.63242236293871457     
   58.616470734735053      -0.63218075448831001     
   58.623010561883852      -0.63193851385715083     
   58.629550389032659      -0.63169564128747779     
   58.636090216181465      -0.63145213702216352     
   58.642630043330271      -0.63120800130471222     
   58.649169870479071      -0.63096323437925972     
   58.655709697627877      -0.63071783649057278     
   58.662249524776684      -0.63047180788404933     
   58.668789351925490      -0.63022514880571812     
   58.675329179074289      -0.62997785950223795     
   58.681869006223096      -0.62972994022089834     
   58.688408833371902      -0.62948139120961843     
   58.694948660520701      -0.62923221271694740     
   58.701488487669508      -0.62898240499206359     
   58.708028314818314      -0.62873196828477473     
   58.714568141967121      -0.62848090284551761     
   58.721107969115920      -0.62822920892535772     
   58.727647796264726      -0.62797688677598873     
   58.734187623413533      -0.62772393664973303     
   58.740727450562339      -0.62747035879954072     
   58.747267277711138      -0.62721615347898962     
   58.753807104859945      -0.62696132094228496     
   58.760346932008751      -0.62670586144425944     
   58.766886759157558      -0.62644977524037249     
   58.773426586306357      -0.62619306258671015     
   58.779966413455163      -0.62593572373998529     
   58.786506240603970      -0.62567775895753674     
   58.793046067752769      -0.62541916849732926     
   58.799585894901576      -0.62515995261795321     
   58.806125722050382      -0.62490011157862446     
   58.812665549199188      -0.62463964563918428     
   58.819205376347988      -0.62437855506009854     
   58.825745203496794      -0.62411684010245760     
   58.832285030645600      -0.62385450102797657     
   58.838824857794407      -0.62359153809899459     
   58.845364684943206      -0.62332795157847454     
   58.851904512092013      -0.62306374173000278     
   58.858444339240819      -0.62279890881778943     
   58.864984166389625      -0.62253345310666719     
   58.871523993538425      -0.62226737486209194     
   58.878063820687231      -0.62200067435014172     
   58.884603647836038      -0.62173335183751721     
   58.891143474984844      -0.62146540759154079     
   58.897683302133643      -0.62119684188015689     
   58.904223129282450      -0.62092765497193114     
   58.910762956431256      -0.62065784713605032     
   58.917302783580055      -0.62038741864232250     
   58.923842610728862      -0.62011636976117601     
   58.930382437877668      -0.61984470076365972     
   58.936922265026475      -0.61957241192144263     
   58.943462092175274      -0.61929950350681373     
   58.950001919324080      -0.61902597579268115     
   58.956541746472887      -0.61875182905257287     
   58.963081573621693      -0.61847706356063559     
   58.969621400770492      -0.61820167959163452     
   58.976161227919299      -0.61792567742095406     
   58.982701055068105      -0.61764905732459607     
   58.989240882216912      -0.61737181957918075     
   58.995780709365711      -0.61709396446194575     
   59.002320536514517      -0.61681549225074639     
   59.008860363663324      -0.61653640322405467     
   59.015400190812130      -0.61625669766095970     
   59.021940017960929      -0.61597637584116716     
   59.028479845109736      -0.61569543804499871     
   59.035019672258542      -0.61541388455339219     
   59.041559499407342      -0.61513171564790103     
   59.048099326556148      -0.61484893161069432     
   59.054639153704954      -0.61456553272455605     
   59.061178980853761      -0.61428151927288499     
   59.067718808002560      -0.61399689153969461     
   59.074258635151367      -0.61371164980961279     
   59.080798462300173      -0.61342579436788114     
   59.087338289448979      -0.61313932550035510     
   59.093878116597779      -0.61285224349350365     
   59.100417943746585      -0.61256454863440857     
   59.106957770895391      -0.61227624121076485     
   59.113497598044198      -0.61198732151088009     
   59.120037425192997      -0.61169778982367362     
   59.126577252341804      -0.61140764643867740     
   59.133117079490610      -0.61111689164603467     
   59.139656906639416      -0.61082552573650017     
   59.146196733788216      -0.61053354900144008     
   59.152736560937022      -0.61024096173283093     
   59.159276388085829      -0.60994776422326002     
   59.165816215234628      -0.60965395676592493     
   59.172356042383434      -0.60935953965463308     
   59.178895869532241      -0.60906451318380161     
   59.185435696681047      -0.60876887764845689     
   59.191975523829846      -0.60847263334423451     
   59.198515350978653      -0.60817578056737887     
   59.205055178127459      -0.60787831961474259     
   59.211595005276266      -0.60758025078378675     
   59.218134832425065      -0.60728157437258012     
   59.224674659573871      -0.60698229067979903     
   59.231214486722678      -0.60668240000472740     
   59.237754313871484      -0.60638190264725567     
   59.244294141020283      -0.60608079890788147     
   59.250833968169090      -0.60577908908770817     
   59.257373795317896      -0.60547677348844586     
   59.263913622466696      -0.60517385241241006     
   59.270453449615502      -0.60487032616252190     
   59.276993276764308      -0.60456619504230757     
   59.283533103913115      -0.60426145935589815     
   59.290072931061914      -0.60395611940802951     
   59.296612758210721      -0.60365017550404143     
   59.303152585359527      -0.60334362794987773     
   59.309692412508333      -0.60303647705208607     
   59.316232239657133      -0.60272872311781744     
   59.322772066805939      -0.60242036645482555     
   59.329311893954745      -0.60211140737146729     
   59.335851721103552      -0.60180184617670163     
   59.342391548252351      -0.60149168318008972     
   59.348931375401158      -0.60118091869179469     
   59.355471202549964      -0.60086955302258105     
   59.362011029698770      -0.60055758648381430     
   59.368550856847570      -0.60024501938746100     
   59.375090683996376      -0.59993185204608845     
   59.381630511145183      -0.59961808477286382     
   59.388170338293982      -0.59930371788155434     
   59.394710165442788      -0.59898875168652710     
   59.401249992591595      -0.59867318650274803     
   59.407789819740401      -0.59835702264578261     
   59.414329646889200      -0.59804026043179448     
   59.420869474038007      -0.59772290017754592     
   59.427409301186813      -0.59740494220039719     
   59.433949128335620      -0.59708638681830617     
   59.440488955484419      -0.59676723434982859     
   59.447028782633225      -0.59644748511411649     
   59.453568609782032      -0.59612713943091922     
   59.460108436930838      -0.59580619762058262     
   59.466648264079637      -0.59548466000404832     
   59.473188091228444      -0.59516252690285398     
   59.479727918377250      -0.59483979863913283     
   59.486267745526057      -0.59451647553561304     
   59.492807572674856      -0.59419255791561765     
   59.499347399823662      -0.59386804610306443     
   59.505887226972469      -0.59354294042246492     
   59.512427054121268      -0.59321724119892516     
   59.518966881270075      -0.59289094875814408     
   59.525506708418881      -0.59256406342641432     
   59.532046535567687      -0.59223658553062108     
   59.538586362716487      -0.59190851539824241     
   59.545126189865293      -0.59157985335734820     
   59.551666017014099      -0.59125059973660055     
   59.558205844162906      -0.59092075486525331     
   59.564745671311705      -0.59059031907315118     
   59.571285498460512      -0.59025929269072996     
   59.577825325609318      -0.58992767604901608     
   59.584365152758124      -0.58959546947962616     
   59.590904979906924      -0.58926267331476667     
   59.597444807055730      -0.58892928788723387     
   59.603984634204537      -0.58859531353041328     
   59.610524461353343      -0.58826075057827909     
   59.617064288502142      -0.58792559936539435     
   59.623604115650949      -0.58758986022691040     
   59.630143942799755      -0.58725353349856602     
   59.636683769948554      -0.58691661951668816     
   59.643223597097361      -0.58657911861819090     
   59.649763424246167      -0.58624103114057480     
   59.656303251394974      -0.58590235742192776     
   59.662843078543773      -0.58556309780092308     
   59.669382905692579      -0.58522325261682062     
   59.675922732841386      -0.58488282220946564     
   59.682462559990192      -0.58454180691928836     
   59.689002387138991      -0.58420020708730425     
   59.695542214287798      -0.58385802305511303     
   59.702082041436604      -0.58351525516489866     
   59.708621868585411      -0.58317190375942918     
   59.715161695734210      -0.58282796918205604     
   59.721701522883016      -0.58248345177671357     
   59.728241350031823      -0.58213835188791929     
   59.734781177180629      -0.58179266986077327     
   59.741321004329428      -0.58144640604095732     
   59.747860831478235      -0.58109956077473524     
   59.754400658627041      -0.58075213440895257     
   59.760940485775841      -0.58040412729103541     
   59.767480312924647      -0.58005553976899094     
   59.774020140073453      -0.57970637219140675     
   59.780559967222260      -0.57935662490745043     
   59.787099794371059      -0.57900629826686911     
   59.793639621519866      -0.57865539261998955     
   59.800179448668672      -0.57830390831771750     
   59.806719275817478      -0.57795184571153702     
   59.813259102966278      -0.57759920515351071     
   59.819798930115084      -0.57724598699627938     
   59.826338757263890      -0.57689219159306104     
   59.832878584412697      -0.57653781929765102     
   59.839418411561496      -0.57618287046442185     
   59.845958238710303      -0.57582734544832215     
   59.852498065859109      -0.57547124460487709     
   59.859037893007908      -0.57511456829018737     
   59.865577720156715      -0.57475731686092946     
   59.872117547305521      -0.57439949067435458     
   59.878657374454328      -0.57404109008828896     
   59.885197201603127      -0.57368211546113335     
   59.891737028751933      -0.57332256715186236     
   59.898276855900740      -0.57296244552002418     
   59.904816683049546      -0.57260175092574050     
   59.911356510198345      -0.57224048372970582     
   59.917896337347152      -0.57187864429318735     
   59.924436164495958      -0.57151623297802479     
   59.930975991644765      -0.57115325014662910     
   59.937515818793564      -0.57078969616198327     
   59.944055645942370      -0.57042557138764138     
   59.950595473091177      -0.57006087618772805     
   59.957135300239983      -0.56969561092693843     
   59.963675127388782      -0.56932977597053791     
   59.970214954537589      -0.56896337168436151     
   59.976754781686395      -0.56859639843481335     
   59.983294608835195      -0.56822885658886679     
   59.989834435984001      -0.56786074651406360     
   59.996374263132807      -0.56749206857851398     
   60.002914090281614      -0.56712282315089568     
   60.009453917430413      -0.56675301060045424     
   60.015993744579220      -0.56638263129700228     
   60.022533571728026      -0.56601168561091908     
   60.029073398876832      -0.56564017391315013     
   60.035613226025632      -0.56526809657520727     
   60.042153053174438      -0.56489545396916796     
   60.048692880323244      -0.56452224646767446     
   60.055232707472051      -0.56414847444393479     
   60.061772534620850      -0.56377413827172040     
   60.068312361769657      -0.56339923832536787     
   60.074852188918463      -0.56302377497977707     
   60.081392016067269      -0.56264774861041122     
   60.087931843216069      -0.56227115959329688     
   60.094471670364875      -0.56189400830502290     
   60.101011497513682      -0.56151629512274059     
   60.107551324662481      -0.56113802042416316     
   60.114091151811287      -0.56075918458756535     
   60.120630978960094      -0.56037978799178279     
   60.127170806108900      -0.55999983101621242     
   60.133710633257699      -0.55961931404081089     
   60.140250460406506      -0.55923823744609547     
   60.146790287555312      -0.55885660161314255     
   60.153330114704119      -0.55847440692358796     
   60.159869941852918      -0.55809165375962655     
   60.166409769001724      -0.55770834250401125     
   60.172949596150531      -0.55732447354005366     
   60.179489423299337      -0.55694004725162238     
   60.186029250448136      -0.55655506402314403     
   60.192569077596943      -0.55616952423960142     
   60.199108904745749      -0.55578342828653471     
   60.205648731894556      -0.55539677655003972     
   60.212188559043355      -0.55500956941676816     
   60.218728386192161      -0.55462180727392718     
   60.225268213340968      -0.55423349050927906     
   60.231808040489767      -0.55384461951114028     
   60.238347867638574      -0.55345519466838200     
   60.244887694787380      -0.55306521637042905     
   60.251427521936186      -0.55267468500725980     
   60.257967349084986      -0.55228360096940554     
   60.264507176233792      -0.55189196464795032     
   60.271047003382598      -0.55149977643453041     
   60.277586830531405      -0.55110703672133410     
   60.284126657680204      -0.55071374590110111     
   60.290666484829011      -0.55031990436712219     
   60.297206311977817      -0.54992551251323896     
   60.303746139126623      -0.54953057073384315     
   60.310285966275423      -0.54913507942387652     
   60.316825793424229      -0.54873903897883058     
   60.323365620573036      -0.54834244979474567     
   60.329905447721842      -0.54794531226821097     
   60.336445274870641      -0.54754762679636404     
   60.342985102019448      -0.54714939377689031     
   60.349524929168254      -0.54675061360802268     
   60.356064756317053      -0.54635128668854149     
   60.362604583465860      -0.54595141341777376     
   60.369144410614666      -0.54555099419559239     
   60.375684237763473      -0.54515002942241697     
   60.382224064912272      -0.54474851949921210     
   60.388763892061078      -0.54434646482748783     
   60.395303719209885      -0.54394386580929865     
   60.401843546358691      -0.54354072284724364     
   60.408383373507490      -0.54313703634446575     
   60.414923200656297      -0.54273280670465174     
   60.421463027805103      -0.54232803433203081     
   60.428002854953910      -0.54192271963137562     
   60.434542682102709      -0.54151686300800073     
   60.441082509251515      -0.54111046486776293     
   60.447622336400322      -0.54070352561706014     
   60.454162163549121      -0.54029604566283185     
   60.460701990697927      -0.53988802541255798     
   60.467241817846734      -0.53947946527425850     
   60.473781644995540      -0.53907036565649369     
   60.480321472144340      -0.53866072696836331     
   60.486861299293146      -0.53825054961950591     
   60.493401126441952      -0.53783983402009883     
   60.499940953590759      -0.53742858058085774     
   60.506480780739558      -0.53701678971303624     
   60.513020607888365      -0.53660446182842481     
   60.519560435037171      -0.53619159733935173     
   60.526100262185977      -0.53577819665868121     
   60.532640089334777      -0.53536426019981420     
   60.539179916483583      -0.53494978837668683     
   60.545719743632390      -0.53453478160377121     
   60.552259570781196      -0.53411924029607394     
   60.558799397929995      -0.53370316486913638     
   60.565339225078802      -0.53328655573903394     
   60.571879052227608      -0.53286941332237570     
   60.578418879376407      -0.53245173803630419     
   60.584958706525214      -0.53203353029849465     
   60.591498533674020      -0.53161479052715477     
   60.598038360822827      -0.53119551914102425     
   60.604578187971626      -0.53077571655937472     
   60.611118015120432      -0.53035538320200859     
   60.617657842269239      -0.52993451948925918     
   60.624197669418045      -0.52951312584199028     
   60.630737496566844      -0.52909120268159560     
   60.637277323715651      -0.52866875042999817     
   60.643817150864457      -0.52824576950965041     
   60.650356978013264      -0.52782226034353308     
   60.656896805162063      -0.52739822335515540     
   60.663436632310869      -0.52697365896855441     
   60.669976459459676      -0.52654856760829438     
   60.676516286608482      -0.52612294969946671     
   60.683056113757281      -0.52569680566768950     
   60.689595940906088      -0.52527013593910654     
   60.696135768054894      -0.52484294094038764     
   60.702675595203694      -0.52441522109872774     
   60.709215422352500      -0.52398697684184681     
   60.715755249501306      -0.52355820859798896     
   60.722295076650113      -0.52312891679592266     
   60.728834903798912      -0.52269910186493940     
   60.735374730947719      -0.52226876423485447     
   60.741914558096525      -0.52183790433600519     
   60.748454385245331      -0.52140652259925158     
   60.754994212394131      -0.52097461945597556     
   60.761534039542937      -0.52054219533807988     
   60.768073866691743      -0.52010925067798897     
   60.774613693840550      -0.51967578590864738     
   60.781153520989349      -0.51924180146351984     
   60.787693348138156      -0.51880729777659096     
   60.794233175286962      -0.51837227528236418     
   60.800773002435768      -0.51793673441586219     
   60.807312829584568      -0.51750067561262569     
   60.813852656733374      -0.51706409930871355     
   60.820392483882181      -0.51662700594070221     
   60.826932311030980      -0.51618939594568480     
   60.833472138179786      -0.51575126976127161     
   60.840011965328593      -0.51531262782558840     
   60.846551792477399      -0.51487347057727750     
   60.853091619626198      -0.51443379845549597     
   60.859631446775005      -0.51399361189991610     
   60.866171273923811      -0.51355291135072412     
   60.872711101072618      -0.51311169724862093     
   60.879250928221417      -0.51266997003482051     
   60.885790755370223      -0.51222773015105005     
   60.892330582519030      -0.51178497803954948     
   60.898870409667836      -0.51134171414307084     
   60.905410236816635      -0.51089793890487800     
   60.911950063965442      -0.51045365276874632     
   60.918489891114248      -0.51000885617896186     
   60.925029718263048      -0.50956354958032124     
   60.931569545411854      -0.50911773341813105     
   60.938109372560660      -0.50867140813820755     
   60.944649199709467      -0.50822457418687572     
   60.951189026858266      -0.50777723201096980     
   60.957728854007073      -0.50732938205783185     
   60.964268681155879      -0.50688102477531183     
   60.970808508304685      -0.50643216061176710     
   60.977348335453485      -0.50598279001606161     
   60.983888162602291      -0.50553291343756623     
   60.990427989751097      -0.50508253132615744     
   60.996967816899904      -0.50463164413221728     
   61.003507644048703      -0.50418025230663288     
   61.010047471197510      -0.50372835630079627     
   61.016587298346316      -0.50327595656660340     
   61.023127125495122      -0.50282305355645385     
   61.029666952643922      -0.50236964772325088     
   61.036206779792728      -0.50191573952040014     
   61.042746606941535      -0.50146132940180987     
   61.049286434090334      -0.50100641782189015     
   61.055826261239140      -0.50055100523555274     
   61.062366088387947      -0.50009509209820990     
   61.068905915536753      -0.49963867886577507     
   61.075445742685552      -0.49918176599466141     
   61.081985569834359      -0.49872435394178166     
   61.088525396983165      -0.49826644316454793     
   61.095065224131972      -0.49780803412087110     
   61.101605051280771      -0.49734912726916020     
   61.108144878429577      -0.49688972306832191     
   61.114684705578384      -0.49642982197776064     
   61.121224532727190      -0.49596942445737729     
   61.127764359875989      -0.49550853096756964     
   61.134304187024796      -0.49504714196923100     
   61.140844014173602      -0.49458525792375035     
   61.147383841322409      -0.49412287929301169     
   61.153923668471208      -0.49366000653939379     
   61.160463495620014      -0.49319664012576936     
   61.167003322768821      -0.49273278051550473     
   61.173543149917620      -0.49226842817245958     
   61.180082977066427      -0.49180358356098630     
   61.186622804215233      -0.49133824714592939     
   61.193162631364039      -0.49087241939262538     
   61.199702458512839      -0.49040610076690200     
   61.206242285661645      -0.48993929173507778     
   61.212782112810451      -0.48947199276396197     
   61.219321939959258      -0.48900420432085323     
   61.225861767108057      -0.48853592687354025     
   61.232401594256864      -0.48806716089030039     
   61.238941421405670      -0.48759790683989968     
   61.245481248554476      -0.48712816519159208     
   61.252021075703276      -0.48665793641511934     
   61.258560902852082      -0.48618722098071010     
   61.265100730000889      -0.48571601935907993     
   61.271640557149695      -0.48524433202143041     
   61.278180384298494      -0.48477215943944885     
   61.284720211447301      -0.48429950208530781     
   61.291260038596107      -0.48382636043166477     
   61.297799865744906      -0.48335273495166126     
   61.304339692893713      -0.48287862611892285     
   61.310879520042519      -0.48240403440755836     
   61.317419347191326      -0.48192896029215931     
   61.323959174340125      -0.48145340424780014     
   61.330499001488931      -0.48097736675003666     
   61.337038828637738      -0.48050084827490647     
   61.343578655786544      -0.48002384929892800     
   61.350118482935343      -0.47954637029910024     
   61.356658310084150      -0.47906841175290216     
   61.363198137232956      -0.47858997413829241     
   61.369737964381763      -0.47811105793370845     
   61.376277791530562      -0.47763166361806658     
   61.382817618679368      -0.47715179167076099     
   61.389357445828175      -0.47667144257166383     
   61.395897272976981      -0.47619061680112407     
   61.402437100125780      -0.47570931483996753     
   61.408976927274587      -0.47522753716949617     
   61.415516754423393      -0.47474528427148760     
   61.422056581572193      -0.47426255662819483     
   61.428596408720999      -0.47377935472234539     
   61.435136235869805      -0.47329567903714131     
   61.441676063018612      -0.47281153005625814     
   61.448215890167411      -0.47232690826384499     
   61.454755717316218      -0.47184181414452353     
   61.461295544465024      -0.47135624818338795     
   61.467835371613830      -0.47087021086600417     
   61.474375198762630      -0.47038370267840968     
   61.480915025911436      -0.46989672410711236     
   61.487454853060242      -0.46940927563909096     
   61.493994680209049      -0.46892135776179394     
   61.500534507357848      -0.46843297096313913     
   61.507074334506655      -0.46794411573151340     
   61.513614161655461      -0.46745479255577194     
   61.520153988804260      -0.46696500192523788     
   61.526693815953067      -0.46647474432970193     
   61.533233643101873      -0.46598402025942165     
   61.539773470250680      -0.46549283020512111     
   61.546313297399479      -0.46500117465799035     
   61.552853124548285      -0.46450905410968496     
   61.559392951697092      -0.46401646905232546     
   61.565932778845898      -0.46352341997849694     
   61.572472605994697      -0.46302990738124838     
   61.579012433143504      -0.46253593175409252     
   61.585552260292310      -0.46204149359100483     
   61.592092087441117      -0.46154659338642362     
   61.598631914589916      -0.46105123163524903     
   61.605171741738722      -0.46055540883284279     
   61.611711568887529      -0.46005912547502764     
   61.618251396036335      -0.45956238205808708     
   61.624791223185134      -0.45906517907876448     
   61.631331050333941      -0.45856751703426279     
   61.637870877482747      -0.45806939642224398     
   61.644410704631547      -0.45757081774082886     
   61.650950531780353      -0.45707178148859595     
   61.657490358929159      -0.45657228816458156     
   61.664030186077966      -0.45607233826827909     
   61.670570013226765      -0.45557193229963833     
   61.677109840375572      -0.45507107075906528     
   61.683649667524378      -0.45456975414742140     
   61.690189494673184      -0.45406798296602341     
   61.696729321821984      -0.45356575771664243     
   61.703269148970790      -0.45306307890150377     
   61.709808976119596      -0.45255994702328611     
   61.716348803268403      -0.45205636258512155     
   61.722888630417202      -0.45155232609059437     
   61.729428457566009      -0.45104783804374099     
   61.735968284714815      -0.45054289894904970     
   61.742508111863621      -0.45003750931145942     
   61.749047939012421      -0.44953166963635988     
   61.755587766161227      -0.44902538042959056     
   61.762127593310034      -0.44851864219744092     
   61.768667420458833      -0.44801145544664900     
   61.775207247607639      -0.44750382068440164     
   61.781747074756446      -0.44699573841833362     
   61.788286901905252      -0.44648720915652718     
   61.794826729054051      -0.44597823340751153     
   61.801366556202858      -0.44546881168026248     
   61.807906383351664      -0.44495894448420176     
   61.814446210500471      -0.44444863232919651     
   61.820986037649270      -0.44393787572555893     
   61.827525864798076      -0.44342667518404560     
   61.834065691946883      -0.44291503121585724     
   61.840605519095689      -0.44240294433263749     
   61.847145346244488      -0.44189041504647353     
   61.853685173393295      -0.44137744386989447     
   61.860225000542101      -0.44086403131587149     
   61.866764827690908      -0.44035017789781722     
   61.873304654839707      -0.43983588412958502     
   61.879844481988513      -0.43932115052546872     
   61.886384309137320      -0.43880597760020185     
   61.892924136286119      -0.43829036586895737     
   61.899463963434926      -0.43777431584734700     
   61.906003790583732      -0.43725782805142088     
   61.912543617732538      -0.43674090299766660     
   61.919083444881338      -0.43622354120300938     
   61.925623272030144      -0.43570574318481087     
   61.932163099178950      -0.43518750946086932     
   61.938702926327757      -0.43466884054941818     
   61.945242753476556      -0.43414973696912662     
   61.951782580625363      -0.43363019923909796     
   61.958322407774169      -0.43311022787887010     
   61.964862234922975      -0.43258982340841440     
   61.971402062071775      -0.43206898634813529     
   61.977941889220581      -0.43154771721886975     
   61.984481716369388      -0.43102601654188710     
   61.991021543518187      -0.43050388483888796     
   61.997561370666993      -0.42998132263200389     
   62.004101197815800      -0.42945833044379722     
   62.010641024964606      -0.42893490879726009     
   62.017180852113405      -0.42841105821581416     
   62.023720679262212      -0.42788677922331003     
   62.030260506411018      -0.42736207234402657     
   62.036800333559825      -0.42683693810267076     
   62.043340160708624      -0.42631137702437688     
   62.049879987857430      -0.42578538963470591     
   62.056419815006237      -0.42525897645964544     
   62.062959642155043      -0.42473213802560844     
   62.069499469303842      -0.42420487485943342     
   62.076039296452649      -0.42367718748838351     
   62.082579123601455      -0.42314907644014610     
   62.089118950750262      -0.42262054224283230     
   62.095658777899061      -0.42209158542497616     
   62.102198605047867      -0.42156220651553478     
   62.108738432196674      -0.42103240604388675     
   62.115278259345473      -0.42050218453983268     
   62.121818086494279      -0.41997154253359403     
   62.128357913643086      -0.41944048055581290     
   62.134897740791892      -0.41890899913755125     
   62.141437567940692      -0.41837709881029050     
   62.147977395089498      -0.41784478010593096     
   62.154517222238304      -0.41731204355679125     
   62.161057049387111      -0.41677888969560806     
   62.167596876535910      -0.41624531905553519     
   62.174136703684717      -0.41571133217014317     
   62.180676530833523      -0.41517692957341895     
   62.187216357982329      -0.41464211179976523     
   62.193756185131129      -0.41410687938399965     
   62.200296012279935      -0.41357123286135472     
   62.206835839428742      -0.41303517276747692     
   62.213375666577548      -0.41249869963842634     
   62.219915493726347      -0.41196181401067611     
   62.226455320875154      -0.41142451642111183     
   62.232995148023960      -0.41088680740703110     
   62.239534975172759      -0.41034868750614301     
   62.246074802321566      -0.40981015725656739     
   62.252614629470372      -0.40927121719683462     
   62.259154456619179      -0.40873186786588456     
   62.265694283767978      -0.40819210980306658     
   62.272234110916784      -0.40765194354813883     
   62.278773938065591      -0.40711136964126760     
   62.285313765214397      -0.40657038862302669     
   62.291853592363196      -0.40602900103439710     
   62.298393419512003      -0.40548720741676653     
   62.304933246660809      -0.40494500831192842     
   62.311473073809616      -0.40440240426208207     
   62.318012900958415      -0.40385939580983143     
   62.324552728107221      -0.40331598349818493     
   62.331092555256028      -0.40277216787055498     
   62.337632382404834      -0.40222794947075713     
   62.344172209553633      -0.40168332884300995     
   62.350712036702440      -0.40113830653193377     
   62.357251863851246      -0.40059288308255114     
   62.363791691000046      -0.40004705904028537     
   62.370331518148852      -0.39950083495096061     
   62.376871345297658      -0.39895421136080084     
   62.383411172446465      -0.39840718881642978     
   62.389950999595264      -0.39785976786486987     
   62.396490826744071      -0.39731194905354211     
   62.403030653892877      -0.39676373293026534     
   62.409570481041683      -0.39621512004325565     
   62.416110308190483      -0.39566611094112597     
   62.422650135339289      -0.39511670617288525     
   62.429189962488095      -0.39456690628793839     
   62.435729789636902      -0.39401671183608528     
   62.442269616785701      -0.39346612336752029     
   62.448809443934508      -0.39291514143283190     
   62.455349271083314      -0.39236376658300215     
   62.461889098232120      -0.39181199936940569     
   62.468428925380920      -0.39125984034380995     
   62.474968752529726      -0.39070729005837385     
   62.481508579678533      -0.39015434906564761     
   62.488048406827332      -0.38960101791857249     
   62.494588233976138      -0.38904729717047931     
   62.501128061124945      -0.38849318737508903     
   62.507667888273751      -0.38793868908651125     
   62.514207715422550      -0.38738380285924445     
   62.520747542571357      -0.38682852924817474     
   62.527287369720163      -0.38627286880857581     
   62.533827196868970      -0.38571682209610803     
   62.540367024017769      -0.38516038966681826     
   62.546906851166575      -0.38460357207713874     
   62.553446678315382      -0.38404636988388724     
   62.559986505464188      -0.38348878364426581     
   62.566526332612987      -0.38293081391586081     
   62.573066159761794      -0.38237246125664187     
   62.579605986910600      -0.38181372622496157     
   62.586145814059400      -0.38125460937955519     
   62.592685641208206      -0.38069511127953937     
   62.599225468357012      -0.38013523248441228     
   62.605765295505819      -0.37957497355405267     
   62.612305122654618      -0.37901433504871956     
   62.618844949803425      -0.37845331752905126     
   62.625384776952231      -0.37789192155606555     
   62.631924604101037      -0.37733014769115825     
   62.638464431249837      -0.37676799649610326     
   62.645004258398643      -0.37620546853305181     
   62.651544085547449      -0.37564256436453186     
   62.658083912696256      -0.37507928455344752     
   62.664623739845055      -0.37451562966307861     
   62.671163566993862      -0.37395160025708019     
   62.677703394142668      -0.37338719689948147     
   62.684243221291474      -0.37282242015468586     
   62.690783048440274      -0.37225727058747010     
   62.697322875589080      -0.37169174876298372     
   62.703862702737887      -0.37112585524674868     
   62.710402529886686      -0.37055959060465832     
   62.716942357035492      -0.36999295540297739     
   62.723482184184299      -0.36942595020834101     
   62.730022011333105      -0.36885857558775448     
   62.736561838481904      -0.36829083210859231     
   62.743101665630711      -0.36772272033859804     
   62.749641492779517      -0.36715424084588349     
   62.756181319928324      -0.36658539419892816     
   62.762721147077123      -0.36601618096657856     
   62.769260974225929      -0.36544660171804794     
   62.775800801374736      -0.36487665702291566     
   62.782340628523542      -0.36430634745112633     
   62.788880455672341      -0.36373567357298947     
   62.795420282821148      -0.36316463595917919     
   62.801960109969954      -0.36259323518073283     
   62.808499937118761      -0.36202147180905137     
   62.815039764267560      -0.36144934641589799     
   62.821579591416366      -0.36087685957339821     
   62.828119418565173      -0.36030401185403893     
   62.834659245713972      -0.35973080383066769     
   62.841199072862779      -0.35915723607649269     
   62.847738900011585      -0.35858330916508158     
   62.854278727160391      -0.35800902367036130     
   62.860818554309191      -0.35743438016661744     
   62.867358381457997      -0.35685937922849337     
   62.873898208606803      -0.35628402143099003     
   62.880438035755610      -0.35570830734946529     
   62.886977862904409      -0.35513223755963319     
   62.893517690053216      -0.35455581263756353     
   62.900057517202022      -0.35397903315968121     
   62.906597344350828      -0.35340189970276575     
   62.913137171499628      -0.35282441284395061     
   62.919676998648434      -0.35224657316072266     
   62.926216825797241      -0.35166838123092153     
   62.932756652946047      -0.35108983763273915     
   62.939296480094846      -0.35051094294471918     
   62.945836307243653      -0.34993169774575622     
   62.952376134392459      -0.34935210261509558     
   62.958915961541258      -0.34877215813233231     
   62.965455788690065      -0.34819186487741094     
   62.971995615838871      -0.34761122343062467     
   62.978535442987678      -0.34703023437261504     
   62.985075270136477      -0.34644889828437098     
   62.991615097285283      -0.34586721574722867     
   62.998154924434090      -0.34528518734287061     
   63.004694751582896      -0.34470281365332522     
   63.011234578731695      -0.34412009526096610     
   63.017774405880502      -0.34353703274851177     
   63.024314233029308      -0.34295362669902474     
   63.030854060178115      -0.34236987769591093     
   63.037393887326914      -0.34178578632291939     
   63.043933714475720      -0.34120135316414163     
   63.050473541624527      -0.34061657880401064     
   63.057013368773326      -0.34003146382730087     
   63.063553195922132      -0.33944600881912729     
   63.070093023070939      -0.33886021436494485     
   63.076632850219745      -0.33827408105054807     
   63.083172677368545      -0.33768760946207027     
   63.089712504517351      -0.33710080018598293     
   63.096252331666157      -0.33651365380909543     
   63.102792158814964      -0.33592617091855415     
   63.109331985963763      -0.33533835210184193     
   63.115871813112570      -0.33475019794677757     
   63.122411640261376      -0.33416170904151532     
   63.128951467410182      -0.33357288597454399     
   63.135491294558982      -0.33298372933468667     
   63.142031121707788      -0.33239423971110005     
   63.148570948856594      -0.33180441769327373     
   63.155110776005401      -0.33121426387102970     
   63.161650603154200      -0.33062377883452182     
   63.168190430303007      -0.33003296317423508     
   63.174730257451813      -0.32944181748098522     
   63.181270084600612      -0.32885034234591781     
   63.187809911749419      -0.32825853836050806     
   63.194349738898225      -0.32766640611656001     
   63.200889566047032      -0.32707394620620578     
   63.207429393195831      -0.32648115922190535     
   63.213969220344637      -0.32588804575644575     
   63.220509047493444      -0.32529460640294033     
   63.227048874642250      -0.32470084175482855     
   63.233588701791049      -0.32410675240587500     
   63.240128528939856      -0.32351233895016912     
   63.246668356088662      -0.32291760198212421     
   63.253208183237469      -0.32232254209647737     
   63.259748010386268      -0.32172715988828837     
   63.266287837535074      -0.32113145595293952     
   63.272827664683881      -0.32053543088613473     
   63.279367491832687      -0.31993908528389903     
   63.285907318981486      -0.31934241974257804     
   63.292447146130293      -0.31874543485883727     
   63.298986973279099      -0.31814813122966173     
   63.305526800427899      -0.31755050945235497     
   63.312066627576705      -0.31695257012453870     
   63.318606454725511      -0.31635431384415230     
   63.325146281874318      -0.31575574120945210     
   63.331686109023117      -0.31515685281901062     
   63.338225936171924      -0.31455764927171637     
   63.344765763320730      -0.31395813116677285     
   63.351305590469536      -0.31335829910369811     
   63.357845417618336      -0.31275815368232435     
   63.364385244767142      -0.31215769550279682     
   63.370925071915948      -0.31155692516557376     
   63.377464899064755      -0.31095584327142556     
   63.384004726213554      -0.31035445042143411     
   63.390544553362361      -0.30975274721699225     
   63.397084380511167      -0.30915073425980311     
   63.403624207659973      -0.30854841215187978     
   63.410164034808773      -0.30794578149554425     
   63.416703861957579      -0.30734284289342723     
   63.423243689106386      -0.30673959694846731     
   63.429783516255185      -0.30613604426391045     
   63.436323343403991      -0.30553218544330935     
   63.442863170552798      -0.30492802109052281     
   63.449402997701604      -0.30432355180971515     
   63.455942824850403      -0.30371877820535564     
   63.462482651999210      -0.30311370088221795     
   63.469022479148016      -0.30250832044537940     
   63.475562306296823      -0.30190263750022034     
   63.482102133445622      -0.30129665265242384     
   63.488641960594428      -0.30069036650797465     
   63.495181787743235      -0.30008377967315891     
   63.501721614892041      -0.29947689275456357     
   63.508261442040840      -0.29886970635907545     
   63.514801269189647      -0.29826222109388101     
   63.521341096338453      -0.29765443756646542     
   63.527880923487260      -0.29704635638461230     
   63.534420750636059      -0.29643797815640277     
   63.540960577784865      -0.29582930349021513     
   63.547500404933672      -0.29522033299472400     
   63.554040232082471      -0.29461106727889985     
   63.560580059231278      -0.29400150695200844     
   63.567119886380084      -0.29339165262361006     
   63.573659713528890      -0.29278150490355909     
   63.580199540677690      -0.29217106440200319     
   63.586739367826496      -0.29156033172938300     
   63.593279194975302      -0.29094930749643094     
   63.599819022124109      -0.29033799231417146     
   63.606358849272908      -0.28972638679391965     
   63.612898676421715      -0.28911449154728103     
   63.619438503570521      -0.28850230718615094     
   63.625978330719327      -0.28788983432271359     
   63.632518157868127      -0.28727707356944188     
   63.639057985016933      -0.28666402553909665     
   63.645597812165740      -0.28605069084472590     
   63.652137639314539      -0.28543707009966424     
   63.658677466463345      -0.28482316391753248     
   63.665217293612152      -0.28420897291223679     
   63.671757120760958      -0.28359449769796824     
   63.678296947909757      -0.28297973888920197     
   63.684836775058564      -0.28236469710069678     
   63.691376602207370      -0.28174937294749453     
   63.697916429356177      -0.28113376704491932     
   63.704456256504976      -0.28051788000857703     
   63.710996083653782      -0.27990171245435475     
   63.717535910802589      -0.27928526499842005     
   63.724075737951395      -0.27866853825722027     
   63.730615565100194      -0.27805153284748230     
   63.737155392249001      -0.27743424938621153     
   63.743695219397807      -0.27681668849069130     
   63.750235046546614      -0.27619885077848261     
   63.756774873695413      -0.27558073686742313     
   63.763314700844219      -0.27496234737562680     
   63.769854527993026      -0.27434368292148309     
   63.776394355141825      -0.27372474412365644     
   63.782934182290631      -0.27310553160108569     
   63.789474009439438      -0.27248604597298337     
   63.796013836588244      -0.27186628785883504     
   63.802553663737044      -0.27124625787839884     
   63.809093490885850      -0.27062595665170480     
   63.815633318034656      -0.27000538479905412     
   63.822173145183463      -0.26938454294101860     
   63.828712972332262      -0.26876343169844019     
   63.835252799481069      -0.26814205169243005     
   63.841792626629875      -0.26752040354436829     
   63.848332453778681      -0.26689848787590292     
   63.854872280927481      -0.26627630530894969     
   63.861412108076287      -0.26565385646569117     
   63.867951935225094      -0.26503114196857619     
   63.874491762373900      -0.26440816244031917     
   63.881031589522699      -0.26378491850389979     
   63.887571416671506      -0.26316141078256189     
   63.894111243820312      -0.26253763989981316     
   63.900651070969111      -0.26191360647942458     
   63.907190898117918      -0.26128931114542953     
   63.913730725266724      -0.26066475452212329     
   63.920270552415531      -0.26003993723406255     
   63.926810379564330      -0.25941485990606455     
   63.933350206713136      -0.25878952316320669     
   63.939890033861943      -0.25816392763082568     
   63.946429861010749      -0.25753807393451705     
   63.952969688159548      -0.25691196270013444     
   63.959509515308355      -0.25628559455378913     
   63.966049342457161      -0.25565897012184935     
   63.972589169605968      -0.25503209003093935     
   63.979128996754767      -0.25440495490793935     
   63.985668823903573      -0.25377756537998447     
   63.992208651052380      -0.25314992207446418     
   63.998748478201186      -0.25252202561902187     
   64.005288305349993      -0.25189387664155388     
   64.011828132498792      -0.25126547577020925     
   64.018367959647591      -0.25063682363338891     
   64.024907786796405      -0.25000792085974483     
   64.031447613945204      -0.24937876807817996     
   64.037987441094003      -0.24874936591784699     
   64.044527268242817      -0.24811971500814811     
   64.051067095391616      -0.24748981597873418     
   64.057606922540430      -0.24685966945950433     
   64.064146749689229      -0.24622927608060496     
   64.070686576838028      -0.24559863647242958     
   64.077226403986842      -0.24496775126561765     
   64.083766231135641      -0.24433662109105447     
   64.090306058284440      -0.24370524657987019     
   64.096845885433254      -0.24307362836343929     
   64.103385712582053      -0.24244176707338008     
   64.109925539730867      -0.24180966334155377     
   64.116465366879666      -0.24117731780006410     
   64.123005194028465      -0.24054473108125665     
   64.129545021177279      -0.23991190381771813     
   64.136084848326078      -0.23927883664227578     
   64.142624675474877      -0.23864553018799678     
   64.149164502623691      -0.23801198508818758     
   64.155704329772490      -0.23737820197639328     
   64.162244156921290      -0.23674418148639706     
   64.168783984070103      -0.23610992425221933     
   64.175323811218902      -0.23547543090811732     
   64.181863638367716      -0.23484070208858440     
   64.188403465516515      -0.23420573842834944     
   64.194943292665315      -0.23357054056237603     
   64.201483119814128      -0.23293510912586210     
   64.208022946962927      -0.23229944475423900     
   64.214562774111727      -0.23166354808317116     
   64.221102601260540      -0.23102741974855531     
   64.227642428409339      -0.23039106038651963     
   64.234182255558153      -0.22975447063342358     
   64.240722082706952      -0.22911765112585694     
   64.247261909855752      -0.22848060250063912     
   64.253801737004565      -0.22784332539481880     
   64.260341564153364      -0.22720582044567308     
   64.266881391302164      -0.22656808829070693     
   64.273421218450977      -0.22593012956765246     
   64.279961045599777      -0.22529194491446844     
   64.286500872748576      -0.22465353496933954     
   64.293040699897389      -0.22401490037067559     
   64.299580527046189      -0.22337604175711134     
   64.306120354195002      -0.22273695976750532     
   64.312660181343801      -0.22209765504093948     
   64.319200008492601      -0.22145812821671862     
   64.325739835641414      -0.22081837993436951     
   64.332279662790214      -0.22017841083364045     
   64.338819489939013      -0.21953822155450056     
   64.345359317087826      -0.21889781273713910     
   64.351899144236626      -0.21825718502196492     
   64.358438971385439      -0.21761633904960570     
   64.364978798534239      -0.21697527546090747     
   64.371518625683038      -0.21633399489693372     
   64.378058452831851      -0.21569249799896509     
   64.384598279980651      -0.21505078540849842     
   64.391138107129450      -0.21440885776724641     
   64.397677934278263      -0.21376671571713662     
   64.404217761427063      -0.21312435990031114     
   64.410757588575862      -0.21248179095912575     
   64.417297415724676      -0.21183900953614940     
   64.423837242873475      -0.21119601627416348     
   64.430377070022288      -0.21055281181616131     
   64.436916897171088      -0.20990939680534731     
   64.443456724319887      -0.20926577188513654     
   64.449996551468701      -0.20862193769915383     
   64.456536378617500      -0.20797789489123342     
   64.463076205766299      -0.20733364410541816     
   64.469616032915113      -0.20668918598595876     
   64.476155860063912      -0.20604452117731339     
   64.482695687212711      -0.20539965032414681     
   64.489235514361525      -0.20475457407132991     
   64.495775341510324      -0.20410929306393899     
   64.502315168659138      -0.20346380794725497     
   64.508854995807937      -0.20281811936676300     
   64.515394822956736      -0.20217222796815168     
   64.521934650105550      -0.20152613439731240     
   64.528474477254349      -0.20087983930033868     
   64.535014304403148      -0.20023334332352563     
   64.541554131551962      -0.19958664711336929     
   64.548093958700761      -0.19893975131656588     
   64.554633785849575      -0.19829265658001108     
   64.561173612998374      -0.19764536355079976     
   64.567713440147173      -0.19699787287622486     
   64.574253267295987      -0.19635018520377712     
   64.580793094444786      -0.19570230118114418     
   64.587332921593585      -0.19505422145621001     
   64.593872748742399      -0.19440594667705444     
   64.600412575891198      -0.19375747749195218     
   64.606952403039998      -0.19310881454937243     
   64.613492230188811      -0.19245995849797817     
   64.620032057337610      -0.19181090998662539     
   64.626571884486424      -0.19116166966436260     
   64.633111711635223      -0.19051223818043014     
   64.639651538784022      -0.18986261618425956     
   64.646191365932836      -0.18921280432547272     
   64.652731193081635      -0.18856280325388164     
   64.659271020230435      -0.18791261361948725     
   64.665810847379248      -0.18726223607247924     
   64.672350674528047      -0.18661167126323516     
   64.678890501676861      -0.18596091984231986     
   64.685430328825660      -0.18530998246048466     
   64.691970155974460      -0.18465885976866703     
   64.698509983123273      -0.18400755241798961     
   64.705049810272072      -0.18335606105975974     
   64.711589637420872      -0.18270438634546882     
   64.718129464569685      -0.18205252892679155     
   64.724669291718484      -0.18140048945558535     
   64.731209118867284      -0.18074826858388970     
   64.737748946016097      -0.18009586696392549     
   64.744288773164897      -0.17944328524809428     
   64.750828600313710      -0.17879052408897783     
   64.757368427462509      -0.17813758413933731     
   64.763908254611309      -0.17748446605211263     
   64.770448081760122      -0.17683117048042188     
   64.776987908908922      -0.17617769807756067     
   64.783527736057721      -0.17552404949700140     
   64.790067563206534      -0.17487022539239258     
   64.796607390355334      -0.17421622641755838     
   64.803147217504147      -0.17356205322649779     
   64.809687044652946      -0.17290770647338397     
   64.816226871801746      -0.17225318681256366     
   64.822766698950559      -0.17159849489855658     
   64.829306526099359      -0.17094363138605459     
   64.835846353248158      -0.17028859692992121     
   64.842386180396971      -0.16963339218519091     
   64.848926007545771      -0.16897801780706839     
   64.855465834694570      -0.16832247445092810     
   64.862005661843384      -0.16766676277231335     
   64.868545488992183      -0.16701088342693579     
   64.875085316140996      -0.16635483707067483     
   64.881625143289796      -0.16569862435957680     
   64.888164970438595      -0.16504224594985439     
   64.894704797587409      -0.16438570249788603     
   64.901244624736208      -0.16372899466021518     
   64.907784451885007      -0.16307212309354968     
   64.914324279033821      -0.16241508845476108     
   64.920864106182620      -0.16175789140088401     
   64.927403933331433      -0.16110053258911555     
   64.933943760480233      -0.16044301267681449     
   64.940483587629032      -0.15978533232150074     
   64.947023414777846      -0.15912749218085470     
   64.953563241926645      -0.15846949291271648     
   64.960103069075444      -0.15781133517508533     
   64.966642896224258      -0.15715301962611899     
   64.973182723373057      -0.15649454692413306     
   64.979722550521856      -0.15583591772760017     
   64.986262377670670      -0.15517713269514957     
   64.992802204819469      -0.15451819248556628     
   64.999342031968283      -0.15385909775779050     
   65.005881859117082      -0.15319984917091697     
   65.012421686265881      -0.15254044738419428     
   65.018961513414695      -0.15188089305702421     
   65.025501340563494      -0.15122118684896108     
   65.032041167712293      -0.15056132941971109     
   65.038580994861107      -0.14990132142913171     
   65.045120822009906      -0.14924116353723088     
   65.051660649158720      -0.14858085640416649     
   65.058200476307519      -0.14792040069024573     
   65.064740303456318      -0.14725979705592426     
   65.071280130605132      -0.14659904616180575     
   65.077819957753931      -0.14593814866864108     
   65.084359784902730      -0.14527710523732773     
   65.090899612051544      -0.14461591652890912     
   65.097439439200343      -0.14395458320457397     
   65.103979266349143      -0.14329310592565564     
   65.110519093497956      -0.14263148535363135     
   65.117058920646755      -0.14196972215012174     
   65.123598747795569      -0.14130781697688996     
   65.130138574944368      -0.14064577049584123     
   65.136678402093168      -0.13998358336902197     
   65.143218229241981      -0.13932125625861935     
   65.149758056390780      -0.13865878982696050     
   65.156297883539580      -0.13799618473651179     
   65.162837710688393      -0.13733344164987835     
   65.169377537837192      -0.13667056122980326     
   65.175917364986006      -0.13600754413916694     
   65.182457192134805      -0.13534439104098650     
   65.188997019283605      -0.13468110259841501     
   65.195536846432418      -0.13401767947474091     
   65.202076673581217      -0.13335412233338736     
   65.208616500730017      -0.13269043183791149     
   65.215156327878830      -0.13202660865200377     
   65.221696155027630      -0.13136265343948739     
   65.228235982176429      -0.13069856686431755     
   65.234775809325242      -0.13003434959058088     
   65.241315636474042      -0.12937000228249457     
   65.247855463622855      -0.12870552560440601     
   65.254395290771654      -0.12804092022079186     
   65.260935117920454      -0.12737618679625748     
   65.267474945069267      -0.12671132599553628     
   65.274014772218067      -0.12604633848348909     
   65.280554599366866      -0.12538122492510342     
   65.287094426515679      -0.12471598598549281     
   65.293634253664479      -0.12405062232989623     
   65.300174080813292      -0.12338513462367731     
   65.306713907962092      -0.12271952353232379     
   65.313253735110891      -0.12205378972144675     
   65.319793562259704      -0.12138793385677996     
   65.326333389408504      -0.12072195660417931     
   65.332873216557303      -0.12005585862962208     
   65.339413043706116      -0.11938964059920619     
   65.345952870854916      -0.11872330317914973     
   65.352492698003715      -0.11805684703579007     
   65.359032525152529      -0.11739027283558337     
   65.365572352301328      -0.11672358124510385     
   65.372112179450141      -0.11605677293104308     
   65.378652006598941      -0.11538984856020937     
   65.385191833747740      -0.11472280879952711     
   65.391731660896554      -0.11405565431603605     
   65.398271488045353      -0.11338838577689067     
