   0.0000000000000000        0.0000000000000000     
   6.5398271488045353E-003   6.5398682559355192E-003
   1.3079654297609071E-002   1.3079243218472453E-002
   1.9619481446413605E-002   1.9617631688136263E-002
   2.6159308595218141E-002   2.6154540653268159E-002
   3.2699135744022674E-002   3.2689477383852091E-002
   3.9238962892827210E-002   3.9221949525244722E-002
   4.5778790041631746E-002   4.5751465191776204E-002
   5.2318617190436283E-002   5.2277533060189403E-002
   5.8858444339240819E-002   5.8799662462885663E-002
   6.5398271488045348E-002   6.5317363480944940E-002
   7.1938098636849884E-002   7.1830147036888586E-002
   7.8477925785654420E-002   7.8337524987152865E-002
   8.5017752934458957E-002   8.4839010214241672E-002
   9.1557580083263493E-002   9.1334116718527147E-002
   9.8097407232068029E-002   9.7822359709666629E-002
  0.10463723438087257       0.10430325569760532     
  0.11117706152967710       0.11077632258313341     
  0.11771688867848164       0.11724107974796738     
  0.12425671582728617       0.12369704814432488     
  0.13079654297609070       0.13014375038396342     
  0.13733637012489525       0.13658071082665260     
  0.14387619727369977       0.14300745566805084     
  0.15041602442250432       0.14942351302695703     
  0.15695585157130884       0.15582841303190850     
  0.16349567872011339       0.16222168790709648     
  0.17003550586891791       0.16860287205757110     
  0.17657533301772246       0.17497150215370785     
  0.18311516016652699       0.18132711721490843     
  0.18965498731533154       0.18766925869250858     
  0.19619481446413606       0.19399747055186606     
  0.20273464161294061       0.20031129935360320     
  0.20927446876174513       0.20661029433397782     
  0.21581429591054965       0.21289400748435688     
  0.22235412305935420       0.21916199362976832     
  0.22889395020815873       0.22541381050650713     
  0.23543377735696328       0.23164901883877004     
  0.24197360450576780       0.23786718241429752     
  0.24851343165457235       0.24406786815899842     
  0.25505325880337687       0.25025064621053572     
  0.26159308595218139       0.25641508999085083     
  0.26813291310098597       0.26256077627760543     
  0.27467274024979049       0.26868728527452040     
  0.28121256739859501       0.27479420068058968     
  0.28775239454739954       0.28088110975815250     
  0.29429222169620411       0.28694760339980058     
  0.30083204884500864       0.29299327619410626     
  0.30737187599381316       0.29901772649014902     
  0.31391170314261768       0.30502055646082699     
  0.32045153029142220       0.31100137216493312     
  0.32699135744022678       0.31695978360798233     
  0.33353118458903130       0.32289540480177209     
  0.34007101173783583       0.32880785382266270     
  0.34661083888664035       0.33469675286856210     
  0.35315066603544493       0.34056172831460130     
  0.35969049318424945       0.34640241076748796     
  0.36623032033305397       0.35221843511852452     
  0.37277014748185849       0.35800944059527962     
  0.37930997463066307       0.36377507081190147     
  0.38584980177946759       0.36951497381806186     
  0.39238962892827212       0.37522880214652138     
  0.39892945607707664       0.38091621285930677     
  0.40546928322588122       0.38657686759248988     
  0.41200911037468574       0.39221043259956262     
  0.41854893752349026       0.39781657879339799     
  0.42508876467229478       0.40339498178679245     
  0.43162859182109931       0.40894532193158140     
  0.43816841896990388       0.41446728435632402     
  0.44470824611870841       0.41996055900255114     
  0.45124807326751293       0.42542484065957287     
  0.45778790041631745       0.43085982899784148     
  0.46432772756512203       0.43626522860086703     
  0.47086755471392655       0.44164074899568356     
  0.47740738186273107       0.44698610468186289     
  0.48394720901153560       0.45230101515907672     
  0.49048703616034017       0.45758520495320448     
  0.49702686330914470       0.46283840364098927     
  0.50356669045794922       0.46806034587324008     
  0.51010651760675374       0.47325077139658339     
  0.51664634475555826       0.47840942507376621     
  0.52318617190436278       0.48353605690251122     
  0.52972599905316731       0.48863042203292917     
  0.53626582620197194       0.49369228078349098     
  0.54280565335077646       0.49872139865556425     
  0.54934548049958098       0.50371754634651900     
  0.55588530764838551       0.50868049976140783     
  0.56242513479719003       0.51361004002322708     
  0.56896496194599455       0.51850595348176398     
  0.57550478909479907       0.52336803172103930     
  0.58204461624360360       0.52819607156534987     
  0.58858444339240823       0.53298987508392337     
  0.59512427054121275       0.53774924959418879     
  0.60166409769001727       0.54247400766367682     
  0.60820392483882180       0.54716396711055504     
  0.61474375198762632       0.55181895100281297     
  0.62128357913643084       0.55643878765610288     
  0.62782340628523536       0.56102331063025113     
  0.63436323343403989       0.56557235872444911     
  0.64090306058284441       0.57008577597113663     
  0.64744288773164904       0.57456341162859148     
  0.65398271488045356       0.57900512017223515     
  0.66052254202925809       0.58341076128467095     
  0.66706236917806261       0.58778019984446683     
  0.67360219632686713       0.59211330591369604     
  0.68014202347567165       0.59640995472425218     
  0.68668185062447618       0.60067002666295299     
  0.69322167777328070       0.60489340725544527     
  0.69976150492208533       0.60907998714893241     
  0.70630133207088985       0.61322966209373309     
  0.71284115921969438       0.61734233292369489     
  0.71938098636849890       0.62141790553547238     
  0.72592081351730342       0.62545629086669263     
  0.73246064066610794       0.62945740487302049     
  0.73900046781491247       0.63342116850414543     
  0.74554029496371699       0.63734750767870285     
  0.75208012211252151       0.64123635325815287     
  0.75861994926132614       0.64508764101963167     
  0.76515977641013067       0.64890131162779374     
  0.77169960355893519       0.65267731060566592     
  0.77823943070773971       0.65641558830453106     
  0.78477925785654423       0.66011609987285880     
  0.79131908500534875       0.66377880522430666     
  0.79785891215415328       0.66740366900480663     
  0.80439873930295780       0.67099066055875956     
  0.81093856645176243       0.67453975389435705     
  0.81747839360056695       0.67805092764804997     
  0.82401822074937148       0.68152416504818358     
  0.83055804789817600       0.68495945387782153     
  0.83709787504698052       0.68835678643677567     
  0.84363770219578504       0.69171615950286480     
  0.85017752934458957       0.69503757429242297     
  0.85671735649339409       0.69832103642007548     
  0.86325718364219861       0.70156655585780558     
  0.86979701079100324       0.70477414689333240     
  0.87633683793980777       0.70794382808781919     
  0.88287666508861229       0.71107562223293452     
  0.88941649223741681       0.71416955630728685     
  0.89595631938622133       0.71722566143225186     
  0.90249614653502586       0.72024397282721564     
  0.90903597368383038       0.72322452976425355     
  0.91557580083263490       0.72616737552226385     
  0.92211562798143953       0.72907255734058085     
  0.92865545513024406       0.73194012637208428     
  0.93519528227904858       0.73477013763582810     
  0.94173510942785310       0.73756264996920751     
  0.94827493657665762       0.74031772597968826     
  0.95481476372546215       0.74303543199611255     
  0.96135459087426667       0.74571583801960961     
  0.96789441802307119       0.74835901767412449     
  0.97443424517187571       0.75096504815658915     
  0.98097407232068035       0.75353401018675581     
  0.98751389946948487       0.75606598795670987     
  0.99405372661828939       0.75856106908008536     
   1.0005935537670938       0.76101934454100095     
   1.0071333809158984       0.76344090864273684     
   1.0136732080647031       0.76582585895617106     
   1.0202130352135075       0.76817429626799538     
   1.0267528623623121       0.77048632452872967     
   1.0332926895111165       0.77276205080055316     
   1.0398325166599212       0.77500158520497231     
   1.0463723438087256       0.77720504087034259     
   1.0529121709575302       0.77937253387926408     
   1.0594519981063346       0.78150418321586812     
   1.0659918252551392       0.78360011071301250     
   1.0725316524039439       0.78566044099940480     
   1.0790714795527483       0.78768530144666926     
   1.0856113067015529       0.78967482211637585     
   1.0921511338503573       0.79162913570704885     
   1.0986909609991620       0.79354837750117080     
   1.1052307881479664       0.79543268531219935     
   1.1117706152967710       0.79728219943161316     
   1.1183104424455756       0.79909706257600266     
   1.1248502695943801       0.80087741983422245     
   1.1313900967431847       0.80262341861462050     
   1.1379299238919891       0.80433520859235896     
   1.1444697510407937       0.80601294165684334     
   1.1510095781895981       0.80765677185927387     
   1.1575494053384028       0.80926685536033305     
   1.1640892324872072       0.81084335037802613     
   1.1706290596360118       0.81238641713568527     
   1.1771688867848165       0.81389621781015586     
   1.1837087139336209       0.81537291648017252     
   1.1902485410824255       0.81681667907494415     
   1.1967883682312299       0.81822767332295721     
   1.2033281953800345       0.81960606870101027     
   1.2098680225288390       0.82095203638349545     
   1.2164078496776436       0.82226574919193429     
   1.2229476768264480       0.82354738154478346     
   1.2294875039752526       0.82479710940752038     
   1.2360273311240573       0.82601511024302166     
   1.2425671582728617       0.82720156296224212     
   1.2491069854216663       0.82835664787520913     
   1.2556468125704707       0.82948054664234006     
   1.2621866397192754       0.83057344222609519     
   1.2687264668680798       0.83163551884297193     
   1.2752662940168844       0.83266696191585621     
   1.2818061211656888       0.83366795802673499     
   1.2883459483144934       0.83463869486978093     
   1.2948857754632981       0.83557936120481879     
   1.3014256026121025       0.83649014681118172     
   1.3079654297609071       0.83737124244196282     
   1.3145052569097115       0.83822283977867607     
   1.3210450840585162       0.83904513138632675     
   1.3275849112073206       0.83983831066890591     
   1.3341247383561252       0.84060257182530962     
   1.3406645655049299       0.84133810980569557     
   1.3472043926537343       0.84204512026827849     
   1.3537442198025389       0.84272379953657528     
   1.3602840469513433       0.84337434455710159     
   1.3668238741001479       0.84399695285752951     
   1.3733637012489524       0.84459182250530762     
   1.3799035283977570       0.84515915206675440     
   1.3864433555465614       0.84569914056662299     
   1.3929831826953660       0.84621198744814841     
   1.3995230098441707       0.84669789253357641     
   1.4060628369929751       0.84715705598518376     
   1.4126026641417797       0.84758967826678711     
   1.4191424912905841       0.84799596010575073     
   1.4256823184393888       0.84837610245549167     
   1.4322221455881932       0.84873030645848935     
   1.4387619727369978       0.84905877340979807     
   1.4453017998858022       0.84936170472107198     
   1.4518416270346068       0.84963930188509551     
   1.4583814541834115       0.84989176644083186     
   1.4649212813322159       0.85011929993898350     
   1.4714611084810205       0.85032210390807095     
   1.4780009356298249       0.85050037982103011     
   1.4845407627786296       0.85065432906232807     
   1.4910805899274340       0.85078415289560294     
   1.4976204170762386       0.85089005243182347     
   1.5041602442250430       0.85097222859797139     
   1.5107000713738477       0.85103088210624900     
   1.5172398985226523       0.85106621342380950     
   1.5237797256714567       0.85107842274301093     
   1.5303195528202613       0.85106770995219461     
   1.5368593799690657       0.85103427460698711     
   1.5433992071178704       0.85097831590212636     
   1.5499390342666748       0.85090003264380898     
   1.5564788614154794       0.85079962322256042     
   1.5630186885642841       0.85067728558662703     
   1.5695585157130885       0.85053321721588671     
   1.5760983428618931       0.85036761509627856     
   1.5826381700106975       0.85018067569475131     
   1.5891779971595021       0.84997259493472521     
   1.5957178243083066       0.84974356817206997     
   1.6022576514571112       0.84949379017159310     
   1.6087974786059156       0.84922345508404051     
   1.6153373057547202       0.84893275642360189     
   1.6218771329035249       0.84862188704592567     
   1.6284169600523293       0.84829103912663251     
   1.6349567872011339       0.84794040414033445     
   1.6414966143499383       0.84757017284014735     
   1.6480364414987430       0.84718053523770165     
   1.6545762686475474       0.84677168058364372     
   1.6611160957963520       0.84634379734862564     
   1.6676559229451564       0.84589707320478369     
   1.6741957500939610       0.84543169500769511     
   1.6807355772427657       0.84494784877881846     
   1.6872754043915701       0.84444571968840620     
   1.6938152315403747       0.84392549203889178     
   1.7003550586891791       0.84338734924874292     
   1.7068948858379838       0.84283147383678214     
   1.7134347129867882       0.84225804740696519     
   1.7199745401355928       0.84166725063361891     
   1.7265143672843972       0.84105926324712943     
   1.7330541944332019       0.84043426402008092     
   1.7395940215820065       0.83979243075383803     
   1.7461338487308109       0.83913394026556831     
   1.7526736758796155       0.83845896837570044     
   1.7592135030284199       0.83776768989581452     
   1.7657533301772246       0.83706027861695909     
   1.7722931573260290       0.83633690729839039     
   1.7788329844748336       0.83559774765672934     
   1.7853728116236380       0.83484297035553290     
   1.7919126387724427       0.83407274499527262     
   1.7984524659212473       0.83328724010371780     
   1.8049922930700517       0.83248662312671862     
   1.8115321202188563       0.83167106041938110     
   1.8180719473676608       0.83084071723763464     
   1.8246117745164654       0.82999575773018175     
   1.8311516016652698       0.82913634493082844     
   1.8376914288140744       0.82826264075118960     
   1.8442312559628791       0.82737480597376367     
   1.8507710831116835       0.82647300024537140     
   1.8573109102604881       0.82555738207095697     
   1.8638507374092925       0.82462810880773951     
   1.8703905645580972       0.82368533665971955     
   1.8769303917069016       0.82272922067252452     
   1.8834702188557062       0.82175991472859866     
   1.8900100460045106       0.82077757154272390     
   1.8965498731533152       0.81978234265787231     
   1.9030897003021199       0.81877437844138090     
   1.9096295274509243       0.81775382808144681     
   1.9161693545997289       0.81672083958393626     
   1.9227091817485333       0.81567555976950146     
   1.9292490088973380       0.81461813427100271     
   1.9357888360461424       0.81354870753122832     
   1.9423286631949470       0.81246742280090756     
   1.9488684903437514       0.81137442213701361     
   1.9554083174925561       0.81026984640134792     
   1.9619481446413607       0.80915383525940499     
   1.9684879717901651       0.80802652717950807     
   1.9750277989389697       0.80688805943221575     
   1.9815676260877741       0.80573856808998912     
   1.9881074532365788       0.80457818802711878     
   1.9946472803853832       0.80340705291990411     
   2.0011871075341876       0.80222529524708241     
   2.0077269346829922       0.80103304629049832     
   2.0142667618317969       0.79983043613601468     
   2.0208065889806015       0.79861759367465501     
   2.0273464161294061       0.79739464660397519     
   2.0338862432782103       0.79616172142965902     
   2.0404260704270150       0.79491894346733205     
   2.0469658975758196       0.79366643684459104     
   2.0535057247246242       0.79240432450324028     
   2.0600455518734284       0.79113272820173608     
   2.0665853790222330       0.78985176851782801     
   2.0731252061710377       0.78856156485139717     
   2.0796650333198423       0.78726223542748586     
   2.0862048604686469       0.78595389729951104     
   2.0927446876174511       0.78463666635266283     
   2.0992845147662558       0.78331065730747629     
   2.1058243419150604       0.78197598372357957     
   2.1123641690638650       0.78063275800360776     
   2.1189039962126692       0.77928109139728163     
   2.1254438233614739       0.77792109400564646     
   2.1319836505102785       0.77655287478546520     
   2.1385234776590831       0.77517654155376259     
   2.1450633048078878       0.77379220099251678     
   2.1516031319566919       0.77239995865349353     
   2.1581429591054966       0.77099991896321884     
   2.1646827862543012       0.76959218522808504     
   2.1712226134031058       0.76817685963958926     
   2.1777624405519105       0.76675404327969587     
   2.1843022677007147       0.76532383612632426     
   2.1908420948495193       0.76388633705895259     
   2.1973819219983239       0.76244164386433833     
   2.2039217491471286       0.76098985324234791     
   2.2104615762959328       0.75953106081189548     
   2.2170014034447374       0.75806536111698331     
   2.2235412305935420       0.75659284763284407     
   2.2300810577423467       0.75511361277217737     
   2.2366208848911513       0.75362774789148024     
   2.2431607120399555       0.75213534329746679     
   2.2497005391887601       0.75063648825357310     
   2.2562403663375648       0.74913127098654386     
   2.2627801934863694       0.74761977869310037     
   2.2693200206351736       0.74610209754668111     
   2.2758598477839782       0.74457831270425656     
   2.2823996749327828       0.74304850831321367     
   2.2889395020815875       0.74151276751830375     
   2.2954793292303921       0.73997117246865685     
   2.3020191563791963       0.73842380432485277     
   2.3085589835280009       0.73687074326605118     
   2.3150988106768056       0.73531206849717379     
   2.3216386378256102       0.73374785825613897     
   2.3281784649744144       0.73217818982114358     
   2.3347182921232190       0.73060313951799039     
   2.3412581192720237       0.72902278272745735     
   2.3477979464208283       0.72743719389270800     
   2.3543377735696329       0.72584644652673747     
   2.3608776007184371       0.72425061321985340     
   2.3674174278672417       0.72264976564718908     
   2.3739572550160464       0.72104397457624603     
   2.3804970821648510       0.71943330987446252     
   2.3870369093136552       0.71781784051680808     
   2.3935767364624598       0.71619763459339758     
   2.4001165636112645       0.71457275931712794     
   2.4066563907600691       0.71294328103133009     
   2.4131962179088737       0.71130926521743665     
   2.4197360450576779       0.70967077650266319     
   2.4262758722064826       0.70802787866769912     
   2.4328156993552872       0.70638063465440848     
   2.4393555265040918       0.70472910657353627     
   2.4458953536528960       0.70307335571241958     
   2.4524351808017006       0.70141344254270177     
   2.4589750079505053       0.69974942672804741     
   2.4655148350993099       0.69808136713185465     
   2.4720546622481145       0.69640932182496618     
   2.4785944893969187       0.69473334809337384     
   2.4851343165457234       0.69305350244591790     
   2.4916741436945280       0.69136984062197648     
   2.4982139708433326       0.68968241759914650     
   2.5047537979921368       0.68799128760091122     
   2.5112936251409415       0.68629650410429544     
   2.5178334522897461       0.68459811984750618     
   2.5243732794385507       0.68289618683755537     
   2.5309131065873554       0.68119075635786652     
   2.5374529337361595       0.67948187897586099     
   2.5439927608849642       0.67776960455052282     
   2.5505325880337688       0.67605398223994384     
   2.5570724151825734       0.67433506050884195     
   2.5636122423313776       0.67261288713605771     
   2.5701520694801823       0.67088750922202345     
   2.5766918966289869       0.66915897319620488     
   2.5832317237777915       0.66742732482451494     
   2.5897715509265962       0.66569260921669848     
   2.5963113780754004       0.66395487083368465     
   2.6028512052242050       0.66221415349490909     
   2.6093910323730096       0.66047050038560295     
   2.6159308595218143       0.65872395406404738     
   2.6224706866706184       0.65697455646879410     
   2.6290105138194231       0.65522234892584919     
   2.6355503409682277       0.65346737215582162     
   2.6420901681170323       0.65170966628103300     
   2.6486299952658370       0.64994927083258913     
   2.6551698224146412       0.64818622475741239     
   2.6617096495634458       0.64642056642523482     
   2.6682494767122504       0.64465233363554897     
   2.6747893038610551       0.64288156362451854     
   2.6813291310098597       0.64110829307184580     
   2.6878689581586639       0.63933255810759648     
   2.6944087853074685       0.63755439431898142     
   2.7009486124562732       0.63577383675709309     
   2.7074884396050778       0.63399091994359857     
   2.7140282667538820       0.63220567787738557     
   2.7205680939026866       0.63041814404116414     
   2.7271079210514912       0.62862835140802120     
   2.7336477482002959       0.62683633244792736     
   2.7401875753491005       0.62504211913419805     
   2.7467274024979047       0.62324574294990487     
   2.7532672296467093       0.62144723489424047     
   2.7598070567955140       0.61964662548883376     
   2.7663468839443186       0.61784394478401561     
   2.7728867110931228       0.61603922236503683     
   2.7794265382419274       0.61423248735823421     
   2.7859663653907321       0.61242376843714830     
   2.7925061925395367       0.61061309382859053     
   2.7990460196883413       0.60880049131865843     
   2.8055858468371455       0.60698598825870165     
   2.8121256739859501       0.60516961157123605     
   2.8186655011347548       0.60335138775580643     
   2.8252053282835594       0.60153134289479870     
   2.8317451554323636       0.59970950265919865     
   2.8382849825811682       0.59788589231430067     
   2.8448248097299729       0.59606053672536397     
   2.8513646368787775       0.59423346036321556     
   2.8579044640275821       0.59240468730980334     
   2.8644442911763863       0.59057424126369484     
   2.8709841183251910       0.58874214554552506     
   2.8775239454739956       0.58690842310339064     
   2.8840637726228002       0.58507309651819339     
   2.8906035997716044       0.58323618800892929     
   2.8971434269204090       0.58139771943792662     
   2.9036832540692137       0.57955771231603193     
   2.9102230812180183       0.57771618780774103     
   2.9167629083668229       0.57587316673628142     
   2.9233027355156271       0.57402866958863918     
   2.9298425626644318       0.57218271652053532     
   2.9363823898132364       0.57033532736134906     
   2.9429222169620410       0.56848652161899027     
   2.9494620441108452       0.56663631848471807     
   2.9560018712596499       0.56478473683790931     
   2.9625416984084545       0.56293179525077397     
   2.9690815255572591       0.56107751199301970     
   2.9756213527060638       0.55922190503646518     
   2.9821611798548679       0.55736499205960055     
   2.9887010070036726       0.55550679045209850     
   2.9952408341524772       0.55364731731927386     
   3.0017806613012818       0.55178658948649117     
   3.0083204884500860       0.54992462350352345     
   3.0148603155988907       0.54806143564885923     
   3.0214001427476953       0.54619704193396046     
   3.0279399698964999       0.54433145810746875     
   3.0344797970453046       0.54246469965936417     
   3.0410196241941088       0.54059678182507220     
   3.0475594513429134       0.53872771958952337     
   3.0540992784917180       0.53685752769116224     
   3.0606391056405227       0.53498622062590906     
   3.0671789327893269       0.53311381265107161     
   3.0737187599381315       0.53124031778920966     
   3.0802585870869361       0.52936574983195128     
   3.0867984142357408       0.52749012234376125     
   3.0933382413845454       0.52561344866566218     
   3.0998780685333496       0.52373574191890893     
   3.1064178956821542       0.52185701500861559     
   3.1129577228309588       0.51997728062733639     
   3.1194975499797635       0.51809655125860021     
   3.1260373771285681       0.51621483918039912     
   3.1325772042773723       0.51433215646863217     
   3.1391170314261769       0.51244851500050270     
   3.1456568585749816       0.51056392645787163     
   3.1521966857237862       0.50867840233056627     
   3.1587365128725904       0.50679195391964393     
   3.1652763400213950       0.50490459234061269     
   3.1718161671701997       0.50301632852660816     
   3.1783559943190043       0.50112717323152722     
   3.1848958214678089       0.49923713703311834     
   3.1914356486166131       0.49734623033603004     
   3.1979754757654177       0.49545446337481708     
   3.2045153029142224       0.49356184621690447     
   3.2110551300630270       0.49166838876551022     
   3.2175949572118312       0.48977410076252759     
   3.2241347843606358       0.48787899179136512     
   3.2306746115094405       0.48598307127974849     
   3.2372144386582451       0.48408634850248011     
   3.2437542658070497       0.48218883258416062     
   3.2502940929558539       0.48029053250187043     
   3.2568339201046586       0.47839145708781283     
   3.2633737472534632       0.47649161503191823     
   3.2699135744022678       0.47459101488440997     
   3.2764534015510720       0.47268966505833304     
   3.2829932286998766       0.47078757383204528     
   3.2895330558486813       0.46888474935167079     
   3.2960728829974859       0.46698119963351742     
   3.3026127101462905       0.46507693256645793     
   3.3091525372950947       0.46317195591427479     
   3.3156923644438994       0.46126627731796982     
   3.3222321915927040       0.45935990429803858     
   3.3287720187415086       0.45745284425670962     
   3.3353118458903128       0.45554510448015029     
   3.3418516730391175       0.45363669214063690     
   3.3483915001879221       0.45172761429869268     
   3.3549313273367267       0.44981787790519179     
   3.3614711544855314       0.44790748980343037     
   3.3680109816343355       0.44599645673116517     
   3.3745508087831402       0.44408478532261986     
   3.3810906359319448       0.44217248211045934     
   3.3876304630807494       0.44025955352773338     
   3.3941702902295536       0.43834600590978784     
   3.4007101173783583       0.43643184549614655     
   3.4072499445271629       0.43451707843236176     
   3.4137897716759675       0.43260171077183512     
   3.4203295988247722       0.43068574847760888     
   3.4268694259735764       0.42876919742412756     
   3.4334092531223810       0.42685206339897147     
   3.4399490802711856       0.42493435210456038     
   3.4464889074199903       0.42301606915983014     
   3.4530287345687944       0.42109722010188094     
   3.4595685617175991       0.41917781038759755     
   3.4661083888664037       0.41725784539524380     
   3.4726482160152083       0.41533733042602838     
   3.4791880431640130       0.41341627070564607     
   3.4857278703128172       0.41149467138579088     
   3.4922676974616218       0.40957253754564499     
   3.4988075246104264       0.40764987419334164     
   3.5053473517592311       0.40572668626740260     
   3.5118871789080353       0.40380297863815107     
   3.5184270060568399       0.40187875610910068     
   3.5249668332056445       0.39995402341831909     
   3.5315066603544492       0.39802878523976915     
   3.5380464875032538       0.39610304618462566     
   3.5445863146520580       0.39417681080256939     
   3.5511261418008626       0.39225008358305802     
   3.5576659689496672       0.39032286895657498     
   3.5642057960984719       0.38839517129585543     
   3.5707456232472761       0.38646699491709086     
   3.5772854503960807       0.38453834408111215     
   3.5838252775448853       0.38260922299455097     
   3.5903651046936900       0.38067963581098030     
   3.5969049318424946       0.37874958663203456     
   3.6034447589912988       0.37681907950850912     
   3.6099845861401034       0.37488811844143977     
   3.6165244132889081       0.37295670738316261     
   3.6230642404377127       0.37102485023835419     
   3.6296040675865173       0.36909255086505222     
   3.6361438947353215       0.36715981307565826     
   3.6426837218841261       0.36522664063792087     
   3.6492235490329308       0.36329303727590084     
   3.6557633761817354       0.36135900667091819     
   3.6623032033305396       0.35942455246248139     
   3.6688430304793442       0.35748967824919953     
   3.6753828576281489       0.35555438758967622     
   3.6819226847769535       0.35361868400338742     
   3.6884625119257581       0.35168257097154215     
   3.6950023390745623       0.34974605193792691     
   3.7015421662233670       0.34780913030973359     
   3.7080819933721716       0.34587180945837170     
   3.7146218205209762       0.34393409272026482     
   3.7211616476697804       0.34199598339763182     
   3.7277014748185850       0.34005748475925229     
   3.7342413019673897       0.33811860004121774     
   3.7407811291161943       0.33617933244766757     
   3.7473209562649989       0.33423968515151076     
   3.7538607834138031       0.33229966129513322     
   3.7604006105626078       0.33035926399109150     
   3.7669404377114124       0.32841849632279213     
   3.7734802648602170       0.32647736134515781     
   3.7800200920090212       0.32453586208528035     
   3.7865599191578259       0.32259400154306017     
   3.7930997463066305       0.32065178269183309     
   3.7996395734554351       0.31870920847898482     
   3.8061794006042398       0.31676628182655198     
   3.8127192277530439       0.31482300563181220     
   3.8192590549018486       0.31287938276786131     
   3.8257988820506532       0.31093541608417902     
   3.8323387091994578       0.30899110840718264     
   3.8388785363482620       0.30704646254077006     
   3.8454183634970667       0.30510148126685083     
   3.8519581906458713       0.30315616734586659     
   3.8584980177946759       0.30121052351730054     
   3.8650378449434806       0.29926455250017653     
   3.8715776720922848       0.29731825699354714     
   3.8781174992410894       0.29537163967697200     
   3.8846573263898940       0.29342470321098590     
   3.8911971535386987       0.29147745023755711     
   3.8977369806875029       0.28952988338053531     
   3.9042768078363075       0.28758200524609112     
   3.9108166349851121       0.28563381842314528     
   3.9173564621339168       0.28368532548378894     
   3.9238962892827214       0.28173652898369528     
   3.9304361164315256       0.27978743146252155     
   3.9369759435803302       0.27783803544430313     
   3.9435157707291348       0.27588834343783825     
   3.9500555978779395       0.27393835793706528     
   3.9565954250267437       0.27198808142143088     
   3.9631352521755483       0.27003751635625095     
   3.9696750793243529       0.26808666519306240     
   3.9762149064731576       0.26613553036996884     
   3.9827547336219622       0.26418411431197703     
   3.9892945607707664       0.26223241943132702     
   3.9958343879195710       0.26028044812781420     
   4.0023742150683752       0.25832820278910429     
   4.0089140422171798       0.25637568579104181     
   4.0154538693659845       0.25442289949795116     
   4.0219936965147891       0.25246984626293045     
   4.0285335236635937       0.25051652842813982     
   4.0350733508123984       0.24856294832508236     
   4.0416131779612030       0.24660910827487867     
   4.0481530051100076       0.24465501058853567     
   4.0546928322588123       0.24270065756720879     
   4.0612326594076160       0.24074605150245826     
   4.0677724865564207       0.23879119467649956     
   4.0743123137052253       0.23683608936244777     
   4.0808521408540299       0.23488073782455696     
   4.0873919680028346       0.23292514231845324     
   4.0939317951516392       0.23096930509136263     
   4.1004716223004438       0.22901322838233387     
   4.1070114494492485       0.22705691442245549     
   4.1135512765980531       0.22510036543506834     
   4.1200911037468568       0.22314358363597253     
   4.1266309308956615       0.22118657123362978     
   4.1331707580444661       0.21922933042936102     
   4.1397105851932707       0.21727186341753899     
   4.1462504123420754       0.21531417238577635     
   4.1527902394908800       0.21335625951510956     
   4.1593300666396846       0.21139812698017779     
   4.1658698937884893       0.20943977694939772     
   4.1724097209372939       0.20748121158513455     
   4.1789495480860976       0.20552243304386808     
   4.1854893752349023       0.20356344347635519     
   4.1920292023837069       0.20160424502778834     
   4.1985690295325115       0.19964483983795009     
   4.2051088566813162       0.19768523004136362     
   4.2116486838301208       0.19572541776744004     
   4.2181885109789254       0.19376540514062129     
   4.2247283381277301       0.19180519428052037     
   4.2312681652765347       0.18984478730205720     
   4.2378079924253385       0.18788418631559178     
   4.2443478195741431       0.18592339342705341     
   4.2508876467229477       0.18396241073806724     
   4.2574274738717524       0.18200124034607709     
   4.2639673010205570       0.18003988434446550     
   4.2705071281693616       0.17807834482267049     
   4.2770469553181663       0.17611662386629950     
   4.2835867824669709       0.17415472355724032     
   4.2901266096157755       0.17219264597376915     
   4.2966664367645793       0.17023039319065603     
   4.3032062639133839       0.16826796727926718     
   4.3097460910621885       0.16630537030766521     
   4.3162859182109932       0.16434260434070613     
   4.3228257453597978       0.16237967144013429     
   4.3293655725086024       0.16041657366467449     
   4.3359053996574071       0.15845331307012195     
   4.3424452268062117       0.15648989170942956     
   4.3489850539550163       0.15452631163279326     
   4.3555248811038210       0.15256257488773467     
   4.3620647082526247       0.15059868351918179     
   4.3686045354014293       0.14863463956954753     
   4.3751443625502340       0.14667044507880597     
   4.3816841896990386       0.14470610208456675     
   4.3882240168478432       0.14274161262214724     
   4.3947638439966479       0.14077697872464290     
   4.4013036711454525       0.13881220242299566     
   4.4078434982942571       0.13684728574606045     
   4.4143833254430618       0.13488223072066977     
   4.4209231525918655       0.13291703937169666     
   4.4274629797406702       0.13095171372211589     
   4.4340028068894748       0.12898625579306314     
   4.4405426340382794       0.12702066760389313     
   4.4470824611870841       0.12505495117223545     
   4.4536222883358887       0.12308910851404929     
   4.4601621154846933       0.12112314164367638     
   4.4667019426334980       0.11915705257389256     
   4.4732417697823026       0.11719084331595775     
   4.4797815969311063       0.11522451587966469     
   4.4863214240799110       0.11325807227338590     
   4.4928612512287156       0.11129151450411974     
   4.4994010783775202       0.10932484457753489     
   4.5059409055263249       0.10735806449801341     
   4.5124807326751295       0.10539117626869285     
   4.5190205598239341       0.10342418189150686     
   4.5255603869727388       0.10145708336722478     
   4.5321002141215434        9.9489882695489917E-002
   4.5386400412703471        9.7522581874856726E-002
   4.5451798684191518        9.5555182902826954E-002
   4.5517196955679564        9.3587687775884554E-002
   4.5582595227167610        9.1620098489529705E-002
   4.5647993498655657        8.9652417038311630E-002
   4.5713391770143703        8.7684645415860601E-002
   4.5778790041631749        8.5716785614918717E-002
   4.5844188313119796        8.3748839627370023E-002
   4.5909586584607842        8.1780809444269423E-002
   4.5974984856095880        7.9812697055870907E-002
   4.6040383127583926        7.7844504451654764E-002
   4.6105781399071972        7.5876233620353950E-002
   4.6171179670560019        7.3907886549979693E-002
   4.6236577942048065        7.1939465227846236E-002
   4.6301976213536111        6.9970971640594792E-002
   4.6367374485024158        6.8002407774216678E-002
   4.6432772756512204        6.6033775614075821E-002
   4.6498171028000250        6.4065077144930344E-002
   4.6563569299488288        6.2096314350953752E-002
   4.6628967570976334        6.0127489215755031E-002
   4.6694365842464380        5.8158603722398394E-002
   4.6759764113952427        5.6189659853422169E-002
   4.6825162385440473        5.4220659590857249E-002
   4.6890560656928519        5.2251604916244657E-002
   4.6955958928416566        5.0282497810652763E-002
   4.7021357199904612        4.8313340254693783E-002
   4.7086755471392658        4.6344134228539703E-002
   4.7152153742880696        4.4374881711937687E-002
   4.7217552014368742        4.2405584684224958E-002
   4.7282950285856788        4.0436245124343101E-002
   4.7348348557344835        3.8466865010851906E-002
   4.7413746828832881        3.6497446321942649E-002
   4.7479145100320927        3.4527991035451011E-002
   4.7544543371808974        3.2558501128869398E-002
   4.7609941643297020        3.0588978579358869E-002
   4.7675339914785066        2.8619425363760623E-002
   4.7740738186273104        2.6649843458607037E-002
   4.7806136457761150        2.4680234840132320E-002
   4.7871534729249197        2.2710601484282691E-002
   4.7936933000737243        2.0740945366726261E-002
   4.8002331272225289        1.8771268462862423E-002
   4.8067729543713336        1.6801572747830985E-002
   4.8133127815201382        1.4831860196520842E-002
   4.8198526086689428        1.2862132783578348E-002
   4.8263924358177475        1.0892392483415352E-002
   4.8329322629665512        8.9226412702168665E-003
   4.8394720901153558        6.9528811179484585E-003
   4.8460119172641605        4.9831140003632982E-003
   4.8525517444129651        3.0133418910089135E-003
   4.8590915715617697        1.0435667632336641E-003
   4.8656313987105744       -9.2620940980709028E-004
   4.8721712258593790       -2.8959846551450813E-003
   4.8787110530081836       -4.8657569999934992E-003
   4.8852508801569883       -6.8355244717416197E-003
   4.8917907073057920       -8.8052850979496739E-003
   4.8983305344545967       -1.0775036906343982E-002
   4.9048703616034013       -1.2744777924812302E-002
   4.9114101887522059       -1.4714506181399422E-002
   4.9179500159010106       -1.6684219704302967E-002
   4.9244898430498152       -1.8653916521869433E-002
   4.9310296701986198       -2.0623594662590419E-002
   4.9375694973474245       -2.2593252155099074E-002
   4.9441093244962291       -2.4562887028166724E-002
   4.9506491516450328       -2.6532497310699694E-002
   4.9571889787938375       -2.8502081031736327E-002
   4.9637288059426421       -3.0471636220444194E-002
   4.9702686330914467       -3.2441160906117407E-002
   4.9768084602402514       -3.4410653118174192E-002
   4.9833482873890560       -3.6380110886154574E-002
   4.9898881145378606       -3.8349532239718209E-002
   4.9964279416866653       -4.0318915208642413E-002
   5.0029677688354699       -4.2288257822820287E-002
   5.0095075959842736       -4.4257558112259017E-002
   5.0160474231330783       -4.6226814107078330E-002
   5.0225872502818829       -4.8196023837509004E-002
   5.0291270774306875       -5.0165185333891631E-002
   5.0356669045794922       -5.2134296626675354E-002
   5.0422067317282968       -5.4103355746416865E-002
   5.0487465588771014       -5.6072360723779469E-002
   5.0552863860259061       -5.8041309589532172E-002
   5.0618262131747107       -6.0010200374549079E-002
   5.0683660403235145       -6.1979031109808659E-002
   5.0749058674723191       -6.3947799826393315E-002
   5.0814456946211237       -6.5916504555488906E-002
   5.0879855217699284       -6.7885143328384523E-002
   5.0945253489187330       -6.9853714176472126E-002
   5.1010651760675376       -7.1822215131246508E-002
   5.1076050032163423       -7.3790644224305202E-002
   5.1141448303651469       -7.5758999487348516E-002
   5.1206846575139515       -7.7727278952179638E-002
   5.1272244846627553       -7.9695480650704836E-002
   5.1337643118115599       -8.1663602614933703E-002
   5.1403041389603645       -8.3631642876979509E-002
   5.1468439661091692       -8.5599599469059581E-002
   5.1533837932579738       -8.7567470423495816E-002
   5.1599236204067784       -8.9535253772715137E-002
   5.1664634475555831       -9.1502947549250188E-002
   5.1730032747043877       -9.3470549785739945E-002
   5.1795431018531923       -9.5438058514930355E-002
   5.1860829290019961       -9.7405471769675248E-002
   5.1926227561508007       -9.9372787582937092E-002
   5.1991625832996053      -0.10134000398778786     
   5.2057024104484100      -0.10330711901740997     
   5.2122422375972146      -0.10527413070509722     
   5.2187820647460192      -0.10724103708425593     
   5.2253218918948239      -0.10920783618840586     
   5.2318617190436285      -0.11117452605118144     
   5.2384015461924331      -0.11314110470633282     
   5.2449413733412369      -0.11510757018772709     
   5.2514812004900415      -0.11707392052934958     
   5.2580210276388462      -0.11904015376530504     
   5.2645608547876508      -0.12100626792981893     
   5.2711006819364554      -0.12297226105723887     
   5.2776405090852601      -0.12493813118203587     
   5.2841803362340647      -0.12690387633880584     
   5.2907201633828693      -0.12886949456227084     
   5.2972599905316740      -0.13083498388728082     
   5.3037998176804786      -0.13280034234881488     
   5.3103396448292823      -0.13476556798198278     
   5.3168794719780870      -0.13673065882202670     
   5.3234192991268916      -0.13869561290432250     
   5.3299591262756962      -0.14066042826438152     
   5.3364989534245009      -0.14262510293785216     
   5.3430387805733055      -0.14458963496052135     
   5.3495786077221101      -0.14655402236831638     
   5.3561184348709148      -0.14851826319730654     
   5.3626582620197194      -0.15048235548370476     
   5.3691980891685231      -0.15244629726386932     
   5.3757379163173278      -0.15441008657430558     
   5.3822777434661324      -0.15637372145166770     
   5.3888175706149370      -0.15833719993276055     
   5.3953573977637417      -0.16030052005454118     
   5.4018972249125463      -0.16226367985412088     
   5.4084370520613509      -0.16422667736876692     
   5.4149768792101556      -0.16618951063590423     
   5.4215167063589602      -0.16815217769311736     
   5.4280565335077640      -0.17011467657815230     
   5.4345963606565686      -0.17207700532891826     
   5.4411361878053732      -0.17403916198348959     
   5.4476760149541779      -0.17600114458010763     
   5.4542158421029825      -0.17796295115718264     
   5.4607556692517871      -0.17992457975329565     
   5.4672954964005918      -0.18188602840720025     
   5.4738353235493964      -0.18384729515782466     
   5.4803751506982010      -0.18580837804427361     
   5.4869149778470048      -0.18776927510583016     
   5.4934548049958094      -0.18972998438195776     
   5.4999946321446140      -0.19169050391230213     
   5.5065344592934187      -0.19365083173669326     
   5.5130742864422233      -0.19561096589514709     
   5.5196141135910279      -0.19757090442786787     
   5.5261539407398326      -0.19953064537524987     
   5.5326937678886372      -0.20149018677787933     
   5.5392335950374418      -0.20344952667653657     
   5.5457734221862456      -0.20540866311219794     
   5.5523132493350502      -0.20736759412603753     
   5.5588530764838548      -0.20932631775942964     
   5.5653929036326595      -0.21128483205395035     
   5.5719327307814641      -0.21324313505137957     
   5.5784725579302687      -0.21520122479370332     
   5.5850123850790734      -0.21715909932311531     
   5.5915522122278780      -0.21911675668201938     
   5.5980920393766826      -0.22107419491303093     
   5.6046318665254864      -0.22303141205897964     
   5.6111716936742910      -0.22498840616291077     
   5.6177115208230957      -0.22694517526808769     
   5.6242513479719003      -0.22890171741799362     
   5.6307911751207049      -0.23085803065633367     
   5.6373310022695096      -0.23281411302703697     
   5.6438708294183142      -0.23476996257425858     
   5.6504106565671188      -0.23672557734238156     
   5.6569504837159235      -0.23868095537601872     
   5.6634903108647272      -0.24063609472001521     
   5.6700301380135318      -0.24259099341944990     
   5.6765699651623365      -0.24454564951963786     
   5.6831097923111411      -0.24650006106613209     
   5.6896496194599457      -0.24845422610472587     
   5.6961894466087504      -0.25040814268145428     
   5.7027292737575550      -0.25236180884259668     
   5.7092691009063596      -0.25431522263467854     
   5.7158089280551643      -0.25626838210447345     
   5.7223487552039680      -0.25822128529900512     
   5.7288885823527727      -0.26017393026554941     
   5.7354284095015773      -0.26212631505163664     
   5.7419682366503819      -0.26407843770505302     
   5.7485080637991866      -0.26603029627384317     
   5.7550478909479912      -0.26798188880631191     
   5.7615877180967958      -0.26993321335102632     
   5.7681275452456005      -0.27188426795681775     
   5.7746673723944051      -0.27383505067278407     
   5.7812071995432088      -0.27578555954829115     
   5.7877470266920135      -0.27773579263297543     
   5.7942868538408181      -0.27968574797674550     
   5.8008266809896227      -0.28163542362978455     
   5.8073665081384274      -0.28358481764255200     
   5.8139063352872320      -0.28553392806578565     
   5.8204461624360366      -0.28748275295050368     
   5.8269859895848413      -0.28943129034800691     
   5.8335258167336459      -0.29137953830988039     
   5.8400656438824496      -0.29332749488799548     
   5.8466054710312543      -0.29527515813451227     
   5.8531452981800589      -0.29722252610188116     
   5.8596851253288635      -0.29916959684284505     
   5.8662249524776682      -0.30111636841044109     
   5.8727647796264728      -0.30306283885800323     
   5.8793046067752774      -0.30500900623916366     
   5.8858444339240821      -0.30695486860785509     
   5.8923842610728867      -0.30890042401831269     
   5.8989240882216905      -0.31084567052507622     
   5.9054639153704951      -0.31279060618299165     
   5.9120037425192997      -0.31473522904721385     
   5.9185435696681044      -0.31667953717320757     
   5.9250833968169090      -0.31862352861675058     
   5.9316232239657136      -0.32056720143393469     
   5.9381630511145183      -0.32251055368116854     
   5.9447028782633229      -0.32445358341517883     
   5.9512427054121275      -0.32639628869301290     
   5.9577825325609313      -0.32833866757204055     
   5.9643223597097359      -0.33028071810995580     
   5.9708621868585405      -0.33222243836477933     
   5.9774020140073452      -0.33416382639486009     
   5.9839418411561498      -0.33610488025887725     
   5.9904816683049544      -0.33804559801584255     
   5.9970214954537591      -0.33998597772510197     
   6.0035613226025637      -0.34192601744633783     
   6.0101011497513683      -0.34386571523957088     
   6.0166409769001721      -0.34580506916516185     
   6.0231808040489767      -0.34774407728381412     
   6.0297206311977813      -0.34968273765657498     
   6.0362604583465860      -0.35162104834483815     
   6.0428002854953906      -0.35355900741034541     
   6.0493401126441952      -0.35549661291518886     
   6.0558799397929999      -0.35743386292181267     
   6.0624197669418045      -0.35937075549301511     
   6.0689595940906091      -0.36130728869195050     
   6.0754994212394129      -0.36324346058213125     
   6.0820392483882175      -0.36517926922742988     
   6.0885790755370222      -0.36711471269208074     
   6.0951189026858268      -0.36904978904068247     
   6.1016587298346314      -0.37098449633819924     
   6.1081985569834361      -0.37291883264996328     
   6.1147383841322407      -0.37485279604167676     
   6.1212782112810453      -0.37678638457941366     
   6.1278180384298500      -0.37871959632962160     
   6.1343578655786537      -0.38065242935912408     
   6.1408976927274583      -0.38258488173512228     
   6.1474375198762630      -0.38451695152519705     
   6.1539773470250676      -0.38644863679731090     
   6.1605171741738722      -0.38837993561980982     
   6.1670570013226769      -0.39031084606142535     
   6.1735968284714815      -0.39224136619127670     
   6.1801366556202861      -0.39417149407887236     
   6.1866764827690908      -0.39610122779411228     
   6.1932163099178945      -0.39803056540728959     
   6.1997561370666991      -0.39995950498909311     
   6.2062959642155038      -0.40188804461060856     
   6.2128357913643084      -0.40381618234332112     
   6.2193756185131130      -0.40574391625911682     
   6.2259154456619177      -0.40767124443028513     
   6.2324552728107223      -0.40959816492952045     
   6.2389950999595269      -0.41152467582992408     
   6.2455349271083316      -0.41345077520500628     
   6.2520747542571362      -0.41537646112868848     
   6.2586145814059400      -0.41730173167530443     
   6.2651544085547446      -0.41922658491960307     
   6.2716942357035492      -0.42115101893675005     
   6.2782340628523539      -0.42307503180232942     
   6.2847738900011585      -0.42499862159234608     
   6.2913137171499631      -0.42692178638322720     
   6.2978535442987678      -0.42884452425182468     
   6.3043933714475724      -0.43076683327541682     
   6.3109331985963770      -0.43268871153171012     
   6.3174730257451808      -0.43461015709884132     
   6.3240128528939854      -0.43653116805537973     
   6.3305526800427900      -0.43845174248032853     
   6.3370925071915947      -0.44037187845312692     
   6.3436323343403993      -0.44229157405365244     
   6.3501721614892039      -0.44421082736222228     
   6.3567119886380086      -0.44612963645959564     
   6.3632518157868132      -0.44804799942697571     
   6.3697916429356178      -0.44996591434601113     
   6.3763314700844216      -0.45188337929879846     
   6.3828712972332262      -0.45380039236788366     
   6.3894111243820308      -0.45571695163626441     
   6.3959509515308355      -0.45763305518739189     
   6.4024907786796401      -0.45954870110517237     
   6.4090306058284447      -0.46146388747396988     
   6.4155704329772494      -0.46337861237860711     
   6.4221102601260540      -0.46529287390436858     
   6.4286500872748586      -0.46720667013700151     
   6.4351899144236624      -0.46911999916271796     
   6.4417297415724670      -0.47103285906819742     
   6.4482695687212717      -0.47294524794058784     
   6.4548093958700763      -0.47485716386750820     
   6.4613492230188809      -0.47676860493704987     
   6.4678890501676856      -0.47867956923777921     
   6.4744288773164902      -0.48059005485873885     
   6.4809687044652948      -0.48250005988944999     
   6.4875085316140995      -0.48440958241991422     
   6.4940483587629032      -0.48631862054061531     
   6.5005881859117078      -0.48822717234252122     
   6.5071280130605125      -0.49013523591708619     
   6.5136678402093171      -0.49204280935625233     
   6.5202076673581217      -0.49394989075245177     
   6.5267474945069264      -0.49585647819860867     
   6.5332873216557310      -0.49776256978814060     
   6.5398271488045356      -0.49966816361496108     
   6.5463669759533403      -0.50157325777348105     
   6.5529068031021440      -0.50347785035861115     
   6.5594466302509487      -0.50538193946576349     
   6.5659864573997533      -0.50728552319085329     
   6.5725262845485579      -0.50918859963030105     
   6.5790661116973626      -0.51109116688103429     
   6.5856059388461672      -0.51299322304048989     
   6.5921457659949718      -0.51489476620661567     
   6.5986855931437765      -0.51679579447787194     
   6.6052254202925811      -0.51869630595323424     
   6.6117652474413848      -0.52059629873219460     
   6.6183050745901895      -0.52249577091476318     
   6.6248449017389941      -0.52439472060147163     
   6.6313847288877987      -0.52629314589337295     
   6.6379245560366034      -0.52819104489204516     
   6.6444643831854080      -0.53008841569959197     
   6.6510042103342126      -0.53198525641864558     
   6.6575440374830173      -0.53388156515236784     
   6.6640838646318219      -0.53577734000445276     
   6.6706236917806256      -0.53767257907912802     
   6.6771635189294303      -0.53956728048115710     
   6.6837033460782349      -0.54146144231584092     
   6.6902431732270395      -0.54335506268902001     
   6.6967830003758442      -0.54524813970707597     
   6.7033228275246488      -0.54714067147693413     
   6.7098626546734534      -0.54903265610606489     
   6.7164024818222581      -0.55092409170248524     
   6.7229423089710627      -0.55281497637476196     
   6.7294821361198665      -0.55470530823201203     
   6.7360219632686711      -0.55659508538390523     
   6.7425617904174757      -0.55848430594066656     
   6.7491016175662804      -0.56037296801307679     
   6.7556414447150850      -0.56226106971247569     
   6.7621812718638896      -0.56414860915076304     
   6.7687210990126943      -0.56603558444040092     
   6.7752609261614989      -0.56792199369441532     
   6.7818007533103035      -0.56980783502639865     
   6.7883405804591073      -0.57169310655051098     
   6.7948804076079119      -0.57357780638148192     
   6.8014202347567165      -0.57546193263461298     
   6.8079600619055212      -0.57734548342577907     
   6.8144998890543258      -0.57922845687143065     
   6.8210397162031304      -0.58111085108859550     
   6.8275795433519351      -0.58299266419488016     
   6.8341193705007397      -0.58487389430847281     
   6.8406591976495443      -0.58675453954814438     
   6.8471990247983481      -0.58863459803325069     
   6.8537388519471527      -0.59051406788373395     
   6.8602786790959573      -0.59239294722012537     
   6.8668185062447620      -0.59427123416354644     
   6.8733583333935666      -0.59614892683571108     
   6.8798981605423712      -0.59802602335892752     
   6.8864379876911759      -0.59990252185609994     
   6.8929778148399805      -0.60177842045073071     
   6.8995176419887851      -0.60365371726692174     
   6.9060574691375889      -0.60552841042937733     
   6.9125972962863935      -0.60740249806340463     
   6.9191371234351982      -0.60927597829491686     
   6.9256769505840028      -0.61114884925043433     
   6.9322167777328074      -0.61302110905708673     
   6.9387566048816121      -0.61489275584261494     
   6.9452964320304167      -0.61676378773537255     
   6.9518362591792213      -0.61863420286432835     
   6.9583760863280260      -0.62050399935906775     
   6.9649159134768297      -0.62237317534979464     
   6.9714557406256343      -0.62424172896733354     
   6.9779955677744390      -0.62610965834313148     
   6.9845353949232436      -0.62797696160925953     
   6.9910752220720482      -0.62984363689841460     
   6.9976150492208529      -0.63170968234392211     
   7.0041548763696575      -0.63357509607973705     
   7.0106947035184621      -0.63543987624044584     
   7.0172345306672668      -0.63730402096126859     
   7.0237743578160705      -0.63916752837806146     
   7.0303141849648751      -0.64103039662731687     
   7.0368540121136798      -0.64289262384616719     
   7.0433938392624844      -0.64475420817238538     
   7.0499336664112890      -0.64661514774438733     
   7.0564734935600937      -0.64847544070123397     
   7.0630133207088983      -0.65033508518263272     
   7.0695531478577029      -0.65219407932893925     
   7.0760929750065076      -0.65405242128115959     
   7.0826328021553113      -0.65591010918095227     
   7.0891726293041160      -0.65776714117062918     
   7.0957124564529206      -0.65962351539315911     
   7.1022522836017252      -0.66147922999216802     
   7.1087921107505299      -0.66333428311194120     
   7.1153319378993345      -0.66518867289742600     
   7.1218717650481391      -0.66704239749423266     
   7.1284115921969438      -0.66889545504863701     
   7.1349514193457484      -0.67074784370758145     
   7.1414912464945521      -0.67259956161867762     
   7.1480310736433568      -0.67445060693020775     
   7.1545709007921614      -0.67630097779112675     
   7.1611107279409660      -0.67815067235106397     
   7.1676505550897707      -0.67999968876032479     
   7.1741903822385753      -0.68184802516989318     
   7.1807302093873799      -0.68369567973143286     
   7.1872700365361846      -0.68554265059728925     
   7.1938098636849892      -0.68738893592049166     
   7.2003496908337938      -0.68923453385475508     
   7.2068895179825976      -0.69107944255448150     
   7.2134293451314022      -0.69292366017476226     
   7.2199691722802068      -0.69476718487138023     
   7.2265089994290115      -0.69661001480081053     
   7.2330488265778161      -0.69845214812022338     
   7.2395886537266207      -0.70029358298748567     
   7.2461284808754254      -0.70213431756116251     
   7.2526683080242300      -0.70397435000051944     
   7.2592081351730346      -0.70581367846552423     
   7.2657479623218384      -0.70765230111684829     
   7.2722877894706430      -0.70949021611586927     
   7.2788276166194477      -0.71132742162467211     
   7.2853674437682523      -0.71316391580605154     
   7.2919072709170569      -0.71499969682351328     
   7.2984470980658616      -0.71683476284127645     
   7.3049869252146662      -0.71866911202427508     
   7.3115267523634708      -0.72050274253816016     
   7.3180665795122755      -0.72233565254930110     
   7.3246064066610792      -0.72416784022478808     
   7.3311462338098838      -0.72599930373243338     
   7.3376860609586885      -0.72783004124077366     
   7.3442258881074931      -0.72966005091907138     
   7.3507657152562977      -0.73148933093731694     
   7.3573055424051024      -0.73331787946623039     
   7.3638453695539070      -0.73514569467726332     
   7.3703851967027116      -0.73697277474260037     
   7.3769250238515163      -0.73879911783516172     
   7.3834648510003200      -0.74062472212860420     
   7.3900046781491247      -0.74244958579732367     
   7.3965445052979293      -0.74427370701645634     
   7.4030843324467339      -0.74609708396188101     
   7.4096241595955386      -0.74791971481022101     
   7.4161639867443432      -0.74974159773884530     
   7.4227038138931478      -0.75156273092587100     
   7.4292436410419525      -0.75338311255016499     
   7.4357834681907571      -0.75520274079134575     
   7.4423232953395608      -0.75702161382978495     
   7.4488631224883655      -0.75883972984660963     
   7.4554029496371701      -0.76065708702370383     
   7.4619427767859747      -0.76247368354371037     
   7.4684826039347794      -0.76428951759003283     
   7.4750224310835840      -0.76610458734683706     
   7.4815622582323886      -0.76791889099905342     
   7.4881020853811933      -0.76973242673237829     
   7.4946419125299979      -0.77154519273327593     
   7.5011817396788016      -0.77335718718898028     
   7.5077215668276063      -0.77516840828749711     
   7.5142613939764109      -0.77697885421760504     
   7.5208012211252155      -0.77878852316885838     
   7.5273410482740202      -0.78059741333158816     
   7.5338808754228248      -0.78240552289690424     
   7.5404207025716294      -0.78421285005669705     
   7.5469605297204341      -0.78601939300363932     
   7.5535003568692387      -0.78782514993118835     
   7.5600401840180425      -0.78963011903358715     
   7.5665800111668471      -0.79143429850586655     
   7.5731198383156517      -0.79323768654384719     
   7.5796596654644564      -0.79504028134414095     
   7.5861994926132610      -0.79684208110415322     
   7.5927393197620656      -0.79864308402208406     
   7.5992791469108703      -0.80044328829693079     
   7.6058189740596749      -0.80224269212848887     
   7.6123588012084795      -0.80404129371735455     
   7.6188986283572833      -0.80583909126492637     
   7.6254384555060879      -0.80763608297340661     
   7.6319782826548925      -0.80943226704580384     
   7.6385181098036972      -0.81122764168593375     
   7.6450579369525018      -0.81302220509842182     
   7.6515977641013064      -0.81481595548870467     
   7.6581375912501111      -0.81660889106303181     
   7.6646774183989157      -0.81840101002846766     
   7.6712172455477203      -0.82019231059289333     
   7.6777570726965241      -0.82198279096500837     
   7.6842968998453287      -0.82377244935433214     
   7.6908367269941333      -0.82556128397120643     
   7.6973765541429380      -0.82734929302679661     
   7.7039163812917426      -0.82913647473309371     
   7.7104562084405472      -0.83092282730291589     
   7.7169960355893519      -0.83270834894991064     
   7.7235358627381565      -0.83449303788855633     
   7.7300756898869611      -0.83627689233416402     
   7.7366155170357649      -0.83805991050287920     
   7.7431553441845695      -0.83984209061168391     
   7.7496951713333742      -0.84162343087839775     
   7.7562349984821788      -0.84340392952168075     
   7.7627748256309834      -0.84518358476103417     
   7.7693146527797881      -0.84696239481680280     
   7.7758544799285927      -0.84874035791017655     
   7.7823943070773973      -0.85051747226319230     
   7.7889341342262020      -0.85229373609873560     
   7.7954739613750057      -0.85406914764054287     
   7.8020137885238103      -0.85584370511320229     
   7.8085536156726150      -0.85761740674215670     
   7.8150934428214196      -0.85939025075370412     
   7.8216332699702242      -0.86116223537500081     
   7.8281730971190289      -0.86293335883406197     
   7.8347129242678335      -0.86470361935976425     
   7.8412527514166381      -0.86647301518184716     
   7.8477925785654428      -0.86824154453091484     
   7.8543324057142465      -0.87000920563843787     
   7.8608722328630511      -0.87177599673675532     
   7.8674120600118558      -0.87354191605907583     
   7.8739518871606604      -0.87530696183948042     
   7.8804917143094650      -0.87707113231292300     
   7.8870315414582697      -0.87883442571523318     
   7.8935713686070743      -0.88059684028311780     
   7.9001111957558789      -0.88235837425416197     
   7.9066510229046836      -0.88411902586683189     
   7.9131908500534873      -0.88587879336047581     
   7.9197306772022920      -0.88763767497532631     
   7.9262705043510966      -0.88939566895250177     
   7.9328103314999012      -0.89115277353400835     
   7.9393501586487059      -0.89290898696274124     
   7.9458899857975105      -0.89466430748248726     
   7.9524298129463151      -0.89641873333792577     
   7.9589696400951198      -0.89817226277463091     
   7.9655094672439244      -0.89992489403907316     
   7.9720492943927281      -0.90167662537862148     
   7.9785891215415328      -0.90342745504154420     
   7.9851289486903374      -0.90517738127701197     
   7.9916687758391420      -0.90692640233509836     
   7.9982086029879467      -0.90867451646678232     
   8.0047484301367504      -0.91042172192394977     
   8.0112882572855550      -0.91216801695939531     
   8.0178280844343597      -0.91391339982682385     
   8.0243679115831643      -0.91565786878085254     
   8.0309077387319689      -0.91740142207701247     
   8.0374475658807736      -0.91914405797175025     
   8.0439873930295782      -0.92088577472243016     
   8.0505272201783828      -0.92262657058733522     
   8.0570670473271875      -0.92436644382566968     
   8.0636068744759921      -0.92610539269756020     
   8.0701467016247967      -0.92784341546405813     
   8.0766865287736014      -0.92958051038714051     
   8.0832263559224060      -0.93131667572971255     
   8.0897661830712106      -0.93305190975560870     
   8.0963060102200153      -0.93478621072959511     
   8.1028458373688199      -0.93651957691737087     
   8.1093856645176245      -0.93825200658556962     
   8.1159254916664292      -0.93998349800176195     
   8.1224653188152320      -0.94171404943445614     
   8.1290051459640367      -0.94344365915310102     
   8.1355449731128413      -0.94517232542808671     
   8.1420848002616459      -0.94690004653074689     
   8.1486246274104506      -0.94862682073336047     
   8.1551644545592552      -0.95035264630915339     
   8.1617042817080598      -0.95207752153229996     
   8.1682441088568645      -0.95380144467792505     
   8.1747839360056691      -0.95552441402210531     
   8.1813237631544737      -0.95724642784187164     
   8.1878635903032784      -0.95896748441520996     
   8.1944034174520830      -0.96068758202106397     
   8.2009432446008876      -0.96240671893933594     
   8.2074830717496923      -0.96412489345088903     
   8.2140228988984969      -0.96584210383754865     
   8.2205627260473015      -0.96755834838210442     
   8.2271025531961062      -0.96927362536831174     
   8.2336423803449108      -0.97098793308089382     
   8.2401822074937137      -0.97270126980554272     
   8.2467220346425183      -0.97441363382892188     
   8.2532618617913229      -0.97612502343866725     
   8.2598016889401276      -0.97783543692338915     
   8.2663415160889322      -0.97954487257267409     
   8.2728813432377368      -0.98125332867708648     
   8.2794211703865415      -0.98296080352817028     
   8.2859609975353461      -0.98466729541845044     
   8.2925008246841507      -0.98637280264143534     
   8.2990406518329554      -0.98807732349161759     
   8.3055804789817600      -0.98978085626447632     
   8.3121203061305646      -0.99148339925647888     
   8.3186601332793693      -0.99318495076508206     
   8.3251999604281739      -0.99488550908873452     
   8.3317397875769785      -0.99658507252687789     
   8.3382796147257832      -0.99828363937994868     
   8.3448194418745878      -0.99998120794938017     
   8.3513592690233924       -1.0016777765376037     
   8.3578990961721953       -1.0033733434480507     
   8.3644389233209999       -1.0050679069851545     
   8.3709787504698046       -1.0067614654543511     
   8.3775185776186092       -1.0084540171620824     
   8.3840584047674138       -1.0101455604157965     
   8.3905982319162185       -1.0118360935239503     
   8.3971380590650231       -1.0135256147960106     
   8.4036778862138277       -1.0152141225424560     
   8.4102177133626324       -1.0169016150747789     
   8.4167575405114370       -1.0185880907054867     
   8.4232973676602416       -1.0202735477481040     
   8.4298371948090463       -1.0219579845171733     
   8.4363770219578509       -1.0236413993282580     
   8.4429168491066555       -1.0253237904979438     
   8.4494566762554602       -1.0270051563438387     
   8.4559965034042648       -1.0286854951845774     
   8.4625363305530694       -1.0303648053398209     
   8.4690761577018741       -1.0320430851302591     
   8.4756159848506769       -1.0337203328776121     
   8.4821558119994815       -1.0353965469046322     
   8.4886956391482862       -1.0370717255351054     
   8.4952354662970908       -1.0387458670938532     
   8.5017752934458954       -1.0404189699067341     
   8.5083151205947001       -1.0420910323006449     
   8.5148549477435047       -1.0437620526035232     
   8.5213947748923093       -1.0454320291443491     
   8.5279346020411140       -1.0471009602531458     
   8.5344744291899186       -1.0487688442609824     
   8.5410142563387232       -1.0504356794999745     
   8.5475540834875279       -1.0521014643032871     
   8.5540939106363325       -1.0537661970051353     
   8.5606337377851371       -1.0554298759407865     
   8.5671735649339418       -1.0570924994465616     
   8.5737133920827464       -1.0587540658598373     
   8.5802532192315510       -1.0604145735190471     
   8.5867930463803557       -1.0620740207636836     
   8.5933328735291585       -1.0637324059342992     
   8.5998727006779632       -1.0653897273725086     
   8.6064125278267678       -1.0670459834209909     
   8.6129523549755724       -1.0687011724234896     
   8.6194921821243771       -1.0703552927248161     
   8.6260320092731817       -1.0720083426708495     
   8.6325718364219863       -1.0736603206085404     
   8.6391116635707910       -1.0753112248859109     
   8.6456514907195956       -1.0769610538520562     
   8.6521913178684002       -1.0786098058571478     
   8.6587311450172049       -1.0802574792524335     
   8.6652709721660095       -1.0819040723902398     
   8.6718107993148141       -1.0835495836239737     
   8.6783506264636188       -1.0851940113081242     
   8.6848904536124234       -1.0868373537982632     
   8.6914302807612280       -1.0884796094510485     
   8.6979701079100327       -1.0901207766242242     
   8.7045099350588373       -1.0917608536766232     
   8.7110497622076419       -1.0933998389681687     
   8.7175895893564448       -1.0950377308598753     
   8.7241294165052494       -1.0966745277138510     
   8.7306692436540541       -1.0983102278932988     
   8.7372090708028587       -1.0999448297625187     
   8.7437488979516633       -1.1015783316869088     
   8.7502887251004680       -1.1032107320329672     
   8.7568285522492726       -1.1048420291682934     
   8.7633683793980772       -1.1064722214615905     
   8.7699082065468819       -1.1081013072826662     
   8.7764480336956865       -1.1097292850024345     
   8.7829878608444911       -1.1113561529929177     
   8.7895276879932958       -1.1129819096272480     
   8.7960675151421004       -1.1146065532796687     
   8.8026073422909050       -1.1162300823255360     
   8.8091471694397097       -1.1178524951413211     
   8.8156869965885143       -1.1194737901046110     
   8.8222268237373189       -1.1210939655941106     
   8.8287666508861236       -1.1227130199896447     
   8.8353064780349264       -1.1243309516721589     
   8.8418463051837310       -1.1259477590237215     
   8.8483861323325357       -1.1275634404275250     
   8.8549259594813403       -1.1291779942678881     
   8.8614657866301449       -1.1307914189302570     
   8.8680056137789496       -1.1324037128012070     
   8.8745454409277542       -1.1340148742684442     
   8.8810852680765588       -1.1356249017208069     
   8.8876250952253635       -1.1372337935482679     
   8.8941649223741681       -1.1388415481419354     
   8.9007047495229727       -1.1404481638940549     
   8.9072445766717774       -1.1420536391980105     
   8.9137844038205820       -1.1436579724483269     
   8.9203242309693866       -1.1452611620406710     
   8.9268640581181913       -1.1468632063718529     
   8.9334038852669959       -1.1484641038398287     
   8.9399437124158005       -1.1500638528437004     
   8.9464835395646052       -1.1516624517837193     
   8.9530233667134080       -1.1532598990612866     
   8.9595631938622127       -1.1548561930789547     
   8.9661030210110173       -1.1564513322404300     
   8.9726428481598219       -1.1580453149505729     
   8.9791826753086266       -1.1596381396154010     
   8.9857225024574312       -1.1612298046420892     
   8.9922623296062358       -1.1628203084389730     
   8.9988021567550405       -1.1644096494155485     
   9.0053419839038451       -1.1659978259824744     
   9.0118818110526497       -1.1675848365515744     
   9.0184216382014544       -1.1691706795358379     
   9.0249614653502590       -1.1707553533494217     
   9.0315012924990636       -1.1723388564076522     
   9.0380411196478683       -1.1739211871270261     
   9.0445809467966729       -1.1755023439252130     
   9.0511207739454775       -1.1770823252210560     
   9.0576606010942822       -1.1786611294345739     
   9.0642004282430868       -1.1802387549869624     
   9.0707402553918897       -1.1818152003005959     
   9.0772800825406943       -1.1833904637990291     
   9.0838199096894989       -1.1849645439069987     
   9.0903597368383036       -1.1865374390504240     
   9.0968995639871082       -1.1881091476564103     
   9.1034393911359128       -1.1896796681532489     
   9.1099792182847175       -1.1912489989704194     
   9.1165190454335221       -1.1928171385385908     
   9.1230588725823267       -1.1943840852896237     
   9.1295986997311314       -1.1959498376565714     
   9.1361385268799360       -1.1975143940736814     
   9.1426783540287406       -1.1990777529763974     
   9.1492181811775453       -1.2006399128013607     
   9.1557580083263499       -1.2022008719864110     
   9.1622978354751545       -1.2037606289705896     
   9.1688376626239592       -1.2053191821941391     
   9.1753774897727638       -1.2068765300985067     
   9.1819173169215684       -1.2084326711263440     
   9.1884571440703713       -1.2099876037215103     
   9.1949969712191759       -1.2115413263290729     
   9.2015367983679806       -1.2130938373953093     
   9.2080766255167852       -1.2146451353677081     
   9.2146164526655898       -1.2161952186949716     
   9.2211562798143945       -1.2177440858270165     
   9.2276961069631991       -1.2192917352149755     
   9.2342359341120037       -1.2208381653111993     
   9.2407757612608084       -1.2223833745692578     
   9.2473155884096130       -1.2239273614439421     
   9.2538554155584176       -1.2254701243912645     
   9.2603952427072223       -1.2270116618684626     
   9.2669350698560269       -1.2285519723339988     
   9.2734748970048315       -1.2300910542475625     
   9.2800147241536362       -1.2316289060700720     
   9.2865545513024408       -1.2331655262636754     
   9.2930943784512454       -1.2347009132917526     
   9.2996342056000501       -1.2362350656189163     
   9.3061740327488529       -1.2377679817110143     
   9.3127138598976575       -1.2392996600351307     
   9.3192536870464622       -1.2408300990595871     
   9.3257935141952668       -1.2423592972539443     
   9.3323333413440714       -1.2438872530890044     
   9.3388731684928761       -1.2454139650368112     
   9.3454129956416807       -1.2469394315706530     
   9.3519528227904853       -1.2484636511650635     
   9.3584926499392900       -1.2499866222958227     
   9.3650324770880946       -1.2515083434399594     
   9.3715723042368992       -1.2530288130757532     
   9.3781121313857039       -1.2545480296827336     
   9.3846519585345085       -1.2560659917416845     
   9.3911917856833131       -1.2575826977346438     
   9.3977316128321178       -1.2590981461449053     
   9.4042714399809224       -1.2606123354570207     
   9.4108112671297270       -1.2621252641568006     
   9.4173510942785317       -1.2636369307313162     
   9.4238909214273345       -1.2651473336689014     
   9.4304307485761392       -1.2666564714591526     
   9.4369705757249438       -1.2681643425929325     
   9.4435104028737484       -1.2696709455623698     
   9.4500502300225531       -1.2711762788608614     
   9.4565900571713577       -1.2726803409830743     
   9.4631298843201623       -1.2741831304249458     
   9.4696697114689670       -1.2756846456836872     
   9.4762095386177716       -1.2771848852577830     
   9.4827493657665762       -1.2786838476469933     
   9.4892891929153809       -1.2801815313523561     
   9.4958290200641855       -1.2816779348761875     
   9.5023688472129901       -1.2831730567220840     
   9.5089086743617948       -1.2846668953949238     
   9.5154485015105994       -1.2861594494008681     
   9.5219883286594040       -1.2876507172473632     
   9.5285281558082087       -1.2891406974431410     
   9.5350679829570133       -1.2906293884982214     
   9.5416078101058162       -1.2921167889239131     
   9.5481476372546208       -1.2936028972328162     
   9.5546874644034254       -1.2950877119388220     
   9.5612272915522301       -1.2965712315571156     
   9.5677671187010347       -1.2980534546041780     
   9.5743069458498393       -1.2995343795977856     
   9.5808467729986440       -1.3010140050570136     
   9.5873866001474486       -1.3024923295022366     
   9.5939264272962532       -1.3039693514551300     
   9.6004662544450579       -1.3054450694386721     
   9.6070060815938625       -1.3069194819771448     
   9.6135459087426671       -1.3083925875961355     
   9.6200857358914718       -1.3098643848225384     
   9.6266255630402764       -1.3113348721845566     
   9.6331653901890810       -1.3128040482117025     
   9.6397052173378857       -1.3142719114348000     
   9.6462450444866903       -1.3157384603859861     
   9.6527848716354949       -1.3172036935987119     
   9.6593246987842996       -1.3186676096077443     
   9.6658645259331024       -1.3201302069491669     
   9.6724043530819070       -1.3215914841603829     
   9.6789441802307117       -1.3230514397801143     
   9.6854840073795163       -1.3245100723484060     
   9.6920238345283209       -1.3259673804066252     
   9.6985636616771256       -1.3274233624974641     
   9.7051034888259302       -1.3288780171649404     
   9.7116433159747348       -1.3303313429543995     
   9.7181831431235395       -1.3317833384125157     
   9.7247229702723441       -1.3332340020872935     
   9.7312627974211487       -1.3346833325280691     
   9.7378026245699534       -1.3361313282855121     
   9.7443424517187580       -1.3375779879116270     
   9.7508822788675626       -1.3390233099597537     
   9.7574221060163673       -1.3404672929845707     
   9.7639619331651719       -1.3419099355420945     
   9.7705017603139765       -1.3433512361896829     
   9.7770415874627812       -1.3447911934860350     
   9.7835814146115840       -1.3462298059911937     
   9.7901212417603887       -1.3476670722665465     
   9.7966610689091933       -1.3491029908748269     
   9.8032008960579979       -1.3505375603801164     
   9.8097407232068026       -1.3519707793478455     
   9.8162805503556072       -1.3534026463447952     
   9.8228203775044118       -1.3548331599390986     
   9.8293602046532165       -1.3562623187002418     
   9.8359000318020211       -1.3576901211990664     
   9.8424398589508257       -1.3591165660077700     
   9.8489796860996304       -1.3605416516999074     
   9.8555195132484350       -1.3619653768503932     
   9.8620593403972396       -1.3633877400355021     
   9.8685991675460443       -1.3648087398328710     
   9.8751389946948489       -1.3662283748215001     
   9.8816788218436535       -1.3676466435817543     
   9.8882186489924582       -1.3690635446953650     
   9.8947584761412628       -1.3704790767454309     
   9.9012983032900657       -1.3718932383164202     
   9.9078381304388703       -1.3733060279941711     
   9.9143779575876749       -1.3747174443658938     
   9.9209177847364796       -1.3761274860201724     
   9.9274576118852842       -1.3775361515469648     
   9.9339974390340888       -1.3789434395376057     
   9.9405372661828935       -1.3803493485848071     
   9.9470770933316981       -1.3817538772826596     
   9.9536169204805027       -1.3831570242266351     
   9.9601567476293074       -1.3845587880135863     
   9.9666965747781120       -1.3859591672417495     
   9.9732364019269166       -1.3873581605107455     
   9.9797762290757213       -1.3887557664215811     
   9.9863160562245259       -1.3901519835766500     
   9.9928558833733305       -1.3915468105797353     
   9.9993957105221352       -1.3929402460360103     
   10.005935537670940       -1.3943322885520391     
   10.012475364819744       -1.3957229367357793     
   10.019015191968547       -1.3971121891965830     
   10.025555019117352       -1.3985000445451974     
   10.032094846266157       -1.3998865013937671     
   10.038634673414961       -1.4012715583558355     
   10.045174500563766       -1.4026552140463453     
   10.051714327712570       -1.4040374670816413     
   10.058254154861375       -1.4054183160794702     
   10.064793982010180       -1.4067977596589829     
   10.071333809158984       -1.4081757964407360     
   10.077873636307789       -1.4095524250466924     
   10.084413463456594       -1.4109276441002241     
   10.090953290605398       -1.4123014522261115     
   10.097493117754203       -1.4136738480505466     
   10.104032944903008       -1.4150448302011338     
   10.110572772051812       -1.4164143973068906     
   10.117112599200617       -1.4177825479982502     
   10.123652426349421       -1.4191492809070618     
   10.130192253498226       -1.4205145946665925     
   10.136732080647029       -1.4218784879115285     
   10.143271907795834       -1.4232409592779764     
   10.149811734944638       -1.4246020074034653     
   10.156351562093443       -1.4259616309269465     
   10.162891389242247       -1.4273198284887969     
   10.169431216391052       -1.4286765987308188     
   10.175971043539857       -1.4300319402962418     
   10.182510870688661       -1.4313858518297247     
   10.189050697837466       -1.4327383319773557     
   10.195590524986271       -1.4340893793866547     
   10.202130352135075       -1.4354389927065745     
   10.208670179283880       -1.4367871705875015     
   10.215210006432685       -1.4381339116812577     
   10.221749833581489       -1.4394792146411026     
   10.228289660730294       -1.4408230781217326     
   10.234829487879098       -1.4421655007792848     
   10.241369315027903       -1.4435064812713361     
   10.247909142176708       -1.4448460182569061     
   10.254448969325511       -1.4461841103964579     
   10.260988796474315       -1.4475207563518993     
   10.267528623623120       -1.4488559547865842     
   10.274068450771924       -1.4501897043653145     
   10.280608277920729       -1.4515220037543404     
   10.287148105069534       -1.4528528516213626     
   10.293687932218338       -1.4541822466355332     
   10.300227759367143       -1.4555101874674572     
   10.306767586515948       -1.4568366727891937     
   10.313307413664752       -1.4581617012742574     
   10.319847240813557       -1.4594852715976199     
   10.326387067962361       -1.4608073824357106     
   10.332926895111166       -1.4621280324664190     
   10.339466722259971       -1.4634472203690949     
   10.346006549408775       -1.4647649448245506     
   10.352546376557580       -1.4660812045150613     
   10.359086203706385       -1.4673959981243676     
   10.365626030855189       -1.4687093243376756     
   10.372165858003992       -1.4700211818416593     
   10.378705685152797       -1.4713315693244611     
   10.385245512301601       -1.4726404854756936     
   10.391785339450406       -1.4739479289864408     
   10.398325166599211       -1.4752538985492587     
   10.404864993748015       -1.4765583928581782     
   10.411404820896820       -1.4778614106087047     
   10.417944648045625       -1.4791629504978208     
   10.424484475194429       -1.4804630112239863     
   10.431024302343234       -1.4817615914871405     
   10.437564129492038       -1.4830586899887033     
   10.444103956640843       -1.4843543054315760     
   10.450643783789648       -1.4856484365201434     
   10.457183610938452       -1.4869410819602740     
   10.463723438087257       -1.4882322404593227     
   10.470263265236062       -1.4895219107261308     
   10.476803092384866       -1.4908100914710283     
   10.483342919533671       -1.4920967814058343     
   10.489882746682474       -1.4933819792438590     
   10.496422573831278       -1.4946656836999042     
   10.502962400980083       -1.4959478934902657     
   10.509502228128888       -1.4972286073327339     
   10.516042055277692       -1.4985078239465948     
   10.522581882426497       -1.4997855420526318     
   10.529121709575302       -1.5010617603731267     
   10.535661536724106       -1.5023364776318613     
   10.542201363872911       -1.5036096925541185     
   10.548741191021715       -1.5048814038666829     
   10.555281018170520       -1.5061516102978436     
   10.561820845319325       -1.5074203105773938     
   10.568360672468129       -1.5086875034366334     
   10.574900499616934       -1.5099531876083696     
   10.581440326765739       -1.5112173618269185     
   10.587980153914543       -1.5124800248281054     
   10.594519981063348       -1.5137411753492676     
   10.601059808212153       -1.5150008121292542     
   10.607599635360957       -1.5162589339084289     
   10.614139462509760       -1.5175155394286697     
   10.620679289658565       -1.5187706274333712     
   10.627219116807369       -1.5200241966674450     
   10.633758943956174       -1.5212762458773224     
   10.640298771104979       -1.5225267738109538     
   10.646838598253783       -1.5237757792178115     
   10.653378425402588       -1.5250232608488898     
   10.659918252551392       -1.5262692174567072     
   10.666458079700197       -1.5275136477953073     
   10.672997906849002       -1.5287565506202594     
   10.679537733997806       -1.5299979246886610     
   10.686077561146611       -1.5312377687591379     
   10.692617388295416       -1.5324760815918461     
   10.699157215444220       -1.5337128619484728     
   10.705697042593025       -1.5349481085922374     
   10.712236869741830       -1.5361818202878932     
   10.718776696890634       -1.5374139958017290     
   10.725316524039439       -1.5386446339015687     
   10.731856351188242       -1.5398737333567747     
   10.738396178337046       -1.5411012929382473     
   10.744936005485851       -1.5423273114184270     
   10.751475832634656       -1.5435517875712954     
   10.758015659783460       -1.5447747201723760     
   10.764555486932265       -1.5459961079987368     
   10.771095314081069       -1.5472159498289895     
   10.777635141229874       -1.5484342444432924     
   10.784174968378679       -1.5496509906233507     
   10.790714795527483       -1.5508661871524185     
   10.797254622676288       -1.5520798328152994     
   10.803794449825093       -1.5532919263983471     
   10.810334276973897       -1.5545024666894687     
   10.816874104122702       -1.5557114524781235     
   10.823413931271507       -1.5569188825553260     
   10.829953758420311       -1.5581247557136457     
   10.836493585569116       -1.5593290707472098     
   10.843033412717920       -1.5605318264517032     
   10.849573239866723       -1.5617330216243703     
   10.856113067015528       -1.5629326550640157     
   10.862652894164333       -1.5641307255710062     
   10.869192721313137       -1.5653272319472711     
   10.875732548461942       -1.5665221729963039     
   10.882272375610746       -1.5677155475231637     
   10.888812202759551       -1.5689073543344760     
   10.895352029908356       -1.5700975922384341     
   10.901891857057160       -1.5712862600447999     
   10.908431684205965       -1.5724733565649054     
   10.914971511354770       -1.5736588806116543     
   10.921511338503574       -1.5748428309995224     
   10.928051165652379       -1.5760252065445597     
   10.934590992801184       -1.5772060060643904     
   10.941130819949988       -1.5783852283782152     
   10.947670647098793       -1.5795628723068116     
   10.954210474247597       -1.5807389366725355     
   10.960750301396402       -1.5819134202993230     
   10.967290128545205       -1.5830863220126901     
   10.973829955694010       -1.5842576406397351     
   10.980369782842814       -1.5854273750091394     
   10.986909609991619       -1.5865955239511689     
   10.993449437140423       -1.5877620862976745     
   10.999989264289228       -1.5889270608820938     
   11.006529091438033       -1.5900904465394523     
   11.013068918586837       -1.5912522421063640     
   11.019608745735642       -1.5924124464210339     
   11.026148572884447       -1.5935710583232572     
   11.032688400033251       -1.5947280766544223     
   11.039228227182056       -1.5958835002575107     
   11.045768054330861       -1.5970373279770991     
   11.052307881479665       -1.5981895586593593     
   11.058847708628470       -1.5993401911520608     
   11.065387535777274       -1.6004892243045712     
   11.071927362926079       -1.6016366569678573     
   11.078467190074884       -1.6027824879944863     
   11.085007017223687       -1.6039267162386275     
   11.091546844372491       -1.6050693405560523     
   11.098086671521296       -1.6062103598041364     
   11.104626498670100       -1.6073497728418609     
   11.111166325818905       -1.6084875785298123     
   11.117706152967710       -1.6096237757301852     
   11.124245980116514       -1.6107583633067823     
   11.130785807265319       -1.6118913401250166     
   11.137325634414124       -1.6130227050519104     
   11.143865461562928       -1.6141524569560992     
   11.150405288711733       -1.6152805947078310     
   11.156945115860537       -1.6164071171789680     
   11.163484943009342       -1.6175320232429882     
   11.170024770158147       -1.6186553117749849     
   11.176564597306951       -1.6197769816516698     
   11.183104424455756       -1.6208970317513733     
   11.189644251604561       -1.6220154609540449     
   11.196184078753365       -1.6231322681412557     
   11.202723905902168       -1.6242474521961983     
   11.209263733050973       -1.6253610120036885     
   11.215803560199777       -1.6264729464501668     
   11.222343387348582       -1.6275832544236986     
   11.228883214497387       -1.6286919348139761     
   11.235423041646191       -1.6297989865123188     
   11.241962868794996       -1.6309044084116751     
   11.248502695943801       -1.6320081994066229     
   11.255042523092605       -1.6331103583933713     
   11.261582350241410       -1.6342108842697611     
   11.268122177390214       -1.6353097759352668     
   11.274662004539019       -1.6364070322909965     
   11.281201831687824       -1.6375026522396938     
   11.287741658836628       -1.6385966346857390     
   11.294281485985433       -1.6396889785351496     
   11.300821313134238       -1.6407796826955816     
   11.307361140283042       -1.6418687460763308     
   11.313900967431847       -1.6429561675883340     
   11.320440794580650       -1.6440419461441695     
   11.326980621729454       -1.6451260806580590     
   11.333520448878259       -1.6462085700458677     
   11.340060276027064       -1.6472894132251064     
   11.346600103175868       -1.6483686091149319     
   11.353139930324673       -1.6494461566361485     
   11.359679757473478       -1.6505220547112083     
   11.366219584622282       -1.6515963022642135     
   11.372759411771087       -1.6526688982209166     
   11.379299238919891       -1.6537398415087212     
   11.385839066068696       -1.6548091310566844     
   11.392378893217501       -1.6558767657955165     
   11.398918720366305       -1.6569427446575828     
   11.405458547515110       -1.6580070665769044     
   11.411998374663915       -1.6590697304891595     
   11.418538201812719       -1.6601307353316841     
   11.425078028961524       -1.6611900800434733     
   11.431617856110329       -1.6622477635651824     
   11.438157683259131       -1.6633037848391281     
   11.444697510407936       -1.6643581428092888     
   11.451237337556741       -1.6654108364213069     
   11.457777164705545       -1.6664618646224887     
   11.464316991854350       -1.6675112263618057     
   11.470856819003155       -1.6685589205898965     
   11.477396646151959       -1.6696049462590665     
   11.483936473300764       -1.6706493023232905     
   11.490476300449568       -1.6716919877382121     
   11.497016127598373       -1.6727330014611459     
   11.503555954747178       -1.6737723424510784     
   11.510095781895982       -1.6748100096686682     
   11.516635609044787       -1.6758460020762485     
   11.523175436193592       -1.6768803186378265     
   11.529715263342396       -1.6779129583190859     
   11.536255090491201       -1.6789439200873870     
   11.542794917640006       -1.6799732029117678     
   11.549334744788810       -1.6810008057629460     
   11.555874571937615       -1.6820267276133181     
   11.562414399086418       -1.6830509674369627     
   11.568954226235222       -1.6840735242096401     
   11.575494053384027       -1.6850943969087930     
   11.582033880532832       -1.6861135845135491     
   11.588573707681636       -1.6871310860047208     
   11.595113534830441       -1.6881469003648064     
   11.601653361979245       -1.6891610265779915     
   11.608193189128050       -1.6901734636301502     
   11.614733016276855       -1.6911842105088450     
   11.621272843425659       -1.6921932662033292     
   11.627812670574464       -1.6932006297045474     
   11.634352497723269       -1.6942063000051357     
   11.640892324872073       -1.6952102760994239     
   11.647432152020878       -1.6962125569834359     
   11.653971979169683       -1.6972131416548908     
   11.660511806318487       -1.6982120291132043     
   11.667051633467292       -1.6992092183594887     
   11.673591460616096       -1.7002047083965546     
   11.680131287764899       -1.7011984982289121     
   11.686671114913704       -1.7021905868627716     
   11.693210942062509       -1.7031809733060441     
   11.699750769211313       -1.7041696565683433     
   11.706290596360118       -1.7051566356609857     
   11.712830423508922       -1.7061419095969925     
   11.719370250657727       -1.7071254773910898     
   11.725910077806532       -1.7081073380597098     
   11.732449904955336       -1.7090874906209916     
   11.738989732104141       -1.7100659340947830     
   11.745529559252946       -1.7110426675026402     
   11.752069386401750       -1.7120176898678297     
   11.758609213550555       -1.7129910002153295     
   11.765149040699360       -1.7139625975718289     
   11.771688867848164       -1.7149324809657307     
   11.778228694996969       -1.7159006494271516     
   11.784768522145773       -1.7168671019879229     
   11.791308349294578       -1.7178318376815926     
   11.797848176443381       -1.7187948555434245     
   11.804388003592186       -1.7197561546104010     
   11.810927830740990       -1.7207157339212227     
   11.817467657889795       -1.7216735925163105     
   11.824007485038599       -1.7226297294378057     
   11.830547312187404       -1.7235841437295716     
   11.837087139336209       -1.7245368344371936     
   11.843626966485013       -1.7254878006079810     
   11.850166793633818       -1.7264370412909680     
   11.856706620782623       -1.7273845555369136     
   11.863246447931427       -1.7283303423983039     
   11.869786275080232       -1.7292744009293517     
   11.876326102229037       -1.7302167301859985     
   11.882865929377841       -1.7311573292259153     
   11.889405756526646       -1.7320961971085027     
   11.895945583675450       -1.7330333328948930     
   11.902485410824255       -1.7339687356479505     
   11.909025237973060       -1.7349024044322721     
   11.915565065121863       -1.7358343383141894     
   11.922104892270667       -1.7367645363617683     
   11.928644719419472       -1.7376929976448110     
   11.935184546568276       -1.7386197212348558     
   11.941724373717081       -1.7395447062051794     
   11.948264200865886       -1.7404679516307968     
   11.954804028014690       -1.7413894565884627     
   11.961343855163495       -1.7423092201566719     
   11.967883682312300       -1.7432272414156609     
   11.974423509461104       -1.7441435194474084     
   11.980963336609909       -1.7450580533356366     
   11.987503163758713       -1.7459708421658111     
   11.994042990907518       -1.7468818850251437     
   12.000582818056323       -1.7477911810025910     
   12.007122645205127       -1.7486987291888574     
   12.013662472353932       -1.7496045286763946     
   12.020202299502737       -1.7505085785594030     
   12.026742126651541       -1.7514108779338327     
   12.033281953800344       -1.7523114258973846     
   12.039821780949149       -1.7532102215495107     
   12.046361608097953       -1.7541072639914153     
   12.052901435246758       -1.7550025523260560     
   12.059441262395563       -1.7558960856581443     
   12.065981089544367       -1.7567878630941469     
   12.072520916693172       -1.7576778837422864     
   12.079060743841977       -1.7585661467125422     
   12.085600570990781       -1.7594526511166513     
   12.092140398139586       -1.7603373960681092     
   12.098680225288390       -1.7612203806821711     
   12.105220052437195       -1.7621016040758524     
   12.111759879586000       -1.7629810653679296     
   12.118299706734804       -1.7638587636789416     
   12.124839533883609       -1.7647346981311898     
   12.131379361032414       -1.7656088678487398     
   12.137919188181218       -1.7664812719574219     
   12.144459015330023       -1.7673519095848322     
   12.150998842478826       -1.7682207798603329     
   12.157538669627630       -1.7690878819150535     
   12.164078496776435       -1.7699532148818922     
   12.170618323925240       -1.7708167778955159     
   12.177158151074044       -1.7716785700923621     
   12.183697978222849       -1.7725385906106381     
   12.190237805371654       -1.7733968385903234     
   12.196777632520458       -1.7742533131731701     
   12.203317459669263       -1.7751080135027038     
   12.209857286818067       -1.7759609387242239     
   12.216397113966872       -1.7768120879848053     
   12.222936941115677       -1.7776614604332985     
   12.229476768264481       -1.7785090552203315     
   12.236016595413286       -1.7793548714983090     
   12.242556422562091       -1.7801989084214151     
   12.249096249710895       -1.7810411651456128     
   12.255636076859700       -1.7818816408286455     
   12.262175904008505       -1.7827203346300373     
   12.268715731157307       -1.7835572457110942     
   12.275255558306112       -1.7843923732349056     
   12.281795385454917       -1.7852257163663434     
   12.288335212603721       -1.7860572742720651     
   12.294875039752526       -1.7868870461205122     
   12.301414866901331       -1.7877150310819134     
   12.307954694050135       -1.7885412283282835     
   12.314494521198940       -1.7893656370334252     
   12.321034348347744       -1.7901882563729299     
   12.327574175496549       -1.7910090855241783     
   12.334114002645354       -1.7918281236663411     
   12.340653829794158       -1.7926453699803804     
   12.347193656942963       -1.7934608236490495     
   12.353733484091768       -1.7942744838568951     
   12.360273311240572       -1.7950863497902567     
   12.366813138389377       -1.7958964206372687     
   12.373352965538182       -1.7967046955878598     
   12.379892792686986       -1.7975111738337557     
   12.386432619835789       -1.7983158545684774     
   12.392972446984594       -1.7991187369873447     
   12.399512274133398       -1.7999198202874749     
   12.406052101282203       -1.8007191036677850     
   12.412591928431008       -1.8015165863289917     
   12.419131755579812       -1.8023122674736118     
   12.425671582728617       -1.8031061463059643     
   12.432211409877421       -1.8038982220321707     
   12.438751237026226       -1.8046884938601548     
   12.445291064175031       -1.8054769609996453     
   12.451830891323835       -1.8062636226621747     
   12.458370718472640       -1.8070484780610814     
   12.464910545621445       -1.8078315264115101     
   12.471450372770249       -1.8086127669304126     
   12.477990199919054       -1.8093921988365482     
   12.484530027067859       -1.8101698213504849     
   12.491069854216663       -1.8109456336946004     
   12.497609681365468       -1.8117196350930820     
   12.504149508514272       -1.8124918247719286     
   12.510689335663075       -1.8132622019589504     
   12.517229162811880       -1.8140307658837702     
   12.523768989960685       -1.8147975157778244     
   12.530308817109489       -1.8155624508743626     
   12.536848644258294       -1.8163255704084498     
   12.543388471407098       -1.8170868736169670     
   12.549928298555903       -1.8178463597386103     
   12.556468125704708       -1.8186040280138938     
   12.563007952853512       -1.8193598776851496     
   12.569547780002317       -1.8201139079965276     
   12.576087607151122       -1.8208661181939978     
   12.582627434299926       -1.8216165075253496     
   12.589167261448731       -1.8223650752401939     
   12.595707088597536       -1.8231118205899630     
   12.602246915746340       -1.8238567428279113     
   12.608786742895145       -1.8245998412091169     
   12.615326570043949       -1.8253411149904812     
   12.621866397192754       -1.8260805634307307     
   12.628406224341557       -1.8268181857904164     
   12.634946051490362       -1.8275539813319166     
   12.641485878639166       -1.8282879493194357     
   12.648025705787971       -1.8290200890190054     
   12.654565532936775       -1.8297503996984859     
   12.661105360085580       -1.8304788806275667     
   12.667645187234385       -1.8312055310777668     
   12.674185014383189       -1.8319303503224358     
   12.680724841531994       -1.8326533376367544     
   12.687264668680799       -1.8333744922977355     
   12.693804495829603       -1.8340938135842242     
   12.700344322978408       -1.8348113007768994     
   12.706884150127213       -1.8355269531582736     
   12.713423977276017       -1.8362407700126950     
   12.719963804424822       -1.8369527506263463     
   12.726503631573626       -1.8376628942872471     
   12.733043458722431       -1.8383712002852535     
   12.739583285871236       -1.8390776679120595     
   12.746123113020039       -1.8397822964611976     
   12.752662940168843       -1.8404850852280394     
   12.759202767317648       -1.8411860335097960     
   12.765742594466452       -1.8418851406055192     
   12.772282421615257       -1.8425824058161016     
   12.778822248764062       -1.8432778284442781     
   12.785362075912866       -1.8439714077946263     
   12.791901903061671       -1.8446631431735665     
   12.798441730210476       -1.8453530338893636     
   12.804981557359280       -1.8460410792521267     
   12.811521384508085       -1.8467272785738107     
   12.818061211656889       -1.8474116311682158     
   12.824601038805694       -1.8480941363509900     
   12.831140865954499       -1.8487747934396279     
   12.837680693103303       -1.8494536017534724     
   12.844220520252108       -1.8501305606137148     
   12.850760347400913       -1.8508056693433967     
   12.857300174549717       -1.8514789272674095     
   12.863840001698520       -1.8521503337124949     
   12.870379828847325       -1.8528198880072466     
   12.876919655996129       -1.8534875894821101     
   12.883459483144934       -1.8541534374693842     
   12.889999310293739       -1.8548174313032206     
   12.896539137442543       -1.8554795703196261     
   12.903078964591348       -1.8561398538564613     
   12.909618791740153       -1.8567982812534423     
   12.916158618888957       -1.8574548518521421     
   12.922698446037762       -1.8581095649959900     
   12.929238273186566       -1.8587624200302728     
   12.935778100335371       -1.8594134163021356     
   12.942317927484176       -1.8600625531605821     
   12.948857754632980       -1.8607098299564755     
   12.955397581781785       -1.8613552460425389     
   12.961937408930590       -1.8619988007733561     
   12.968477236079394       -1.8626404935053724     
   12.975017063228199       -1.8632803235968953     
   12.981556890377002       -1.8639182904080946     
   12.988096717525806       -1.8645543933010036     
   12.994636544674611       -1.8651886316395190     
   13.001176371823416       -1.8658210047894030     
   13.007716198972220       -1.8664515121182821     
   13.014256026121025       -1.8670801529956491     
   13.020795853269830       -1.8677069267928630     
   13.027335680418634       -1.8683318328831502     
   13.033875507567439       -1.8689548706416044     
   13.040415334716243       -1.8695760394451877     
   13.046955161865048       -1.8701953386727317     
   13.053494989013853       -1.8708127677049371     
   13.060034816162657       -1.8714283259243749     
   13.066574643311462       -1.8720420127154869     
   13.073114470460267       -1.8726538274645861     
   13.079654297609071       -1.8732637695598577     
   13.086194124757876       -1.8738718383913597     
   13.092733951906681       -1.8744780333510234     
   13.099273779055483       -1.8750823538326538     
   13.105813606204288       -1.8756847992319301     
   13.112353433353093       -1.8762853689464074     
   13.118893260501897       -1.8768840623755159     
   13.125433087650702       -1.8774808789205617     
   13.131972914799507       -1.8780758179847288     
   13.138512741948311       -1.8786688789730777     
   13.145052569097116       -1.8792600612925479     
   13.151592396245920       -1.8798493643519567     
   13.158132223394725       -1.8804367875620014     
   13.164672050543530       -1.8810223303352585     
   13.171211877692334       -1.8816059920861854     
   13.177751704841139       -1.8821877722311200     
   13.184291531989944       -1.8827676701882823     
   13.190831359138748       -1.8833456853777746     
   13.197371186287553       -1.8839218172215817     
   13.203911013436358       -1.8844960651435714     
   13.210450840585162       -1.8850684285694959     
   13.216990667733965       -1.8856389069269917     
   13.223530494882770       -1.8862074996455807     
   13.230070322031574       -1.8867742061566699     
   13.236610149180379       -1.8873390258935530     
   13.243149976329184       -1.8879019582914101     
   13.249689803477988       -1.8884630027873091     
   13.256229630626793       -1.8890221588202054     
   13.262769457775597       -1.8895794258309426     
   13.269309284924402       -1.8901348032622540     
   13.275849112073207       -1.8906882905587623     
   13.282388939222011       -1.8912398871669800     
   13.288928766370816       -1.8917895925353105     
   13.295468593519621       -1.8923374061140488     
   13.302008420668425       -1.8928833273553807     
   13.308548247817230       -1.8934273557133854     
   13.315088074966035       -1.8939694906440343     
   13.321627902114839       -1.8945097316051924     
   13.328167729263644       -1.8950480780566192     
   13.334707556412447       -1.8955845294599678     
   13.341247383561251       -1.8961190852787870     
   13.347787210710056       -1.8966517449785210     
   13.354327037858861       -1.8971825080265099     
   13.360866865007665       -1.8977113738919908     
   13.367406692156470       -1.8982383420460982     
   13.373946519305274       -1.8987634119618633     
   13.380486346454079       -1.8992865831142165     
   13.387026173602884       -1.8998078549799868     
   13.393566000751688       -1.9003272270379019     
   13.400105827900493       -1.9008446987685901     
   13.406645655049298       -1.9013602696545795     
   13.413185482198102       -1.9018739391802992     
   13.419725309346907       -1.9023857068320797     
   13.426265136495712       -1.9028955720981537     
   13.432804963644516       -1.9034035344686555     
   13.439344790793321       -1.9039095934356229     
   13.445884617942125       -1.9044137484929968     
   13.452424445090930       -1.9049159991366225     
   13.458964272239733       -1.9054163448642489     
   13.465504099388538       -1.9059147851755303     
   13.472043926537342       -1.9064113195720267     
   13.478583753686147       -1.9069059475572032     
   13.485123580834951       -1.9073986686364326     
   13.491663407983756       -1.9078894823169932     
   13.498203235132561       -1.9083783881080714     
   13.504743062281365       -1.9088653855207616     
   13.511282889430170       -1.9093504740680662     
   13.517822716578975       -1.9098336532648967     
   13.524362543727779       -1.9103149226280740     
   13.530902370876584       -1.9107942816763288     
   13.537442198025389       -1.9112717299303017     
   13.543982025174193       -1.9117472669125448     
   13.550521852322998       -1.9122208921475212     
   13.557061679471802       -1.9126926051616053     
   13.563601506620607       -1.9131624054830842     
   13.570141333769412       -1.9136302926421578     
   13.576681160918215       -1.9140962661709384     
   13.583220988067019       -1.9145603256034531     
   13.589760815215824       -1.9150224704756422     
   13.596300642364628       -1.9154827003253607     
   13.602840469513433       -1.9159410146923788     
   13.609380296662238       -1.9163974131183823     
   13.615920123811042       -1.9168518951469726     
   13.622459950959847       -1.9173044603236680     
   13.628999778108652       -1.9177551081959028     
   13.635539605257456       -1.9182038383130293     
   13.642079432406261       -1.9186506502263176     
   13.648619259555065       -1.9190955434889556     
   13.655159086703870       -1.9195385176560502     
   13.661698913852675       -1.9199795722846273     
   13.668238741001479       -1.9204187069336320     
   13.674778568150284       -1.9208559211639300     
   13.681318395299089       -1.9212912145383065     
   13.687858222447893       -1.9217245866214687     
   13.694398049596696       -1.9221560369800441     
   13.700937876745501       -1.9225855651825825     
   13.707477703894305       -1.9230131707995557     
   13.714017531043110       -1.9234388534033582     
   13.720557358191915       -1.9238626125683072     
   13.727097185340719       -1.9242844478706433     
   13.733637012489524       -1.9247043588885320     
   13.740176839638329       -1.9251223452020616     
   13.746716666787133       -1.9255384063932461     
   13.753256493935938       -1.9259525420460242     
   13.759796321084742       -1.9263647517462601     
   13.766336148233547       -1.9267750350817445     
   13.772875975382352       -1.9271833916421937     
   13.779415802531156       -1.9275898210192512     
   13.785955629679961       -1.9279943228064877     
   13.792495456828766       -1.9283968965994016     
   13.799035283977570       -1.9287975419954189     
   13.805575111126375       -1.9291962585938942     
   13.812114938275178       -1.9295930459961108     
   13.818654765423982       -1.9299879038052814     
   13.825194592572787       -1.9303808316265483     
   13.831734419721592       -1.9307718290669833     
   13.838274246870396       -1.9311608957355895     
   13.844814074019201       -1.9315480312432998     
   13.851353901168006       -1.9319332352029788     
   13.857893728316810       -1.9323165072294226     
   13.864433555465615       -1.9326978469393592     
   13.870973382614419       -1.9330772539514487     
   13.877513209763224       -1.9334547278862844     
   13.884053036912029       -1.9338302683663922     
   13.890592864060833       -1.9342038750162318     
   13.897132691209638       -1.9345755474621962     
   13.903672518358443       -1.9349452853326132     
   13.910212345507247       -1.9353130882577450     
   13.916752172656052       -1.9356789558697882     
   13.923291999804857       -1.9360428878028755     
   13.929831826953659       -1.9364048836930752     
   13.936371654102464       -1.9367649431783913     
   13.942911481251269       -1.9371230658987639     
   13.949451308400073       -1.9374792514960706     
   13.955991135548878       -1.9378334996141260     
   13.962530962697683       -1.9381858098986817     
   13.969070789846487       -1.9385361819974274     
   13.975610616995292       -1.9388846155599913     
   13.982150444144096       -1.9392311102379398     
   13.988690271292901       -1.9395756656847780     
   13.995230098441706       -1.9399182815559504     
   14.001769925590510       -1.9402589575088414     
   14.008309752739315       -1.9405976932027746     
   14.014849579888120       -1.9409344882990149     
   14.021389407036924       -1.9412693424607665     
   14.027929234185729       -1.9416022553531760     
   14.034469061334534       -1.9419332266433298     
   14.041008888483338       -1.9422622560002571     
   14.047548715632141       -1.9425893430949284     
   14.054088542780946       -1.9429144876002566     
   14.060628369929750       -1.9432376891910974     
   14.067168197078555       -1.9435589475442487     
   14.073708024227360       -1.9438782623384525     
   14.080247851376164       -1.9441956332543939     
   14.086787678524969       -1.9445110599747022     
   14.093327505673773       -1.9448245421839505     
   14.099867332822578       -1.9451360795686565     
   14.106407159971383       -1.9454456718172828     
   14.112946987120187       -1.9457533186202374     
   14.119486814268992       -1.9460590196698735     
   14.126026641417797       -1.9463627746604899     
   14.132566468566601       -1.9466645832883318     
   14.139106295715406       -1.9469644452515904     
   14.145646122864211       -1.9472623602504040     
   14.152185950013015       -1.9475583279868571     
   14.158725777161820       -1.9478523481649825     
   14.165265604310623       -1.9481444204907599     
   14.171805431459427       -1.9484345446721165     
   14.178345258608232       -1.9487227204189288     
   14.184885085757037       -1.9490089474430206     
   14.191424912905841       -1.9492932254581647     
   14.197964740054646       -1.9495755541800837     
   14.204504567203450       -1.9498559333264482     
   14.211044394352255       -1.9501343626168797     
   14.217584221501060       -1.9504108417729482     
   14.224124048649864       -1.9506853705181753     
   14.230663875798669       -1.9509579485780317     
   14.237203702947474       -1.9512285756799395     
   14.243743530096278       -1.9514972515532716     
   14.250283357245083       -1.9517639759293521     
   14.256823184393888       -1.9520287485414567     
   14.263363011542692       -1.9522915691248126     
   14.269902838691497       -1.9525524374165995     
   14.276442665840301       -1.9528113531559488     
   14.282982492989104       -1.9530683160839448     
   14.289522320137909       -1.9533233259436249     
   14.296062147286714       -1.9535763824799788     
   14.302601974435518       -1.9538274854399502     
   14.309141801584323       -1.9540766345724361     
   14.315681628733127       -1.9543238296282877     
   14.322221455881932       -1.9545690703603094     
   14.328761283030737       -1.9548123565232611     
   14.335301110179541       -1.9550536878738560     
   14.341840937328346       -1.9552930641707633     
   14.348380764477151       -1.9555304851746065     
   14.354920591625955       -1.9557659506479645     
   14.361460418774760       -1.9559994603553721     
   14.368000245923565       -1.9562310140633190     
   14.374540073072369       -1.9564606115402519     
   14.381079900221174       -1.9566882525565730     
   14.387619727369978       -1.9569139368846418     
   14.394159554518783       -1.9571376642987734     
   14.400699381667588       -1.9573594345752408     
   14.407239208816391       -1.9575792474922735     
   14.413779035965195       -1.9577971028300587     
   14.420318863114000       -1.9580130003707410     
   14.426858690262804       -1.9582269398984231     
   14.433398517411609       -1.9584389211991651     
   14.439938344560414       -1.9586489440609860     
   14.446478171709218       -1.9588570082738626     
   14.453017998858023       -1.9590631136297312     
   14.459557826006828       -1.9592672599224861     
   14.466097653155632       -1.9594694469479810     
   14.472637480304437       -1.9596696745040292     
   14.479177307453241       -1.9598679423904029     
   14.485717134602046       -1.9600642504088339     
   14.492256961750851       -1.9602585983630147     
   14.498796788899655       -1.9604509860585972     
   14.505336616048460       -1.9606414133031935     
   14.511876443197265       -1.9608298799063766     
   14.518416270346069       -1.9610163856796794     
   14.524956097494872       -1.9612009304365967     
   14.531495924643677       -1.9613835139925837     
   14.538035751792481       -1.9615641361650564     
   14.544575578941286       -1.9617427967733929     
   14.551115406090091       -1.9619194956389330     
   14.557655233238895       -1.9620942325849771     
   14.564195060387700       -1.9622670074367889     
   14.570734887536505       -1.9624378200215933     
   14.577274714685309       -1.9626066701685776     
   14.583814541834114       -1.9627735577088918     
   14.590354368982918       -1.9629384824756484     
   14.596894196131723       -1.9631014443039225     
   14.603434023280528       -1.9632624430307524     
   14.609973850429332       -1.9634214784951391     
   14.616513677578137       -1.9635785505380474     
   14.623053504726942       -1.9637336590024050     
   14.629593331875746       -1.9638868037331036     
   14.636133159024551       -1.9640379845769986     
   14.642672986173354       -1.9641872013829091     
   14.649212813322158       -1.9643344540016183     
   14.655752640470963       -1.9644797422858735     
   14.662292467619768       -1.9646230660903863     
   14.668832294768572       -1.9647644252718330     
   14.675372121917377       -1.9649038196888546     
   14.681911949066182       -1.9650412492020564     
   14.688451776214986       -1.9651767136740090     
   14.694991603363791       -1.9653102129692481     
   14.701531430512595       -1.9654417469542740     
   14.708071257661400       -1.9655713154975529     
   14.714611084810205       -1.9656989184695166     
   14.721150911959009       -1.9658245557425615     
   14.727690739107814       -1.9659482271910509     
   14.734230566256619       -1.9660699326913129     
   14.740770393405423       -1.9661896721216425     
   14.747310220554228       -1.9663074453622997     
   14.753850047703033       -1.9664232522955116     
   14.760389874851835       -1.9665370928054713     
   14.766929702000640       -1.9666489667783384     
   14.773469529149445       -1.9667588741022386     
   14.780009356298249       -1.9668668146672648     
   14.786549183447054       -1.9669727883654764     
   14.793089010595859       -1.9670767950908996     
   14.799628837744663       -1.9671788347395276     
   14.806168664893468       -1.9672789072093209     
   14.812708492042272       -1.9673770124002070     
   14.819248319191077       -1.9674731502140808     
   14.825788146339882       -1.9675673205548041     
   14.832327973488686       -1.9676595233282070     
   14.838867800637491       -1.9677497584420864     
   14.845407627786296       -1.9678380258062076     
   14.851947454935100       -1.9679243253323029     
   14.858487282083905       -1.9680086569340727     
   14.865027109232710       -1.9680910205271858     
   14.871566936381514       -1.9681714160292785     
   14.878106763530317       -1.9682498433599551     
   14.884646590679122       -1.9683263024407884     
   14.891186417827926       -1.9684007931953191     
   14.897726244976731       -1.9684733155490568     
   14.904266072125536       -1.9685438694294788     
   14.910805899274340       -1.9686124547660313     
   14.917345726423145       -1.9686790714901290     
   14.923885553571949       -1.9687437195351551     
   14.930425380720754       -1.9688063988364619     
   14.936965207869559       -1.9688671093313699     
   14.943505035018363       -1.9689258509591683     
   14.950044862167168       -1.9689826236611159     
   14.956584689315973       -1.9690374273804399     
   14.963124516464777       -1.9690902620623365     
   14.969664343613582       -1.9691411276539712     
   14.976204170762387       -1.9691900241044780     
   14.982743997911191       -1.9692369513649608     
   14.989283825059996       -1.9692819093884923     
   14.995823652208799       -1.9693248981301146     
   15.002363479357603       -1.9693659175468385     
   15.008903306506408       -1.9694049675976453     
   15.015443133655213       -1.9694420482434842     
   15.021982960804017       -1.9694771594472751     
   15.028522787952822       -1.9695103011739066     
   15.035062615101626       -1.9695414733902370     
   15.041602442250431       -1.9695706760650942     
   15.048142269399236       -1.9695979091692752     
   15.054682096548040       -1.9696231726755469     
   15.061221923696845       -1.9696464665586459     
   15.067761750845650       -1.9696677907952784     
   15.074301577994454       -1.9696871453641203     
   15.080841405143259       -1.9697045302458167     
   15.087381232292064       -1.9697199454229828     
   15.093921059440868       -1.9697333908802035     
   15.100460886589673       -1.9697448666040334     
   15.107000713738477       -1.9697543725829965     
   15.113540540887280       -1.9697619088075873     
   15.120080368036085       -1.9697674752702692     
   15.126620195184890       -1.9697710719654760     
   15.133160022333694       -1.9697726988896107     
   15.139699849482499       -1.9697723560410469     
   15.146239676631303       -1.9697700434201271     
   15.152779503780108       -1.9697657610291637     
   15.159319330928913       -1.9697595088724396     
   15.165859158077717       -1.9697512869562064     
   15.172398985226522       -1.9697410952886862     
   15.178938812375327       -1.9697289338800708     
   15.185478639524131       -1.9697148027425215     
   15.192018466672936       -1.9696987018901695     
   15.198558293821741       -1.9696806313391155     
   15.205098120970545       -1.9696605911074303     
   15.211637948119350       -1.9696385812151540     
   15.218177775268154       -1.9696146016842964     
   15.224717602416959       -1.9695886525388373     
   15.231257429565762       -1.9695607338047256     
   15.237797256714567       -1.9695308455098801     
   15.244337083863371       -1.9694989876841889     
   15.250876911012176       -1.9694651603595101     
   15.257416738160980       -1.9694293635696711     
   15.263956565309785       -1.9693915973504683     
   15.270496392458590       -1.9693518617396681     
   15.277036219607394       -1.9693101567770062     
   15.283576046756199       -1.9692664825041875     
   15.290115873905004       -1.9692208389648862     
   15.296655701053808       -1.9691732262047459     
   15.303195528202613       -1.9691236442713793     
   15.309735355351417       -1.9690720932143684     
   15.316275182500222       -1.9690185730852643     
   15.322815009649027       -1.9689630839375871     
   15.329354836797831       -1.9689056258268260     
   15.335894663946636       -1.9688461988104391     
   15.342434491095441       -1.9687848029478534     
   15.348974318244245       -1.9687214383004648     
   15.355514145393048       -1.9686561049316380     
   15.362053972541853       -1.9685888029067060     
   15.368593799690657       -1.9685195322929714     
   15.375133626839462       -1.9684482931597045     
   15.381673453988267       -1.9683750855781443     
   15.388213281137071       -1.9682999096214988     
   15.394753108285876       -1.9682227653649433     
   15.401292935434681       -1.9681436528856227     
   15.407832762583485       -1.9680625722626492     
   15.414372589732290       -1.9679795235771036     
   15.420912416881094       -1.9678945069120344     
   15.427452244029899       -1.9678075223524585     
   15.433992071178704       -1.9677185699853601     
   15.440531898327508       -1.9676276498996916     
   15.447071725476313       -1.9675347621863737     
   15.453611552625118       -1.9674399069382935     
   15.460151379773922       -1.9673430842503064     
   15.466691206922727       -1.9672442942192350     
   15.473231034071530       -1.9671435369438695     
   15.479770861220334       -1.9670408125249668     
   15.486310688369139       -1.9669361210652518     
   15.492850515517944       -1.9668294626694156     
   15.499390342666748       -1.9667208374441167     
   15.505930169815553       -1.9666102454979804     
   15.512469996964358       -1.9664976869415982     
   15.519009824113162       -1.9663831618875294     
   15.525549651261967       -1.9662666704502987     
   15.532089478410771       -1.9661482127463976     
   15.538629305559576       -1.9660277888942839     
   15.545169132708381       -1.9659053990143811     
   15.551708959857185       -1.9657810432290792     
   15.558248787005990       -1.9656547216627343     
   15.564788614154795       -1.9655264344416674     
   15.571328441303599       -1.9653961816941665     
   15.577868268452404       -1.9652639635504836     
   15.584408095601209       -1.9651297801428373     
   15.590947922750011       -1.9649936316054111     
   15.597487749898816       -1.9648555180743530     
   15.604027577047621       -1.9647154396877766     
   15.610567404196425       -1.9645733965857606     
   15.617107231345230       -1.9644293889103479     
   15.623647058494035       -1.9642834168055463     
   15.630186885642839       -1.9641354804173277     
   15.636726712791644       -1.9639855798936288     
   15.643266539940448       -1.9638337153843497     
   15.649806367089253       -1.9636798870413552     
   15.656346194238058       -1.9635240950184738     
   15.662886021386862       -1.9633663394714971     
   15.669425848535667       -1.9632066205581808     
   15.675965675684472       -1.9630449384382442     
   15.682505502833276       -1.9628812932733690     
   15.689045329982081       -1.9627156852272005     
   15.695585157130886       -1.9625481144653469     
   15.702124984279690       -1.9623785811553789     
   15.708664811428493       -1.9622070854668299     
   15.715204638577298       -1.9620336275711951     
   15.721744465726102       -1.9618582076419329     
   15.728284292874907       -1.9616808258544629     
   15.734824120023712       -1.9615014823861670     
   15.741363947172516       -1.9613201774163886     
   15.747903774321321       -1.9611369111264332     
   15.754443601470125       -1.9609516836995664     
   15.760983428618930       -1.9607644953210159     
   15.767523255767735       -1.9605753461779700     
   15.774063082916539       -1.9603842364595780     
   15.780602910065344       -1.9601911663569496     
   15.787142737214149       -1.9599961360631546     
   15.793682564362953       -1.9597991457732236     
   15.800222391511758       -1.9596001956841469     
   15.806762218660563       -1.9593992859948746     
   15.813302045809367       -1.9591964169063161     
   15.819841872958172       -1.9589915886213407     
   15.826381700106975       -1.9587848013447768     
   15.832921527255779       -1.9585760552834117     
   15.839461354404584       -1.9583653506459910     
   15.846001181553389       -1.9581526876432200     
   15.852541008702193       -1.9579380664877610     
   15.859080835850998       -1.9577214873942357     
   15.865620662999802       -1.9575029505792230     
   15.872160490148607       -1.9572824562612599     
   15.878700317297412       -1.9570600046608404     
   15.885240144446216       -1.9568355960004162     
   15.891779971595021       -1.9566092305043961     
   15.898319798743826       -1.9563809083991455     
   15.904859625892630       -1.9561506299129865     
   15.911399453041435       -1.9559183952761974     
   15.917939280190240       -1.9556842047210130     
   15.924479107339044       -1.9554480584816241     
   15.931018934487849       -1.9552099567941763     
   15.937558761636653       -1.9549698998967719     
   15.944098588785456       -1.9547278880294676     
   15.950638415934261       -1.9544839214342751     
   15.957178243083066       -1.9542380003551612     
   15.963718070231870       -1.9539901250380467     
   15.970257897380675       -1.9537402957308072     
   15.976797724529479       -1.9534885126832719     
   15.983337551678284       -1.9532347761472240     
   15.989877378827089       -1.9529790863763996     
   15.996417205975893       -1.9527214436264890     
   16.002957033124698       -1.9524618481551348     
   16.009496860273501       -1.9522003002219324     
   16.016036687422307       -1.9519368000884298     
   16.022576514571110       -1.9516713480181269     
   16.029116341719917       -1.9514039442764763     
   16.035656168868719       -1.9511345891308813     
   16.042195996017526       -1.9508632828506973     
   16.048735823166329       -1.9505900257072302     
   16.055275650315135       -1.9503148179737375     
   16.061815477463938       -1.9500376599254265     
   16.068355304612744       -1.9497585518394558     
   16.074895131761547       -1.9494774939949331     
   16.081434958910354       -1.9491944866729163     
   16.087974786059156       -1.9489095301564130     
   16.094514613207963       -1.9486226247303797     
   16.101054440356766       -1.9483337706817216     
   16.107594267505572       -1.9480429682992930     
   16.114134094654375       -1.9477502178738959     
   16.120673921803178       -1.9474555196982812     
   16.127213748951984       -1.9471588740671468     
   16.133753576100787       -1.9468602812771383     
   16.140293403249593       -1.9465597416268485     
   16.146833230398396       -1.9462572554168169     
   16.153373057547203       -1.9459528229495298     
   16.159912884696006       -1.9456464445294197     
   16.166452711844812       -1.9453381204628653     
   16.172992538993615       -1.9450278510581904     
   16.179532366142421       -1.9447156366256646     
   16.186072193291224       -1.9444014774775020     
   16.192612020440031       -1.9440853739278621     
   16.199151847588833       -1.9437673262928481     
   16.205691674737640       -1.9434473348905077     
   16.212231501886443       -1.9431254000408325     
   16.218771329035249       -1.9428015220657571     
   16.225311156184052       -1.9424757012891598     
   16.231850983332858       -1.9421479380368611     
   16.238390810481661       -1.9418182326366247     
   16.244930637630464       -1.9414865854181556     
   16.251470464779270       -1.9411529967131009     
   16.258010291928073       -1.9408174668550495     
   16.264550119076880       -1.9404799961795316     
   16.271089946225683       -1.9401405850240174     
   16.277629773374489       -1.9397992337279182     
   16.284169600523292       -1.9394559426325850     
   16.290709427672098       -1.9391107120813094     
   16.297249254820901       -1.9387635424193217     
   16.303789081969708       -1.9384144339937912     
   16.310328909118510       -1.9380633871538271     
   16.316868736267317       -1.9377104022504754     
   16.323408563416120       -1.9373554796367218     
   16.329948390564926       -1.9369986196674884     
   16.336488217713729       -1.9366398226996355     
   16.343028044862535       -1.9362790890919599     
   16.349567872011338       -1.9359164192051952     
   16.356107699160145       -1.9355518134020111     
   16.362647526308947       -1.9351852720470137     
   16.369187353457750       -1.9348167955067443     
   16.375727180606557       -1.9344463841496795     
   16.382267007755360       -1.9340740383462303     
   16.388806834904166       -1.9336997584687428     
   16.395346662052969       -1.9333235448914967     
   16.401886489201775       -1.9329453979907056     
   16.408426316350578       -1.9325653181445168     
   16.414966143499385       -1.9321833057330096     
   16.421505970648187       -1.9317993611381967     
   16.428045797796994       -1.9314134847440227     
   16.434585624945797       -1.9310256769363638     
   16.441125452094603       -1.9306359381030282     
   16.447665279243406       -1.9302442686337546     
   16.454205106392212       -1.9298506689202122     
   16.460744933541015       -1.9294551393560009     
   16.467284760689822       -1.9290576803366499     
   16.473824587838624       -1.9286582922596189     
   16.480364414987427       -1.9282569755242955     
   16.486904242136234       -1.9278537305319965     
   16.493444069285037       -1.9274485576859670     
   16.499983896433843       -1.9270414573913797     
   16.506523723582646       -1.9266324300553350     
   16.513063550731452       -1.9262214760868603     
   16.519603377880255       -1.9258085958969096     
   16.526143205029062       -1.9253937898983629     
   16.532683032177864       -1.9249770585060264     
   16.539222859326671       -1.9245584021366313     
   16.545762686475474       -1.9241378212088343     
   16.552302513624280       -1.9237153161432161     
   16.558842340773083       -1.9232908873622818     
   16.565382167921889       -1.9228645352904601     
   16.571921995070692       -1.9224362603541032     
   16.578461822219499       -1.9220060629814859     
   16.585001649368301       -1.9215739436028054     
   16.591541476517108       -1.9211399026501816     
   16.598081303665911       -1.9207039405576549     
   16.604621130814714       -1.9202660577611879     
   16.611160957963520       -1.9198262546986629     
   16.617700785112323       -1.9193845318098830     
   16.624240612261129       -1.9189408895365714     
   16.630780439409932       -1.9184953283223702     
   16.637320266558739       -1.9180478486128407     
   16.643860093707541       -1.9175984508554627     
   16.650399920856348       -1.9171471354996339     
   16.656939748005151       -1.9166939029966692     
   16.663479575153957       -1.9162387537998018     
   16.670019402302760       -1.9157816883641805     
   16.676559229451566       -1.9153227071468710     
   16.683099056600369       -1.9148618106068542     
   16.689638883749176       -1.9143989992050270     
   16.696178710897978       -1.9139342734042006     
   16.702718538046785       -1.9134676336691008     
   16.709258365195588       -1.9129990804663672     
   16.715798192344391       -1.9125286142645532     
   16.722338019493197       -1.9120562355341248     
   16.728877846642000       -1.9115819447474611     
   16.735417673790806       -1.9111057423788524     
   16.741957500939609       -1.9106276289045014     
   16.748497328088416       -1.9101476048025214     
   16.755037155237218       -1.9096656705529367     
   16.761576982386025       -1.9091818266376814     
   16.768116809534828       -1.9086960735405993     
   16.774656636683634       -1.9082084117474436     
   16.781196463832437       -1.9077188417458764     
   16.787736290981243       -1.9072273640254671     
   16.794276118130046       -1.9067339790776940     
   16.800815945278853       -1.9062386873959418     
   16.807355772427655       -1.9057414894755020     
   16.813895599576462       -1.9052423858135730     
   16.820435426725265       -1.9047413769092578     
   16.826975253874071       -1.9042384632635661     
   16.833515081022874       -1.9037336453794109     
   16.840054908171677       -1.9032269237616104     
   16.846594735320483       -1.9027182989168863     
   16.853134562469286       -1.9022077713538632     
   16.859674389618093       -1.9016953415830689     
   16.866214216766895       -1.9011810101169331     
   16.872754043915702       -1.9006647774697871     
   16.879293871064505       -1.9001466441578636     
   16.885833698213311       -1.8996266106992963     
   16.892373525362114       -1.8991046776141181     
   16.898913352510920       -1.8985808454242623     
   16.905453179659723       -1.8980551146535611     
   16.911993006808530       -1.8975274858277453     
   16.918532833957332       -1.8969979594744437     
   16.925072661106139       -1.8964665361231827     
   16.931612488254942       -1.8959332163053855     
   16.938152315403748       -1.8953980005543720     
   16.944692142552551       -1.8948608894053578     
   16.951231969701354       -1.8943218833954543     
   16.957771796850160       -1.8937809830636674     
   16.964311623998963       -1.8932381889508973     
   16.970851451147769       -1.8926935015999384     
   16.977391278296572       -1.8921469215554780     
   16.983931105445379       -1.8915984493640958     
   16.990470932594182       -1.8910480855742644     
   16.997010759742988       -1.8904958307363473     
   17.003550586891791       -1.8899416854025994     
   17.010090414040597       -1.8893856501271662     
   17.016630241189400       -1.8888277254660828     
   17.023170068338207       -1.8882679119772738     
   17.029709895487009       -1.8877062102205528     
   17.036249722635816       -1.8871426207576218     
   17.042789549784619       -1.8865771441520702     
   17.049329376933425       -1.8860097809693743     
   17.055869204082228       -1.8854405317768976     
   17.062409031231034       -1.8848693971438890     
   17.068948858379837       -1.8842963776414834     
   17.075488685528640       -1.8837214738427002     
   17.082028512677446       -1.8831446863224430     
   17.088568339826249       -1.8825660156574993     
   17.095108166975056       -1.8819854624265402     
   17.101647994123859       -1.8814030272101185     
   17.108187821272665       -1.8808187105906697     
   17.114727648421468       -1.8802325131525104     
   17.121267475570274       -1.8796444354818380     
   17.127807302719077       -1.8790544781667300     
   17.134347129867884       -1.8784626417971437     
   17.140886957016686       -1.8778689269649158     
   17.147426784165493       -1.8772733342637609     
   17.153966611314296       -1.8766758642892718     
   17.160506438463102       -1.8760765176389183     
   17.167046265611905       -1.8754752949120470     
   17.173586092760711       -1.8748721967098811     
   17.180125919909514       -1.8742672236355182     
   17.186665747058317       -1.8736603762939319     
   17.193205574207123       -1.8730516552919692     
   17.199745401355926       -1.8724410612383511     
   17.206285228504733       -1.8718285947436717     
   17.212825055653536       -1.8712142564203977     
   17.219364882802342       -1.8705980468828673     
   17.225904709951145       -1.8699799667472898     
   17.232444537099951       -1.8693600166317457     
   17.238984364248754       -1.8687381971561847     
   17.245524191397561       -1.8681145089424267     
   17.252064018546363       -1.8674889526141598     
   17.258603845695170       -1.8668615287969401     
   17.265143672843973       -1.8662322381181919     
   17.271683499992779       -1.8656010812072055     
   17.278223327141582       -1.8649680586951376     
   17.284763154290388       -1.8643331712150113     
   17.291302981439191       -1.8636964194017138     
   17.297842808587998       -1.8630578038919969     
   17.304382635736800       -1.8624173253244760     
   17.310922462885603       -1.8617749843396301     
   17.317462290034410       -1.8611307815797995     
   17.324002117183213       -1.8604847176891877     
   17.330541944332019       -1.8598367933138580     
   17.337081771480822       -1.8591870091017351     
   17.343621598629628       -1.8585353657026029     
   17.350161425778431       -1.8578818637681052     
   17.356701252927238       -1.8572265039517435     
   17.363241080076040       -1.8565692869088781     
   17.369780907224847       -1.8559102132967256     
   17.376320734373650       -1.8552492837743599     
   17.382860561522456       -1.8545864990027103     
   17.389400388671259       -1.8539218596445615     
   17.395940215820065       -1.8532553663645535     
   17.402480042968868       -1.8525870198291787     
   17.409019870117675       -1.8519168207067842     
   17.415559697266477       -1.8512447696675691     
   17.422099524415284       -1.8505708673835841     
   17.428639351564087       -1.8498951145287319     
   17.435179178712890       -1.8492175117787653     
   17.441719005861696       -1.8485380598112868     
   17.448258833010499       -1.8478567593057484     
   17.454798660159305       -1.8471736109434507     
   17.461338487308108       -1.8464886154075419     
   17.467878314456915       -1.8458017733830181     
   17.474418141605717       -1.8451130855567206     
   17.480957968754524       -1.8444225526173377     
   17.487497795903327       -1.8437301752554023     
   17.494037623052133       -1.8430359541632917     
   17.500577450200936       -1.8423398900352268     
   17.507117277349742       -1.8416419835672719     
   17.513657104498545       -1.8409422354573333     
   17.520196931647352       -1.8402406464051593     
   17.526736758796154       -1.8395372171123388     
   17.533276585944961       -1.8388319482823012     
   17.539816413093764       -1.8381248406203152     
   17.546356240242567       -1.8374158948334889     
   17.552896067391373       -1.8367051116307676     
   17.559435894540176       -1.8359924917229347     
   17.565975721688982       -1.8352780358226100     
   17.572515548837785       -1.8345617446442495     
   17.579055375986592       -1.8338436189041443     
   17.585595203135394       -1.8331236593204201     
   17.592135030284201       -1.8324018666130366     
   17.598674857433004       -1.8316782415037867     
   17.605214684581810       -1.8309527847162952     
   17.611754511730613       -1.8302254969760190     
   17.618294338879419       -1.8294963790102459     
   17.624834166028222       -1.8287654315480939     
   17.631373993177029       -1.8280326553205102     
   17.637913820325831       -1.8272980510602712     
   17.644453647474638       -1.8265616195019811     
   17.650993474623441       -1.8258233613820718     
   17.657533301772247       -1.8250832774388008     
   17.664073128921050       -1.8243413684122527     
   17.670612956069853       -1.8235976350443361     
   17.677152783218659       -1.8228520780787845     
   17.683692610367462       -1.8221046982611551     
   17.690232437516269       -1.8213554963388272     
   17.696772264665071       -1.8206044730610031     
   17.703312091813878       -1.8198516291787061     
   17.709851918962681       -1.8190969654447799     
   17.716391746111487       -1.8183404826138883     
   17.722931573260290       -1.8175821814425139     
   17.729471400409096       -1.8168220626889580     
   17.736011227557899       -1.8160601271133394     
   17.742551054706706       -1.8152963754775937     
   17.749090881855508       -1.8145308085454723     
   17.755630709004315       -1.8137634270825427     
   17.762170536153118       -1.8129942318561858     
   17.768710363301924       -1.8122232236355971     
   17.775250190450727       -1.8114504031917846     
   17.781790017599530       -1.8106757712975687     
   17.788329844748336       -1.8098993287275817     
   17.794869671897139       -1.8091210762582661     
   17.801409499045945       -1.8083410146678742     
   17.807949326194748       -1.8075591447364676     
   17.814489153343555       -1.8067754672459164     
   17.821028980492358       -1.8059899829798980     
   17.827568807641164       -1.8052026927238964     
   17.834108634789967       -1.8044135972652022     
   17.840648461938773       -1.8036226973929106     
   17.847188289087576       -1.8028299938979215     
   17.853728116236383       -1.8020354875729387     
   17.860267943385185       -1.8012391792124685     
   17.866807770533992       -1.8004410696128188     
   17.873347597682795       -1.7996411595720996     
   17.879887424831601       -1.7988394498902209     
   17.886427251980404       -1.7980359413688922     
   17.892967079129210       -1.7972306348116220     
   17.899506906278013       -1.7964235310237171     
   17.906046733426816       -1.7956146308122811     
   17.912586560575622       -1.7948039349862144     
   17.919126387724425       -1.7939914443562126     
   17.925666214873232       -1.7931771597347665     
   17.932206042022035       -1.7923610819361608     
   17.938745869170841       -1.7915432117764734     
   17.945285696319644       -1.7907235500735739     
   17.951825523468450       -1.7899020976471243     
   17.958365350617253       -1.7890788553185770     
   17.964905177766060       -1.7882538239111745     
   17.971445004914862       -1.7874270042499478     
   17.977984832063669       -1.7865983971617172     
   17.984524659212472       -1.7857680034750893     
   17.991064486361278       -1.7849358240204583     
   17.997604313510081       -1.7841018596300029     
   18.004144140658887       -1.7832661111376877     
   18.010683967807690       -1.7824285793792618     
   18.017223794956493       -1.7815892651922562     
   18.023763622105299       -1.7807481694159857     
   18.030303449254102       -1.7799052928915458     
   18.036843276402909       -1.7790606364618127     
   18.043383103551712       -1.7782142009714432     
   18.049922930700518       -1.7773659872668726     
   18.056462757849321       -1.7765159961963148     
   18.063002584998127       -1.7756642286097606     
   18.069542412146930       -1.7748106853589780     
   18.076082239295737       -1.7739553672975099     
   18.082622066444539       -1.7730982752806745     
   18.089161893593346       -1.7722394101655641     
   18.095701720742149       -1.7713787728110435     
   18.102241547890955       -1.7705163640777501     
   18.108781375039758       -1.7696521848280928     
   18.115321202188564       -1.7687862359262505     
   18.121861029337367       -1.7679185182381725     
   18.128400856486174       -1.7670490326315762     
   18.134940683634976       -1.7661777799759473     
   18.141480510783779       -1.7653047611425383     
   18.148020337932586       -1.7644299770043681     
   18.154560165081389       -1.7635534284362211     
   18.161099992230195       -1.7626751163146455     
   18.167639819378998       -1.7617950415179537     
   18.174179646527804       -1.7609132049262206     
   18.180719473676607       -1.7600296074212824     
   18.187259300825414       -1.7591442498867367     
   18.193799127974216       -1.7582571332079413     
   18.200338955123023       -1.7573682582720125     
   18.206878782271826       -1.7564776259678254     
   18.213418609420632       -1.7555852371860121     
   18.219958436569435       -1.7546910928189619     
   18.226498263718241       -1.7537951937608187     
   18.233038090867044       -1.7528975409074818     
   18.239577918015851       -1.7519981351566041     
   18.246117745164653       -1.7510969774075913     
   18.252657572313460       -1.7501940685616009     
   18.259197399462263       -1.7492894095215419     
   18.265737226611066       -1.7483830011920736     
   18.272277053759872       -1.7474748444796040     
   18.278816880908675       -1.7465649402922898     
   18.285356708057481       -1.7456532895400354     
   18.291896535206284       -1.7447398931344913     
   18.298436362355091       -1.7438247519890542     
   18.304976189503893       -1.7429078670188649     
   18.311516016652700       -1.7419892391408087     
   18.318055843801503       -1.7410688692735132     
   18.324595670950309       -1.7401467583373487     
   18.331135498099112       -1.7392229072544259     
   18.337675325247918       -1.7382973169485958     
   18.344215152396721       -1.7373699883454488     
   18.350754979545528       -1.7364409223723136     
   18.357294806694330       -1.7355101199582561     
   18.363834633843137       -1.7345775820340787     
   18.370374460991940       -1.7336433095323192     
   18.376914288140743       -1.7327073033872502     
   18.383454115289549       -1.7317695645348778     
   18.389993942438352       -1.7308300939129406     
   18.396533769587158       -1.7298888924609099     
   18.403073596735961       -1.7289459611199867     
   18.409613423884768       -1.7280013008331023     
   18.416153251033570       -1.7270549125449171     
   18.422693078182377       -1.7261067972018194     
   18.429232905331180       -1.7251569557519246     
   18.435772732479986       -1.7242053891450739     
   18.442312559628789       -1.7232520983328341     
   18.448852386777595       -1.7222970842684959     
   18.455392213926398       -1.7213403479070735     
   18.461932041075205       -1.7203818902053032     
   18.468471868224007       -1.7194217121216426     
   18.475011695372814       -1.7184598146162700     
   18.481551522521617       -1.7174961986510826     
   18.488091349670423       -1.7165308651896967     
   18.494631176819226       -1.7155638151974453     
   18.501171003968029       -1.7145950496413787     
   18.507710831116835       -1.7136245694902625     
   18.514250658265638       -1.7126523757145771     
   18.520790485414445       -1.7116784692865159     
   18.527330312563247       -1.7107028511799856     
   18.533870139712054       -1.7097255223706038     
   18.540409966860857       -1.7087464838356998     
   18.546949794009663       -1.7077657365543120     
   18.553489621158466       -1.7067832815071873     
   18.560029448307272       -1.7057991196767812     
   18.566569275456075       -1.7048132520472554     
   18.573109102604882       -1.7038256796044775     
   18.579648929753684       -1.7028364033360202     
   18.586188756902491       -1.7018454242311596     
   18.592728584051294       -1.7008527432808747     
   18.599268411200100       -1.6998583614778462     
   18.605808238348903       -1.6988622798164565     
   18.612348065497706       -1.6978644992927869     
   18.618887892646512       -1.6968650209046181     
   18.625427719795315       -1.6958638456514283     
   18.631967546944121       -1.6948609745343928     
   18.638507374092924       -1.6938564085563830     
   18.645047201241731       -1.6928501487219643     
   18.651587028390534       -1.6918421960373971     
   18.658126855539340       -1.6908325515106335     
   18.664666682688143       -1.6898212161513186     
   18.671206509836949       -1.6888081909707877     
   18.677746336985752       -1.6877934769820657     
   18.684286164134559       -1.6867770751998665     
   18.690825991283361       -1.6857589866405924     
   18.697365818432168       -1.6847392123223315     
   18.703905645580971       -1.6837177532648584     
   18.710445472729777       -1.6826946104896321     
   18.716985299878580       -1.6816697850197952     
   18.723525127027386       -1.6806432778801734     
   18.730064954176189       -1.6796150900972737     
   18.736604781324992       -1.6785852226992839     
   18.743144608473798       -1.6775536767160713     
   18.749684435622601       -1.6765204531791822     
   18.756224262771408       -1.6754855531218398     
   18.762764089920211       -1.6744489775789442     
   18.769303917069017       -1.6734107275870711     
   18.775843744217820       -1.6723708041844705     
   18.782383571366626       -1.6713292084110656     
   18.788923398515429       -1.6702859413084523     
   18.795463225664236       -1.6692410039198977     
   18.802003052813038       -1.6681943972903390     
   18.808542879961845       -1.6671461224663833     
   18.815082707110648       -1.6660961804963050     
   18.821622534259454       -1.6650445724300462     
   18.828162361408257       -1.6639912993192152     
   18.834702188557063       -1.6629363622170847     
   18.841242015705866       -1.6618797621785921     
   18.847781842854669       -1.6608215002603375     
   18.854321670003475       -1.6597615775205825     
   18.860861497152278       -1.6586999950192500     
   18.867401324301085       -1.6576367538179224     
   18.873941151449888       -1.6565718549798412     
   18.880480978598694       -1.6555052995699049     
   18.887020805747497       -1.6544370886546689     
   18.893560632896303       -1.6533672233023444     
   18.900100460045106       -1.6522957045827966     
   18.906640287193913       -1.6512225335675443     
   18.913180114342715       -1.6501477113297585     
   18.919719941491522       -1.6490712389442612     
   18.926259768640325       -1.6479931174875251     
   18.932799595789131       -1.6469133480376716     
   18.939339422937934       -1.6458319316744701     
   18.945879250086740       -1.6447488694793369     
   18.952419077235543       -1.6436641625353343     
   18.958958904384350       -1.6425778119271692     
   18.965498731533152       -1.6414898187411922     
   18.972038558681955       -1.6404001840653963     
   18.978578385830762       -1.6393089089894164     
   18.985118212979565       -1.6382159946045278     
   18.991658040128371       -1.6371214420036444     
   18.998197867277174       -1.6360252522813190     
   19.004737694425980       -1.6349274265337412     
   19.011277521574783       -1.6338279658587371     
   19.017817348723590       -1.6327268713557670     
   19.024357175872392       -1.6316241441259256     
   19.030897003021199       -1.6305197852719400     
   19.037436830170002       -1.6294137958981691     
   19.043976657318808       -1.6283061771106024     
   19.050516484467611       -1.6271969300168587     
   19.057056311616417       -1.6260860557261847     
   19.063596138765220       -1.6249735553494553     
   19.070135965914027       -1.6238594299991704     
   19.076675793062829       -1.6227436807894555     
   19.083215620211632       -1.6216263088360601     
   19.089755447360439       -1.6205073152563554     
   19.096295274509242       -1.6193867011693357     
   19.102835101658048       -1.6182644676956148     
   19.109374928806851       -1.6171406159574262     
   19.115914755955657       -1.6160151470786217     
   19.122454583104460       -1.6148880621846700     
   19.128994410253267       -1.6137593624026561     
   19.135534237402069       -1.6126290488612798     
   19.142074064550876       -1.6114971226908545     
   19.148613891699679       -1.6103635850233067     
   19.155153718848485       -1.6092284369921739     
   19.161693545997288       -1.6080916797326041     
   19.168233373146094       -1.6069533143813548     
   19.174773200294897       -1.6058133420767908     
   19.181313027443704       -1.6046717639588850     
   19.187852854592506       -1.6035285811692153     
   19.194392681741313       -1.6023837948509640     
   19.200932508890116       -1.6012374061489183     
   19.207472336038919       -1.6000894162094661     
   19.214012163187725       -1.5989398261805978     
   19.220551990336528       -1.5977886372119035     
   19.227091817485334       -1.5966358504545717     
   19.233631644634137       -1.5954814670613895     
   19.240171471782944       -1.5943254881867401     
   19.246711298931746       -1.5931679149866027     
   19.253251126080553       -1.5920087486185504     
   19.259790953229356       -1.5908479902417494     
   19.266330780378162       -1.5896856410169580     
   19.272870607526965       -1.5885217021065257     
   19.279410434675771       -1.5873561746743912     
   19.285950261824574       -1.5861890598860817     
   19.292490088973381       -1.5850203589087126     
   19.299029916122183       -1.5838500729109846     
   19.305569743270990       -1.5826782030631834     
   19.312109570419793       -1.5815047505371791     
   19.318649397568599       -1.5803297165064243     
   19.325189224717402       -1.5791531021459531     
   19.331729051866205       -1.5779749086323795     
   19.338268879015011       -1.5767951371438975     
   19.344808706163814       -1.5756137888602784     
   19.351348533312621       -1.5744308649628704     
   19.357888360461423       -1.5732463666345973     
   19.364428187610230       -1.5720602950599578     
   19.370968014759033       -1.5708726514250231     
   19.377507841907839       -1.5696834369174371     
   19.384047669056642       -1.5684926527264142     
   19.390587496205448       -1.5673003000427386     
   19.397127323354251       -1.5661063800587629     
   19.403667150503058       -1.5649108939684071     
   19.410206977651860       -1.5637138429671573     
   19.416746804800667       -1.5625152282520645     
   19.423286631949470       -1.5613150510217433     
   19.429826459098276       -1.5601133124763713     
   19.436366286247079       -1.5589100138176868     
   19.442906113395882       -1.5577051562489885     
   19.449445940544688       -1.5564987409751341     
   19.455985767693491       -1.5552907692025384     
   19.462525594842297       -1.5540812421391734     
   19.469065421991100       -1.5528701609945665     
   19.475605249139907       -1.5516575269797983     
   19.482145076288710       -1.5504433413075032     
   19.488684903437516       -1.5492276051918670     
   19.495224730586319       -1.5480103198486255     
   19.501764557735125       -1.5467914864950640     
   19.508304384883928       -1.5455711063500159     
   19.514844212032735       -1.5443491806338614     
   19.521384039181537       -1.5431257105685263     
   19.527923866330344       -1.5419006973774807     
   19.534463693479147       -1.5406741422857377     
   19.541003520627953       -1.5394460465198523     
   19.547543347776756       -1.5382164113079204     
   19.554083174925562       -1.5369852378795774     
   19.560623002074365       -1.5357525274659964     
   19.567162829223168       -1.5345182812998879     
   19.573702656371974       -1.5332825006154982     
   19.580242483520777       -1.5320451866486078     
   19.586782310669584       -1.5308063406365306     
   19.593322137818387       -1.5295659638181129     
   19.599861964967193       -1.5283240574337313     
   19.606401792115996       -1.5270806227252922     
   19.612941619264802       -1.5258356609362305     
   19.619481446413605       -1.5245891733115078     
   19.626021273562412       -1.5233411610976118     
   19.632561100711214       -1.5220916255425545     
   19.639100927860021       -1.5208405678958719     
   19.645640755008824       -1.5195879894086215     
   19.652180582157630       -1.5183338913333815     
   19.658720409306433       -1.5170782749242502     
   19.665260236455239       -1.5158211414368441     
   19.671800063604042       -1.5145624921282965     
   19.678339890752845       -1.5133023282572569     
   19.684879717901651       -1.5120406510838886     
   19.691419545050454       -1.5107774618698695     
   19.697959372199261       -1.5095127618783888     
   19.704499199348064       -1.5082465523741460     
   19.711039026496870       -1.5069788346233510     
   19.717578853645673       -1.5057096098937215     
   19.724118680794479       -1.5044388794544821     
   19.730658507943282       -1.5031666445763632     
   19.737198335092089       -1.5018929065315998     
   19.743738162240891       -1.5006176665939299     
   19.750277989389698       -1.4993409260385933     
   19.756817816538501       -1.4980626861423307     
   19.763357643687307       -1.4967829481833819     
   19.769897470836110       -1.4955017134414850     
   19.776437297984916       -1.4942189831978745     
   19.782977125133719       -1.4929347587352810     
   19.789516952282526       -1.4916490413379286     
   19.796056779431328       -1.4903618322915351     
   19.802596606580131       -1.4890731328833091     
   19.809136433728938       -1.4877829444019501     
   19.815676260877741       -1.4864912681376468     
   19.822216088026547       -1.4851981053820753     
   19.828755915175350       -1.4839034574283985     
   19.835295742324156       -1.4826073255712642     
   19.841835569472959       -1.4813097111068041     
   19.848375396621766       -1.4800106153326331     
   19.854915223770568       -1.4787100395478467     
   19.861455050919375       -1.4774079850530208     
   19.867994878068178       -1.4761044531502099     
   19.874534705216984       -1.4747994451429460     
   19.881074532365787       -1.4734929623362369     
   19.887614359514593       -1.4721850060365655     
   19.894154186663396       -1.4708755775518882     
   19.900694013812203       -1.4695646781916332     
   19.907233840961005       -1.4682523092666999     
   19.913773668109808       -1.4669384720894574     
   19.920313495258615       -1.4656231679737428     
   19.926853322407418       -1.4643063982348601     
   19.933393149556224       -1.4629881641895792     
   19.939932976705027       -1.4616684671561342     
   19.946472803853833       -1.4603473084542220     
   19.953012631002636       -1.4590246894050014     
   19.959552458151443       -1.4577006113310915     
   19.966092285300245       -1.4563750755565701     
   19.972632112449052       -1.4550480834069732     
   19.979171939597855       -1.4537196362092930     
   19.985711766746661       -1.4523897352919766     
   19.992251593895464       -1.4510583819849248     
   19.998791421044270       -1.4497255776194911     
   20.005331248193073       -1.4483913235284798     
   20.011871075341880       -1.4470556210461447     
   20.018410902490682       -1.4457184715081888     
   20.024950729639489       -1.4443798762517615     
   20.031490556788292       -1.4430398366154578     
   20.038030383937095       -1.4416983539393173     
   20.044570211085901       -1.4403554295648231     
   20.051110038234704       -1.4390110648348993     
   20.057649865383510       -1.4376652610939107     
   20.064189692532313       -1.4363180196876608     
   20.070729519681120       -1.4349693419633915     
   20.077269346829922       -1.4336192292697800     
   20.083809173978729       -1.4322676829569394     
   20.090349001127532       -1.4309147043764157     
   20.096888828276338       -1.4295602948811879     
   20.103428655425141       -1.4282044558256648     
   20.109968482573947       -1.4268471885656862     
   20.116508309722750       -1.4254884944585189     
   20.123048136871557       -1.4241283748628573     
   20.129587964020359       -1.4227668311388209     
   20.136127791169166       -1.4214038646479532     
   20.142667618317969       -1.4200394767532207     
   20.149207445466775       -1.4186736688190118     
   20.155747272615578       -1.4173064422111337     
   20.162287099764381       -1.4159377982968138     
   20.168826926913187       -1.4145677384446953     
   20.175366754061990       -1.4131962640248386     
   20.181906581210797       -1.4118233764087176     
   20.188446408359599       -1.4104490769692204     
   20.194986235508406       -1.4090733670806461     
   20.201526062657209       -1.4076962481187048     
   20.208065889806015       -1.4063177214605154     
   20.214605716954818       -1.4049377884846046     
   20.221145544103624       -1.4035564505709051     
   20.227685371252427       -1.4021737091007553     
   20.234225198401234       -1.4007895654568963     
   20.240765025550036       -1.3994040210234717     
   20.247304852698843       -1.3980170771860263     
   20.253844679847646       -1.3966287353315037     
   20.260384506996452       -1.3952389968482459     
   20.266924334145255       -1.3938478631259910     
   20.273464161294058       -1.3924553355558731     
   20.280003988442864       -1.3910614155304195     
   20.286543815591667       -1.3896661044435501     
   20.293083642740473       -1.3882694036905765     
   20.299623469889276       -1.3868713146681990     
   20.306163297038083       -1.3854718387745071     
   20.312703124186886       -1.3840709774089763     
   20.319242951335692       -1.3826687319724680     
   20.325782778484495       -1.3812651038672277     
   20.332322605633301       -1.3798600944968837     
   20.338862432782104       -1.3784537052664450     
   20.345402259930911       -1.3770459375823010     
   20.351942087079713       -1.3756367928522193     
   20.358481914228520       -1.3742262724853447     
   20.365021741377323       -1.3728143778921980     
   20.371561568526129       -1.3714011104846728     
   20.378101395674932       -1.3699864716760377     
   20.384641222823738       -1.3685704628809305     
   20.391181049972541       -1.3671530855153609     
   20.397720877121344       -1.3657343409967055     
   20.404260704270150       -1.3643142307437093     
   20.410800531418953       -1.3628927561764823     
   20.417340358567760       -1.3614699187164991     
   20.423880185716563       -1.3600457197865972     
   20.430420012865369       -1.3586201608109756     
   20.436959840014172       -1.3571932432151932     
   20.443499667162978       -1.3557649684261674     
   20.450039494311781       -1.3543353378721734     
   20.456579321460588       -1.3529043529828413     
   20.463119148609390       -1.3514720151891564     
   20.469658975758197       -1.3500383259234563     
   20.476198802907000       -1.3486032866194300     
   20.482738630055806       -1.3471668987121173     
   20.489278457204609       -1.3457291636379058     
   20.495818284353415       -1.3442900828345308     
   20.502358111502218       -1.3428496577410729     
   20.508897938651021       -1.3414078897979573     
   20.515437765799827       -1.3399647804469519     
   20.521977592948630       -1.3385203311311660     
   20.528517420097437       -1.3370745432950490     
   20.535057247246240       -1.3356274183843888     
   20.541597074395046       -1.3341789578463104     
   20.548136901543849       -1.3327291631292739     
   20.554676728692655       -1.3312780356830745     
   20.561216555841458       -1.3298255769588392     
   20.567756382990265       -1.3283717884090269     
   20.574296210139067       -1.3269166714874263     
   20.580836037287874       -1.3254602276491543     
   20.587375864436677       -1.3240024583506544     
   20.593915691585483       -1.3225433650496965     
   20.600455518734286       -1.3210829492053733     
   20.606995345883092       -1.3196212122781008     
   20.613535173031895       -1.3181581557296160     
   20.620075000180702       -1.3166937810229755     
   20.626614827329504       -1.3152280896225541     
   20.633154654478307       -1.3137610829940432     
   20.639694481627114       -1.3122927626044489     
   20.646234308775917       -1.3108231299220923     
   20.652774135924723       -1.3093521864166056     
   20.659313963073526       -1.3078799335589326     
   20.665853790222332       -1.3064063728213258     
   20.672393617371135       -1.3049315056773463     
   20.678933444519942       -1.3034553336018611     
   20.685473271668744       -1.3019778580710419     
   20.692013098817551       -1.3004990805623649     
   20.698552925966354       -1.2990190025546071     
   20.705092753115160       -1.2975376255278468     
   20.711632580263963       -1.2960549509634609     
   20.718172407412769       -1.2945709803441241     
   20.724712234561572       -1.2930857151538069     
   20.731252061710379       -1.2915991568777745     
   20.737791888859181       -1.2901113070025851     
   20.744331716007984       -1.2886221670160889     
   20.750871543156791       -1.2871317384074255     
   20.757411370305594       -1.2856400226670237     
   20.763951197454400       -1.2841470212865993     
   20.770491024603203       -1.2826527357591535     
   20.777030851752009       -1.2811571675789719     
   20.783570678900812       -1.2796603182416229     
   20.790110506049619       -1.2781621892439554     
   20.796650333198421       -1.2766627820840988     
   20.803190160347228       -1.2751620982614598     
   20.809729987496031       -1.2736601392767226     
   20.816269814644837       -1.2721569066318461     
   20.822809641793640       -1.2706524018300629     
   20.829349468942446       -1.2691466263758779     
   20.835889296091249       -1.2676395817750665     
   20.842429123240056       -1.2661312695346736     
   20.848968950388858       -1.2646216911630110     
   20.855508777537665       -1.2631108481696576     
   20.862048604686468       -1.2615987420654557     
   20.868588431835271       -1.2600853743625122     
   20.875128258984077       -1.2585707465741940     
   20.881668086132880       -1.2570548602151292     
   20.888207913281686       -1.2555377168012043     
   20.894747740430489       -1.2540193178495627     
   20.901287567579296       -1.2524996648786031     
   20.907827394728098       -1.2509787594079789     
   20.914367221876905       -1.2494566029585950     
   20.920907049025708       -1.2479331970526082     
   20.927446876174514       -1.2464085432134244     
   20.933986703323317       -1.2448826429656972     
   20.940526530472123       -1.2433554978353272     
   20.947066357620926       -1.2418271093494593     
   20.953606184769733       -1.2402974790364820     
   20.960146011918535       -1.2387666084260256     
   20.966685839067342       -1.2372344990489608     
   20.973225666216145       -1.2357011524373971     
   20.979765493364948       -1.2341665701246807     
   20.986305320513754       -1.2326307536453942     
   20.992845147662557       -1.2310937045353543     
   20.999384974811363       -1.2295554243316096     
   21.005924801960166       -1.2280159145724407     
   21.012464629108973       -1.2264751767973574     
   21.019004456257775       -1.2249332125470973     
   21.025544283406582       -1.2233900233636248     
   21.032084110555385       -1.2218456107901288     
   21.038623937704191       -1.2202999763710218     
   21.045163764852994       -1.2187531216519387     
   21.051703592001800       -1.2172050481797339     
   21.058243419150603       -1.2156557575024807     
   21.064783246299410       -1.2141052511694701     
   21.071323073448212       -1.2125535307312085     
   21.077862900597019       -1.2110005977394160     
   21.084402727745822       -1.2094464537470260     
   21.090942554894628       -1.2078911003081820     
   21.097482382043431       -1.2063345389782376     
   21.104022209192234       -1.2047767713137545     
   21.110562036341040       -1.2032177988725001     
   21.117101863489843       -1.2016576232134468     
   21.123641690638649       -1.2000962458967703     
   21.130181517787452       -1.1985336684838481     
   21.136721344936259       -1.1969698925372574     
   21.143261172085062       -1.1954049196207741     
   21.149800999233868       -1.1938387512993711     
   21.156340826382671       -1.1922713891392169     
   21.162880653531477       -1.1907028347076738     
   21.169420480680280       -1.1891330895732957     
   21.175960307829087       -1.1875621553058282     
   21.182500134977889       -1.1859900334762055     
   21.189039962126696       -1.1844167256565490     
   21.195579789275499       -1.1828422334201671     
   21.202119616424305       -1.1812665583415516     
   21.208659443573108       -1.1796897019963777     
   21.215199270721914       -1.1781116659615016     
   21.221739097870717       -1.1765324518149596     
   21.228278925019520       -1.1749520611359656     
   21.234818752168326       -1.1733704955049107     
   21.241358579317129       -1.1717877565033601     
   21.247898406465936       -1.1702038457140529     
   21.254438233614739       -1.1686187647209003     
   21.260978060763545       -1.1670325151089826     
   21.267517887912348       -1.1654450984645501     
   21.274057715061154       -1.1638565163750190     
   21.280597542209957       -1.1622667704289715     
   21.287137369358764       -1.1606758622161535     
   21.293677196507566       -1.1590837933274731     
   21.300217023656373       -1.1574905653549996     
   21.306756850805176       -1.1558961798919607     
   21.313296677953982       -1.1543006385327421     
   21.319836505102785       -1.1527039428728849     
   21.326376332251591       -1.1511060945090850     
   21.332916159400394       -1.1495070950391904     
   21.339455986549197       -1.1479069460622009     
   21.345995813698003       -1.1463056491782655     
   21.352535640846806       -1.1447032059886808     
   21.359075467995613       -1.1430996180958901     
   21.365615295144416       -1.1414948871034816     
   21.372155122293222       -1.1398890146161857     
   21.378694949442025       -1.1382820022398754     
   21.385234776590831       -1.1366738515815626     
   21.391774603739634       -1.1350645642493982     
   21.398314430888441       -1.1334541418526696     
   21.404854258037243       -1.1318425860017989     
   21.411394085186050       -1.1302298983083421     
   21.417933912334853       -1.1286160803849872     
   21.424473739483659       -1.1270011338455517     
   21.431013566632462       -1.1253850603049826     
   21.437553393781268       -1.1237678613793531     
   21.444093220930071       -1.1221495386858624     
   21.450633048078878       -1.1205300938428329     
   21.457172875227680       -1.1189095284697095     
   21.463712702376483       -1.1172878441870575     
   21.470252529525290       -1.1156650426165615     
   21.476792356674093       -1.1140411253810230     
   21.483332183822899       -1.1124160941043590     
   21.489872010971702       -1.1107899504116010     
   21.496411838120508       -1.1091626959288927     
   21.502951665269311       -1.1075343322834883     
   21.509491492418118       -1.1059048611037516     
   21.516031319566920       -1.1042742840191537     
   21.522571146715727       -1.1026426026602718     
   21.529110973864530       -1.1010098186587871     
   21.535650801013336       -1.0993759336474838     
   21.542190628162139       -1.0977409492602468     
   21.548730455310945       -1.0961048671320603     
   21.555270282459748       -1.0944676888990068     
   21.561810109608555       -1.0928294161982646     
   21.568349936757357       -1.0911900506681060     
   21.574889763906160       -1.0895495939478970     
   21.581429591054967       -1.0879080476780940     
   21.587969418203770       -1.0862654135002432     
   21.594509245352576       -1.0846216930569790     
   21.601049072501379       -1.0829768879920216     
   21.607588899650185       -1.0813309999501761     
   21.614128726798988       -1.0796840305773305     
   21.620668553947795       -1.0780359815204545     
   21.627208381096597       -1.0763868544275967     
   21.633748208245404       -1.0747366509478846     
   21.640288035394207       -1.0730853727315217     
   21.646827862543013       -1.0714330214297858     
   21.653367689691816       -1.0697795986950287     
   21.659907516840622       -1.0681251061806727     
   21.666447343989425       -1.0664695455412105     
   21.672987171138232       -1.0648129184322028     
   21.679526998287034       -1.0631552265102766     
   21.686066825435841       -1.0614964714331241     
   21.692606652584644       -1.0598366548595000     
   21.699146479733447       -1.0581757784492209     
   21.705686306882253       -1.0565138438631636     
   21.712226134031056       -1.0548508527632623     
   21.718765961179862       -1.0531868068125083     
   21.725305788328665       -1.0515217076749475     
   21.731845615477472       -1.0498555570156791     
   21.738385442626274       -1.0481883565008538     
   21.744925269775081       -1.0465201077976720     
   21.751465096923884       -1.0448508125743825     
   21.758004924072690       -1.0431804725002802     
   21.764544751221493       -1.0415090892457055     
   21.771084578370299       -1.0398366644820416     
   21.777624405519102       -1.0381631998817133     
   21.784164232667909       -1.0364886971181850     
   21.790704059816711       -1.0348131578659598     
   21.797243886965518       -1.0331365838005766     
   21.803783714114321       -1.0314589765986095     
   21.810323541263124       -1.0297803379376658     
   21.816863368411930       -1.0281006694963839     
   21.823403195560733       -1.0264199729544328     
   21.829943022709539       -1.0247382499925084     
   21.836482849858342       -1.0230555022923342     
   21.843022677007149       -1.0213717315366577     
   21.849562504155951       -1.0196869394092498     
   21.856102331304758       -1.0180011275949024     
   21.862642158453561       -1.0163142977794273     
   21.869181985602367       -1.0146264516496544     
   21.875721812751170       -1.0129375908934299     
   21.882261639899976       -1.0112477171996144     
   21.888801467048779       -1.0095568322580817     
   21.895341294197586       -1.0078649377597166     
   21.901881121346388       -1.0061720353964139     
   21.908420948495195       -1.0044781268610756     
   21.914960775643998       -1.0027832138476107     
   21.921500602792804       -1.0010872980509318     
   21.928040429941607      -0.99939038116695467     
   21.934580257090410      -0.99769246489259644     
   21.941120084239216      -0.99599355092577335     
   21.947659911388019      -0.99429364096539941     
   21.954199738536825      -0.99259273671138448     
   21.960739565685628      -0.99089083986463278     
   21.967279392834435      -0.98918795212704125     
   21.973819219983238      -0.98748407520149750     
   21.980359047132044      -0.98577921079187858     
   21.986898874280847      -0.98407336060304884     
   21.993438701429653      -0.98236652634085841     
   21.999978528578456      -0.98065870971214164     
   22.006518355727263      -0.97894991242471519     
   22.013058182876065      -0.97724013618737637     
   22.019598010024872      -0.97552938270990119     
   22.026137837173675      -0.97381765370304341     
   22.032677664322481      -0.97210495087853177     
   22.039217491471284      -0.97039127594906938     
   22.045757318620090      -0.96867663062833098     
   22.052297145768893      -0.96696101663096212     
   22.058836972917696      -0.96524443567257645     
   22.065376800066502      -0.96352688946975518     
   22.071916627215305      -0.96180837974004441     
   22.078456454364112      -0.96008890820195392     
   22.084996281512915      -0.95836847657495516     
   22.091536108661721      -0.95664708657947983     
   22.098075935810524      -0.95492473993691795     
   22.104615762959330      -0.95320143836961613     
   22.111155590108133      -0.95147718360087596     
   22.117695417256940      -0.94975197735495209     
   22.124235244405742      -0.94802582135705082     
   22.130775071554549      -0.94629871733332827     
   22.137314898703352      -0.94457066701088843     
   22.143854725852158      -0.94284167211778158     
   22.150394553000961      -0.94111173438300255     
   22.156934380149767      -0.93938085553648909     
   22.163474207298570      -0.93764903730912019     
   22.170014034447373      -0.93591628143271388     
   22.176553861596179      -0.93418258964002621     
   22.183093688744982      -0.93244796366474891     
   22.189633515893789      -0.93071240524150789     
   22.196173343042592      -0.92897591610586172     
   22.202713170191398      -0.92723849799429936     
   22.209252997340201      -0.92550015264423902     
   22.215792824489007      -0.92376088179402616     
   22.222332651637810      -0.92202068718293140     
   22.228872478786617      -0.92027957055114951     
   22.235412305935419      -0.91853753363979707     
   22.241952133084226      -0.91679457819091104     
   22.248491960233029      -0.91505070594744686     
   22.255031787381835      -0.91330591865327670     
   22.261571614530638      -0.91156021805318788     
   22.268111441679444      -0.90981360589288107     
   22.274651268828247      -0.90806608391896837     
   22.281191095977054      -0.90631765387897179     
   22.287730923125856      -0.90456831752132127     
   22.294270750274659      -0.90281807659535340     
   22.300810577423466      -0.90106693285130890     
   22.307350404572269      -0.89931488804033144     
   22.313890231721075      -0.89756194391446598     
   22.320430058869878      -0.89580810222665663     
   22.326969886018684      -0.89405336473074504     
   22.333509713167487      -0.89229773318146877     
   22.340049540316294      -0.89054120933445935     
   22.346589367465096      -0.88878379494624049     
   22.353129194613903      -0.88702549177422674     
   22.359669021762706      -0.88526630157672115     
   22.366208848911512      -0.88350622611291396     
   22.372748676060315      -0.88174526714288082     
   22.379288503209121      -0.87998342642758043     
   22.385828330357924      -0.87822070572885369     
   22.392368157506731      -0.87645710680942124     
   22.398907984655533      -0.87469263143288201     
   22.405447811804336      -0.87292728136371145     
   22.411987638953143      -0.87116105836725943     
   22.418527466101946      -0.86939396420974902     
   22.425067293250752      -0.86762600065827444     
   22.431607120399555      -0.86585716948079927     
   22.438146947548361      -0.86408747244615447     
   22.444686774697164      -0.86231691132403732     
   22.451226601845971      -0.86054548788500884     
   22.457766428994773      -0.85877320390049250     
   22.464306256143580      -0.85700006114277216     
   22.470846083292383      -0.85522606138499069     
   22.477385910441189      -0.85345120640114780     
   22.483925737589992      -0.85167549796609854     
   22.490465564738798      -0.84989893785555126     
   22.497005391887601      -0.84812152784606609     
   22.503545219036408      -0.84634326971505314     
   22.510085046185210      -0.84456416524077038     
   22.516624873334017      -0.84278421620232247     
   22.523164700482820      -0.84100342437965836     
   22.529704527631623      -0.83922179155356980     
   22.536244354780429      -0.83743931950568973     
   22.542784181929232      -0.83565601001849010     
   22.549324009078038      -0.83387186487528053     
   22.555863836226841      -0.83208688586020607     
   22.562403663375648      -0.83030107475824566     
   22.568943490524450      -0.82851443335521047     
   22.575483317673257      -0.82672696343774199     
   22.582023144822060      -0.82493866679331007     
   22.588562971970866      -0.82314954521021122     
   22.595102799119669      -0.82135960047756729     
   22.601642626268475      -0.81956883438532280     
   22.608182453417278      -0.81777724872424395     
   22.614722280566085      -0.81598484528591642     
   22.621262107714887      -0.81419162586274363     
   22.627801934863694      -0.81239759224794494     
   22.634341762012497      -0.81060274623555384     
   22.640881589161300      -0.80880708962041670     
   22.647421416310106      -0.80701062419818981     
   22.653961243458909      -0.80521335176533881     
   22.660501070607715      -0.80341527411913594     
   22.667040897756518      -0.80161639305765897     
   22.673580724905325      -0.79981671037978896     
   22.680120552054127      -0.79801622788520865     
   22.686660379202934      -0.79621494737440046     
   22.693200206351737      -0.79441287064864496     
   22.699740033500543      -0.79260999951001876     
   22.706279860649346      -0.79080633576139303     
   22.712819687798152      -0.78900188120643155     
   22.719359514946955      -0.78719663764958880     
   22.725899342095762      -0.78539060689610851     
   22.732439169244564      -0.78358379075202123     
   22.738978996393371      -0.78177619102414320     
   22.745518823542174      -0.77996780952007416     
   22.752058650690980      -0.77815864804819557     
   22.758598477839783      -0.77634870841766901     
   22.765138304988586      -0.77453799243843402     
   22.771678132137392      -0.77272650192120651     
   22.778217959286195      -0.77091423867747721     
   22.784757786435001      -0.76910120451950914     
   22.791297613583804      -0.76728740126033668     
   22.797837440732611      -0.76547283071376282     
   22.804377267881414      -0.76365749469435829     
   22.810917095030220      -0.76184139501745907     
   22.817456922179023      -0.76002453349916477     
   22.823996749327829      -0.75820691195633705     
   22.830536576476632      -0.75638853220659730     
   22.837076403625439      -0.75456939606832540     
   22.843616230774241      -0.75274950536065732     
   22.850156057923048      -0.75092886190348385     
   22.856695885071851      -0.74910746751744850     
   22.863235712220657      -0.74728532402394554     
   22.869775539369460      -0.74546243324511863     
   22.876315366518263      -0.74363879700385827     
   22.882855193667069      -0.74181441712380103     
   22.889395020815872      -0.73998929542932668     
   22.895934847964678      -0.73816343374555682     
   22.902474675113481      -0.73633683389835336     
   22.909014502262288      -0.73450949771431595     
   22.915554329411091      -0.73268142702078076     
   22.922094156559897      -0.73085262364581860     
   22.928633983708700      -0.72902308941823291     
   22.935173810857506      -0.72719282616755787     
   22.941713638006309      -0.72536183572405666     
   22.948253465155116      -0.72353011991871963     
   22.954793292303918      -0.72169768058326267     
   22.961333119452725      -0.71986451955012520     
   22.967872946601528      -0.71803063865246808     
   22.974412773750334      -0.71619603972417234     
   22.980952600899137      -0.71436072459983690     
   22.987492428047943      -0.71252469511477678     
   22.994032255196746      -0.71068795310502164     
   23.000572082345549      -0.70885050040731334     
   23.007111909494355      -0.70701233885910464     
   23.013651736643158      -0.70517347029855715     
   23.020191563791965      -0.70333389656453926     
   23.026731390940768      -0.70149361949662481     
   23.033271218089574      -0.69965264093509094     
   23.039811045238377      -0.69781096272091614     
   23.046350872387183      -0.69596858669577844     
   23.052890699535986      -0.69412551470205419     
   23.059430526684793      -0.69228174858281510     
   23.065970353833595      -0.69043729018182753     
   23.072510180982402      -0.68859214134354985     
   23.079050008131205      -0.68674630391313074     
   23.085589835280011      -0.68489977973640781     
   23.092129662428814      -0.68305257065990510     
   23.098669489577620      -0.68120467853083178     
   23.105209316726423      -0.67935610519707990     
   23.111749143875230      -0.67750685250722276     
   23.118288971024032      -0.67565692231051322     
   23.124828798172835      -0.67380631645688127     
   23.131368625321642      -0.67195503679693291     
   23.137908452470445      -0.67010308518194772     
   23.144448279619251      -0.66825046346387751     
   23.150988106768054      -0.66639717349534366     
   23.157527933916860      -0.66454321712963649     
   23.164067761065663      -0.66268859622071219     
   23.170607588214470      -0.66083331262319156     
   23.177147415363272      -0.65897736819235830     
   23.183687242512079      -0.65712076478415693     
   23.190227069660882      -0.65526350425519075     
   23.196766896809688      -0.65340558846272023     
   23.203306723958491      -0.65154701926466141     
   23.209846551107297      -0.64968779851958325     
   23.216386378256100      -0.64782792808670653     
   23.222926205404907      -0.64596740982590173     
   23.229466032553709      -0.64410624559768714     
   23.236005859702512      -0.64224443726322689     
   23.242545686851319      -0.64038198668432922     
   23.249085514000122      -0.63851889572344500     
   23.255625341148928      -0.63665516624366492     
   23.262165168297731      -0.63479080010871869     
   23.268704995446537      -0.63292579918297243     
   23.275244822595340      -0.63106016533142684     
   23.281784649744147      -0.62919390041971601     
   23.288324476892949      -0.62732700631410476     
   23.294864304041756      -0.62545948488148706     
   23.301404131190559      -0.62359133798938460     
   23.307943958339365      -0.62172256750594401     
   23.314483785488168      -0.61985317529993589     
   23.321023612636974      -0.61798316324075253     
   23.327563439785777      -0.61611253319840598     
   23.334103266934584      -0.61424128704352621     
   23.340643094083386      -0.61236942664735927     
   23.347182921232193      -0.61049695388176584     
   23.353722748380996      -0.60862387061921830     
   23.360262575529799      -0.60675017873280035     
   23.366802402678605      -0.60487588009620352     
   23.373342229827408      -0.60300097658372676     
   23.379882056976214      -0.60112547007027339     
   23.386421884125017      -0.59924936243134996     
   23.392961711273824      -0.59737265554306407     
   23.399501538422626      -0.59549535128212272     
   23.406041365571433      -0.59361745152583001     
   23.412581192720236      -0.59173895815208588     
   23.419121019869042      -0.58985987303938359     
   23.425660847017845      -0.58798019806680824     
   23.432200674166651      -0.58609993511403491     
   23.438740501315454      -0.58421908606132644     
   23.445280328464261      -0.58233765278953198     
   23.451820155613063      -0.58045563718008464     
   23.458359982761870      -0.57857304111500019     
   23.464899809910673      -0.57668986647687459     
   23.471439637059476      -0.57480611514888247     
   23.477979464208282      -0.57292178901477520     
   23.484519291357085      -0.57103688995887891     
   23.491059118505891      -0.56915141986609274     
   23.497598945654694      -0.56726538062188658     
   23.504138772803501      -0.56537877411229975     
   23.510678599952303      -0.56349160222393890     
   23.517218427101110      -0.56160386684397590     
   23.523758254249913      -0.55971556986014592     
   23.530298081398719      -0.55782671316074606     
   23.536837908547522      -0.55593729863463315     
   23.543377735696328      -0.55404732817122160     
   23.549917562845131      -0.55215680366048170     
   23.556457389993938      -0.55026572699293819     
   23.562997217142740      -0.54837410005966769     
   23.569537044291547      -0.54648192475229718     
   23.576076871440350      -0.54458920296300184     
   23.582616698589156      -0.54269593658450355     
   23.589156525737959      -0.54080212751006884     
   23.595696352886762      -0.53890777763350650     
   23.602236180035568      -0.53701288884916643     
   23.608776007184371      -0.53511746305193764     
   23.615315834333177      -0.53322150213724573     
   23.621855661481980      -0.53132500800105176     
   23.628395488630787      -0.52942798253984980     
   23.634935315779590      -0.52753042765066527     
   23.641475142928396      -0.52563234523105318     
   23.648014970077199      -0.52373373717909577     
   23.654554797226005      -0.52183460539340121     
   23.661094624374808      -0.51993495177310123     
   23.667634451523615      -0.51803477821784949     
   23.674174278672417      -0.51613408662781957     
   23.680714105821224      -0.51423287890370306     
   23.687253932970027      -0.51233115694670761     
   23.693793760118833      -0.51042892265855522     
   23.700333587267636      -0.50852617794148014     
   23.706873414416439      -0.50662292469822712     
   23.713413241565245      -0.50471916483204937     
   23.719953068714048      -0.50281490024670683     
   23.726492895862854      -0.50091013284646413     
   23.733032723011657      -0.49900486453608855     
   23.739572550160464      -0.49709909722084844     
   23.746112377309267      -0.49519283280651105     
   23.752652204458073      -0.49328607319934087     
   23.759192031606876      -0.49137882030609753     
   23.765731858755682      -0.48947107603403384     
   23.772271685904485      -0.48756284229089414     
   23.778811513053292      -0.48565412098491212     
   23.785351340202094      -0.48374491402480913     
   23.791891167350901      -0.48183522331979212     
   23.798430994499704      -0.47992505077955183     
   23.804970821648510      -0.47801439831426074     
   23.811510648797313      -0.47610326783457130     
   23.818050475946119      -0.47419166125161405     
   23.824590303094922      -0.47227958047699553     
   23.831130130243725      -0.47036702742279646     
   23.837669957392531      -0.46845400400157000     
   23.844209784541334      -0.46654051212633957     
   23.850749611690141      -0.46462655371059697     
   23.857289438838944      -0.46271213066830064     
   23.863829265987750      -0.46079724491387369     
   23.870369093136553      -0.45888189836220189     
   23.876908920285359      -0.45696609292863166     
   23.883448747434162      -0.45504983052896852     
   23.889988574582969      -0.45313311307947485     
   23.896528401731771      -0.45121594249686808     
   23.903068228880578      -0.44929832069831882     
   23.909608056029381      -0.44738024960144884     
   23.916147883178187      -0.44546173112432930     
   23.922687710326990      -0.44354276718547864     
   23.929227537475796      -0.44162335970386080     
   23.935767364624599      -0.43970351059888324     
   23.942307191773406      -0.43778322179039503     
   23.948847018922208      -0.43586249519868508     
   23.955386846071011      -0.43394133274447994     
   23.961926673219818      -0.43201973634894203     
   23.968466500368621      -0.43009770793366775     
   23.975006327517427      -0.42817524942068558     
   23.981546154666230      -0.42625236273245398     
   23.988085981815036      -0.42432904979185965     
   23.994625808963839      -0.42240531252221553     
   24.001165636112646      -0.42048115284725890     
   24.007705463261448      -0.41855657269114943     
   24.014245290410255      -0.41663157397846723     
   24.020785117559058      -0.41470615863421106     
   24.027324944707864      -0.41278032858379626     
   24.033864771856667      -0.41085408575305293     
   24.040404599005473      -0.40892743206822385     
   24.046944426154276      -0.40700036945596269     
   24.053484253303083      -0.40507289984333206     
   24.060024080451885      -0.40314502515780160     
   24.066563907600688      -0.40121674732724599     
   24.073103734749495      -0.39928806827994306     
   24.079643561898298      -0.39735898994457181     
   24.086183389047104      -0.39542951425021056     
   24.092723216195907      -0.39349964312633512     
   24.099263043344713      -0.39156937850281653     
   24.105802870493516      -0.38963872230991947     
   24.112342697642323      -0.38770767647830007     
   24.118882524791125      -0.38577624293900425     
   24.125422351939932      -0.38384442362346544     
   24.131962179088735      -0.38191222046350298     
   24.138502006237541      -0.37997963539132007     
   24.145041833386344      -0.37804667033950173     
   24.151581660535150      -0.37611332724101310     
   24.158121487683953      -0.37417960802919720     
   24.164661314832760      -0.37224551463777333     
   24.171201141981562      -0.37031104900083484     
   24.177740969130369      -0.36837621305284729     
   24.184280796279172      -0.36644100872864677     
   24.190820623427975      -0.36450543796343754     
   24.197360450576781      -0.36256950269279031     
   24.203900277725584      -0.36063320485264039     
   24.210440104874390      -0.35869654637928561     
   24.216979932023193      -0.35675952920938442     
   24.223519759172000      -0.35482215527995403     
   24.230059586320802      -0.35288442652836832     
   24.236599413469609      -0.35094634489235610     
   24.243139240618412      -0.34900791230999895     
   24.249679067767218      -0.34706913071972956     
   24.256218894916021      -0.34513000206032940     
   24.262758722064827      -0.34319052827092722     
   24.269298549213630      -0.34125071129099671     
   24.275838376362437      -0.33931055306035490     
   24.282378203511239      -0.33737005551915999     
   24.288918030660046      -0.33542922060790958     
   24.295457857808849      -0.33348805026743861     
   24.301997684957652      -0.33154654643891734     
   24.308537512106458      -0.32960471106384964     
   24.315077339255261      -0.32766254608407092     
   24.321617166404067      -0.32572005344174604     
   24.328156993552870      -0.32377723507936779     
   24.334696820701677      -0.32183409293975440     
   24.341236647850479      -0.31989062896604814     
   24.347776474999286      -0.31794684510171289     
   24.354316302148089      -0.31600274329053257     
   24.360856129296895      -0.31405832547660895     
   24.367395956445698      -0.31211359360435986     
   24.373935783594504      -0.31016854961851714     
   24.380475610743307      -0.30822319546412486     
   24.387015437892114      -0.30627753308653710     
   24.393555265040916      -0.30433156443141629     
   24.400095092189723      -0.30238529144473097     
   24.406634919338526      -0.30043871607275424     
   24.413174746487332      -0.29849184026206138     
   24.419714573636135      -0.29654466595952833     
   24.426254400784938      -0.29459719511232929     
   24.432794227933744      -0.29264942966793517     
   24.439334055082547      -0.29070137157411141     
   24.445873882231353      -0.28875302277891607     
   24.452413709380156      -0.28680438523069796     
   24.458953536528963      -0.28485546087809460     
   24.465493363677766      -0.28290625167003042     
   24.472033190826572      -0.28095675955571447     
   24.478573017975375      -0.27900698648463906     
   24.485112845124181      -0.27705693440657708     
   24.491652672272984      -0.27510660527158071     
   24.498192499421791      -0.27315600102997911     
   24.504732326570593      -0.27120512363237642     
   24.511272153719400      -0.26925397502965009     
   24.517811980868203      -0.26730255717294876     
   24.524351808017009      -0.26535087201369029     
   24.530891635165812      -0.26339892150355976     
   24.537431462314615      -0.26144670759450772     
   24.543971289463421      -0.25949423223874812     
   24.550511116612224      -0.25754149738875626     
   24.557050943761030      -0.25558850499726699     
   24.563590770909833      -0.25363525701727274     
   24.570130598058640      -0.25168175540202148     
   24.576670425207443      -0.24972800210501478     
   24.583210252356249      -0.24777399908000600     
   24.589750079505052      -0.24581974828099815     
   24.596289906653858      -0.24386525166224199     
   24.602829733802661      -0.24191051117823417     
   24.609369560951468      -0.23995552878371518     
   24.615909388100270      -0.23800030643366737     
   24.622449215249077      -0.23604484608331316     
   24.628989042397880      -0.23408914968811287     
   24.635528869546686      -0.23213321920376290     
   24.642068696695489      -0.23017705658619370     
   24.648608523844295      -0.22822066379156791     
   24.655148350993098      -0.22626404277627835     
   24.661688178141901      -0.22430719549694600     
   24.668228005290707      -0.22235012391041814     
   24.674767832439510      -0.22039282997376639     
   24.681307659588317      -0.21843531564428464     
   24.687847486737120      -0.21647758287948726     
   24.694387313885926      -0.21451963363710699     
   24.700927141034729      -0.21256146987509308     
   24.707466968183535      -0.21060309355160931     
   24.714006795332338      -0.20864450662503198     
   24.720546622481145      -0.20668571105394801     
   24.727086449629947      -0.20472670879715296     
   24.733626276778754      -0.20276750181364914     
   24.740166103927557      -0.20080809206264352     
   24.746705931076363      -0.19884848150354581     
   24.753245758225166      -0.19688867209596658     
   24.759785585373972      -0.19492866579971527     
   24.766325412522775      -0.19296846457479816     
   24.772865239671578      -0.19100807038141646     
   24.779405066820384      -0.18904748517996439     
   24.785944893969187      -0.18708671093102716     
   24.792484721117994      -0.18512574959537897     
   24.799024548266797      -0.18316460313398122     
   24.805564375415603      -0.18120327350798035     
   24.812104202564406      -0.17924176267870598     
   24.818644029713212      -0.17728007260766893     
   24.825183856862015      -0.17531820525655925     
   24.831723684010822      -0.17335616258724432     
   24.838263511159624      -0.17139394656176682     
   24.844803338308431      -0.16943155914234276     
   24.851343165457234      -0.16746900229135955     
   24.857882992606040      -0.16550627797137407     
   24.864422819754843      -0.16354338814511060     
   24.870962646903649      -0.16158033477545902     
   24.877502474052452      -0.15961711982547264     
   24.884042301201259      -0.15765374525836642     
   24.890582128350061      -0.15569021303751496     
   24.897121955498864      -0.15372652512645044     
   24.903661782647671      -0.15176268348886079     
   24.910201609796474      -0.14979869008858765     
   24.916741436945280      -0.14783454688962444     
   24.923281264094083      -0.14587025585611435     
   24.929821091242889      -0.14390581895234839     
   24.936360918391692      -0.14194123814276349     
   24.942900745540499      -0.13997651539194042     
   24.949440572689301      -0.13801165266460197     
   24.955980399838108      -0.13604665192561086     
   24.962520226986911      -0.13408151513996780     
   24.969060054135717      -0.13211624427280963     
   24.975599881284520      -0.13015084128940718     
   24.982139708433326      -0.12818530815516344     
   24.988679535582129      -0.12621964683561157     
   24.995219362730936      -0.12425385929641285     
   25.001759189879738      -0.12228794750335484     
   25.008299017028545      -0.12032191342234932     
   25.014838844177348      -0.11835575901943038     
   25.021378671326151      -0.11638948626075241     
   25.027918498474957      -0.11442309711258819     
   25.034458325623760      -0.11245659354132685     
   25.040998152772566      -0.11048997751347198     
   25.047537979921369      -0.10852325099563959     
   25.054077807070176      -0.10655641595455621     
   25.060617634218978      -0.10458947435705689     
   25.067157461367785      -0.10262242817008320     
   25.073697288516588      -0.10065527936068135     
   25.080237115665394       -9.8688029896000132E-002
   25.086776942814197       -9.6720681743289003E-002
   25.093316769963003       -9.4753236869896146E-002
   25.099856597111806       -9.2785697243266421E-002
   25.106396424260613       -9.0818064830939460E-002
   25.112936251409415       -8.8850341600547666E-002
   25.119476078558222       -8.6882529519814261E-002
   25.126015905707025       -8.4914630556551338E-002
   25.132555732855828       -8.2946646678657851E-002
   25.139095560004634       -8.0978579854117702E-002
   25.145635387153437       -7.9010432050997684E-002
   25.152175214302243       -7.7042205237445607E-002
   25.158715041451046       -7.5073901381688304E-002
   25.165254868599853       -7.3105522452029614E-002
   25.171794695748655       -7.1137070416848483E-002
   25.178334522897462       -6.9168547244596923E-002
   25.184874350046265       -6.7199954903798112E-002
   25.191414177195071       -6.5231295363044409E-002
   25.197954004343874       -6.3262570590995354E-002
   25.204493831492680       -6.1293782556375700E-002
   25.211033658641483       -5.9324933227973491E-002
   25.217573485790290       -5.7356024574638051E-002
   25.224113312939092       -5.5387058565278043E-002
   25.230653140087899       -5.3418037168859470E-002
   25.237192967236702       -5.1448962354403723E-002
   25.243732794385508       -4.9479836090985621E-002
   25.250272621534311       -4.7510660347731430E-002
   25.256812448683114       -4.5541437093816889E-002
   25.263352275831920       -4.3572168298465261E-002
   25.269892102980723       -4.1602855930945329E-002
   25.276431930129529       -3.9633501960569466E-002
   25.282971757278332       -3.7664108356691650E-002
   25.289511584427139       -3.5694677088705475E-002
   25.296051411575942       -3.3725210126042210E-002
   25.302591238724748       -3.1755709438168828E-002
   25.309131065873551       -2.9786176994586001E-002
   25.315670893022357       -2.7816614764826178E-002
   25.322210720171160       -2.5847024718451593E-002
   25.328750547319967       -2.3877408825052290E-002
   25.335290374468769       -2.1907769054244158E-002
   25.341830201617576       -1.9938107375666973E-002
   25.348370028766379       -1.7968425758982411E-002
   25.354909855915185       -1.5998726173872092E-002
   25.361449683063988       -1.4029010590035597E-002
   25.367989510212791       -1.2059280977188509E-002
   25.374529337361597       -1.0089539305060447E-002
   25.381069164510400       -8.1197875433930769E-003
   25.387608991659206       -6.1500276619381655E-003
   25.394148818808009       -4.1802616304555907E-003
   25.400688645956816       -2.2104914187113856E-003
   25.407228473105619       -2.4071899647576218E-004
   25.413768300254425        1.7290536664788579E-003
   25.420308127403228        3.6988246003798117E-003
   25.426847954552034        5.6685918354561649E-003
   25.433387781700837        7.6383534019406818E-003
   25.439927608849644        9.6081073300717974E-003
   25.446467435998446        1.1577851650095582E-002
   25.453007263147253        1.3547584392267718E-002
   25.459547090296056        1.5517303586855461E-002
   25.466086917444862        1.7487007264139619E-002
   25.472626744593665        1.9456693454416515E-002
   25.479166571742471        2.1426360187999954E-002
   25.485706398891274        2.3396005495223207E-002
   25.492246226040077        2.5365627406440966E-002
   25.498786053188883        2.7335223952031317E-002
   25.505325880337686        2.9304793162397719E-002
   25.511865707486493        3.1274333067970964E-002
   25.518405534635296        3.3243841699211144E-002
   25.524945361784102        3.5213317086609623E-002
   25.531485188932905        3.7182757260691014E-002
   25.538025016081711        3.9152160252015143E-002
   25.544564843230514        4.1121524091179022E-002
   25.551104670379321        4.3090846808818806E-002
   25.557644497528123        4.5060126435611782E-002
   25.564184324676930        4.7029361002278315E-002
   25.570724151825733        4.8998548539583853E-002
   25.577263978974539        5.0967687078340845E-002
   25.583803806123342        5.2936774649410760E-002
   25.590343633272148        5.4905809283706031E-002
   25.596883460420951        5.6874789012192013E-002
   25.603423287569754        5.8843711865888985E-002
   25.609963114718560        6.0812575875874089E-002
   25.616502941867363        6.2781379073283322E-002
   25.623042769016170        6.4750119489313473E-002
   25.629582596164973        6.6718795155224150E-002
   25.636122423313779        6.8687404102339672E-002
   25.642662250462582        7.0655944362051082E-002
   25.649202077611388        7.2624413965818146E-002
   25.655741904760191        7.4592810945171228E-002
   25.662281731908998        7.6561133331713369E-002
   25.668821559057800        7.8529379157122187E-002
   25.675361386206607        8.0497546453151839E-002
   25.681901213355410        8.2465633251635029E-002
   25.688441040504216        8.4433637584484980E-002
   25.694980867653019        8.6401557483697336E-002
   25.701520694801825        8.8369390981352214E-002
   25.708060521950628        9.0337136109616106E-002
   25.714600349099435        9.2304790900743880E-002
   25.721140176248237        9.4272353387080773E-002
   25.727680003397040        9.6239821601064271E-002
   25.734219830545847        9.8207193575226170E-002
   25.740759657694650       0.10017446734219450     
   25.747299484843456       0.10214164093469548     
   25.753839311992259       0.10410871238555551     
   25.760379139141065       0.10607567972770317     
   25.766918966289868       0.10804254099417110     
   25.773458793438675       0.11000929421809802     
   25.779998620587477       0.11197593743273074     
   25.786538447736284       0.11394246867142600     
   25.793078274885087       0.11590888596765261     
   25.799618102033893       0.11787518735499326     
   25.806157929182696       0.11984137086714654     
   25.812697756331502       0.12180743453792897     
   25.819237583480305       0.12377337640127685     
   25.825777410629112       0.12573919449124835     
   25.832317237777914       0.12770488684202536     
   25.838857064926721       0.12967045148791551     
   25.845396892075524       0.13163588646335417     
   25.851936719224327       0.13360118980290636     
   25.858476546373133       0.13556635954126872     
   25.865016373521936       0.13753139371327158     
   25.871556200670742       0.13949629035388073     
   25.878096027819545       0.14146104749819952     
   25.884635854968352       0.14342566318147079     
   25.891175682117154       0.14539013543907889     
   25.897715509265961       0.14735446230655155     
   25.904255336414764       0.14931864181956192     
   25.910795163563570       0.15128267201393045     
   25.917334990712373       0.15324655092562697     
   25.923874817861179       0.15521027659077258     
   25.930414645009982       0.15717384704564158     
   25.936954472158789       0.15913726032666353     
   25.943494299307591       0.16110051447042514     
   25.950034126456398       0.16306360751367230     
   25.956573953605201       0.16502653749331192     
   25.963113780754004       0.16698930244641402     
   25.969653607902810       0.16895190041021371     
   25.976193435051613       0.17091432942211296     
   25.982733262200419       0.17287658751968277     
   25.989273089349222       0.17483867274066509     
   25.995812916498028       0.17680058312297467     
   26.002352743646831       0.17876231670470114     
   26.008892570795638       0.18072387152411090     
   26.015432397944441       0.18268524561964913     
   26.021972225093247       0.18464643702994180     
   26.028512052242050       0.18660744379379737     
   26.035051879390856       0.18856826395020920     
   26.041591706539659       0.19052889553835706     
   26.048131533688466       0.19248933659760936     
   26.054671360837268       0.19444958516752509     
   26.061211187986075       0.19640963928785560     
   26.067751015134878       0.19836949699854683     
   26.074290842283684       0.20032915633974105     
   26.080830669432487       0.20228861535177894     
   26.087370496581290       0.20424787207520148     
   26.093910323730096       0.20620692455075199     
   26.100450150878899       0.20816577081937793     
   26.106989978027705       0.21012440892223305     
   26.113529805176508       0.21208283690067925     
   26.120069632325315       0.21404105279628854     
   26.126609459474118       0.21599905465084507     
   26.133149286622924       0.21795684050634692     
   26.139689113771727       0.21991440840500828     
   26.146228940920533       0.22187175638926124     
   26.152768768069336       0.22382888250175778     
   26.159308595218143       0.22578578478537184     
   26.165848422366945       0.22774246128320108     
   26.172388249515752       0.22969891003856907     
   26.178928076664555       0.23165512909502700     
   26.185467903813361       0.23361111649635585     
   26.192007730962164       0.23556687028656820     
   26.198547558110967       0.23752238850991025     
   26.205087385259773       0.23947766921086380     
   26.211627212408576       0.24143271043414813     
   26.218167039557382       0.24338751022472199     
   26.224706866706185       0.24534206662778568     
   26.231246693854992       0.24729637768878271     
   26.237786521003795       0.24925044145340206     
   26.244326348152601       0.25120425596757995     
   26.250866175301404       0.25315781927750192     
   26.257406002450210       0.25511112942960462     
   26.263945829599013       0.25706418447057788     
   26.270485656747820       0.25901698244736665     
   26.277025483896622       0.26096952140717294     
   26.283565311045429       0.26292179939745780     
   26.290105138194232       0.26487381446594327     
   26.296644965343038       0.26682556466061430     
   26.303184792491841       0.26877704802972069     
   26.309724619640647       0.27072826262177896     
   26.316264446789450       0.27267920648557470     
   26.322804273938253       0.27462987767016389     
   26.329344101087059       0.27658027422487541     
   26.335883928235862       0.27853039419931264     
   26.342423755384669       0.28048023564335572     
   26.348963582533472       0.28242979660716311     
   26.355503409682278       0.28437907514117394     
   26.362043236831081       0.28632806929610960     
   26.368583063979887       0.28827677712297600     
   26.375122891128690       0.29022519667306529     
   26.381662718277497       0.29217332599795787     
   26.388202545426299       0.29412116314952447     
   26.394742372575106       0.29606870617992787     
   26.401282199723909       0.29801595314162510     
   26.407822026872715       0.29996290208736914     
   26.414361854021518       0.30190955107021111     
   26.420901681170324       0.30385589814350200     
   26.427441508319127       0.30580194136089472     
   26.433981335467930       0.30774767877634612     
   26.440521162616736       0.30969310844411868     
   26.447060989765539       0.31163822841878286     
   26.453600816914346       0.31358303675521859     
   26.460140644063149       0.31552753150861756     
   26.466680471211955       0.31747171073448499     
   26.473220298360758       0.31941557248864172     
   26.479760125509564       0.32135911482722596     
   26.486299952658367       0.32330233580669537     
   26.492839779807174       0.32524523348382894     
   26.499379606955976       0.32718780591572910     
   26.505919434104783       0.32913005115982330     
   26.512459261253586       0.33107196727386634     
   26.518999088402392       0.33301355231594210     
   26.525538915551195       0.33495480434446551     
   26.532078742700001       0.33689572141818458     
   26.538618569848804       0.33883630159618228     
   26.545158396997611       0.34077654293787829     
   26.551698224146413       0.34271644350303143     
   26.558238051295216       0.34465600135174096     
   26.564777878444023       0.34659521454444919     
   26.571317705592826       0.34853408114194284     
   26.577857532741632       0.35047259920535534     
   26.584397359890435       0.35241076679616856     
   26.590937187039241       0.35434858197621505     
   26.597477014188044       0.35628604280767956     
   26.604016841336851       0.35822314735310123     
   26.610556668485653       0.36015989367537554     
   26.617096495634460       0.36209627983775616     
   26.623636322783263       0.36403230390385699     
   26.630176149932069       0.36596796393765391     
   26.636715977080872       0.36790325800348689     
   26.643255804229678       0.36983818416606190     
   26.649795631378481       0.37177274049045272     
   26.656335458527288       0.37370692504210312     
   26.662875285676090       0.37564073588682845     
   26.669415112824893       0.37757417109081792     
   26.675954939973700       0.37950722872063625     
   26.682494767122503       0.38143990684322587     
   26.689034594271309       0.38337220352590862     
   26.695574421420112       0.38530411683638788     
   26.702114248568918       0.38723564484275030     
   26.708654075717721       0.38916678561346785     
   26.715193902866528       0.39109753721739976     
   26.721733730015330       0.39302789772379454     
   26.728273557164137       0.39495786520229159     
   26.734813384312940       0.39688743772292345     
   26.741353211461746       0.39881661335611757     
   26.747893038610549       0.40074539017269833     
   26.754432865759355       0.40267376624388895     
   26.760972692908158       0.40460173964131330     
   26.767512520056965       0.40652930843699803     
   26.774052347205767       0.40845647070337426     
   26.780592174354574       0.41038322451327980     
   26.787132001503377       0.41230956793996087     
   26.793671828652180       0.41423549905707396     
   26.800211655800986       0.41616101593868798     
   26.806751482949789       0.41808611665928613     
   26.813291310098595       0.42001079929376761     
   26.819831137247398       0.42193506191744984     
   26.826370964396204       0.42385890260607012     
   26.832910791545007       0.42578231943578781     
   26.839450618693814       0.42770531048318611     
   26.845990445842617       0.42962787382527384     
   26.852530272991423       0.43155000753948780     
   26.859070100140226       0.43347170970369420     
   26.865609927289032       0.43539297839619090     
   26.872149754437835       0.43731381169570921     
   26.878689581586642       0.43923420768141586     
   26.885229408735444       0.44115416443291483     
   26.891769235884251       0.44307368003024933     
   26.898309063033054       0.44499275255390380     
   26.904848890181860       0.44691138008480574     
   26.911388717330663       0.44882956070432767     
   26.917928544479466       0.45074729249428880     
   26.924468371628272       0.45266457353695749     
   26.931008198777075       0.45458140191505264     
   26.937548025925881       0.45649777571174588     
   26.944087853074684       0.45841369301066343     
   26.950627680223491       0.46032915189588791     
   26.957167507372294       0.46224415045196054     
   26.963707334521100       0.46415868676388267     
   26.970247161669903       0.46607275891711808     
   26.976786988818709       0.46798636499759455     
   26.983326815967512       0.46989950309170597     
   26.989866643116319       0.47181217128631431     
   26.996406470265121       0.47372436766875137     
   27.002946297413928       0.47563609032682069     
   27.009486124562731       0.47754733734879973     
   27.016025951711537       0.47945810682344142     
   27.022565778860340       0.48136839683997623     
   27.029105606009143       0.48327820548811429     
   27.035645433157949       0.48518753085804678     
   27.042185260306752       0.48709637104044851     
   27.048725087455558       0.48900472412647916     
   27.055264914604361       0.49091258820778572     
   27.061804741753168       0.49281996137650408     
   27.068344568901971       0.49472684172526110     
   27.074884396050777       0.49663322734717635     
   27.081424223199580       0.49853911633586429     
   27.087964050348386       0.50044450678543584     
   27.094503877497189       0.50234939679050072     
   27.101043704645996       0.50425378444616875     
   27.107583531794798       0.50615766784805227     
   27.114123358943605       0.50806104509226802     
   27.120663186092408       0.50996391427543875     
   27.127203013241214       0.51186627349469505     
   27.133742840390017       0.51376812084767798     
   27.140282667538823       0.51566945443253986     
   27.146822494687626       0.51757027234794739     
   27.153362321836429       0.51947057269308250     
   27.159902148985235       0.52137035356764494     
   27.166441976134038       0.52326961307185382     
   27.172981803282845       0.52516834930644973     
   27.179521630431648       0.52706656037269628     
   27.186061457580454       0.52896424437238243     
   27.192601284729257       0.53086139940782417     
   27.199141111878063       0.53275802358186652     
   27.205680939026866       0.53465411499788529     
   27.212220766175673       0.53654967175978907     
   27.218760593324475       0.53844469197202105     
   27.225300420473282       0.54033917373956108     
   27.231840247622085       0.54223311516792738     
   27.238380074770891       0.54412651436317849     
   27.244919901919694       0.54601936943191531     
   27.251459729068500       0.54791167848128264     
   27.257999556217303       0.54980343961897138     
   27.264539383366106       0.55169465095322057     
   27.271079210514912       0.55358531059281879     
   27.277619037663715       0.55547541664710653     
   27.284158864812522       0.55736496722597750     
   27.290698691961325       0.55925396043988129     
   27.297238519110131       0.56114239439982461     
   27.303778346258934       0.56303026721737359     
   27.310318173407740       0.56491757700465539     
   27.316858000556543       0.56680432187436003     
   27.323397827705350       0.56869049993974286     
   27.329937654854152       0.57057610931462588     
   27.336477482002959       0.57246114811339943     
   27.343017309151762       0.57434561445102505     
   27.349557136300568       0.57622950644303617     
   27.356096963449371       0.57811282220554083     
   27.362636790598177       0.57999555985522344     
   27.369176617746980       0.58187771750934614     
   27.375716444895787       0.58375929328575138     
   27.382256272044589       0.58564028530286327     
   27.388796099193392       0.58752069167968990     
   27.395335926342199       0.58940051053582487     
   27.401875753491002       0.59127973999144923     
   27.408415580639808       0.59315837816733363     
   27.414955407788611       0.59503642318483974     
   27.421495234937417       0.59691387316592270     
   27.428035062086220       0.59879072623313256     
   27.434574889235027       0.60066698050961609     
   27.441114716383829       0.60254263411911912     
   27.447654543532636       0.60441768518598804     
   27.454194370681439       0.60629213183517183     
   27.460734197830245       0.60816597219222368     
   27.467274024979048       0.61003920438330339     
   27.473813852127854       0.61191182653517873     
   27.480353679276657       0.61378383677522741     
   27.486893506425464       0.61565523323143945     
   27.493433333574266       0.61752601403241825     
   27.499973160723069       0.61939617730738306     
   27.506512987871876       0.62126572118617041     
   27.513052815020679       0.62313464379923655     
   27.519592642169485       0.62500294327765882     
   27.526132469318288       0.62687061775313790     
   27.532672296467094       0.62873766535799902     
   27.539212123615897       0.63060408422519487     
   27.545751950764704       0.63246987248830655     
   27.552291777913506       0.63433502828154564     
   27.558831605062313       0.63619954973975656     
   27.565371432211116       0.63806343499841767     
   27.571911259359922       0.63992668219364379     
   27.578451086508725       0.64178928946218772     
   27.584990913657531       0.64365125494144215     
   27.591530740806334       0.64551257676944163     
   27.598070567955141       0.64737325308486426     
   27.604610395103943       0.64923328202703390     
   27.611150222252750       0.65109266173592140     
   27.617690049401553       0.65295139035214711     
   27.624229876550356       0.65480946601698264     
   27.630769703699162       0.65666688687235197     
   27.637309530847965       0.65852365106083455     
   27.643849357996771       0.66037975672566607     
   27.650389185145574       0.66223520201074082     
   27.656929012294380       0.66408998506061356     
   27.663468839443183       0.66594410402050130     
   27.670008666591990       0.66779755703628485     
   27.676548493740793       0.66965034225451137     
   27.683088320889599       0.67150245782239570     
   27.689628148038402       0.67335390188782218     
   27.696167975187208       0.67520467259934669     
   27.702707802336011       0.67705476810619869     
   27.709247629484818       0.67890418655828244     
   27.715787456633620       0.68075292610617966     
   27.722327283782427       0.68260098490115062     
   27.728867110931230       0.68444836109513685     
   27.735406938080033       0.68629505284076187     
   27.741946765228839       0.68814105829133421     
   27.748486592377642       0.68998637560084819     
   27.755026419526448       0.69183100292398658     
   27.761566246675251       0.69367493841612193     
   27.768106073824057       0.69551818023331891     
   27.774645900972860       0.69736072653233561     
   27.781185728121667       0.69920257547062581     
   27.787725555270470       0.70104372520634051     
   27.794265382419276       0.70288417389832991     
   27.800805209568079       0.70472391970614545     
   27.807345036716885       0.70656296079004133     
   27.813884863865688       0.70840129531097640     
   27.820424691014495       0.71023892143061618     
   27.826964518163297       0.71207583731133450     
   27.833504345312104       0.71391204111621542     
   27.840044172460907       0.71574753100905530     
   27.846583999609713       0.71758230515436405     
   27.853123826758516       0.71941636171736767     
   27.859663653907319       0.72124969886400947     
   27.866203481056125       0.72308231476095242     
   27.872743308204928       0.72491420757558067     
   27.879283135353734       0.72674537547600127     
   27.885822962502537       0.72857581663104642     
   27.892362789651344       0.73040552921027491     
   27.898902616800147       0.73223451138397422     
   27.905442443948953       0.73406276132316206     
   27.911982271097756       0.73589027719958855     
   27.918522098246562       0.73771705718573788     
   27.925061925395365       0.73954309945482999     
   27.931601752544172       0.74136840218082267     
   27.938141579692974       0.74319296353841324     
   27.944681406841781       0.74501678170304031     
   27.951221233990584       0.74683985485088555     
   27.957761061139390       0.74866218115887606     
   27.964300888288193       0.75048375880468543     
   27.970840715436999       0.75230458596673599     
   27.977380542585802       0.75412466082420049     
   27.983920369734605       0.75594398155700426     
   27.990460196883411       0.75776254634582652     
   27.997000024032214       0.75958035337210239     
   28.003539851181021       0.76139740081802476     
   28.010079678329824       0.76321368686654634     
   28.016619505478630       0.76502920970138111     
   28.023159332627433       0.76684396750700612     
   28.029699159776239       0.76865795846866358     
   28.036238986925042       0.77047118077236254     
   28.042778814073849       0.77228363260488075     
   28.049318641222651       0.77409531215376648     
   28.055858468371458       0.77590621760733991     
   28.062398295520261       0.77771634715469573     
   28.068938122669067       0.77952569898570445     
   28.075477949817870       0.78133427129101407     
   28.082017776966676       0.78314206226205230     
   28.088557604115479       0.78494907009102832     
   28.095097431264282       0.78675529297093427     
   28.101637258413088       0.78856072909554720     
   28.108177085561891       0.79036537665943096     
   28.114716912710698       0.79216923385793814     
   28.121256739859501       0.79397229888721155     
   28.127796567008307       0.79577456994418594     
   28.134336394157110       0.79757604522659042     
   28.140876221305916       0.79937672293294970     
   28.147416048454719       0.80117660126258594     
   28.153955875603526       0.80297567841562101     
   28.160495702752328       0.80477395259297779     
   28.167035529901135       0.80657142199638188     
   28.173575357049938       0.80836808482836398     
   28.180115184198744       0.81016393929226127     
   28.186655011347547       0.81195898359221930     
   28.193194838496353       0.81375321593319383     
   28.199734665645156       0.81554663452095233     
   28.206274492793963       0.81733923756207638     
   28.212814319942765       0.81913102326396281     
   28.219354147091568       0.82092198983482600     
   28.225893974240375       0.82271213548369937     
   28.232433801389178       0.82450145842043732     
   28.238973628537984       0.82628995685571682     
   28.245513455686787       0.82807762900103943     
   28.252053282835593       0.82986447306873312     
   28.258593109984396       0.83165048727195379     
   28.265132937133203       0.83343566982468720     
   28.271672764282005       0.83522001894175069     
   28.278212591430812       0.83700353283879536     
   28.284752418579615       0.83878620973230711     
   28.291292245728421       0.84056804783960903     
   28.297832072877224       0.84234904537886324     
   28.304371900026030       0.84412920056907192     
   28.310911727174833       0.84590851163007996     
   28.317451554323640       0.84768697678257643     
   28.323991381472442       0.84946459424809617     
   28.330531208621245       0.85124136224902147     
   28.337071035770052       0.85301727900858459     
   28.343610862918855       0.85479234275086879     
   28.350150690067661       0.85656655170081020     
   28.356690517216464       0.85833990408419991     
   28.363230344365270       0.86011239812768558     
   28.369770171514073       0.86188403205877306     
   28.376309998662880       0.86365480410582851     
   28.382849825811682       0.86542471249807984     
   28.389389652960489       0.86719375546561872     
   28.395929480109292       0.86896193123940202     
   28.402469307258098       0.87072923805125424     
   28.409009134406901       0.87249567413386830     
   28.415548961555707       0.87426123772080833     
   28.422088788704510       0.87602592704651061     
   28.428628615853317       0.87778974034628576     
   28.435168443002119       0.87955267585632058     
   28.441708270150926       0.88131473181367959     
   28.448248097299729       0.88307590645630674     
   28.454787924448532       0.88483619802302749     
   28.461327751597338       0.88659560475355026     
   28.467867578746141       0.88835412488846810     
   28.474407405894947       0.89011175666926123     
   28.480947233043750       0.89186849833829762     
   28.487487060192556       0.89362434813883562     
   28.494026887341359       0.89537930431502555     
   28.500566714490166       0.89713336511191122     
   28.507106541638969       0.89888652877543185     
   28.513646368787775       0.90063879355242360     
   28.520186195936578       0.90239015769062192     
   28.526726023085384       0.90414061943866242     
   28.533265850234187       0.90589017704608354     
   28.539805677382994       0.90763882876332758     
   28.546345504531796       0.90938657284174274     
   28.552885331680603       0.91113340753358507     
   28.559425158829406       0.91287933109201991     
   28.565964985978209       0.91462434177112373     
   28.572504813127015       0.91636843782588573     
   28.579044640275818       0.91811161751221004     
   28.585584467424624       0.91985387908691674     
   28.592124294573427       0.92159522080774436     
   28.598664121722233       0.92333564093335119     
   28.605203948871036       0.92507513772331706     
   28.611743776019843       0.92681370943814523     
   28.618283603168646       0.92855135433926395     
   28.624823430317452       0.93028807068902830     
   28.631363257466255       0.93202385675072197     
   28.637903084615061       0.93375871078855888     
   28.644442911763864       0.93549263106768499     
   28.650982738912671       0.93722561585418018     
   28.657522566061473       0.93895766341505937     
   28.664062393210280       0.94068877201827528     
   28.670602220359083       0.94241893993271919     
   28.677142047507889       0.94414816542822311     
   28.683681874656692       0.94587644677556171     
   28.690221701805495       0.94760378224645359     
   28.696761528954301       0.94933017011356313     
   28.703301356103104       0.95105560865050265     
   28.709841183251910       0.95278009613183345     
   28.716381010400713       0.95450363083306811     
   28.722920837549520       0.95622621103067196     
   28.729460664698323       0.95794783500206471     
   28.736000491847129       0.95966850102562240     
   28.742540318995932       0.96138820738067921     
   28.749080146144738       0.96310695234752852     
   28.755619973293541       0.96482473420742554     
   28.762159800442348       0.96654155124258834     
   28.768699627591150       0.96825740173619979     
   28.775239454739957       0.96997228397240953     
   28.781779281888760       0.97168619623633523     
   28.788319109037566       0.97339913681406476     
   28.794858936186369       0.97511110399265744     
   28.801398763335175       0.97682209606014625     
   28.807938590483978       0.97853211130553897     
   28.814478417632781       0.98024114801882045     
   28.821018244781587       0.98194920449095391     
   28.827558071930390       0.98365627901388286     
   28.834097899079197       0.98536236988053272     
   28.840637726228000       0.98706747538481276     
   28.847177553376806       0.98877159382161739     
   28.853717380525609       0.99047472348682819     
   28.860257207674415       0.99217686267731553     
   28.866797034823218       0.99387800969094009     
   28.873336861972025       0.99557816282655509     
   28.879876689120827       0.99727732038400718     
   28.886416516269634       0.99897548066413899     
   28.892956343418437        1.0006726419687899     
   28.899496170567243        1.0023688026007989     
   28.906035997716046        1.0040639608640052     
   28.912575824864852        1.0057581150632506     
   28.919115652013655        1.0074512635043809     
   28.925655479162458        1.0091434044942478     
   28.932195306311264        1.0108345363407101     
   28.938735133460067        1.0125246573526359     
   28.945274960608874        1.0142137658399042     
   28.951814787757677        1.0159018601134069     
   28.958354614906483        1.0175889384850494     
   28.964894442055286        1.0192749992677537     
   28.971434269204092        1.0209600407754587     
   28.977974096352895        1.0226440613231229     
   28.984513923501702        1.0243270592267257     
   28.991053750650504        1.0260090328032692     
   28.997593577799311        1.0276899803707800     
   29.004133404948114        1.0293699002483101     
   29.010673232096920        1.0310487907559402     
   29.017213059245723        1.0327266502147796     
   29.023752886394529        1.0344034769469683     
   29.030292713543332        1.0360792692756804     
   29.036832540692139        1.0377540255251232     
   29.043372367840941        1.0394277440205406     
   29.049912194989744        1.0411004230882137     
   29.056452022138551        1.0427720610554638     
   29.062991849287354        1.0444426562506528     
   29.069531676436160        1.0461122070031854     
   29.076071503584963        1.0477807116435112     
   29.082611330733769        1.0494481685031252     
   29.089151157882572        1.0511145759145708     
   29.095690985031379        1.0527799322114404     
   29.102230812180181        1.0544442357283779     
   29.108770639328988        1.0561074848010796     
   29.115310466477791        1.0577696777662966     
   29.121850293626597        1.0594308129618357     
   29.128390120775400        1.0610908887265618     
   29.134929947924206        1.0627499034003993     
   29.141469775073009        1.0644078553243332     
   29.148009602221816        1.0660647428404120     
   29.154549429370618        1.0677205642917476     
   29.161089256519421        1.0693753180225190     
   29.167629083668228        1.0710290023779725     
   29.174168910817031        1.0726816157044237     
   29.180708737965837        1.0743331563492591     
   29.187248565114640        1.0759836226609383     
   29.193788392263446        1.0776330129889948     
   29.200328219412249        1.0792813256840383     
   29.206868046561056        1.0809285590977564     
   29.213407873709858        1.0825747115829154     
   29.219947700858665        1.0842197814933627     
   29.226487528007468        1.0858637671840288     
   29.233027355156274        1.0875066670109275     
   29.239567182305077        1.0891484793311592     
   29.246107009453883        1.0907892025029118     
   29.252646836602686        1.0924288348854616     
   29.259186663751493        1.0940673748391765     
   29.265726490900295        1.0957048207255164     
   29.272266318049102        1.0973411709070358     
   29.278806145197905        1.0989764237473840     
   29.285345972346708        1.1006105776113086     
   29.291885799495514        1.1022436308646557     
   29.298425626644317        1.1038755818743717     
   29.304965453793123        1.1055064290085059     
   29.311505280941926        1.1071361706362111     
   29.318045108090732        1.1087648051277454     
   29.324584935239535        1.1103923308544750     
   29.331124762388342        1.1120187461888733     
   29.337664589537145        1.1136440495045254     
   29.344204416685951        1.1152682391761284     
   29.350744243834754        1.1168913135794918     
   29.357284070983560        1.1185132710915420     
   29.363823898132363        1.1201341100903210     
   29.370363725281170        1.1217538289549900     
   29.376903552429972        1.1233724260658302     
   29.383443379578779        1.1249898998042440     
   29.389983206727582        1.1266062485527584     
   29.396523033876385        1.1282214706950242     
   29.403062861025191        1.1298355646158191     
   29.409602688173994        1.1314485287010494     
   29.416142515322800        1.1330603613377510     
   29.422682342471603        1.1346710609140911     
   29.429222169620409        1.1362806258193705     
   29.435761996769212        1.1378890544440239     
   29.442301823918019        1.1394963451796227     
   29.448841651066822        1.1411024964188765     
   29.455381478215628        1.1427075065556338     
   29.461921305364431        1.1443113739848845     
   29.468461132513237        1.1459140971027613     
   29.475000959662040        1.1475156743065409     
   29.481540786810847        1.1491161039946460     
   29.488080613959649        1.1507153845666473     
   29.494620441108456        1.1523135144232641     
   29.501160268257259        1.1539104919663665     
   29.507700095406065        1.1555063155989767     
   29.514239922554868        1.1571009837252713     
   29.520779749703671        1.1586944947505822     
   29.527319576852477        1.1602868470813981     
   29.533859404001280        1.1618780391253671     
   29.540399231150086        1.1634680692912969     
   29.546939058298889        1.1650569359891574     
   29.553478885447696        1.1666446376300816     
   29.560018712596499        1.1682311726263683     
   29.566558539745305        1.1698165393914826     
   29.573098366894108        1.1714007363400574     
   29.579638194042914        1.1729837618878960     
   29.586178021191717        1.1745656144519725     
   29.592717848340524        1.1761462924504344     
   29.599257675489326        1.1777257943026040     
   29.605797502638133        1.1793041184289794     
   29.612337329786936        1.1808812632512364     
   29.618877156935742        1.1824572271922300     
   29.625416984084545        1.1840320086759963     
   29.631956811233348        1.1856056061277540     
   29.638496638382154        1.1871780179739055     
   29.645036465530957        1.1887492426420392     
   29.651576292679763        1.1903192785609300     
   29.658116119828566        1.1918881241605424     
   29.664655946977373        1.1934557778720303     
   29.671195774126176        1.1950222381277404     
   29.677735601274982        1.1965875033612121     
   29.684275428423785        1.1981515720071807     
   29.690815255572591        1.1997144425015773     
   29.697355082721394        1.2012761132815313     
   29.703894909870201        1.2028365827853720     
   29.710434737019003        1.2043958494526297     
   29.716974564167810        1.2059539117240381     
   29.723514391316613        1.2075107680415347     
   29.730054218465419        1.2090664168482632     
   29.736594045614222        1.2106208565885748     
   29.743133872763028        1.2121740857080299     
   29.749673699911831        1.2137261026533992     
   29.756213527060634        1.2152769058726658     
   29.762753354209440        1.2168264938150266     
   29.769293181358243        1.2183748649308939     
   29.775833008507050        1.2199220176718961     
   29.782372835655853        1.2214679504908810     
   29.788912662804659        1.2230126618419153     
   29.795452489953462        1.2245561501802877     
   29.801992317102268        1.2260984139625100     
   29.808532144251071        1.2276394516463185     
   29.815071971399878        1.2291792616906752     
   29.821611798548680        1.2307178425557703     
   29.828151625697487        1.2322551927030228     
   29.834691452846290        1.2337913105950826     
   29.841231279995096        1.2353261946958318     
   29.847771107143899        1.2368598434703864     
   29.854310934292705        1.2383922553850975     
   29.860850761441508        1.2399234289075534     
   29.867390588590315        1.2414533625065802     
   29.873930415739117        1.2429820546522445     
   29.880470242887920        1.2445095038158540     
   29.887010070036727        1.2460357084699598     
   29.893549897185530        1.2475606670883570     
   29.900089724334336        1.2490843781460870     
   29.906629551483139        1.2506068401194390     
   29.913169378631945        1.2521280514859510     
   29.919709205780748        1.2536480107244112     
   29.926249032929555        1.2551667163148610     
   29.932788860078357        1.2566841667385946     
   29.939328687227164        1.2582003604781613     
   29.945868514375967        1.2597152960173676     
   29.952408341524773        1.2612289718412781     
   29.958948168673576        1.2627413864362167     
   29.965487995822382        1.2642525382897687     
   29.972027822971185        1.2657624258907825     
   29.978567650119992        1.2672710477293700     
   29.985107477268794        1.2687784022969100     
   29.991647304417597        1.2702844880860475     
   29.998187131566404        1.2717893035906971     
   30.004726958715207        1.2732928473060432     
   30.011266785864013        1.2747951177285419     
   30.017806613012816        1.2762961133559230     
   30.024346440161622        1.2777958326871903     
   30.030886267310425        1.2792942742226252     
   30.037426094459232        1.2807914364637858     
   30.043965921608034        1.2822873179135101     
   30.050505748756841        1.2837819170759164     
   30.057045575905644        1.2852752324564054     
   30.063585403054450        1.2867672625616620     
   30.070125230203253        1.2882580058996558     
   30.076665057352059        1.2897474609796440     
   30.083204884500862        1.2912356263121709     
   30.089744711649669        1.2927225004090717     
   30.096284538798471        1.2942080817834718     
   30.102824365947278        1.2956923689497903     
   30.109364193096081        1.2971753604237399     
   30.115904020244884        1.2986570547223291     
   30.122443847393690        1.3001374503638634     
   30.128983674542493        1.3016165458679476     
   30.135523501691299        1.3030943397554859     
   30.142063328840102        1.3045708305486843     
   30.148603155988908        1.3060460167710524     
   30.155142983137711        1.3075198969474036     
   30.161682810286518        1.3089924696038577     
   30.168222637435321        1.3104637332678424     
   30.174762464584127        1.3119336864680939     
   30.181302291732930        1.3134023277346589     
   30.187842118881736        1.3148696555988961     
   30.194381946030539        1.3163356685934775     
   30.200921773179346        1.3178003652523904     
   30.207461600328148        1.3192637441109381     
   30.214001427476955        1.3207258037057417     
   30.220541254625758        1.3221865425747414     
   30.227081081774561        1.3236459592571987     
   30.233620908923367        1.3251040522936968     
   30.240160736072170        1.3265608202261425     
   30.246700563220976        1.3280162615977680     
   30.253240390369779        1.3294703749531320     
   30.259780217518585        1.3309231588381212     
   30.266320044667388        1.3323746117999513     
   30.272859871816195        1.3338247323871697     
   30.279399698964998        1.3352735191496559     
   30.285939526113804        1.3367209706386227     
   30.292479353262607        1.3381670854066190     
   30.299019180411413        1.3396118620075297     
   30.305559007560216        1.3410552989965785     
   30.312098834709023        1.3424973949303283     
   30.318638661857825        1.3439381483666828     
   30.325178489006632        1.3453775578648892     
   30.331718316155435        1.3468156219855376     
   30.338258143304241        1.3482523392905641     
   30.344797970453044        1.3496877083432512     
   30.351337797601847        1.3511217277082299     
   30.357877624750653        1.3525543959514812     
   30.364417451899456        1.3539857116403362     
   30.370957279048262        1.3554156733434799     
   30.377497106197065        1.3568442796309501     
   30.384036933345872        1.3582715290741405     
   30.390576760494675        1.3596974202458021     
   30.397116587643481        1.3611219517200435     
   30.403656414792284        1.3625451220723328     
   30.410196241941090        1.3639669298795003     
   30.416736069089893        1.3653873737197377     
   30.423275896238700        1.3668064521726015     
   30.429815723387502        1.3682241638190131     
   30.436355550536309        1.3696405072412610     
   30.442895377685112        1.3710554810230016     
   30.449435204833918        1.3724690837492610     
   30.455975031982721        1.3738813140064368     
   30.462514859131524        1.3752921703822985     
   30.469054686280330        1.3767016514659898     
   30.475594513429133        1.3781097558480297     
   30.482134340577939        1.3795164821203136     
   30.488674167726742        1.3809218288761154     
   30.495213994875549        1.3823257947100884     
   30.501753822024352        1.3837283782182666     
   30.508293649173158        1.3851295779980666     
   30.514833476321961        1.3865293926482889     
   30.521373303470767        1.3879278207691184     
   30.527913130619570        1.3893248609621269     
   30.534452957768377        1.3907205118302743     
   30.540992784917179        1.3921147719779101     
   30.547532612065986        1.3935076400107740     
   30.554072439214789        1.3948991145359977     
   30.560612266363595        1.3962891941621070     
   30.567152093512398        1.3976778774990217     
   30.573691920661204        1.3990651631580593     
   30.580231747810007        1.4004510497519336     
   30.586771574958810        1.4018355358947581     
   30.593311402107616        1.4032186202020469     
   30.599851229256419        1.4046003012907156     
   30.606391056405226        1.4059805777790828     
   30.612930883554029        1.4073594482868723     
   30.619470710702835        1.4087369114352135     
   30.626010537851638        1.4101129658466431     
   30.632550365000444        1.4114876101451070     
   30.639090192149247        1.4128608429559608     
   30.645630019298054        1.4142326629059716     
   30.652169846446856        1.4156030686233194     
   30.658709673595663        1.4169720587375987     
   30.665249500744466        1.4183396318798194     
   30.671789327893272        1.4197057866824079     
   30.678329155042075        1.4210705217792099     
   30.684868982190881        1.4224338358054902     
   30.691408809339684        1.4237957273979347     
   30.697948636488491        1.4251561951946516     
   30.704488463637293        1.4265152378351735     
   30.711028290786096        1.4278728539604575     
   30.717568117934903        1.4292290422128877     
   30.724107945083706        1.4305838012362755     
   30.730647772232512        1.4319371296758621     
   30.737187599381315        1.4332890261783189     
   30.743727426530121        1.4346394893917498     
   30.750267253678924        1.4359885179656913     
   30.756807080827731        1.4373361105511151     
   30.763346907976533        1.4386822658004284     
   30.769886735125340        1.4400269823674758     
   30.776426562274143        1.4413702589075408     
   30.782966389422949        1.4427120940773470     
   30.789506216571752        1.4440524865350590     
   30.796046043720558        1.4453914349402848     
   30.802585870869361        1.4467289379540753     
   30.809125698018168        1.4480649942389281     
   30.815665525166970        1.4493996024587867     
   30.822205352315773        1.4507327612790426     
   30.828745179464580        1.4520644693665372     
   30.835285006613383        1.4533947253895625     
   30.841824833762189        1.4547235280178623     
   30.848364660910992        1.4560508759226343     
   30.854904488059798        1.4573767677765301     
   30.861444315208601        1.4587012022536583     
   30.867984142357408        1.4600241780295844     
   30.874523969506210        1.4613456937813325     
   30.881063796655017        1.4626657481873866     
   30.887603623803820        1.4639843399276926     
   30.894143450952626        1.4653014676836587     
   30.900683278101429        1.4666171301381570     
   30.907223105250235        1.4679313259755251     
   30.913762932399038        1.4692440538815674     
   30.920302759547845        1.4705553125435558     
   30.926842586696647        1.4718651006502317     
   30.933382413845454        1.4731734168918069     
   30.939922240994257        1.4744802599599653     
   30.946462068143060        1.4757856285478637     
   30.953001895291866        1.4770895213501336     
   30.959541722440669        1.4783919370628822     
   30.966081549589475        1.4796928743836937     
   30.972621376738278        1.4809923320116307     
   30.979161203887084        1.4822903086472359     
   30.985701031035887        1.4835868029925323     
   30.992240858184694        1.4848818137510258     
   30.998780685333497        1.4861753396277055     
   31.005320512482303        1.4874673793290458     
   31.011860339631106        1.4887579315630066     
   31.018400166779912        1.4900469950390358     
   31.024939993928715        1.4913345684680703     
   31.031479821077522        1.4926206505625361     
   31.038019648226324        1.4939052400363517     
   31.044559475375131        1.4951883356049269     
   31.051099302523934        1.4964699359851668     
   31.057639129672737        1.4977500398954706     
   31.064178956821543        1.4990286460557347     
   31.070718783970346        1.5003057531873527     
   31.077258611119152        1.5015813600132175     
   31.083798438267955        1.5028554652577224     
   31.090338265416761        1.5041280676467619     
   31.096878092565564        1.5053991659077339     
   31.103417919714371        1.5066687587695400     
   31.109957746863174        1.5079368449625874     
   31.116497574011980        1.5092034232187899     
   31.123037401160783        1.5104684922715690     
   31.129577228309589        1.5117320508558560     
   31.136117055458392        1.5129940977080920     
   31.142656882607199        1.5142546315662302     
   31.149196709756001        1.5155136511697369     
   31.155736536904808        1.5167711552595924     
   31.162276364053611        1.5180271425782927     
   31.168816191202417        1.5192816118698504     
   31.175356018351220        1.5205345618797963     
   31.181895845500023        1.5217859913551803     
   31.188435672648829        1.5230358990445729     
   31.194975499797632        1.5242842836980666     
   31.201515326946438        1.5255311440672763     
   31.208055154095241        1.5267764789053422     
   31.214594981244048        1.5280202869669295     
   31.221134808392851        1.5292625670082294     
   31.227674635541657        1.5305033177869625     
   31.234214462690460        1.5317425380623777     
   31.240754289839266        1.5329802265952550     
   31.247294116988069        1.5342163821479056     
   31.253833944136876        1.5354510034841740     
   31.260373771285678        1.5366840893694389     
   31.266913598434485        1.5379156385706143     
   31.273453425583288        1.5391456498561513     
   31.279993252732094        1.5403741219960381     
   31.286533079880897        1.5416010537618028     
   31.293072907029700        1.5428264439265138     
   31.299612734178506        1.5440502912647809     
   31.306152561327309        1.5452725945527568     
   31.312692388476115        1.5464933525681379     
   31.319232215624918        1.5477125640901666     
   31.325772042773725        1.5489302278996311     
   31.332311869922528        1.5501463427788678     
   31.338851697071334        1.5513609075117616     
   31.345391524220137        1.5525739208837479     
   31.351931351368943        1.5537853816818132     
   31.358471178517746        1.5549952886944969     
   31.365011005666553        1.5562036407118918     
   31.371550832815355        1.5574104365256463     
   31.378090659964162        1.5586156749289641     
   31.384630487112965        1.5598193547166070     
   31.391170314261771        1.5610214746848952     
   31.397710141410574        1.5622220336317088     
   31.404249968559380        1.5634210303564886     
   31.410789795708183        1.5646184636602383     
   31.417329622856986        1.5658143323455240     
   31.423869450005792        1.5670086352164776     
   31.430409277154595        1.5682013710787959     
   31.436949104303402        1.5693925387397429     
   31.443488931452205        1.5705821370081512     
   31.450028758601011        1.5717701646944224     
   31.456568585749814        1.5729566206105290     
   31.463108412898620        1.5741415035700148     
   31.469648240047423        1.5753248123879973     
   31.476188067196230        1.5765065458811671     
   31.482727894345032        1.5776867028677912     
   31.489267721493839        1.5788652821677125     
   31.495807548642642        1.5800422826023515     
   31.502347375791448        1.5812177029947079     
   31.508887202940251        1.5823915421693613     
   31.515427030089057        1.5835637989524725     
   31.521966857237860        1.5847344721717846     
   31.528506684386663        1.5859035606566245     
   31.535046511535469        1.5870710632379035     
   31.541586338684272        1.5882369787481194     
   31.548126165833079        1.5894013060213565     
   31.554665992981882        1.5905640438932878     
   31.561205820130688        1.5917251912011749     
   31.567745647279491        1.5928847467838709     
   31.574285474428297        1.5940427094818204     
   31.580825301577100        1.5951990781370602     
   31.587365128725907        1.5963538515932219     
   31.593904955874709        1.5975070286955320     
   31.600444783023516        1.5986586082908134     
   31.606984610172319        1.5998085892274865     
   31.613524437321125        1.6009569703555702     
   31.620064264469928        1.6021037505266837     
   31.626604091618734        1.6032489285940466     
   31.633143918767537        1.6043925034124809     
   31.639683745916344        1.6055344738384116     
   31.646223573065146        1.6066748387298686     
   31.652763400213949        1.6078135969464868     
   31.659303227362756        1.6089507473495079     
   31.665843054511559        1.6100862888017820     
   31.672382881660365        1.6112202201677670     
   31.678922708809168        1.6123525403135321     
   31.685462535957974        1.6134832481067569     
   31.692002363106777        1.6146123424167336     
   31.698542190255584        1.6157398221143677     
   31.705082017404386        1.6168656860721797     
   31.711621844553193        1.6179899331643059     
   31.718161671701996        1.6191125622664990     
   31.724701498850802        1.6202335722561299     
   31.731241325999605        1.6213529620121885     
   31.737781153148411        1.6224707304152850     
   31.744320980297214        1.6235868763476513     
   31.750860807446021        1.6247013986931411     
   31.757400634594823        1.6258142963372322     
   31.763940461743630        1.6269255681670269     
   31.770480288892433        1.6280352130712537     
   31.777020116041236        1.6291432299402673     
   31.783559943190042        1.6302496176660508     
   31.790099770338845        1.6313543751422166     
   31.796639597487651        1.6324575012640075     
   31.803179424636454        1.6335589949282967     
   31.809719251785260        1.6346588550335910     
   31.816259078934063        1.6357570804800303     
   31.822798906082870        1.6368536701693892     
   31.829338733231673        1.6379486230050779     
   31.835878560380479        1.6390419378921437     
   31.842418387529282        1.6401336137372715     
   31.848958214678088        1.6412236494487855     
   31.855498041826891        1.6423120439366503     
   31.862037868975698        1.6433987961124710     
   31.868577696124500        1.6444839048894955     
   31.875117523273307        1.6455673691826151     
   31.881657350422110        1.6466491879083658     
   31.888197177570913        1.6477293599849283     
   31.894737004719719        1.6488078843321310     
   31.901276831868522        1.6498847598714494     
   31.907816659017328        1.6509599855260078     
   31.914356486166131        1.6520335602205805     
   31.920896313314937        1.6531054828815932     
   31.927436140463740        1.6541757524371230     
   31.933975967612547        1.6552443678169004     
   31.940515794761350        1.6563113279523101     
   31.947055621910156        1.6573766317763918     
   31.953595449058959        1.6584402782238417     
   31.960135276207765        1.6595022662310133     
   31.966675103356568        1.6605625947359186     
   31.973214930505375        1.6616212626782292     
   31.979754757654177        1.6626782689992772     
   31.986294584802984        1.6637336126420559     
   31.992834411951787        1.6647872925512219     
   31.999374239100593        1.6658393076730953     
   32.005914066249396        1.6668896569556610     
   32.012453893398202        1.6679383393485701     
   32.018993720547002        1.6689853538031394     
   32.025533547695808        1.6700306992723550     
   32.032073374844614        1.6710743747108716     
   32.038613201993421        1.6721163790750133     
   32.045153029142220        1.6731567113227761     
   32.051692856291027        1.6741953704138273     
   32.058232683439833        1.6752323553095083     
   32.064772510588639        1.6762676649728339     
   32.071312337737439        1.6773012983684947     
   32.077852164886245        1.6783332544628571     
   32.084391992035052        1.6793635322239648     
   32.090931819183858        1.6803921306215404     
   32.097471646332657        1.6814190486269851     
   32.104011473481464        1.6824442852133812     
   32.110551300630270        1.6834678393554920     
   32.117091127779076        1.6844897100297636     
   32.123630954927876        1.6855098962143251     
   32.130170782076682        1.6865283968889904     
   32.136710609225489        1.6875452110352589     
   32.143250436374288        1.6885603376363163     
   32.149790263523094        1.6895737756770359     
   32.156330090671901        1.6905855241439800     
   32.162869917820707        1.6915955820254001     
   32.169409744969506        1.6926039483112378     
   32.175949572118313        1.6936106219931275     
   32.182489399267119        1.6946156020643950     
   32.189029226415926        1.6956188875200604     
   32.195569053564725        1.6966204773568381     
   32.202108880713531        1.6976203705731385     
   32.208648707862338        1.6986185661690685     
   32.215188535011144        1.6996150631464322     
   32.221728362159944        1.7006098605087330     
   32.228268189308750        1.7016029572611731     
   32.234808016457556        1.7025943524106557     
   32.241347843606356        1.7035840449657862     
   32.247887670755162        1.7045720339368715     
   32.254427497903968        1.7055583183359231     
   32.260967325052775        1.7065428971766561     
   32.267507152201574        1.7075257694744921     
   32.274046979350381        1.7085069342465586     
   32.280586806499187        1.7094863905116910     
   32.287126633647993        1.7104641372904328     
   32.293666460796793        1.7114401736050375     
   32.300206287945599        1.7124144984794685     
   32.306746115094406        1.7133871109394008     
   32.313285942243212        1.7143580100122222     
   32.319825769392011        1.7153271947270337     
   32.326365596540818        1.7162946641146506     
   32.332905423689624        1.7172604172076031     
   32.339445250838430        1.7182244530401383     
   32.345985077987230        1.7191867706482205     
   32.352524905136036        1.7201473690695319     
   32.359064732284843        1.7211062473434744     
   32.365604559433642        1.7220634045111696     
   32.372144386582448        1.7230188396154602     
   32.378684213731255        1.7239725517009112     
   32.385224040880061        1.7249245398138107     
   32.391763868028860        1.7258748030021704     
   32.398303695177667        1.7268233403157272     
   32.404843522326473        1.7277701508059435     
   32.411383349475280        1.7287152335260090     
   32.417923176624079        1.7296585875308410     
   32.424463003772885        1.7306002118770856     
   32.431002830921692        1.7315401056231181     
   32.437542658070498        1.7324782678290449     
   32.444082485219297        1.7334146975567040     
   32.450622312368104        1.7343493938696657     
   32.457162139516910        1.7352823558332333     
   32.463701966665717        1.7362135825144451     
   32.470241793814516        1.7371430729820745     
   32.476781620963322        1.7380708263066309     
   32.483321448112129        1.7389968415603609     
   32.489861275260928        1.7399211178172496     
   32.496401102409735        1.7408436541530203     
   32.502940929558541        1.7417644496451368     
   32.509480756707347        1.7426835033728036     
   32.516020583856147        1.7436008144169672     
   32.522560411004953        1.7445163818603162     
   32.529100238153760        1.7454302047872834     
   32.535640065302566        1.7463422822840458     
   32.542179892451365        1.7472526134385258     
   32.548719719600172        1.7481611973403923     
   32.555259546748978        1.7490680330810617     
   32.561799373897784        1.7499731197536978     
   32.568339201046584        1.7508764564532142     
   32.574879028195390        1.7517780422762741     
   32.581418855344197        1.7526778763212918     
   32.587958682493003        1.7535759576884331     
   32.594498509641802        1.7544722854796166     
   32.601038336790609        1.7553668587985150     
   32.607578163939415        1.7562596767505543     
   32.614117991088214        1.7571507384429170     
   32.620657818237021        1.7580400429845413     
   32.627197645385827        1.7589275894861225     
   32.633737472534634        1.7598133770601143     
   32.640277299683433        1.7606974048207289     
   32.646817126832239        1.7615796718839389     
   32.653356953981046        1.7624601773674771     
   32.659896781129852        1.7633389203908376     
   32.666436608278651        1.7642159000752777     
   32.672976435427458        1.7650911155438180     
   32.679516262576264        1.7659645659212426     
   32.686056089725071        1.7668362503341013     
   32.692595916873870        1.7677061679107096     
   32.699135744022676        1.7685743177811497     
   32.705675571171483        1.7694406990772722     
   32.712215398320289        1.7703053109326956     
   32.718755225469089        1.7711681524828080     
   32.725295052617895        1.7720292228647680     
   32.731834879766701        1.7728885212175052     
   32.738374706915501        1.7737460466817210     
   32.744914534064307        1.7746017983998901     
   32.751454361213113        1.7754557755162610     
   32.757994188361920        1.7763079771768562     
   32.764534015510719        1.7771584025294744     
   32.771073842659526        1.7780070507236900     
   32.777613669808332        1.7788539209108551     
   32.784153496957138        1.7796990122440990     
   32.790693324105938        1.7805423238783309     
   32.797233151254744        1.7813838549702390     
   32.803772978403551        1.7822236046782920     
   32.810312805552357        1.7830615721627403     
   32.816852632701156        1.7838977565856164     
   32.823392459849963        1.7847321571107360     
   32.829932286998769        1.7855647729036985     
   32.836472114147568        1.7863956031318882     
   32.843011941296375        1.7872246469644746     
   32.849551768445181        1.7880519035724141     
   32.856091595593988        1.7888773721284499     
   32.862631422742787        1.7897010518071137     
   32.869171249891593        1.7905229417847259     
   32.875711077040400        1.7913430412393962     
   32.882250904189206        1.7921613493510253     
   32.888790731338005        1.7929778653013049     
   32.895330558486812        1.7937925882737193     
   32.901870385635618        1.7946055174535454     
   32.908410212784425        1.7954166520278541     
   32.914950039933224        1.7962259911855107     
   32.921489867082030        1.7970335341171761     
   32.928029694230837        1.7978392800153078     
   32.934569521379643        1.7986432280741591     
   32.941109348528443        1.7994453774897825     
   32.947649175677249        1.8002457274600283     
   32.954189002826055        1.8010442771845467     
   32.960728829974855        1.8018410258647879     
   32.967268657123661        1.8026359727040031     
   32.973808484272467        1.8034291169072458     
   32.980348311421274        1.8042204576813716     
   32.986888138570073        1.8050099942350397     
   32.993427965718880        1.8057977257787137     
   32.999967792867686        1.8065836515246618     
   33.006507620016492        1.8073677706869584     
   33.013047447165292        1.8081500824814842     
   33.019587274314098        1.8089305861259277     
   33.026127101462905        1.8097092808397850     
   33.032666928611711        1.8104861658443614     
   33.039206755760510        1.8112612403627721     
   33.045746582909317        1.8120345036199423     
   33.052286410058123        1.8128059548426092     
   33.058826237206929        1.8135755932593212     
   33.065366064355729        1.8143434181004401     
   33.071905891504535        1.8151094285981408     
   33.078445718653342        1.8158736239864128     
   33.084985545802141        1.8166360035010609     
   33.091525372950947        1.8173965663797054     
   33.098065200099754        1.8181553118617835     
   33.104605027248560        1.8189122391885497     
   33.111144854397359        1.8196673476030767     
   33.117684681546166        1.8204206363502560     
   33.124224508694972        1.8211721046767990     
   33.130764335843779        1.8219217518312374     
   33.137304162992578        1.8226695770639239     
   33.143843990141384        1.8234155796270330     
   33.150383817290191        1.8241597587745628     
   33.156923644438997        1.8249021137623338     
   33.163463471587797        1.8256426438479909     
   33.170003298736603        1.8263813482910041     
   33.176543125885409        1.8271182263526693     
   33.183082953034216        1.8278532772961078     
   33.189622780183015        1.8285865003862691     
   33.196162607331821        1.8293178948899300     
   33.202702434480628        1.8300474600756962     
   33.209242261629427        1.8307751952140023     
   33.215782088778234        1.8315010995771133     
   33.222321915927040        1.8322251724391245     
   33.228861743075846        1.8329474130759635     
   33.235401570224646        1.8336678207653894     
   33.241941397373452        1.8343863947869945     
   33.248481224522259        1.8351031344222046     
   33.255021051671065        1.8358180389542804     
   33.261560878819864        1.8365311076683171     
   33.268100705968671        1.8372423398512463     
   33.274640533117477        1.8379517347918355     
   33.281180360266283        1.8386592917806899     
   33.287720187415083        1.8393650101102526     
   33.294260014563889        1.8400688890748049     
   33.300799841712696        1.8407709279704685     
   33.307339668861495        1.8414711260952039     
   33.313879496010301        1.8421694827488133     
   33.320419323159108        1.8428659972329400     
   33.326959150307914        1.8435606688510693     
   33.333498977456713        1.8442534969085300     
   33.340038804605520        1.8449444807124937     
   33.346578631754326        1.8456336195719767     
   33.353118458903133        1.8463209127978404     
   33.359658286051932        1.8470063597027910     
   33.366198113200738        1.8476899596013820     
   33.372737940349545        1.8483717118100134     
   33.379277767498351        1.8490516156469330     
   33.385817594647150        1.8497296704322370     
   33.392357421795957        1.8504058754878707     
   33.398897248944763        1.8510802301376288     
   33.405437076093570        1.8517527337071569     
   33.411976903242369        1.8524233855239509     
   33.418516730391175        1.8530921849173596     
   33.425056557539982        1.8537591312185833     
   33.431596384688781        1.8544242237606756     
   33.438136211837588        1.8550874618785442     
   33.444676038986394        1.8557488449089510     
   33.451215866135200        1.8564083721905127     
   33.457755693284000        1.8570660430637023     
   33.464295520432806        1.8577218568708487     
   33.470835347581612        1.8583758129561383     
   33.477375174730419        1.8590279106656149     
   33.483915001879218        1.8596781493471810     
   33.490454829028025        1.8603265283505976     
   33.496994656176831        1.8609730470274861     
   33.503534483325637        1.8616177047313274     
   33.510074310474437        1.8622605008174637     
   33.516614137623243        1.8629014346430992     
   33.523153964772050        1.8635405055673002     
   33.529693791920856        1.8641777129509955     
   33.536233619069655        1.8648130561569778     
   33.542773446218462        1.8654465345499038     
   33.549313273367268        1.8660781474962955     
   33.555853100516067        1.8667078943645397     
   33.562392927664874        1.8673357745248893     
   33.568932754813680        1.8679617873494643     
   33.575472581962487        1.8685859322122522     
   33.582012409111286        1.8692082084891077     
   33.588552236260092        1.8698286155577548     
   33.595092063408899        1.8704471527977862     
   33.601631890557705        1.8710638195906648     
   33.608171717706504        1.8716786153197240     
   33.614711544855311        1.8722915393701678     
   33.621251372004117        1.8729025911290724     
   33.627791199152924        1.8735117699853858     
   33.634331026301723        1.8741190753299291     
   33.640870853450529        1.8747245065553972     
   33.647410680599336        1.8753280630563585     
   33.653950507748142        1.8759297442292568     
   33.660490334896942        1.8765295494724110     
   33.667030162045748        1.8771274781860159     
   33.673569989194554        1.8777235297721424     
   33.680109816343354        1.8783177036347392     
   33.686649643492160        1.8789099991796325     
   33.693189470640966        1.8795004158145265     
   33.699729297789773        1.8800889529490048     
   33.706269124938572        1.8806756099945301     
   33.712808952087379        1.8812603863644455     
   33.719348779236185        1.8818432814739743     
   33.725888606384991        1.8824242947402219     
   33.732428433533791        1.8830034255821744     
   33.738968260682597        1.8835806734207015     
   33.745508087831404        1.8841560376785553     
   33.752047914980210        1.8847295177803713     
   33.758587742129009        1.8853011131526694     
   33.765127569277816        1.8858708232238546     
   33.771667396426622        1.8864386474242163     
   33.778207223575428        1.8870045851859305     
   33.784747050724228        1.8875686359430599     
   33.791286877873034        1.8881307991315530     
   33.797826705021841        1.8886910741892473     
   33.804366532170640        1.8892494605558672     
   33.810906359319446        1.8898059576730264     
   33.817446186468253        1.8903605649842279     
   33.823986013617059        1.8909132819348644     
   33.830525840765858        1.8914641079722190     
   33.837065667914665        1.8920130425454655     
   33.843605495063471        1.8925600851056696     
   33.850145322212278        1.8931052351057887     
   33.856685149361077        1.8936484920006724     
   33.863224976509883        1.8941898552470644     
   33.869764803658690        1.8947293243036010     
   33.876304630807496        1.8952668986308134     
   33.882844457956296        1.8958025776911271     
   33.889384285105102        1.8963363609488633     
   33.895924112253908        1.8968682478702383     
   33.902463939402708        1.8973982379233658     
   33.909003766551514        1.8979263305782552     
   33.915543593700320        1.8984525253068141     
   33.922083420849127        1.8989768215828475     
   33.928623247997926        1.8994992188820596     
   33.935163075146733        1.9000197166820527     
   33.941702902295539        1.9005383144623293     
   33.948242729444345        1.9010550117042915     
   33.954782556593145        1.9015698078912415     
   33.961322383741951        1.9020827025083840     
   33.967862210890758        1.9025936950428237     
   33.974402038039564        1.9031027849835687     
   33.980941865188363        1.9036099718215285     
   33.987481692337170        1.9041152550495166     
   33.994021519485976        1.9046186341622497     
   34.000561346634782        1.9051201086563487     
   34.007101173783582        1.9056196780303392     
   34.013641000932388        1.9061173417846518     
   34.020180828081195        1.9066130994216222     
   34.026720655229994        1.9071069504454934     
   34.033260482378800        1.9075988943624138     
   34.039800309527607        1.9080889306804401     
   34.046340136676413        1.9085770589095354     
   34.052879963825212        1.9090632785615722     
   34.059419790974019        1.9095475891503302     
   34.065959618122825        1.9100299901914992     
   34.072499445271632        1.9105104812026783     
   34.079039272420431        1.9109890617033760     
   34.085579099569237        1.9114657312150121     
   34.092118926718044        1.9119404892609171     
   34.098658753866850        1.9124133353663328     
   34.105198581015649        1.9128842690584131     
   34.111738408164456        1.9133532898662247     
   34.118278235313262        1.9138203973207462     
   34.124818062462069        1.9142855909548704     
   34.131357889610868        1.9147488703034037     
   34.137897716759674        1.9152102349030666     
   34.144437543908481        1.9156696842924947     
   34.150977371057280        1.9161272180122388     
   34.157517198206087        1.9165828356047647     
   34.164057025354893        1.9170365366144551     
   34.170596852503699        1.9174883205876088     
   34.177136679652499        1.9179381870724421     
   34.183676506801305        1.9183861356190883     
   34.190216333950112        1.9188321657795988     
   34.196756161098918        1.9192762771079435     
   34.203295988247717        1.9197184691600111     
   34.209835815396524        1.9201587414936094     
   34.216375642545330        1.9205970936684664     
   34.222915469694136        1.9210335252462294     
   34.229455296842936        1.9214680357904672     
   34.235995123991742        1.9219006248666692     
   34.242534951140549        1.9223312920422462     
   34.249074778289355        1.9227600368865312     
   34.255614605438154        1.9231868589707792     
   34.262154432586961        1.9236117578681684     
   34.268694259735767        1.9240347331537997     
   34.275234086884566        1.9244557844046977     
   34.281773914033373        1.9248749111998114     
   34.288313741182179        1.9252921131200140     
   34.294853568330986        1.9257073897481034     
   34.301393395479785        1.9261207406688032     
   34.307933222628591        1.9265321654687624     
   34.314473049777398        1.9269416637365560     
   34.321012876926204        1.9273492350626860     
   34.327552704075003        1.9277548790395806     
   34.334092531223810        1.9281585952615965     
   34.340632358372616        1.9285603833250171     
   34.347172185521423        1.9289602428280543     
   34.353712012670222        1.9293581733708487     
   34.360251839819028        1.9297541745554698     
   34.366791666967835        1.9301482459859163     
   34.373331494116634        1.9305403872681166     
   34.379871321265441        1.9309305980099298     
   34.386411148414247        1.9313188778211452     
   34.392950975563053        1.9317052263134824     
   34.399490802711853        1.9320896431005936     
   34.406030629860659        1.9324721277980614     
   34.412570457009465        1.9328526800234016     
   34.419110284158272        1.9332312993960619     
   34.425650111307071        1.9336079855374229     
   34.432189938455878        1.9339827380707981     
   34.438729765604684        1.9343555566214354     
   34.445269592753490        1.9347264408165161     
   34.451809419902290        1.9350953902851558     
   34.458349247051096        1.9354624046584055     
   34.464889074199903        1.9358274835692504     
   34.471428901348709        1.9361906266526119     
   34.477968728497508        1.9365518335453467     
   34.484508555646315        1.9369111038862479     
   34.491048382795121        1.9372684373160451     
   34.497588209943920        1.9376238334774052     
   34.504128037092727        1.9379772920149319     
   34.510667864241533        1.9383288125751665     
   34.517207691390340        1.9386783948065884     
   34.523747518539139        1.9390260383596154     
   34.530287345687945        1.9393717428866042     
   34.536827172836752        1.9397155080418500     
   34.543366999985558        1.9400573334815878     
   34.549906827134357        1.9403972188639922     
   34.556446654283164        1.9407351638491777     
   34.562986481431970        1.9410711680991994     
   34.569526308580777        1.9414052312780528     
   34.576066135729576        1.9417373530516751     
   34.582605962878382        1.9420675330879440     
   34.589145790027189        1.9423957710566802     
   34.595685617175995        1.9427220666296452     
   34.602225444324795        1.9430464194805435     
   34.608765271473601        1.9433688292850224     
   34.615305098622407        1.9436892957206720     
   34.621844925771207        1.9440078184670257     
   34.628384752920013        1.9443243972055613     
   34.634924580068819        1.9446390316196995     
   34.641464407217626        1.9449517213948064     
   34.648004234366425        1.9452624662181917     
   34.654544061515232        1.9455712657791109     
   34.661083888664038        1.9458781197687642     
   34.667623715812844        1.9461830278802978     
   34.674163542961644        1.9464859898088036     
   34.680703370110450        1.9467870052513194     
   34.687243197259257        1.9470860739068299     
   34.693783024408063        1.9473831954762666     
   34.700322851556862        1.9476783696625077     
   34.706862678705669        1.9479715961703792     
   34.713402505854475        1.9482628747066544     
   34.719942333003281        1.9485522049800548     
   34.726482160152081        1.9488395867012505     
   34.733021987300887        1.9491250195828591     
   34.739561814449694        1.9494085033394486     
   34.746101641598493        1.9496900376875346     
   34.752641468747299        1.9499696223455829     
   34.759181295896106        1.9502472570340088     
   34.765721123044912        1.9505229414751777     
   34.772260950193711        1.9507966753934054     
   34.778800777342518        1.9510684585149576     
   34.785340604491324        1.9513382905680512     
   34.791880431640131        1.9516061712828543     
   34.798420258788930        1.9518721003914861     
   34.804960085937736        1.9521360776280174     
   34.811499913086543        1.9523981027284714     
   34.818039740235349        1.9526581754308228     
   34.824579567384149        1.9529162954749986     
   34.831119394532955        1.9531724626028790     
   34.837659221681761        1.9534266765582966     
   34.844199048830568        1.9536789370870375     
   34.850738875979367        1.9539292439368416     
   34.857278703128173        1.9541775968574013     
   34.863818530276980        1.9544239956003644     
   34.870358357425779        1.9546684399193317     
   34.876898184574586        1.9549109295698590     
   34.883438011723392        1.9551514643094570     
   34.889977838872198        1.9553900438975906     
   34.896517666020998        1.9556266680956804     
   34.903057493169804        1.9558613366671020     
   34.909597320318611        1.9560940493771870     
   34.916137147467417        1.9563248059932226     
   34.922676974616216        1.9565536062844522     
   34.929216801765023        1.9567804500220753     
   34.935756628913829        1.9570053369792486     
   34.942296456062635        1.9572282669310850     
   34.948836283211435        1.9574492396546543     
   34.955376110360241        1.9576682549289839     
   34.961915937509048        1.9578853125350586     
   34.968455764657847        1.9581004122558208     
   34.974995591806653        1.9583135538761707     
   34.981535418955460        1.9585247371829666     
   34.988075246104266        1.9587339619650252     
   34.994615073253065        1.9589412280131220     
   35.001154900401872        1.9591465351199908     
   35.007694727550678        1.9593498830803244     
   35.014234554699485        1.9595512716907750     
   35.020774381848284        1.9597507007499539     
   35.027314208997090        1.9599481700584320     
   35.033854036145897        1.9601436794187401     
   35.040393863294703        1.9603372286353686     
   35.046933690443502        1.9605288175147684     
   35.053473517592309        1.9607184458653508     
   35.060013344741115        1.9609061134974872     
   35.066553171889922        1.9610918202235104     
   35.073092999038721        1.9612755658577132     
   35.079632826187527        1.9614573502163499     
   35.086172653336334        1.9616371731176367     
   35.092712480485133        1.9618150343817502     
   35.099252307633940        1.9619909338308292     
   35.105792134782746        1.9621648712889745     
   35.112331961931552        1.9623368465822484     
   35.118871789080352        1.9625068595386757     
   35.125411616229158        1.9626749099882432     
   35.131951443377964        1.9628409977629009     
   35.138491270526771        1.9630051226965608     
   35.145031097675570        1.9631672846250983     
   35.151570924824377        1.9633274833863508     
   35.158110751973183        1.9634857188201200     
   35.164650579121989        1.9636419907681704     
   35.171190406270789        1.9637962990742299     
   35.177730233419595        1.9639486435839903     
   35.184270060568402        1.9640990241451071     
   35.190809887717208        1.9642474406071999     
   35.197349714866007        1.9643938928218523     
   35.203889542014814        1.9645383806426118     
   35.210429369163620        1.9646809039249906     
   35.216969196312419        1.9648214625264657     
   35.223509023461226        1.9649600563064782     
   35.230048850610032        1.9650966851264344     
   35.236588677758839        1.9652313488497055     
   35.243128504907638        1.9653640473416278     
   35.249668332056444        1.9654947804695027     
   35.256208159205251        1.9656235481025970     
   35.262747986354057        1.9657503501121434     
   35.269287813502856        1.9658751863713395     
   35.275827640651663        1.9659980567553492     
   35.282367467800469        1.9661189611413024     
   35.288907294949276        1.9662378994082941     
   35.295447122098075        1.9663548714373866     
   35.301986949246881        1.9664698771116076     
   35.308526776395688        1.9665829163159516     
   35.315066603544494        1.9666939889373793     
   35.321606430693294        1.9668030948648179     
   35.328146257842100        1.9669102339891615     
   35.334686084990906        1.9670154062032712     
   35.341225912139706        1.9671186114019747     
   35.347765739288512        1.9672198494820670     
   35.354305566437318        1.9673191203423095     
   35.360845393586125        1.9674164238834317     
   35.367385220734924        1.9675117600081302     
   35.373925047883731        1.9676051286210685     
   35.380464875032537        1.9676965296288782     
   35.387004702181343        1.9677859629401582     
   35.393544529330143        1.9678734284654753     
   35.400084356478949        1.9679589261173638     
   35.406624183627756        1.9680424558103262     
   35.413164010776562        1.9681240174608328     
   35.419703837925361        1.9682036109873220     
   35.426243665074168        1.9682812363102000     
   35.432783492222974        1.9683568933518418     
   35.439323319371780        1.9684305820365904     
   35.445863146520580        1.9685023022907566     
   35.452402973669386        1.9685720540426208     
   35.458942800818193        1.9686398372224310     
   35.465482627966992        1.9687056517624040     
   35.472022455115798        1.9687694975967249     
   35.478562282264605        1.9688313746615482     
   35.485102109413411        1.9688912828949972     
   35.491641936562210        1.9689492222371630     
   35.498181763711017        1.9690051926301066     
   35.504721590859823        1.9690591940178577     
   35.511261418008630        1.9691112263464148     
   35.517801245157429        1.9691612895637454     
   35.524341072306235        1.9692093836197866     
   35.530880899455042        1.9692555084664443     
   35.537420726603848        1.9692996640575933     
   35.543960553752648        1.9693418503490785     
   35.550500380901454        1.9693820672987132     
   35.557040208050260        1.9694203148662810     
   35.563580035199060        1.9694565930135337     
   35.570119862347866        1.9694909017041935     
   35.576659689496672        1.9695232409039516     
   35.583199516645479        1.9695536105804685     
   35.589739343794278        1.9695820107033750     
   35.596279170943085        1.9696084412442707     
   35.602818998091891        1.9696329021767254     
   35.609358825240697        1.9696553934762777     
   35.615898652389497        1.9696759151204364     
   35.622438479538303        1.9696944670886802     
   35.628978306687110        1.9697110493624568     
   35.635518133835916        1.9697256619251839     
   35.642057960984715        1.9697383047622492     
   35.648597788133522        1.9697489778610098     
   35.655137615282328        1.9697576812107924     
   35.661677442431134        1.9697644148028939     
   35.668217269579934        1.9697691786305807     
   35.674757096728740        1.9697719726890888     
   35.681296923877547        1.9697727969756240     
   35.687836751026346        1.9697716514893624     
   35.694376578175152        1.9697685362314494     
   35.700916405323959        1.9697634512050002     
   35.707456232472765        1.9697563964150995     
   35.713996059621564        1.9697473718688023     
   35.720535886770371        1.9697363775751333     
   35.727075713919177        1.9697234135450865     
   35.733615541067984        1.9697084797916264     
   35.740155368216783        1.9696915763296865     
   35.746695195365589        1.9696727031761703     
   35.753235022514396        1.9696518603499509     
   35.759774849663202        1.9696290478718710     
   35.766314676812001        1.9696042657647432     
   35.772854503960808        1.9695775140533498     
   35.779394331109614        1.9695487927644424     
   35.785934158258421        1.9695181019267423     
   35.792473985407220        1.9694854415709402     
   35.799013812556026        1.9694508117296963     
   35.805553639704833        1.9694142124376406     
   35.812093466853632        1.9693756437313725     
   35.818633294002439        1.9693351056494610     
   35.825173121151245        1.9692925982324434     
   35.831712948300051        1.9692481215228277     
   35.838252775448851        1.9692016755650905     
   35.844792602597657        1.9691532604056778     
   35.851332429746464        1.9691028760930047     
   35.857872256895270        1.9690505226774555     
   35.864412084044069        1.9689962002113834     
   35.870951911192876        1.9689399087491113     
   35.877491738341682        1.9688816483469305     
   35.884031565490488        1.9688214190631013     
   35.890571392639288        1.9687592209578531     
   35.897111219788094        1.9686950540933839     
   35.903651046936901        1.9686289185338608     
   35.910190874085707        1.9685608143454190     
   35.916730701234506        1.9684907415961630     
   35.923270528383313        1.9684187003561653     
   35.929810355532119        1.9683446906974671     
   35.936350182680918        1.9682687126940781     
   35.942890009829725        1.9681907664219767     
   35.949429836978531        1.9681108519591086     
   35.955969664127338        1.9680289693853887     
   35.962509491276137        1.9679451187826993     
   35.969049318424943        1.9678593002348910     
   35.975589145573750        1.9677715138277825     
   35.982128972722556        1.9676817596491600     
   35.988668799871355        1.9675900377887781     
   35.995208627020162        1.9674963483383581     
   36.001748454168968        1.9674006913915898     
   36.008288281317775        1.9673030670441303     
   36.014828108466574        1.9672034753936036     
   36.021367935615380        1.9671019165396018     
   36.027907762764187        1.9669983905836832     
   36.034447589912986        1.9668928976293742     
   36.040987417061793        1.9667854377821674     
   36.047527244210599        1.9666760111495230     
   36.054067071359405        1.9665646178408671     
   36.060606898508205        1.9664512579675935     
   36.067146725657011        1.9663359316430618     
   36.073686552805817        1.9662186389825984     
   36.080226379954624        1.9660993801034961     
   36.086766207103423        1.9659781551250135     
   36.093306034252230        1.9658549641683760     
   36.099845861401036        1.9657298073567742     
   36.106385688549842        1.9656026848153652     
   36.112925515698642        1.9654735966712713     
   36.119465342847448        1.9653425430535809     
   36.126005169996255        1.9652095240933474     
   36.132544997145061        1.9650745399235896     
   36.139084824293860        1.9649375906792921     
   36.145624651442667        1.9647986764974039     
   36.152164478591473        1.9646577975168391     
   36.158704305740272        1.9645149538784770     
   36.165244132889079        1.9643701457251608     
   36.171783960037885        1.9642233732016992     
   36.178323787186692        1.9640746364548642     
   36.184863614335491        1.9639239356333928     
   36.191403441484297        1.9637712708879858     
   36.197943268633104        1.9636166423713077     
   36.204483095781910        1.9634600502379873     
   36.211022922930709        1.9633014946446166     
   36.217562750079516        1.9631409757497511     
   36.224102577228322        1.9629784937139099     
   36.230642404377129        1.9628140486995751     
   36.237182231525928        1.9626476408711915     
   36.243722058674734        1.9624792703951670     
   36.250261885823541        1.9623089374398721     
   36.256801712972347        1.9621366421756399     
   36.263341540121147        1.9619623847747654     
   36.269881367269953        1.9617861654115061     
   36.276421194418759        1.9616079842620813     
   36.282961021567559        1.9614278415046724     
   36.289500848716365        1.9612457373194219     
   36.296040675865171        1.9610616718884339     
   36.302580503013978        1.9608756453957743     
   36.309120330162777        1.9606876580274690     
   36.315660157311584        1.9604977099715057     
   36.322199984460390        1.9603058014178327     
   36.328739811609196        1.9601119325583582     
   36.335279638757996        1.9599161035869515     
   36.341819465906802        1.9597183146994408     
   36.348359293055609        1.9595185660936159     
   36.354899120204415        1.9593168579692246     
   36.361438947353214        1.9591131905279753     
   36.367978774502021        1.9589075639735356     
   36.374518601650827        1.9586999785115318     
   36.381058428799633        1.9584904343495495     
   36.387598255948433        1.9582789316971330     
   36.394138083097239        1.9580654707657847     
   36.400677910246046        1.9578500517689659     
   36.407217737394845        1.9576326749220949     
   36.413757564543651        1.9574133404425491     
   36.420297391692458        1.9571920485496628     
   36.426837218841264        1.9569687994647280     
   36.433377045990063        1.9567435934109936     
   36.439916873138870        1.9565164306136658     
   36.446456700287676        1.9562873112999071     
   36.452996527436483        1.9560562356988371     
   36.459536354585282        1.9558232040415318     
   36.466076181734088        1.9555882165610221     
   36.472616008882895        1.9553512734922960     
   36.479155836031701        1.9551123750722965     
   36.485695663180501        1.9548715215399217     
   36.492235490329307        1.9546287131360256     
   36.498775317478113        1.9543839501034164     
   36.505315144626920        1.9541372326868569     
   36.511854971775719        1.9538885611330645     
   36.518394798924525        1.9536379356907112     
   36.524934626073332        1.9533853566104220     
   36.531474453222131        1.9531308241447762     
   36.538014280370938        1.9528743385483063     
   36.544554107519744        1.9526159000774979     
   36.551093934668550        1.9523555089907894     
   36.557633761817350        1.9520931655485718     
   36.564173588966156        1.9518288700131889     
   36.570713416114963        1.9515626226489362     
   36.577253243263769        1.9512944237220606     
   36.583793070412568        1.9510242735007612     
   36.590332897561375        1.9507521722551886     
   36.596872724710181        1.9504781202574435     
   36.603412551858987        1.9502021177815780     
   36.609952379007787        1.9499241651035950     
   36.616492206156593        1.9496442625014465     
   36.623032033305400        1.9493624102550358     
   36.629571860454199        1.9490786086462146     
   36.636111687603005        1.9487928579587850     
   36.642651514751812        1.9485051584784974     
   36.649191341900618        1.9482155104930512     
   36.655731169049417        1.9479239142920945     
   36.662270996198224        1.9476303701672237     
   36.668810823347030        1.9473348784119828     
   36.675350650495837        1.9470374393218635     
   36.681890477644636        1.9467380531943048     
   36.688430304793442        1.9464367203286932     
   36.694970131942249        1.9461334410263611     
   36.701509959091055        1.9458282155905882     
   36.708049786239854        1.9455210443265998     
   36.714589613388661        1.9452119275415669     
   36.721129440537467        1.9449008655446067     
   36.727669267686274        1.9445878586467809     
   36.734209094835073        1.9442729071610965     
   36.740748921983879        1.9439560114025047     
   36.747288749132686        1.9436371716879015     
   36.753828576281485        1.9433163883361269     
   36.760368403430292        1.9429936616679635     
   36.766908230579098        1.9426689920061389     
   36.773448057727904        1.9423423796753221     
   36.779987884876704        1.9420138250021259     
   36.786527712025510        1.9416833283151045     
   36.793067539174316        1.9413508899447549     
   36.799607366323123        1.9410165102235153     
   36.806147193471922        1.9406801894857655     
   36.812687020620729        1.9403419280678262     
   36.819226847769535        1.9400017263079588     
   36.825766674918341        1.9396595845463649     
   36.832306502067141        1.9393155031251867     
   36.838846329215947        1.9389694823885053     
   36.845386156364754        1.9386215226823416     
   36.851925983513560        1.9382716243546549     
   36.858465810662359        1.9379197877553440     
   36.865005637811166        1.9375660132362451     
   36.871545464959972        1.9372103011511330     
   36.878085292108771        1.9368526518557201     
   36.884625119257578        1.9364930657076551     
   36.891164946406384        1.9361315430665247     
   36.897704773555191        1.9357680842938509     
   36.904244600703990        1.9354026897530932     
   36.910784427852796        1.9350353598096455     
   36.917324255001603        1.9346660948308381     
   36.923864082150409        1.9342948951859358     
   36.930403909299208        1.9339217612461383     
   36.936943736448015        1.9335466933845795     
   36.943483563596821        1.9331696919763273     
   36.950023390745628        1.9327907573983831     
   36.956563217894427        1.9324098900296816     
   36.963103045043233        1.9320270902510903     
   36.969642872192040        1.9316423584454085     
   36.976182699340846        1.9312556949973683     
   36.982722526489646        1.9308671002936328     
   36.989262353638452        1.9304765747227972     
   36.995802180787258        1.9300841186753870     
   37.002342007936058        1.9296897325438578     
   37.008881835084864        1.9292934167225964     
   37.015421662233670        1.9288951716079181     
   37.021961489382477        1.9284949975980683     
   37.028501316531276        1.9280928950932206     
   37.035041143680083        1.9276888644954782     
   37.041580970828889        1.9272829062088712     
   37.048120797977695        1.9268750206393579     
   37.054660625126495        1.9264652081948241     
   37.061200452275301        1.9260534692850819     
   37.067740279424108        1.9256398043218705     
   37.074280106572914        1.9252242137188547     
   37.080819933721713        1.9248066978916250     
   37.087359760870520        1.9243872572576974     
   37.093899588019326        1.9239658922365128     
   37.100439415168125        1.9235426032494358     
   37.106979242316932        1.9231173907197558     
   37.113519069465738        1.9226902550726852     
   37.120058896614545        1.9222611967353593     
   37.126598723763344        1.9218302161368368     
   37.133138550912150        1.9213973137080982     
   37.139678378060957        1.9209624898820459     
   37.146218205209763        1.9205257450935036     
   37.152758032358562        1.9200870797792160     
   37.159297859507369        1.9196464943778491     
   37.165837686656175        1.9192039893299877     
   37.172377513804982        1.9187595650781368     
   37.178917340953781        1.9183132220667212     
   37.185457168102587        1.9178649607420832     
   37.191996995251394        1.9174147815524847     
   37.198536822400200        1.9169626849481045     
   37.205076649549000        1.9165086713810395     
   37.211616476697806        1.9160527413053030     
   37.218156303846612        1.9155948951768254     
   37.224696130995412        1.9151351334534523     
   37.231235958144218        1.9146734565949459     
   37.237775785293024        1.9142098650629829     
   37.244315612441831        1.9137443593211547     
   37.250855439590630        1.9132769398349672     
   37.257395266739437        1.9128076070718401     
   37.263935093888243        1.9123363615011055     
   37.270474921037049        1.9118632035940097     
   37.277014748185849        1.9113881338237104     
   37.283554575334655        1.9109111526652771     
   37.290094402483462        1.9104322605956909     
   37.296634229632268        1.9099514580938444     
   37.303174056781067        1.9094687456405397     
   37.309713883929874        1.9089841237184895     
   37.316253711078680        1.9084975928123153     
   37.322793538227486        1.9080091534085482     
   37.329333365376286        1.9075188059956278     
   37.335873192525092        1.9070265510639015     
   37.342413019673899        1.9065323891056241     
   37.348952846822698        1.9060363206149573     
   37.355492673971504        1.9055383460879702     
   37.362032501120311        1.9050384660226369     
   37.368572328269117        1.9045366809188375     
   37.375112155417916        1.9040329912783571     
   37.381651982566723        1.9035273976048857     
   37.388191809715529        1.9030199004040165     
   37.394731636864336        1.9025105001832470     
   37.401271464013135        1.9019991974519772     
   37.407811291161941        1.9014859927215102     
   37.414351118310748        1.9009708865050501     
   37.420890945459554        1.9004538793177037     
   37.427430772608353        1.8999349716764780     
   37.433970599757160        1.8994141641002806     
   37.440510426905966        1.8988914571099191     
   37.447050254054773        1.8983668512281004     
   37.453590081203572        1.8978403469794307     
   37.460129908352378        1.8973119448904141     
   37.466669735501185        1.8967816454894524     
   37.473209562649984        1.8962494493068454     
   37.479749389798791        1.8957153568747889     
   37.486289216947597        1.8951793687273757     
   37.492829044096403        1.8946414854005935     
   37.499368871245203        1.8941017074323261     
   37.505908698394009        1.8935600353623510     
   37.512448525542816        1.8930164697323406     
   37.518988352691622        1.8924710110858607     
   37.525528179840421        1.8919236599683695     
   37.532068006989228        1.8913744169272184     
   37.538607834138034        1.8908232825116504     
   37.545147661286840        1.8902702572728001     
   37.551687488435640        1.8897153417636923     
   37.558227315584446        1.8891585365392427     
   37.564767142733253        1.8885998421562566     
   37.571306969882059        1.8880392591734283     
   37.577846797030858        1.8874767881513410     
   37.584386624179665        1.8869124296524655     
   37.590926451328471        1.8863461842411604     
   37.597466278477270        1.8857780524836714     
   37.604006105626077        1.8852080349481295     
   37.610545932774883        1.8846361322045528     
   37.617085759923690        1.8840623448248441     
   37.623625587072489        1.8834866733827904     
   37.630165414221295        1.8829091184540634     
   37.636705241370102        1.8823296806162177     
   37.643245068518908        1.8817483604486913     
   37.649784895667707        1.8811651585328046     
   37.656324722816514        1.8805800754517592     
   37.662864549965320        1.8799931117906385     
   37.669404377114127        1.8794042681364060     
   37.675944204262926        1.8788135450779053     
   37.682484031411732        1.8782209432058599     
   37.689023858560539        1.8776264631128712     
   37.695563685709338        1.8770301053934193     
   37.702103512858145        1.8764318706438619     
   37.708643340006951        1.8758317594624341     
   37.715183167155757        1.8752297724492466     
   37.721722994304557        1.8746259102062865     
   37.728262821453363        1.8740201733374164     
   37.734802648602169        1.8734125624483731     
   37.741342475750976        1.8728030781467673     
   37.747882302899775        1.8721917210420831     
   37.754422130048582        1.8715784917456779     
   37.760961957197388        1.8709633908707810     
   37.767501784346194        1.8703464190324932     
   37.774041611494994        1.8697275768477861     
   37.780581438643800        1.8691068649355023     
   37.787121265792607        1.8684842839163534     
   37.793661092941413        1.8678598344129207     
   37.800200920090212        1.8672335170496535     
   37.806740747239019        1.8666053324528691     
   37.813280574387825        1.8659752812507524     
   37.819820401536624        1.8653433640733543     
   37.826360228685431        1.8647095815525925     
   37.832900055834237        1.8640739343222488     
   37.839439882983044        1.8634364230179712     
   37.845979710131843        1.8627970482772702     
   37.852519537280649        1.8621558107395213     
   37.859059364429456        1.8615127110459617     
   37.865599191578262        1.8608677498396911     
   37.872139018727061        1.8602209277656705     
   37.878678845875868        1.8595722454707224     
   37.885218673024674        1.8589217036035288     
   37.891758500173481        1.8582693028146315     
   37.898298327322280        1.8576150437564314     
   37.904838154471086        1.8569589270831877     
   37.911377981619893        1.8563009534510166     
   37.917917808768699        1.8556411235178922     
   37.924457635917499        1.8549794379436444     
   37.930997463066305        1.8543158973899585     
   37.937537290215111        1.8536505025203751     
   37.944077117363911        1.8529832540002893     
   37.950616944512717        1.8523141524969493     
   37.957156771661523        1.8516431986794568     
   37.963696598810330        1.8509703932187656     
   37.970236425959129        1.8502957367876811     
   37.976776253107936        1.8496192300608598     
   37.983316080256742        1.8489408737148085     
   37.989855907405548        1.8482606684278835     
   37.996395734554348        1.8475786148802900     
   38.002935561703154        1.8468947137540817     
   38.009475388851961        1.8462089657331595     
   38.016015216000767        1.8455213715032717     
   38.022555043149566        1.8448319317520123     
   38.029094870298373        1.8441406471688213     
   38.035634697447179        1.8434475184449832     
   38.042174524595985        1.8427525462736267     
   38.048714351744785        1.8420557313497239     
   38.055254178893591        1.8413570743700898     
   38.061794006042398        1.8406565760333813     
   38.068333833191197        1.8399542370400970     
   38.074873660340003        1.8392500580925752     
   38.081413487488810        1.8385440398949957     
   38.087953314637616        1.8378361831533760     
   38.094493141786415        1.8371264885755734     
   38.101032968935222        1.8364149568712820     
   38.107572796084028        1.8357015887520338     
   38.114112623232835        1.8349863849311969     
   38.120652450381634        1.8342693461239750     
   38.127192277530440        1.8335504730474070     
   38.133732104679247        1.8328297664203661     
   38.140271931828053        1.8321072269635588     
   38.146811758976853        1.8313828553995246     
   38.153351586125659        1.8306566524526349     
   38.159891413274465        1.8299286188490926     
   38.166431240423265        1.8291987553169315     
   38.172971067572071        1.8284670625860153     
   38.179510894720877        1.8277335413880365     
   38.186050721869684        1.8269981924565164     
   38.192590549018483        1.8262610165268038     
   38.199130376167290        1.8255220143360746     
   38.205670203316096        1.8247811866233314     
   38.212210030464902        1.8240385341294014     
   38.218749857613702        1.8232940575969374     
   38.225289684762508        1.8225477577704159     
   38.231829511911315        1.8217996353961365     
   38.238369339060121        1.8210496912222218     
   38.244909166208920        1.8202979259986158     
   38.251448993357727        1.8195443404770841     
   38.257988820506533        1.8187889354112117     
   38.264528647655339        1.8180317115564040     
   38.271068474804139        1.8172726696698849     
   38.277608301952945        1.8165118105106959     
   38.284148129101752        1.8157491348396966     
   38.290687956250551        1.8149846434195624     
   38.297227783399357        1.8142183370147846     
   38.303767610548164        1.8134502163916697     
   38.310307437696970        1.8126802823183386     
   38.316847264845769        1.8119085355647251     
   38.323387091994576        1.8111349769025757     
   38.329926919143382        1.8103596071054497     
   38.336466746292189        1.8095824269487164     
   38.343006573440988        1.8088034372095561     
   38.349546400589794        1.8080226386669587     
   38.356086227738601        1.8072400321017226     
   38.362626054887407        1.8064556182964542     
   38.369165882036206        1.8056693980355678     
   38.375705709185013        1.8048813721052834     
   38.382245536333819        1.8040915412936269     
   38.388785363482626        1.8032999063904294     
   38.395325190631425        1.8025064681873251     
   38.401865017780231        1.8017112274777527     
   38.408404844929038        1.8009141850569528     
   38.414944672077837        1.8001153417219680     
   38.421484499226644        1.7993146982716410     
   38.428024326375450        1.7985122555066160     
   38.434564153524256        1.7977080142293356     
   38.441103980673056        1.7969019752440407     
   38.447643807821862        1.7960941393567709     
   38.454183634970668        1.7952845073753614     
   38.460723462119475        1.7944730801094444     
   38.467263289268274        1.7936598583704475     
   38.473803116417081        1.7928448429715922     
   38.480342943565887        1.7920280347278938     
   38.486882770714693        1.7912094344561607     
   38.493422597863493        1.7903890429749931     
   38.499962425012299        1.7895668611047828     
   38.506502252161106        1.7887428896677111     
   38.513042079309912        1.7879171294877498     
   38.519581906458711        1.7870895813906593     
   38.526121733607518        1.7862602462039872     
   38.532661560756324        1.7854291247570688     
   38.539201387905123        1.7845962178810257     
   38.545741215053930        1.7837615264087650     
   38.552281042202736        1.7829250511749777     
   38.558820869351543        1.7820867930161390     
   38.565360696500342        1.7812467527705076     
   38.571900523649148        1.7804049312781234     
   38.578440350797955        1.7795613293808077     
   38.584980177946761        1.7787159479221626     
   38.591520005095560        1.7778687877475696     
   38.598059832244367        1.7770198497041889     
   38.604599659393173        1.7761691346409585     
   38.611139486541980        1.7753166434085934     
   38.617679313690779        1.7744623768595851     
   38.624219140839585        1.7736063358481997     
   38.630758967988392        1.7727485212304788     
   38.637298795137198        1.7718889338642365     
   38.643838622285998        1.7710275746090602     
   38.650378449434804        1.7701644443263098     
   38.656918276583610        1.7692995438791148     
   38.663458103732410        1.7684328741323758     
   38.669997930881216        1.7675644359527627     
   38.676537758030022        1.7666942302087136     
   38.683077585178829        1.7658222577704341     
   38.689617412327628        1.7649485195098971     
   38.696157239476435        1.7640730163008407     
   38.702697066625241        1.7631957490187680     
   38.709236893774047        1.7623167185409461     
   38.715776720922847        1.7614359257464054     
   38.722316548071653        1.7605533715159392     
   38.728856375220460        1.7596690567321012     
   38.735396202369266        1.7587829822792067     
   38.741936029518065        1.7578951490433297     
   38.748475856666872        1.7570055579123036     
   38.755015683815678        1.7561142097757201     
   38.761555510964477        1.7552211055249265     
   38.768095338113284        1.7543262460530273     
   38.774635165262090        1.7534296322548821     
   38.781174992410897        1.7525312650271048     
   38.787714819559696        1.7516311452680624     
   38.794254646708502        1.7507292738778746     
   38.800794473857309        1.7498256517584132     
   38.807334301006115        1.7489202798132999     
   38.813874128154914        1.7480131589479069     
   38.820413955303721        1.7471042900693547     
   38.826953782452527        1.7461936740865127     
   38.833493609601334        1.7452813119099966     
   38.840033436750133        1.7443672044521683     
   38.846573263898939        1.7434513526271358     
   38.853113091047746        1.7425337573507507     
   38.859652918196552        1.7416144195406080     
   38.866192745345352        1.7406933401160460     
   38.872732572494158        1.7397705199981439     
   38.879272399642964        1.7388459601097217     
   38.885812226791764        1.7379196613753394     
   38.892352053940570        1.7369916247212958     
   38.898891881089376        1.7360618510756274     
   38.905431708238183        1.7351303413681078     
   38.911971535386982        1.7341970965302469     
   38.918511362535789        1.7332621174952896     
   38.925051189684595        1.7323254051982147     
   38.931591016833401        1.7313869605757344     
   38.938130843982201        1.7304467845662936     
   38.944670671131007        1.7295048781100684     
   38.951210498279814        1.7285612421489649     
   38.957750325428620        1.7276158776266191     
   38.964290152577419        1.7266687854883960     
   38.970829979726226        1.7257199666813872     
   38.977369806875032        1.7247694221544119     
   38.983909634023838        1.7238171528580142     
   38.990449461172638        1.7228631597444639     
   38.996989288321444        1.7219074437677535     
   39.003529115470251        1.7209500058835996     
   39.010068942619050        1.7199908470494398     
   39.016608769767856        1.7190299682244330     
   39.023148596916663        1.7180673703694580     
   39.029688424065469        1.7171030544471126     
   39.036228251214268        1.7161370214217129     
   39.042768078363075        1.7151692722592917     
   39.049307905511881        1.7141998079275982     
   39.055847732660688        1.7132286293960968     
   39.062387559809487        1.7122557376359659     
   39.068927386958293        1.7112811336200975     
   39.075467214107100        1.7103048183230956     
   39.082007041255906        1.7093267927212752     
   39.088546868404705        1.7083470577926620     
   39.095086695553512        1.7073656145169913     
   39.101626522702318        1.7063824638757057     
   39.108166349851125        1.7053976068519565     
   39.114706176999924        1.7044110444306002     
   39.121246004148730        1.7034227775981994     
   39.127785831297537        1.7024328073430213     
   39.134325658446336        1.7014411346550355     
   39.140865485595143        1.7004477605259154     
   39.147405312743949        1.6994526859490346     
   39.153945139892755        1.6984559119194682     
   39.160484967041555        1.6974574394339896     
   39.167024794190361        1.6964572694910718     
   39.173564621339168        1.6954554030908842     
   39.180104448487974        1.6944518412352936     
   39.186644275636773        1.6934465849278619     
   39.193184102785580        1.6924396351738453     
   39.199723929934386        1.6914309929801934     
   39.206263757083192        1.6904206593555486     
   39.212803584231992        1.6894086353102447     
   39.219343411380798        1.6883949218563052     
   39.225883238529605        1.6873795200074442     
   39.232423065678411        1.6863624307790630     
   39.238962892827210        1.6853436551882512     
   39.245502719976017        1.6843231942537842     
   39.252042547124823        1.6833010489961229     
   39.258582374273622        1.6822772204374126     
   39.265122201422429        1.6812517096014818     
   39.271662028571235        1.6802245175138415     
   39.278201855720042        1.6791956452016836     
   39.284741682868841        1.6781650936938806     
   39.291281510017647        1.6771328640209837     
   39.297821337166454        1.6760989572152230     
   39.304361164315260        1.6750633743105050     
   39.310900991464059        1.6740261163424126     
   39.317440818612866        1.6729871843482038     
   39.323980645761672        1.6719465793668107     
   39.330520472910479        1.6709043024388384     
   39.337060300059278        1.6698603546065633     
   39.343600127208084        1.6688147369139339     
   39.350139954356891        1.6677674504065674     
   39.356679781505690        1.6667184961317507     
   39.363219608654497        1.6656678751384377     
   39.369759435803303        1.6646155884772496     
   39.376299262952109        1.6635616372004729     
   39.382839090100909        1.6625060223620591     
   39.389378917249715        1.6614487450176230     
   39.395918744398521        1.6603898062244418     
   39.402458571547328        1.6593292070414545     
   39.408998398696127        1.6582669485292603     
   39.415538225844934        1.6572030317501174     
   39.422078052993740        1.6561374577679429     
   39.428617880142546        1.6550702276483105     
   39.435157707291346        1.6540013424584508     
   39.441697534440152        1.6529308032672485     
   39.448237361588959        1.6518586111452429     
   39.454777188737765        1.6507847671646261     
   39.461317015886564        1.6497092723992421     
   39.467856843035371        1.6486321279245859     
   39.474396670184177        1.6475533348178018     
   39.480936497332976        1.6464728941576829     
   39.487476324481783        1.6453908070246697     
   39.494016151630589        1.6443070745008497     
   39.500555978779396        1.6432216976699550     
   39.507095805928195        1.6421346776173624     
   39.513635633077001        1.6410460154300923     
   39.520175460225808        1.6399557121968069     
   39.526715287374614        1.6388637690078089     
   39.533255114523413        1.6377701869550423     
   39.539794941672220        1.6366749671320886     
   39.546334768821026        1.6355781106341678     
   39.552874595969833        1.6344796185581363     
   39.559414423118632        1.6333794920024862     
   39.565954250267438        1.6322777320673438     
   39.572494077416245        1.6311743398544696     
   39.579033904565051        1.6300693164672555     
   39.585573731713851        1.6289626630107250     
   39.592113558862657        1.6278543805915315     
   39.598653386011463        1.6267444703179572     
   39.605193213160263        1.6256329332999129     
   39.611733040309069        1.6245197706489349     
   39.618272867457875        1.6234049834781863     
   39.624812694606682        1.6222885729024543     
   39.631352521755481        1.6211705400381495     
   39.637892348904288        1.6200508860033045     
   39.644432176053094        1.6189296119175733     
   39.650972003201900        1.6178067189022303     
   39.657511830350700        1.6166822080801684     
   39.664051657499506        1.6155560805758984     
   39.670591484648313        1.6144283375155482     
   39.677131311797119        1.6132989800268602     
   39.683671138945918        1.6121680092391921     
   39.690210966094725        1.6110354262835149     
   39.696750793243531        1.6099012322924113     
   39.703290620392337        1.6087654284000754     
   39.709830447541137        1.6076280157423111     
   39.716370274689943        1.6064889954565311     
   39.722910101838750        1.6053483686817558     
   39.729449928987549        1.6042061365586116     
   39.735989756136355        1.6030623002293307     
   39.742529583285162        1.6019168608377499     
   39.749069410433968        1.6007698195293083     
   39.755609237582767        1.5996211774510469     
   39.762149064731574        1.5984709357516085     
   39.768688891880380        1.5973190955812340     
   39.775228719029187        1.5961656580917640     
   39.781768546177986        1.5950106244366360     
   39.788308373326792        1.5938539957708835     
   39.794848200475599        1.5926957732511355     
   39.801388027624405        1.5915359580356141     
   39.807927854773205        1.5903745512841347     
   39.814467681922011        1.5892115541581040     
   39.821007509070817        1.5880469678205191     
   39.827547336219617        1.5868807934359663     
   39.834087163368423        1.5857130321706201     
   39.840626990517229        1.5845436851922416     
   39.847166817666036        1.5833727536701780     
   39.853706644814835        1.5822002387753606     
   39.860246471963642        1.5810261416803046     
   39.866786299112448        1.5798504635591069     
   39.873326126261254        1.5786732055874455     
   39.879865953410054        1.5774943689425784     
   39.886405780558860        1.5763139548033427     
   39.892945607707667        1.5751319643501520     
   39.899485434856473        1.5739483987649969     
   39.906025262005272        1.5727632592314431     
   39.912565089154079        1.5715765469346301     
   39.919104916302885        1.5703882630612702     
   39.925644743451691        1.5691984087996473     
   39.932184570600491        1.5680069853396157     
   39.938724397749297        1.5668139938725987     
   39.945264224898104        1.5656194355915880     
   39.951804052046903        1.5644233116911415     
   39.958343879195709        1.5632256233673836     
   39.964883706344516        1.5620263718180023     
   39.971423533493322        1.5608255582422492     
   39.977963360642121        1.5596231838409378     
   39.984503187790928        1.5584192498164424     
   39.991043014939734        1.5572137573726974     
   39.997582842088541        1.5560067077151951     
   40.004122669237340        1.5547981020509849     
   40.010662496386146        1.5535879415886726     
   40.017202323534953        1.5523762275384188     
   40.023742150683759        1.5511629611119373     
   40.030281977832558        1.5499481435224947     
   40.036821804981365        1.5487317759849084     
   40.043361632130171        1.5475138597155462     
   40.049901459278978        1.5462943959323243     
   40.056441286427777        1.5450733858547065     
   40.062981113576583        1.5438508307037031     
   40.069520940725390        1.5426267317018687     
   40.076060767874189        1.5414010900733028     
   40.082600595022996        1.5401739070436469     
   40.089140422171802        1.5389451838400841     
   40.095680249320608        1.5377149216913371     
   40.102220076469408        1.5364831218276687     
   40.108759903618214        1.5352497854808784     
   40.115299730767020        1.5340149138843027     
   40.121839557915827        1.5327785082728129     
   40.128379385064626        1.5315405698828151     
   40.134919212213433        1.5303010999522473     
   40.141459039362239        1.5290600997205794     
   40.147998866511045        1.5278175704288122     
   40.154538693659845        1.5265735133194744     
   40.161078520808651        1.5253279296366236     
   40.167618347957458        1.5240808206258429     
   40.174158175106264        1.5228321875342417     
   40.180698002255063        1.5215820316104529     
   40.187237829403870        1.5203303541046322     
   40.193777656552676        1.5190771562684575     
   40.200317483701475        1.5178224393551265     
   40.206857310850282        1.5165662046193560     
   40.213397137999088        1.5153084533173808     
   40.219936965147895        1.5140491867069523     
   40.226476792296694        1.5127884060473373     
   40.233016619445500        1.5115261125993160     
   40.239556446594307        1.5102623076251822     
   40.246096273743113        1.5089969923887407     
   40.252636100891912        1.5077301681553070     
   40.259175928040719        1.5064618361917050     
   40.265715755189525        1.5051919977662669     
   40.272255582338332        1.5039206541488310     
   40.278795409487131        1.5026478066107409     
   40.285335236635937        1.5013734564248444     
   40.291875063784744        1.5000976048654915     
   40.298414890933550        1.4988202532085337     
   40.304954718082350        1.4975414027313227     
   40.311494545231156        1.4962610547127093     
   40.318034372379962        1.4949792104330411     
   40.324574199528762        1.4936958711741621     
   40.331114026677568        1.4924110382194125     
   40.337653853826374        1.4911247128536242     
   40.344193680975181        1.4898368963631230     
   40.350733508123980        1.4885475900357257     
   40.357273335272787        1.4872567951607383     
   40.363813162421593        1.4859645130289556     
   40.370352989570399        1.4846707449326602     
   40.376892816719199        1.4833754921656199     
   40.383432643868005        1.4820787560230875     
   40.389972471016812        1.4807805378017991     
   40.396512298165618        1.4794808387999727     
   40.403052125314417        1.4781796603173074     
   40.409591952463224        1.4768770036549819     
   40.416131779612030        1.4755728701156527     
   40.422671606760829        1.4742672610034535     
   40.429211433909636        1.4729601776239933     
   40.435751261058442        1.4716516212843556     
   40.442291088207249        1.4703415932930963     
   40.448830915356048        1.4690300949602439     
   40.455370742504854        1.4677171275972967     
   40.461910569653661        1.4664026925172216     
   40.468450396802467        1.4650867910344541     
   40.474990223951266        1.4637694244648958     
   40.481530051100073        1.4624505941259129     
   40.488069878248879        1.4611303013363359     
   40.494609705397686        1.4598085474164577     
   40.501149532546485        1.4584853336880321     
   40.507689359695291        1.4571606614742729     
   40.514229186844098        1.4558345320998520     
   40.520769013992904        1.4545069468908993     
   40.527308841141704        1.4531779071749995     
   40.533848668290510        1.4518474142811926     
   40.540388495439316        1.4505154695399713     
   40.546928322588116        1.4491820742832806     
   40.553468149736922        1.4478472298445155     
   40.560007976885728        1.4465109375585208     
   40.566547804034535        1.4451731987615881     
   40.573087631183334        1.4438340147914570     
   40.579627458332141        1.4424933869873109     
   40.586167285480947        1.4411513166897778     
   40.592707112629753        1.4398078052409282     
   40.599246939778553        1.4384628539842732     
   40.605786766927359        1.4371164642647642     
   40.612326594076166        1.4357686374287908     
   40.618866421224972        1.4344193748241800     
   40.625406248373771        1.4330686778001944     
   40.631946075522578        1.4317165477075307     
   40.638485902671384        1.4303629858983196     
   40.645025729820190        1.4290079937261224     
   40.651565556968990        1.4276515725459316     
   40.658105384117796        1.4262937237141684     
   40.664645211266603        1.4249344485886815     
   40.671185038415402        1.4235737485287459     
   40.677724865564208        1.4222116248950618     
   40.684264692713015        1.4208480790497531     
   40.690804519861821        1.4194831123563652     
   40.697344347010620        1.4181167261798648     
   40.703884174159427        1.4167489218866385     
   40.710424001308233        1.4153797008444904     
   40.716963828457040        1.4140090644226413     
   40.723503655605839        1.4126370139917277     
   40.730043482754645        1.4112635509238003     
   40.736583309903452        1.4098886765923220     
   40.743123137052258        1.4085123923721670     
   40.749662964201057        1.4071346996396197     
   40.756202791349864        1.4057555997723727     
   40.762742618498670        1.4043750941495259     
   40.769282445647477        1.4029931841515850     
   40.775822272796276        1.4016098711604597     
   40.782362099945082        1.4002251565594634     
   40.788901927093889        1.3988390417333105     
   40.795441754242688        1.3974515280681159     
   40.801981581391495        1.3960626169513932     
   40.808521408540301        1.3946723097720535     
   40.815061235689107        1.3932806079204039     
   40.821601062837907        1.3918875127881465     
   40.828140889986713        1.3904930257683761     
   40.834680717135520        1.3890971482555798     
   40.841220544284326        1.3876998816456354     
   40.847760371433125        1.3863012273358093     
   40.854300198581932        1.3849011867247558     
   40.860840025730738        1.3834997612125155     
   40.867379852879544        1.3820969522005140     
   40.873919680028344        1.3806927610915603     
   40.880459507177150        1.3792871892898455     
   40.886999334325957        1.3778802382009416     
   40.893539161474756        1.3764719092317994     
   40.900078988623562        1.3750622037907478     
   40.906618815772369        1.3736511232874926     
   40.913158642921175        1.3722386691331141     
   40.919698470069974        1.3708248427400664     
   40.926238297218781        1.3694096455221763     
   40.932778124367587        1.3679930788946404     
   40.939317951516394        1.3665751442740259     
   40.945857778665193        1.3651558430782669     
   40.952397605813999        1.3637351767266648     
   40.958937432962806        1.3623131466398859     
   40.965477260111612        1.3608897542399605     
   40.972017087260411        1.3594650009502809     
   40.978556914409218        1.3580388881956005     
   40.985096741558024        1.3566114174020318     
   40.991636568706831        1.3551825899970460     
   40.998176395855630        1.3537524074094698     
   41.004716223004436        1.3523208710694865     
   41.011256050153243        1.3508879824086319     
   41.017795877302042        1.3494537428597950     
   41.024335704450849        1.3480181538572151     
   41.030875531599655        1.3465812168364817     
   41.037415358748461        1.3451429332345313     
   41.043955185897261        1.3437033044896476     
   41.050495013046067        1.3422623320414597     
   41.057034840194873        1.3408200173309395     
   41.063574667343680        1.3393763618004020     
   41.070114494492479        1.3379313668935029     
   41.076654321641286        1.3364850340552368     
   41.083194148790092        1.3350373647319367     
   41.089733975938898        1.3335883603712719     
   41.096273803087698        1.3321380224222468     
   41.102813630236504        1.3306863523351993     
   41.109353457385311        1.3292333515617996     
   41.115893284534117        1.3277790215550482     
   41.122433111682916        1.3263233637692755     
   41.128972938831723        1.3248663796601390     
   41.135512765980529        1.3234080706846227     
   41.142052593129328        1.3219484383010358     
   41.148592420278135        1.3204874839690106     
   41.155132247426941        1.3190252091495014     
   41.161672074575748        1.3175616153047831     
   41.168211901724547        1.3160967038984497     
   41.174751728873353        1.3146304763954124     
   41.181291556022160        1.3131629342618987     
   41.187831383170966        1.3116940789654508     
   41.194371210319765        1.3102239119749239     
   41.200911037468572        1.3087524347604849     
   41.207450864617378        1.3072796487936114     
   41.213990691766185        1.3058055555470889     
   41.220530518914984        1.3043301564950109     
   41.227070346063790        1.3028534531127764     
   41.233610173212597        1.3013754468770888     
   41.240150000361403        1.2998961392659545     
   41.246689827510203        1.2984155317586807     
   41.253229654659009        1.2969336258358752     
   41.259769481807815        1.2954504229794439     
   41.266309308956615        1.2939659246725896     
   41.272849136105421        1.2924801323998105     
   41.279388963254227        1.2909930476468989     
   41.285928790403034        1.2895046719009398     
   41.292468617551833        1.2880150066503087     
   41.299008444700640        1.2865240533846707     
   41.305548271849446        1.2850318135949794     
   41.312088098998252        1.2835382887734743     
   41.318627926147052        1.2820434804136804     
   41.325167753295858        1.2805473900104063     
   41.331707580444665        1.2790500190597420     
   41.338247407593471        1.2775513690590585     
   41.344787234742270        1.2760514415070063     
   41.351327061891077        1.2745502379035123     
   41.357866889039883        1.2730477597497805     
   41.364406716188689        1.2715440085482888     
   41.370946543337489        1.2700389858027885     
   41.377486370486295        1.2685326930183025     
   41.384026197635102        1.2670251317011232     
   41.390566024783901        1.2655163033588124     
   41.397105851932707        1.2640062095001983     
   41.403645679081514        1.2624948516353744     
   41.410185506230320        1.2609822312756991     
   41.416725333379119        1.2594683499337922     
   41.423265160527926        1.2579532091235355     
   41.429804987676732        1.2564368103600696     
   41.436344814825539        1.2549191551597934     
   41.442884641974338        1.2534002450403618     
   41.449424469123144        1.2518800815206854     
   41.455964296271951        1.2503586661209274     
   41.462504123420757        1.2488360003625030     
   41.469043950569557        1.2473120857680784     
   41.475583777718363        1.2457869238615680     
   41.482123604867169        1.2442605161681335     
   41.488663432015969        1.2427328642141831     
   41.495203259164775        1.2412039695273680     
   41.501743086313581        1.2396738336365838     
   41.508282913462388        1.2381424580719655     
   41.514822740611187        1.2366098443648896     
   41.521362567759994        1.2350759940479692     
   41.527902394908800        1.2335409086550546     
   41.534442222057606        1.2320045897212315     
   41.540982049206406        1.2304670387828185     
   41.547521876355212        1.2289282573773666     
   41.554061703504019        1.2273882470436575     
   41.560601530652825        1.2258470093217011     
   41.567141357801624        1.2243045457527357     
   41.573681184950431        1.2227608578792244     
   41.580221012099237        1.2212159472448552     
   41.586760839248043        1.2196698153945387     
   41.593300666396843        1.2181224638744068     
   41.599840493545649        1.2165738942318112     
   41.606380320694456        1.2150241080153212     
   41.612920147843255        1.2134731067747233     
   41.619459974992061        1.2119208920610187     
   41.625999802140868        1.2103674654264220     
   41.632539629289674        1.2088128284243600     
   41.639079456438473        1.2072569826094695     
   41.645619283587280        1.2056999295375963     
   41.652159110736086        1.2041416707657937     
   41.658698937884893        1.2025822078523203     
   41.665238765033692        1.2010215423566388     
   41.671778592182498        1.1994596758394152     
   41.678318419331305        1.1978966098625154     
   41.684858246480111        1.1963323459890061     
   41.691398073628910        1.1947668857831506     
   41.697937900777717        1.1932002308104093     
   41.704477727926523        1.1916323826374373     
   41.711017555075330        1.1900633428320826     
   41.717557382224129        1.1884931129633851     
   41.724097209372935        1.1869216946015746     
   41.730637036521742        1.1853490893180694     
   41.737176863670541        1.1837752986854750     
   41.743716690819348        1.1822003242775818     
   41.750256517968154        1.1806241676693645     
   41.756796345116960        1.1790468304369794     
   41.763336172265760        1.1774683141577640     
   41.769875999414566        1.1758886204102343     
   41.776415826563372        1.1743077507740844     
   41.782955653712179        1.1727257068301837     
   41.789495480860978        1.1711424901605763     
   41.796035308009785        1.1695581023484785     
   41.802575135158591        1.1679725449782783     
   41.809114962307397        1.1663858196355332     
   41.815654789456197        1.1647979279069687     
   41.822194616605003        1.1632088713804760     
   41.828734443753810        1.1616186516451121     
   41.835274270902616        1.1600272702910963     
   41.841814098051415        1.1584347289098105     
   41.848353925200222        1.1568410290937954     
   41.854893752349028        1.1552461724367515     
   41.861433579497827        1.1536501605335350     
   41.867973406646634        1.1520529949801581     
   41.874513233795440        1.1504546773737863     
   41.881053060944247        1.1488552093127369     
   41.887592888093046        1.1472545923964781     
   41.894132715241852        1.1456528282256271     
   41.900672542390659        1.1440499184019479     
   41.907212369539465        1.1424458645283504     
   41.913752196688264        1.1408406682088883     
   41.920292023837071        1.1392343310487578     
   41.926831850985877        1.1376268546542967     
   41.933371678134684        1.1360182406329806     
   41.939911505283483        1.1344084905934240     
   41.946451332432289        1.1327976061453766     
   41.952991159581096        1.1311855888997231     
   41.959530986729895        1.1295724404684808     
   41.966070813878702        1.1279581624647979     
   41.972610641027508        1.1263427565029525     
   41.979150468176314        1.1247262241983507     
   41.985690295325114        1.1231085671675245     
   41.992230122473920        1.1214897870281313     
   41.998769949622726        1.1198698853989510     
   42.005309776771533        1.1182488638998855     
   42.011849603920332        1.1166267241519561     
   42.018389431069139        1.1150034677773024     
   42.024929258217945        1.1133790963991810     
   42.031469085366751        1.1117536116419628     
   42.038008912515551        1.1101270151311333     
   42.044548739664357        1.1084993084932884     
   42.051088566813164        1.1068704933561351     
   42.057628393961970        1.1052405713484885     
   42.064168221110769        1.1036095441002705     
   42.070708048259576        1.1019774132425086     
   42.077247875408382        1.1003441804073333     
   42.083787702557181        1.0987098472279777     
   42.090327529705988        1.0970744153387750     
   42.096867356854794        1.0954378863751570     
   42.103407184003601        1.0938002619736524     
   42.109947011152400        1.0921615437718859     
   42.116486838301206        1.0905217334085757     
   42.123026665450013        1.0888808325235320     
   42.129566492598819        1.0872388427576556     
   42.136106319747618        1.0855957657529365     
   42.142646146896425        1.0839516031524516     
   42.149185974045231        1.0823063566003637     
   42.155725801194038        1.0806600277419192     
   42.162265628342837        1.0790126182234467     
   42.168805455491643        1.0773641296923564     
   42.175345282640450        1.0757145637971361     
   42.181885109789256        1.0740639221873520     
   42.188424936938056        1.0724122065136457     
   42.194964764086862        1.0707594184277329     
   42.201504591235668        1.0691055595824017     
   42.208044418384468        1.0674506316315109     
   42.214584245533274        1.0657946362299884     
   42.221124072682080        1.0641375750338296     
   42.227663899830887        1.0624794497000956     
   42.234203726979686        1.0608202618869120     
   42.240743554128493        1.0591600132534666     
   42.247283381277299        1.0574987054600078     
   42.253823208426105        1.0558363401678437     
   42.260363035574905        1.0541729190393392     
   42.266902862723711        1.0525084437379155     
   42.273442689872518        1.0508429159280483     
   42.279982517021324        1.0491763372752652     
   42.286522344170123        1.0475087094461446     
   42.293062171318930        1.0458400341083149     
   42.299601998467736        1.0441703129304509     
   42.306141825616542        1.0424995475822743     
   42.312681652765342        1.0408277397345500     
   42.319221479914148        1.0391548910590860     
   42.325761307062955        1.0374810032287309     
   42.332301134211754        1.0358060779173728     
   42.338840961360560        1.0341301167999364     
   42.345380788509367        1.0324531215523833     
   42.351920615658173        1.0307750938517088     
   42.358460442806972        1.0290960353759402     
   42.365000269955779        1.0274159478041363     
   42.371540097104585        1.0257348328163847     
   42.378079924253392        1.0240526920938002     
   42.384619751402191        1.0223695273185236     
   42.391159578550997        1.0206853401737197     
   42.397699405699804        1.0190001323435753     
   42.404239232848610        1.0173139055132987     
   42.410779059997409        1.0156266613691167     
   42.417318887146216        1.0139384015982731     
   42.423858714295022        1.0122491278890280     
   42.430398541443829        1.0105588419306548     
   42.436938368592628        1.0088675454134399     
   42.443478195741434        1.0071752400286795     
   42.450018022890241        1.0054819274686790     
   42.456557850039040        1.0037876094267508     
   42.463097677187847        1.0020922875972134     
   42.469637504336653        1.0003959636753883     
   42.476177331485459       0.99869863935759939     
   42.482717158634259       0.99700031634117114     
   42.489256985783065       0.99530099632442659     
   42.495796812931872       0.99360068100668564     
   42.502336640080678       0.99189937208826373     
   42.508876467229477       0.99019707127046963     
   42.515416294378284       0.98849378025560430     
   42.521956121527090       0.98678950074695870     
   42.528495948675896       0.98508423444881243     
   42.535035775824696       0.98337798306643165     
   42.541575602973502       0.98167074830606771     
   42.548115430122309       0.97996253187495552     
   42.554655257271108       0.97825333548131155     
   42.561195084419914       0.97654316083433201     
   42.567734911568721       0.97483200964419170     
   42.574274738717527       0.97311988362204171     
   42.580814565866326       0.97140678448000817     
   42.587354393015133       0.96969271393119016     
   42.593894220163939       0.96797767368965826     
   42.600434047312746       0.96626166547045278     
   42.606973874461545       0.96454469098958173     
   42.613513701610351       0.96282675196401968     
   42.620053528759158       0.96110785011170574     
   42.626593355907964       0.95938798715154161     
   42.633133183056763       0.95766716480339031     
   42.639673010205570       0.95594538478807423     
   42.646212837354376       0.95422264882737329     
   42.652752664503183       0.95249895864402367     
   42.659292491651982       0.95077431596171535     
   42.665832318800788       0.94904872250509109     
   42.672372145949595       0.94732217999974422     
   42.678911973098394       0.94559469017221742     
   42.685451800247201       0.94386625475000030     
   42.691991627396007       0.94213687546152847     
   42.698531454544813       0.94040655403618123     
   42.705071281693613       0.93867529220427992     
   42.711611108842419       0.93694309169708645     
   42.718150935991225       0.93520995424680120     
   42.724690763140032       0.93347588158656170     
   42.731230590288831       0.93174087545044071     
   42.737770417437638       0.93000493757344416     
   42.744310244586444       0.92826806969150999     
   42.750850071735250       0.92653027354150619     
   42.757389898884050       0.92479155086122877     
   42.763929726032856       0.92305190338940046     
   42.770469553181663       0.92131133286566880     
   42.777009380330469       0.91956984103060424     
   42.783549207479268       0.91782742962569863     
   42.790089034628075       0.91608410039336352     
   42.796628861776881       0.91433985507692783     
   42.803168688925680       0.91259469542063720     
   42.809708516074487       0.91084862316965109     
   42.816248343223293       0.90910164007004191     
   42.822788170372100       0.90735374786879253     
   42.829327997520899       0.90560494831379523     
   42.835867824669705       0.90385524315384969     
   42.842407651818512       0.90210463413866093     
   42.848947478967318       0.90035312301883808     
   42.855487306116117       0.89860071154589216     
   42.862027133264924       0.89684740147223474     
   42.868566960413730       0.89509319455117575     
   42.875106787562537       0.89333809253692231     
   42.881646614711336       0.89158209718457626     
   42.888186441860142       0.88982521025013306     
   42.894726269008949       0.88806743349047956     
   42.901266096157755       0.88630876866339248     
   42.907805923306555       0.88454921752753690     
   42.914345750455361       0.88278878184246368     
   42.920885577604167       0.88102746336860860     
   42.927425404752967       0.87926526386729031     
   42.933965231901773       0.87750218510070810     
   42.940505059050579       0.87573822883194075     
   42.947044886199386       0.87397339682494468     
   42.953584713348185       0.87220769084455163     
   42.960124540496992       0.87044111265646784     
   42.966664367645798       0.86867366402727131     
   42.973204194794604       0.86690534672441077     
   42.979744021943404       0.86513616251620362     
   42.986283849092210       0.86336611317183387     
   42.992823676241017       0.86159520046135096     
   42.999363503389823       0.85982342615566765     
   43.005903330538622       0.85805079202655810     
   43.012443157687429       0.85627729984665657     
   43.018982984836235       0.85450295138945520     
   43.025522811985034       0.85272774842930243     
   43.032062639133841       0.85095169274140126     
   43.038602466282647       0.84917478610180730     
   43.045142293431454       0.84739703028742719     
   43.051682120580253       0.84561842707601687     
   43.058221947729059       0.84383897824617948     
   43.064761774877866       0.84205868557736385     
   43.071301602026672       0.84027755084986255     
   43.077841429175471       0.83849557584481049     
   43.084381256324278       0.83671276234418257     
   43.090921083473084       0.83492911213079246     
   43.097460910621891       0.83314462698829006     
   43.104000737770690       0.83135930870116082     
   43.110540564919496       0.82957315905472273     
   43.117080392068303       0.82778617983512559     
   43.123620219217109       0.82599837282934874     
   43.130160046365908       0.82420973982519896     
   43.136699873514715       0.82242028261130939     
   43.143239700663521       0.82063000297713717     
   43.149779527812321       0.81883890271296200     
   43.156319354961127       0.81704698360988415     
   43.162859182109933       0.81525424745982267     
   43.169399009258740       0.81346069605551363     
   43.175938836407539       0.81166633119050857     
   43.182478663556346       0.80987115465917237     
   43.189018490705152       0.80807516825668146     
   43.195558317853958       0.80627837377902223     
   43.202098145002758       0.80448077302298926     
   43.208637972151564       0.80268236778618329     
   43.215177799300371       0.80088315986700964     
   43.221717626449177       0.79908315106467609     
   43.228257453597976       0.79728234317919133     
   43.234797280746783       0.79548073801136354     
   43.241337107895589       0.79367833736279769     
   43.247876935044395       0.79187514303589457     
   43.254416762193195       0.79007115683384832     
   43.260956589342001       0.78826638056064524     
   43.267496416490808       0.78646081602106166     
   43.274036243639607       0.78465446502066194     
   43.280576070788413       0.78284732936579715     
   43.287115897937220       0.78103941086360307     
   43.293655725086026       0.77923071132199806     
   43.300195552234825       0.77742123254968176     
   43.306735379383632       0.77561097635613296     
   43.313275206532438       0.77379994455160783     
   43.319815033681245       0.77198813894713814     
   43.326354860830044       0.77017556135452947     
   43.332894687978850       0.76836221358635959     
   43.339434515127657       0.76654809745597596     
   43.345974342276463       0.76473321477749501     
   43.352514169425262       0.76291756736579919     
   43.359053996574069       0.76110115703653602     
   43.365593823722875       0.75928398560611576     
   43.372133650871682       0.75746605489170993     
   43.378673478020481       0.75564736671124921     
   43.385213305169287       0.75382792288342182     
   43.391753132318094       0.75200772522767156     
   43.398292959466893       0.75018677556419600     
   43.404832786615700       0.74836507571394495     
   43.411372613764506       0.74654262749861799     
   43.417912440913312       0.74471943274066355     
   43.424452268062112       0.74289549326327642     
   43.430992095210918       0.74107081089039584     
   43.437531922359724       0.73924538744670454     
   43.444071749508531       0.73741922475762567     
   43.450611576657330       0.73559232464932212     
   43.457151403806137       0.73376468894869395     
   43.463691230954943       0.73193631948337678     
   43.470231058103749       0.73010721808174017     
   43.476770885252549       0.72827738657288543     
   43.483310712401355       0.72644682678664407     
   43.489850539550162       0.72461554055357580     
   43.496390366698968       0.72278352970496706     
   43.502930193847767       0.72095079607282864     
   43.509470020996574       0.71911734148989404     
   43.516009848145380       0.71728316778961787     
   43.522549675294179       0.71544827680617396     
   43.529089502442986       0.71361267037445331     
   43.535629329591792       0.71177635033006215     
   43.542169156740599       0.70993931850932068     
   43.548708983889398       0.70810157674926066     
   43.555248811038204       0.70626312688762394     
   43.561788638187011       0.70442397076286034     
   43.568328465335817       0.70258411021412592     
   43.574868292484616       0.70074354708128117     
   43.581408119633423       0.69890228320488945     
   43.587947946782229       0.69706032042621446     
   43.594487773931036       0.69521766058721901     
   43.601027601079835       0.69337430553056312     
   43.607567428228641       0.69153025709960170     
   43.614107255377448       0.68968551713838311     
   43.620647082526247       0.68784008749164749     
   43.627186909675054       0.68599397000482432     
   43.633726736823860       0.68414716652403129     
   43.640266563972666       0.68229967889607168     
   43.646806391121466       0.68045150896843321     
   43.653346218270272       0.67860265858928570     
   43.659886045419078       0.67675312960747969     
   43.666425872567885       0.67490292387254402     
   43.672965699716684       0.67305204323468448     
   43.679505526865491       0.67120048954478173     
   43.686045354014297       0.66934826465438946     
   43.692585181163103       0.66749537041573259     
   43.699125008311903       0.66564180868170530     
   43.705664835460709       0.66378758130586935     
   43.712204662609516       0.66193269014245215     
   43.718744489758322       0.66007713704634485     
   43.725284316907121       0.65822092387310049     
   43.731824144055928       0.65636405247893237     
   43.738363971204734       0.65450652472071169     
   43.744903798353533       0.65264834245596637     
   43.751443625502340       0.65078950754287845     
   43.757983452651146       0.64893002184028314     
   43.764523279799953       0.64706988720766589     
   43.771063106948752       0.64520910550516142     
   43.777602934097558       0.64334767859355146     
   43.784142761246365       0.64148560833426305     
   43.790682588395171       0.63962289658936622     
   43.797222415543970       0.63775954522157274     
   43.803762242692777       0.63589555609423409     
   43.810302069841583       0.63403093107133934     
   43.816841896990390       0.63216567201751350     
   43.823381724139189       0.63029978079801563     
   43.829921551287995       0.62843325927873694     
   43.836461378436802       0.62656610932619905     
   43.843001205585608       0.62469833280755172     
   43.849541032734408       0.62282993159057154     
   43.856080859883214       0.62096090754365985     
   43.862620687032020       0.61909126253584057     
   43.869160514180820       0.61722099843675871     
   43.875700341329626       0.61535011711667831     
   43.882240168478432       0.61347862044648094     
   43.888779995627239       0.61160651029766311     
   43.895319822776038       0.60973378854233506     
   43.901859649924845       0.60786045705321834     
   43.908399477073651       0.60598651770364476     
   43.914939304222457       0.60411197236755332     
   43.921479131371257       0.60223682291948955     
   43.928018958520063       0.60036107123460281     
   43.934558785668870       0.59848471918864488     
   43.941098612817676       0.59660776865796772     
   43.947638439966475       0.59473022151952193     
   43.954178267115282       0.59285207965085462     
   43.960718094264088       0.59097334493010767     
   43.967257921412894       0.58909401923601579     
   43.973797748561694       0.58721410444790478     
   43.980337575710500       0.58533360244568922     
   43.986877402859307       0.58345251510987128     
   43.993417230008106       0.58157084432153827     
   43.999957057156912       0.57968859196236100     
   44.006496884305719       0.57780575991459171     
   44.013036711454525       0.57592235006106263     
   44.019576538603324       0.57403836428518351     
   44.026116365752131       0.57215380447094000     
   44.032656192900937       0.57026867250289215     
   44.039196020049744       0.56838297026617168     
   44.045735847198543       0.56649669964648086     
   44.052275674347349       0.56460986253009038     
   44.058815501496156       0.56272246080383748     
   44.065355328644962       0.56083449635512372     
   44.071895155793761       0.55894597107191357     
   44.078434982942568       0.55705688684273236     
   44.084974810091374       0.55516724555666419     
   44.091514637240181       0.55327704910335052     
   44.098054464388980       0.55138629937298778     
   44.104594291537786       0.54949499825632553     
   44.111134118686593       0.54760314764466511     
   44.117673945835392       0.54571074942985720     
   44.124213772984199       0.54381780550429970     
   44.130753600133005       0.54192431776093675     
   44.137293427281811       0.54003028809325615     
   44.143833254430611       0.53813571839528740     
   44.150373081579417       0.53624061056160022     
   44.156912908728223       0.53434496648730256     
   44.163452735877030       0.53244878806803841     
   44.169992563025829       0.53055207719998621     
   44.176532390174636       0.52865483577985684     
   44.183072217323442       0.52675706570489167     
   44.189612044472248       0.52485876887286087     
   44.196151871621048       0.52295994718206107     
   44.202691698769854       0.52106060253131414     
   44.209231525918661       0.51916073681996466     
   44.215771353067460       0.51726035194787845     
   44.222311180216266       0.51535944981544024     
   44.228851007365073       0.51345803232355225     
   44.235390834513879       0.51155610137363194     
   44.241930661662678       0.50965365886761027     
   44.248470488811485       0.50775070670792966     
   44.255010315960291       0.50584724679754234     
   44.261550143109098       0.50394328103990826     
   44.268089970257897       0.50203881133899309     
   44.274629797406703       0.50013383959926661     
   44.281169624555510       0.49822836772570045     
   44.287709451704316       0.49632239762376656     
   44.294249278853115       0.49441593119943505     
   44.300789106001922       0.49250897035917235     
   44.307328933150728       0.49060151700993926     
   44.313868760299535       0.48869357305918920     
   44.320408587448334       0.48678514041486615     
   44.326948414597140       0.48487622098540262     
   44.333488241745947       0.48296681667971814     
   44.340028068894746       0.48105692940721700     
   44.346567896043553       0.47914656107778641     
   44.353107723192359       0.47723571360179479     
   44.359647550341165       0.47532438889008960     
   44.366187377489965       0.47341258885399551     
   44.372727204638771       0.47150031540531262     
   44.379267031787577       0.46958757045631433     
   44.385806858936384       0.46767435591974560     
   44.392346686085183       0.46576067370882090     
   44.398886513233990       0.46384652573722257     
   44.405426340382796       0.46193191391909844     
   44.411966167531602       0.46001684016906041     
   44.418505994680402       0.45810130640218222     
   44.425045821829208       0.45618531453399763     
   44.431585648978015       0.45426886648049847     
   44.438125476126821       0.45235196415813289     
   44.444665303275620       0.45043460948380315     
   44.451205130424427       0.44851680437486385     
   44.457744957573233       0.44659855074912019     
   44.464284784722032       0.44467985052482578     
   44.470824611870839       0.44276070562068082     
   44.477364439019645       0.44084111795583020     
   44.483904266168452       0.43892108944986169     
   44.490444093317251       0.43700062202280371     
   44.496983920466057       0.43507971759512371     
   44.503523747614864       0.43315837808772606     
   44.510063574763670       0.43123660542195041     
   44.516603401912469       0.42931440151956929     
   44.523143229061276       0.42739176830278663     
   44.529683056210082       0.42546870769423573     
   44.536222883358889       0.42354522161697711     
   44.542762710507688       0.42162131199449693     
   44.549302537656494       0.41969698075070472     
   44.555842364805301       0.41777222980993178     
   44.562382191954107       0.41584706109692909     
   44.568922019102907       0.41392147653686523     
   44.575461846251713       0.41199547805532488     
   44.582001673400519       0.41006906757830647     
   44.588541500549319       0.40814224703222052     
   44.595081327698125       0.40621501834388746     
   44.601621154846931       0.40428738344053611     
   44.608160981995738       0.40235934424980130     
   44.614700809144537       0.40043090269972226     
   44.621240636293344       0.39850206071874050     
   44.627780463442150       0.39657282023569806     
   44.634320290590956       0.39464318317983538     
   44.640860117739756       0.39271315148078956     
   44.647399944888562       0.39078272706859229     
   44.653939772037369       0.38885191187366791     
   44.660479599186175       0.38692070782683169     
   44.667019426334974       0.38498911685928761     
   44.673559253483781       0.38305714090262671     
   44.680099080632587       0.38112478188882487     
   44.686638907781386       0.37919204175024113     
   44.693178734930193       0.37725892241961562     
   44.699718562078999       0.37532542583006778     
   44.706258389227806       0.37339155391509410     
   44.712798216376605       0.37145730860856646     
   44.719338043525411       0.36952269184473024     
   44.725877870674218       0.36758770555820219     
   44.732417697823024       0.36565235168396859     
   44.738957524971823       0.36371663215738337     
   44.745497352120630       0.36178054891416594     
   44.752037179269436       0.35984410389039961     
   44.758577006418243       0.35790729902252938     
   44.765116833567042       0.35597013624736012     
   44.771656660715848       0.35403261750205461     
   44.778196487864655       0.35209474472413160     
   44.784736315013461       0.35015651985146384     
   44.791276142162260       0.34821794482227625     
   44.797815969311067       0.34627902157514384     
   44.804355796459873       0.34433975204898987     
   44.810895623608673       0.34240013818308385     
   44.817435450757479       0.34046018191703964     
   44.823975277906285       0.33851988519081350     
   44.830515105055092       0.33657924994470217     
   44.837054932203891       0.33463827811934094     
   44.843594759352698       0.33269697165570156     
   44.850134586501504       0.33075533249509054     
   44.856674413650310       0.32881336257914701     
   44.863214240799110       0.32687106384984094     
   44.869754067947916       0.32492843824947099     
   44.876293895096723       0.32298548772066277     
   44.882833722245529       0.32104221420636680     
   44.889373549394328       0.31909861964985664     
   44.895913376543135       0.31715470599472689     
   44.902453203691941       0.31521047518489109     
   44.908993030840747       0.31326592916458013     
   44.915532857989547       0.31132106987834002     
   44.922072685138353       0.30937589927102999     
   44.928612512287160       0.30743041928782072     
   44.935152339435959       0.30548463187419217     
   44.941692166584765       0.30353853897593175     
   44.948231993733572       0.30159214253913236     
   44.954771820882378       0.29964544451019048     
   44.961311648031177       0.29769844683580404     
   44.967851475179984       0.29575115146297082     
   44.974391302328790       0.29380356033898614     
   44.980931129477597       0.29185567541144108     
   44.987470956626396       0.28990749862822068     
   44.994010783775202       0.28795903193750161     
   45.000550610924009       0.28601027728775064     
   45.007090438072815       0.28406123662772237     
   45.013630265221614       0.28211191190645746     
   45.020170092370421       0.28016230507328066     
   45.026709919519227       0.27821241807779878     
   45.033249746668034       0.27626225286989881     
   45.039789573816833       0.27431181139974598     
   45.046329400965639       0.27236109561778171     
   45.052869228114446       0.27041010747472183     
   45.059409055263245       0.26845884892155447     
   45.065948882412052       0.26650732190953819     
   45.072488709560858       0.26455552839020002     
   45.079028536709664       0.26260347031533349     
   45.085568363858464       0.26065114963699665     
   45.092108191007270       0.25869856830751015     
   45.098648018156076       0.25674572827945535     
   45.105187845304883       0.25479263150567233     
   45.111727672453682       0.25283927993925776     
   45.118267499602489       0.25088567553356328     
   45.124807326751295       0.24893182024219321     
   45.131347153900101       0.24697771601900292     
   45.137886981048901       0.24502336481809658     
   45.144426808197707       0.24306876859382548     
   45.150966635346514       0.24111392930078573     
   45.157506462495320       0.23915884889381672     
   45.164046289644119       0.23720352932799879     
   45.170586116792926       0.23524797255865157     
   45.177125943941732       0.23329218054133177     
   45.183665771090531       0.23133615523183143     
   45.190205598239338       0.22937989858617588     
   45.196745425388144       0.22742341256062176     
   45.203285252536951       0.22546669911165504     
   45.209825079685750       0.22350976019598923     
   45.216364906834556       0.22155259777056319     
   45.222904733983363       0.21959521379253938     
   45.229444561132169       0.21763761021930178     
   45.235984388280968       0.21567978900845397     
   45.242524215429775       0.21372175211781713     
   45.249064042578581       0.21176350150542816     
   45.255603869727388       0.20980503912953771     
   45.262143696876187       0.20784636694860814     
   45.268683524024993       0.20588748692131159     
   45.275223351173800       0.20392840100652815     
   45.281763178322599       0.20196911116334368     
   45.288303005471406       0.20000961935104802     
   45.294842832620212       0.19804992752913306     
   45.301382659769018       0.19609003765729052     
   45.307922486917818       0.19412995169541036     
   45.314462314066624       0.19216967160357851     
   45.321002141215430       0.19020919934207506     
   45.327541968364237       0.18824853687137227     
   45.334081795513036       0.18628768615213262     
   45.340621622661843       0.18432664914520683     
   45.347161449810649       0.18236542781163187     
   45.353701276959455       0.18040402411262910     
   45.360241104108255       0.17844244000960222     
   45.366780931257061       0.17648067746413532     
   45.373320758405868       0.17451873843799096     
   45.379860585554674       0.17255662489310819     
   45.386400412703473       0.17059433879160052     
   45.392940239852280       0.16863188209575405     
   45.399480067001086       0.16666925676802546     
   45.406019894149885       0.16470646477104015     
   45.412559721298692       0.16274350806759005     
   45.419099548447498       0.16078038862063188     
   45.425639375596305       0.15881710839328506     
   45.432179202745104       0.15685366934882986     
   45.438719029893910       0.15489007345070527     
   45.445258857042717       0.15292632266250725     
   45.451798684191523       0.15096241894798654     
   45.458338511340322       0.14899836427104690     
   45.464878338489129       0.14703416059574298     
   45.471418165637935       0.14506980988627843     
   45.477957992786742       0.14310531410700403     
   45.484497819935541       0.14114067522241550     
   45.491037647084347       0.13917589519715173     
   45.497577474233154       0.13721097599599280     
   45.504117301381960       0.13524591958385787     
   45.510657128530760       0.13328072792580334     
   45.517196955679566       0.13131540298702091     
   45.523736782828372       0.12934994673283548     
   45.530276609977172       0.12738436112870330     
   45.536816437125978       0.12541864814021003     
   45.543356264274784       0.12345280973306860     
   45.549896091423591       0.12148684787311745     
   45.556435918572390       0.11952076452631843     
   45.562975745721197       0.11755456165875489     
   45.569515572870003       0.11558824123662968     
   45.576055400018809       0.11362180522626324     
   45.582595227167609       0.11165525559409156     
   45.589135054316415       0.10968859430666429     
   45.595674881465222       0.10772182333064272     
   45.602214708614028       0.10575494463279782     
   45.608754535762827       0.10378796018000828     
   45.615294362911634       0.10182087193925857     
   45.621834190060440        9.9853681877636921E-002
   45.628374017209246        9.7886391962333411E-002
   45.634913844358046        9.5919004160637936E-002
   45.641453671506852        9.3951520439938291E-002
   45.647993498655659        9.1983942767718221E-002
   45.654533325804458        9.0016273111555370E-002
   45.661073152953264        8.8048513439119416E-002
   45.667612980102071        8.6080665718170024E-002
   45.674152807250877        8.4112731916554911E-002
   45.680692634399676        8.2144714002207880E-002
   45.687232461548483        8.0176613943146846E-002
   45.693772288697289        7.8208433707471867E-002
   45.700312115846096        7.6240175263363172E-002
   45.706851942994895        7.4271840579079221E-002
   45.713391770143701        7.2303431622954689E-002
   45.719931597292508        7.0334950363398541E-002
   45.726471424441314        6.8366398768892014E-002
   45.733011251590113        6.6397778807986724E-002
   45.739551078738920        6.4429092449302616E-002
   45.746090905887726        6.2460341661526066E-002
   45.752630733036526        6.0491528413407845E-002
   45.759170560185332        5.8522654673761214E-002
   45.765710387334138        5.6553722411459909E-002
   45.772250214482945        5.4584733595436190E-002
   45.778790041631744        5.2615690194678870E-002
   45.785329868780551        5.0646594178231363E-002
   45.791869695929357        4.8677447515189674E-002
   45.798409523078163        4.6708252174700468E-002
   45.804949350226963        4.4739010125959093E-002
   45.811489177375769        4.2769723338207589E-002
   45.818029004524575        4.0800393780732754E-002
   45.824568831673382        3.8831023422864139E-002
   45.831108658822181        3.6861614233972100E-002
   45.837648485970988        3.4892168183465827E-002
   45.844188313119794        3.2922687240791379E-002
   45.850728140268600        3.0953173375429688E-002
   45.857267967417400        2.8983628556894618E-002
   45.863807794566206        2.7014054754730989E-002
   45.870347621715013        2.5044453938512609E-002
   45.876887448863812        2.3074828077840292E-002
   45.883427276012618        2.1105179142339895E-002
   45.889967103161425        1.9135509101660356E-002
   45.896506930310231        1.7165819925471715E-002
   45.903046757459030        1.5196113583463147E-002
   45.909586584607837        1.3226392045340995E-002
   45.916126411756643        1.1256657280826799E-002
   45.922666238905450        9.2869112596553234E-003
   45.929206066054249        7.3171559515725869E-003
   45.935745893203055        5.3473933263338998E-003
   45.942285720351862        3.3776253537018855E-003
   45.948825547500668        1.4078540034445179E-003
   45.955365374649467       -5.6191875466685311E-004
   45.961905201798274       -2.5316909508594698E-003
   45.968445028947080       -4.5014606153611350E-003
   45.974984856095887       -6.4712257784021862E-003
   45.981524683244686       -8.4409844702174573E-003
   45.988064510393492       -1.0410734721048261E-002
   45.994604337542299       -1.2380474561144342E-002
   46.001144164691098       -1.4350202020765862E-002
   46.007683991839905       -1.6319915130185360E-002
   46.014223818988711       -1.8289611919689728E-002
   46.020763646137517       -2.0259290419582174E-002
   46.027303473286317       -2.2228948660184197E-002
   46.033843300435123       -2.4198584671837563E-002
   46.040383127583929       -2.6168196484906255E-002
   46.046922954732736       -2.8137782129778459E-002
   46.053462781881535       -3.0107339636868537E-002
   46.060002609030342       -3.2076867036618974E-002
   46.066542436179148       -3.4046362359502376E-002
   46.073082263327954       -3.6015823636023410E-002
   46.079622090476754       -3.7985248896720808E-002
   46.086161917625560       -3.9954636172169315E-002
   46.092701744774367       -4.1923983492981647E-002
   46.099241571923173       -4.3893288889810485E-002
   46.105781399071972       -4.5862550393350437E-002
   46.112321226220779       -4.7831766034339994E-002
   46.118861053369585       -4.9800933843563516E-002
   46.125400880518384       -5.1770051851853197E-002
   46.131940707667191       -5.3739118090091020E-002
   46.138480534815997       -5.5708130589210751E-002
   46.145020361964804       -5.7677087380199901E-002
   46.151560189113603       -5.9645986494101667E-002
   46.158100016262409       -6.1614825962016936E-002
   46.164639843411216       -6.3583603815106249E-002
   46.171179670560022       -6.5552318084591735E-002
   46.177719497708821       -6.7520966801759147E-002
   46.184259324857628       -6.9489547997959769E-002
   46.190799152006434       -7.1458059704612387E-002
   46.197338979155241       -7.3426499953205299E-002
   46.203878806304040       -7.5394866775298261E-002
   46.210418633452846       -7.7363158202524443E-002
   46.216958460601653       -7.9331372266592426E-002
   46.223498287750459       -8.1299506999288146E-002
   46.230038114899259       -8.3267560432476850E-002
   46.236577942048065       -8.5235530598105125E-002
   46.243117769196871       -8.7203415528202807E-002
   46.249657596345671       -8.9171213254884960E-002
   46.256197423494477       -9.1138921810353851E-002
   46.262737250643283       -9.3106539226900931E-002
   46.269277077792090       -9.5074063536908782E-002
   46.275816904940889       -9.7041492772853094E-002
   46.282356732089696       -9.9008824967304648E-002
   46.288896559238502      -0.10097605815293122     
   46.295436386387308      -0.10294319036249965     
   46.301976213536108      -0.10491021962887770     
   46.308516040684914      -0.10687714398503614     
   46.315055867833721      -0.10884396146405059     
   46.321595694982527      -0.11081067009910359     
   46.328135522131326      -0.11277726792348648     
   46.334675349280133      -0.11474375297060145     
   46.341215176428939      -0.11671012327396343     
   46.347755003577738      -0.11867637686720216     
   46.354294830726545      -0.12064251178406400     
   46.360834657875351      -0.12260852605841406     
   46.367374485024158      -0.12457441772423807     
   46.373914312172957      -0.12654018481564436     
   46.380454139321763      -0.12850582536686581     
   46.386993966470570      -0.13047133741226188     
   46.393533793619376      -0.13243671898632056     
   46.400073620768175      -0.13440196812366023     
   46.406613447916982      -0.13636708285903179     
   46.413153275065788      -0.13833206122732047     
   46.419693102214595      -0.14029690126354791     
   46.426232929363394      -0.14226160100287411     
   46.432772756512200      -0.14422615848059928     
   46.439312583661007      -0.14619057173216599     
   46.445852410809813      -0.14815483879316094     
   46.452392237958612      -0.15011895769931713     
   46.458932065107419      -0.15208292648651561     
   46.465471892256225      -0.15404674319078759     
   46.472011719405025      -0.15601040584831641     
   46.478551546553831      -0.15797391249543935     
   46.485091373702637      -0.15993726116864981     
   46.491631200851444      -0.16190044990459912     
   46.498171028000243      -0.16386347674009852     
   46.504710855149050      -0.16582633971212118     
   46.511250682297856      -0.16778903685780414     
   46.517790509446662      -0.16975156621445023     
   46.524330336595462      -0.17171392581953010     
   46.530870163744268      -0.17367611371068417     
   46.537409990893075      -0.17563812792572456     
   46.543949818041881      -0.17759996650263701     
   46.550489645190680      -0.17956162747958299     
   46.557029472339487      -0.18152310889490147     
   46.563569299488293      -0.18348440878711106     
   46.570109126637099      -0.18544552519491184     
   46.576648953785899      -0.18740645615718746     
   46.583188780934705      -0.18936719971300689     
   46.589728608083512      -0.19132775390162662     
   46.596268435232311      -0.19328811676249244     
   46.602808262381117      -0.19524828633524152     
   46.609348089529924      -0.19720826065970426     
   46.615887916678730      -0.19916803777590630     
   46.622427743827529      -0.20112761572407059     
   46.628967570976336      -0.20308699254461915     
   46.635507398125142      -0.20504616627817515     
   46.642047225273949      -0.20700513496556489     
   46.648587052422748      -0.20896389664781964     
   46.655126879571554      -0.21092244936617777     
   46.661666706720361      -0.21288079116208650     
   46.668206533869167      -0.21483892007720409     
   46.674746361017966      -0.21679683415340159     
   46.681286188166773      -0.21875453143276494     
   46.687826015315579      -0.22071200995759688     
   46.694365842464386      -0.22266926777041884     
   46.700905669613185      -0.22462630291397304     
   46.707445496761991      -0.22658311343122434     
   46.713985323910798      -0.22853969736536223     
   46.720525151059597      -0.23049605275980273     
   46.727064978208404      -0.23245217765819046     
   46.733604805357210      -0.23440807010440054     
   46.740144632506016      -0.23636372814254050     
   46.746684459654816      -0.23831914981695232     
   46.753224286803622      -0.24027433317221430     
   46.759764113952428      -0.24222927625314314     
   46.766303941101235      -0.24418397710479572     
   46.772843768250034      -0.24613843377247122     
   46.779383595398841      -0.24809264430171293     
   46.785923422547647      -0.25004660673831036     
   46.792463249696453      -0.25200031912830101     
   46.799003076845253      -0.25395377951797260     
   46.805542903994059      -0.25590698595386463     
   46.812082731142866      -0.25785993648277067     
   46.818622558291665      -0.25981262915174030     
   46.825162385440471      -0.26176506200808081     
   46.831702212589278      -0.26371723309935929     
   46.838242039738084      -0.26566914047340467     
   46.844781866886883      -0.26762078217830959     
   46.851321694035690      -0.26957215626243231     
   46.857861521184496      -0.27152326077439876     
   46.864401348333303      -0.27347409376310444     
   46.870941175482102      -0.27542465327771637     
   46.877481002630908      -0.27737493736767499     
   46.884020829779715      -0.27932494408269620     
   46.890560656928521      -0.28127467147277341     
   46.897100484077320      -0.28322411758817911     
   46.903640311226127      -0.28517328047946722     
   46.910180138374933      -0.28712215819747477     
   46.916719965523740      -0.28907074879332417     
   46.923259792672539      -0.29101905031842479     
   46.929799619821345      -0.29296706082447510     
   46.936339446970152      -0.29491477836346458     
   46.942879274118951      -0.29686220098767568     
   46.949419101267758      -0.29880932674968586     
   46.955958928416564      -0.30075615370236924     
   46.962498755565370      -0.30270267989889899     
   46.969038582714170      -0.30464890339274880     
   46.975578409862976      -0.30659482223769524     
   46.982118237011782      -0.30854043448781943     
   46.988658064160589      -0.31048573819750919     
   46.995197891309388      -0.31243073142146072     
   47.001737718458195      -0.31437541221468090     
   47.008277545607001      -0.31631977863248883     
   47.014817372755807      -0.31826382873051812     
   47.021357199904607      -0.32020756056471872     
   47.027897027053413      -0.32215097219135874     
   47.034436854202220      -0.32409406166702659     
   47.040976681351026      -0.32603682704863274     
   47.047516508499825      -0.32797926639341179     
   47.054056335648632      -0.32992137775892449     
   47.060596162797438      -0.33186315920305948     
   47.067135989946237      -0.33380460878403528     
   47.073675817095044      -0.33574572456040225     
   47.080215644243850      -0.33768650459104471     
   47.086755471392657      -0.33962694693518253     
   47.093295298541456      -0.34156704965237344     
   47.099835125690262      -0.34350681080251472     
   47.106374952839069      -0.34544622844584516     
   47.112914779987875      -0.34738530064294720     
   47.119454607136674      -0.34932402545474855     
   47.125994434285481      -0.35126240094252448     
   47.132534261434287      -0.35320042516789940     
   47.139074088583094      -0.35513809619284925     
   47.145613915731893      -0.35707541207970284     
   47.152153742880699      -0.35901237089114435     
   47.158693570029506      -0.36094897069021498     
   47.165233397178312      -0.36288520954031489     
   47.171773224327112      -0.36482108550520531     
   47.178313051475918      -0.36675659664901022     
   47.184852878624724      -0.36869174103621849     
   47.191392705773524      -0.37062651673168573     
   47.197932532922330      -0.37256092180063621     
   47.204472360071136      -0.37449495430866492     
   47.211012187219943      -0.37642861232173930     
   47.217552014368742      -0.37836189390620134     
   47.224091841517549      -0.38029479712876946     
   47.230631668666355      -0.38222732005654042     
   47.237171495815161      -0.38415946075699131     
   47.243711322963961      -0.38609121729798140     
   47.250251150112767      -0.38802258774775422     
   47.256790977261574      -0.38995357017493926     
   47.263330804410380      -0.39188416264855414     
   47.269870631559179      -0.39381436323800639     
   47.276410458707986      -0.39574417001309536     
   47.282950285856792      -0.39767358104401440     
   47.289490113005598      -0.39960259440135232     
   47.296029940154398      -0.40153120815609589     
   47.302569767303204      -0.40345942037963123     
   47.309109594452011      -0.40538722914374625     
   47.315649421600810      -0.40731463252063216     
   47.322189248749616      -0.40924162858288549     
   47.328729075898423      -0.41116821540351023     
   47.335268903047229      -0.41309439105591955     
   47.341808730196028      -0.41502015361393785     
   47.348348557344835      -0.41694550115180251     
   47.354888384493641      -0.41887043174416605     
   47.361428211642448      -0.42079494346609780     
   47.367968038791247      -0.42271903439308611     
   47.374507865940053      -0.42464270260103998     
   47.381047693088860      -0.42656594616629129     
   47.387587520237666      -0.42848876316559648     
   47.394127347386465      -0.43041115167613847     
   47.400667174535272      -0.43233310977552880     
   47.407207001684078      -0.43425463554180938     
   47.413746828832878      -0.43617572705345442     
   47.420286655981684      -0.43809638238937237     
   47.426826483130490      -0.44001659962890799     
   47.433366310279297      -0.44193637685184395     
   47.439906137428096      -0.44385571213840302     
   47.446445964576903      -0.44577460356925003     
   47.452985791725709      -0.44769304922549341     
   47.459525618874515      -0.44961104718868755     
   47.466065446023315      -0.45152859554083452     
   47.472605273172121      -0.45344569236438592     
   47.479145100320927      -0.45536233574224499     
   47.485684927469734      -0.45727852375776828     
   47.492224754618533      -0.45919425449476781     
   47.498764581767340      -0.46110952603751293     
   47.505304408916146      -0.46302433647073199     
   47.511844236064952      -0.46493868387961451     
   47.518384063213752      -0.46685256634981320     
   47.524923890362558      -0.46876598196744551     
   47.531463717511365      -0.47067892881909590     
   47.538003544660164      -0.47259140499181740     
   47.544543371808970      -0.47450340857313400     
   47.551083198957777      -0.47641493765104198     
   47.557623026106583      -0.47832599031401229     
   47.564162853255382      -0.48023656465099224     
   47.570702680404189      -0.48214665875140755     
   47.577242507552995      -0.48405627070516410     
   47.583782334701802      -0.48596539860264992     
   47.590322161850601      -0.48787404053473715     
   47.596861988999407      -0.48978219459278388     
   47.603401816148214      -0.49168985886863598     
   47.609941643297020      -0.49359703145462919     
   47.616481470445819      -0.49550371044359093     
   47.623021297594626      -0.49740989392884222     
   47.629561124743432      -0.49931558000419957     
   47.636100951892239      -0.50122076676397698     
   47.642640779041038      -0.50312545230298766     
   47.649180606189844      -0.50502963471654605     
   47.655720433338651      -0.50693331210046977     
   47.662260260487450      -0.50883648255108138     
   47.668800087636257      -0.51073914416521060     
   47.675339914785063      -0.51264129504019562     
   47.681879741933869      -0.51454293327388567     
   47.688419569082669      -0.51644405696464235     
   47.694959396231475      -0.51834466421134207     
   47.701499223380281      -0.52024475311337770     
   47.708039050529088      -0.52214432177066017     
   47.714578877677887      -0.52404336828362086     
   47.721118704826694      -0.52594189075321329     
   47.727658531975500      -0.52783988728091491     
   47.734198359124306      -0.52973735596872917     
   47.740738186273106      -0.53163429491918768     
   47.747278013421912      -0.53353070223535115     
   47.753817840570719      -0.53542657602081234     
   47.760357667719525      -0.53732191437969756     
   47.766897494868324      -0.53921671541666838     
   47.773437322017131      -0.54111097723692381     
   47.779977149165937      -0.54300469794620199     
   47.786516976314736      -0.54489787565078218     
   47.793056803463543      -0.54679050845748678     
   47.799596630612349      -0.54868259447368284     
   47.806136457761156      -0.55057413180728454     
   47.812676284909955      -0.55246511856675440     
   47.819216112058761      -0.55435555286110572     
   47.825755939207568      -0.55624543279990424     
   47.832295766356374      -0.55813475649326993     
   47.838835593505173      -0.56002352205187911     
   47.845375420653980      -0.56191172758696628     
   47.851915247802786      -0.56379937121032586     
   47.858455074951593      -0.56568645103431425     
   47.864994902100392      -0.56757296517185152     
   47.871534729249198      -0.56945891173642360     
   47.878074556398005      -0.57134428884208399     
   47.884614383546811      -0.57322909460345550     
   47.891154210695611      -0.57511332713573249     
   47.897694037844417      -0.57699698455468229     
   47.904233864993223      -0.57888006497664757     
   47.910773692142023      -0.58076256651854785     
   47.917313519290829      -0.58264448729788176     
   47.923853346439635      -0.58452582543272835     
   47.930393173588442      -0.58640657904174953     
   47.936933000737241      -0.58828674624419164     
   47.943472827886048      -0.59016632515988754     
   47.950012655034854      -0.59204531390925830     
   47.956552482183660      -0.59392371061331506     
   47.963092309332460      -0.59580151339366128     
   47.969632136481266      -0.59767872037249403     
   47.976171963630073      -0.59955532967260650     
   47.982711790778879      -0.60143133941738913     
   47.989251617927678      -0.60330674773083248     
   47.995791445076485      -0.60518155273752794     
   48.002331272225291      -0.60705575256267064     
   48.008871099374090      -0.60892934533206089     
   48.015410926522897      -0.61080232917210575     
   48.021950753671703      -0.61267470220982145     
   48.028490580820510      -0.61454646257283496     
   48.035030407969309      -0.61641760838938597     
   48.041570235118115      -0.61828813778832858     
   48.048110062266922      -0.62015804889913340     
   48.054649889415728      -0.62202733985188940     
   48.061189716564527      -0.62389600877730544     
   48.067729543713334      -0.62576405380671285     
   48.074269370862140      -0.62763147307206646     
   48.080809198010947      -0.62949826470594694     
   48.087349025159746      -0.63136442684156280     
   48.093888852308552      -0.63322995761275180     
   48.100428679457359      -0.63509485515398323     
   48.106968506606165      -0.63695911760035950     
   48.113508333754964      -0.63882274308761822     
   48.120048160903771      -0.64068572975213389     
   48.126587988052577      -0.64254807573091977     
   48.133127815201377      -0.64440977916162978     
   48.139667642350183      -0.64627083818256070     
   48.146207469498989      -0.64813125093265334     
   48.152747296647796      -0.64999101555149508     
   48.159287123796595      -0.65185013017932136     
   48.165826950945402      -0.65370859295701733     
   48.172366778094208      -0.65556640202612049     
   48.178906605243014      -0.65742355552882148     
   48.185446432391814      -0.65928005160796699     
   48.191986259540620      -0.66113588840706072     
   48.198526086689427      -0.66299106407026620     
   48.205065913838233      -0.66484557674240752     
   48.211605740987032      -0.66669942456897213     
   48.218145568135839      -0.66855260569611219     
   48.224685395284645      -0.67040511827064642     
   48.231225222433451      -0.67225696044006256     
   48.237765049582251      -0.67410813035251826     
   48.244304876731057      -0.67595862615684366     
   48.250844703879864      -0.67780844600254286     
   48.257384531028663      -0.67965758803979615     
   48.263924358177469      -0.68150605041946144     
   48.270464185326276      -0.68335383129307625     
   48.277004012475082      -0.68520092881285977     
   48.283543839623881      -0.68704734113171451     
   48.290083666772688      -0.68889306640322812     
   48.296623493921494      -0.69073810278167536     
   48.303163321070301      -0.69258244842201988     
   48.309703148219100      -0.69442610147991590     
   48.316242975367906      -0.69626906011171064     
   48.322782802516713      -0.69811132247444518     
   48.329322629665519      -0.69995288672585720     
   48.335862456814318      -0.70179375102438246     
   48.342402283963125      -0.70363391352915683     
   48.348942111111931      -0.70547337240001762     
   48.355481938260738      -0.70731212579750613     
   48.362021765409537      -0.70915017188286877     
   48.368561592558343      -0.71098750881805961     
   48.375101419707150      -0.71282413476574158     
   48.381641246855949      -0.71466004788928883     
   48.388181074004756      -0.71649524635278827     
   48.394720901153562      -0.71832972832104136     
   48.401260728302368      -0.72016349195956608     
   48.407800555451168      -0.72199653543459896     
   48.414340382599974      -0.72382885691309629     
   48.420880209748780      -0.72566045456273676     
   48.427420036897587      -0.72749132655192261     
   48.433959864046386      -0.72932147104978196     
   48.440499691195193      -0.73115088622617030     
   48.447039518343999      -0.73297957025167237     
   48.453579345492805      -0.73480752129760418     
   48.460119172641605      -0.73663473753601461     
   48.466658999790411      -0.73846121713968760     
   48.473198826939218      -0.74028695828214341     
   48.479738654088017      -0.74211195913764094     
   48.486278481236823      -0.74393621788117936     
   48.492818308385630      -0.74575973268849993     
   48.499358135534436      -0.74758250173608787     
   48.505897962683235      -0.74940452320117401     
   48.512437789832042      -0.75122579526173694     
   48.518977616980848      -0.75304631609650474     
   48.525517444129655      -0.75486608388495646     
   48.532057271278454      -0.75668509680732410     
   48.538597098427260      -0.75850335304459504     
   48.545136925576067      -0.76032085077851297     
   48.551676752724873      -0.76213758819158006     
   48.558216579873672      -0.76395356346705900     
   48.564756407022479      -0.76576877478897443     
   48.571296234171285      -0.76758322034211512     
   48.577836061320092      -0.76939689831203539     
   48.584375888468891      -0.77120980688505736     
   48.590915715617697      -0.77302194424827242     
   48.597455542766504      -0.77483330858954325     
   48.603995369915303      -0.77664389809750545     
   48.610535197064110      -0.77845371096156957     
   48.617075024212916      -0.78026274537192275     
   48.623614851361722      -0.78207099951953063     
   48.630154678510522      -0.78387847159613888     
   48.636694505659328      -0.78568515979427556     
   48.643234332808134      -0.78749106230725241     
   48.649774159956941      -0.78929617732916701     
   48.656313987105740      -0.79110050305490431     
   48.662853814254547      -0.79290403768013851     
   48.669393641403353      -0.79470677940133505     
   48.675933468552159      -0.79650872641575210     
   48.682473295700959      -0.79830987692144273     
   48.689013122849765      -0.80011022911725649     
   48.695552949998572      -0.80190978120284118     
   48.702092777147378      -0.80370853137864462     
   48.708632604296177      -0.80550647784591656     
   48.715172431444984      -0.80730361880671075     
   48.721712258593790      -0.80909995246388611     
   48.728252085742589      -0.81089547702110887     
   48.734791912891396      -0.81269019068285464     
   48.741331740040202      -0.81448409165440971     
   48.747871567189009      -0.81627717814187306     
   48.754411394337808      -0.81806944835215833     
   48.760951221486614      -0.81986090049299531     
   48.767491048635421      -0.82165153277293168     
   48.774030875784227      -0.82344134340133535     
   48.780570702933026      -0.82523033058839546     
   48.787110530081833      -0.82701849254512505     
   48.793650357230639      -0.82880582748336218     
   48.800190184379446      -0.83059233361577167     
   48.806730011528245      -0.83237800915584759     
   48.813269838677051      -0.83416285231791432     
   48.819809665825858      -0.83594686131712870     
   48.826349492974664      -0.83773003436948168     
   48.832889320123464      -0.83951236969180043     
   48.839429147272270      -0.84129386550174956     
   48.845968974421076      -0.84307452001783312     
   48.852508801569876      -0.84485433145939659     
   48.859048628718682      -0.84663329804662857     
   48.865588455867488      -0.84841141800056252     
   48.872128283016295      -0.85018868954307836     
   48.878668110165094      -0.85196511089690474     
   48.885207937313901      -0.85374068028562022     
   48.891747764462707      -0.85551539593365555     
   48.898287591611513      -0.85728925606629480     
   48.904827418760313      -0.85906225890967802     
   48.911367245909119      -0.86083440269080225     
   48.917907073057926      -0.86260568563752393     
   48.924446900206732      -0.86437610597855996     
   48.930986727355531      -0.86614566194349007     
   48.937526554504338      -0.86791435176275811     
   48.944066381653144      -0.86968217366767442     
   48.950606208801950      -0.87144912589041701     
   48.957146035950750      -0.87321520666403374     
   48.963685863099556      -0.87498041422244388     
   48.970225690248363      -0.87674474680043979     
   48.976765517397162      -0.87850820263368878     
   48.983305344545968      -0.88027077995873526     
   48.989845171694775      -0.88203247701300169     
   48.996384998843581      -0.88379329203479118     
   49.002924825992380      -0.88555322326328856     
   49.009464653141187      -0.88731226893856274     
   49.016004480289993      -0.88907042730156793     
   49.022544307438800      -0.89082769659414585     
   49.029084134587599      -0.89258407505902726     
   49.035623961736405      -0.89433956093983347     
   49.042163788885212      -0.89609415248107882     
   49.048703616034018      -0.89784784792817174     
   49.055243443182817      -0.89960064552741659     
   49.061783270331624      -0.90135254352601601     
   49.068323097480430      -0.90310354017207184     
   49.074862924629230      -0.90485363371458749     
   49.081402751778036      -0.90660282240346945     
   49.087942578926842      -0.90835110448952894     
   49.094482406075649      -0.91009847822448386     
   49.101022233224448      -0.91184494186096066     
   49.107562060373255      -0.91359049365249556     
   49.114101887522061      -0.91533513185353677     
   49.120641714670867      -0.91707885471944617     
   49.127181541819667      -0.91882166050650094     
   49.133721368968473      -0.92056354747189517     
   49.140261196117279      -0.92230451387374190     
   49.146801023266086      -0.92404455797107476     
   49.153340850414885      -0.92578367802384964     
   49.159880677563692      -0.92752187229294658     
   49.166420504712498      -0.92925913904017110     
   49.172960331861304      -0.93099547652825665     
   49.179500159010104      -0.93273088302086560     
   49.186039986158910      -0.93446535678259146     
   49.192579813307717      -0.93619889607896067     
   49.199119640456516      -0.93793149917643370     
   49.205659467605322      -0.93966316434240771     
   49.212199294754129      -0.94139388984521732     
   49.218739121902935      -0.94312367395413721     
   49.225278949051734      -0.94485251493938316     
   49.231818776200541      -0.94658041107211421     
   49.238358603349347      -0.94830736062443410     
   49.244898430498154      -0.95003336186939336     
   49.251438257646953      -0.95175841308099074     
   49.257978084795759      -0.95348251253417504     
   49.264517911944566      -0.95520565850484673     
   49.271057739093372      -0.95692784926985996     
   49.277597566242171      -0.95864908310702390     
   49.284137393390978      -0.96036935829510484     
   49.290677220539784      -0.96208867311382740     
   49.297217047688591      -0.96380702584387701     
   49.303756874837390      -0.96552441476690065     
   49.310296701986196      -0.96724083816550976     
   49.316836529135003      -0.96895629432328056     
   49.323376356283802      -0.97067078152475705     
   49.329916183432609      -0.97238429805545201     
   49.336456010581415      -0.97409684220184889     
   49.342995837730221      -0.97580841225140369     
   49.349535664879021      -0.97751900649254619     
   49.356075492027827      -0.97922862321468218     
   49.362615319176633      -0.98093726070819498     
   49.369155146325440      -0.98264491726444714     
   49.375694973474239      -0.98435159117578197     
   49.382234800623046      -0.98605728073552557     
   49.388774627771852      -0.98776198423798844     
   49.395314454920658      -0.98946569997846712     
   49.401854282069458      -0.99116842625324575     
   49.408394109218264      -0.99287016135959816     
   49.414933936367071      -0.99457090359578926     
   49.421473763515877      -0.99627065126107683     
   49.428013590664676      -0.99796940265571299     
   49.434553417813483      -0.99966715608094658     
   49.441093244962289       -1.0013639098390241     
   49.447633072111088       -1.0030596622331920     
   49.454172899259895       -1.0047544115676974     
   49.460712726408701       -1.0064481561477914     
   49.467252553557508       -1.0081408942797294     
   49.473792380706307       -1.0098326242707731     
   49.480332207855113       -1.0115233444291927     
   49.486872035003920       -1.0132130530642680     
   49.493411862152726       -1.0149017484862901     
   49.499951689301525       -1.0165894290065638     
   49.506491516450332       -1.0182760929374086     
   49.513031343599138       -1.0199617385921604     
   49.519571170747945       -1.0216463642851736     
   49.526110997896744       -1.0233299683318224     
   49.532650825045550       -1.0250125490485031     
   49.539190652194357       -1.0266941047526348     
   49.545730479343156       -1.0283746337626616     
   49.552270306491963       -1.0300541343980547     
   49.558810133640769       -1.0317326049793136     
   49.565349960789575       -1.0334100438279676     
   49.571889787938375       -1.0350864492665779     
   49.578429615087181       -1.0367618196187387     
   49.584969442235987       -1.0384361532090802     
   49.591509269384794       -1.0401094483632682     
   49.598049096533593       -1.0417817034080079     
   49.604588923682400       -1.0434529166710445     
   49.611128750831206       -1.0451230864811640     
   49.617668577980012       -1.0467922111681973     
   49.624208405128812       -1.0484602890630192     
   49.630748232277618       -1.0501273184975521     
   49.637288059426425       -1.0517932978047666     
   49.643827886575231       -1.0534582253186833     
   49.650367713724030       -1.0551220993743746     
   49.656907540872837       -1.0567849183079665     
   49.663447368021643       -1.0584466804566399     
   49.669987195170442       -1.0601073841586330     
   49.676527022319249       -1.0617670277532421     
   49.683066849468055       -1.0634256095808234     
   49.689606676616862       -1.0650831279827953     
   49.696146503765661       -1.0667395813016387     
   49.702686330914467       -1.0683949678809010     
   49.709226158063274       -1.0700492860651953     
   49.715765985212080       -1.0717025342002038     
   49.722305812360879       -1.0733547106326782     
   49.728845639509686       -1.0750058137104419     
   49.735385466658492       -1.0766558417823917     
   49.741925293807299       -1.0783047931984999     
   49.748465120956098       -1.0799526663098147     
   49.755004948104904       -1.0815994594684635     
   49.761544775253711       -1.0832451710276525     
   49.768084602402517       -1.0848897993416706     
   49.774624429551316       -1.0865333427658894     
   49.781164256700123       -1.0881757996567654     
   49.787704083848929       -1.0898171683718416     
   49.794243910997729       -1.0914574472697498     
   49.800783738146535       -1.0930966347102107     
   49.807323565295341       -1.0947347290540368     
   49.813863392444148       -1.0963717286631336     
   49.820403219592947       -1.0980076319005021     
   49.826943046741754       -1.0996424371302385     
   49.833482873890560       -1.1012761427175379     
   49.840022701039366       -1.1029087470286945     
   49.846562528188166       -1.1045402484311040     
   49.853102355336972       -1.1061706452932651     
   49.859642182485779       -1.1077999359847810     
   49.866182009634585       -1.1094281188763608     
   49.872721836783384       -1.1110551923398218     
   49.879261663932191       -1.1126811547480906     
   49.885801491080997       -1.1143060044752047     
   49.892341318229803       -1.1159297398963144     
   49.898881145378603       -1.1175523593876842     
   49.905420972527409       -1.1191738613266944     
   49.911960799676216       -1.1207942440918435     
   49.918500626825015       -1.1224135060627485     
   49.925040453973821       -1.1240316456201476     
   49.931580281122628       -1.1256486611459007     
   49.938120108271434       -1.1272645510229931     
   49.944659935420233       -1.1288793136355342     
   49.951199762569040       -1.1304929473687617     
   49.957739589717846       -1.1321054506090418     
   49.964279416866653       -1.1337168217438713     
   49.970819244015452       -1.1353270591618791     
   49.977359071164258       -1.1369361612528279     
   49.983898898313065       -1.1385441264076155     
   49.990438725461871       -1.1401509530182767     
   49.996978552610670       -1.1417566394779850     
   50.003518379759477       -1.1433611841810536     
   50.010058206908283       -1.1449645855229382     
   50.016598034057090       -1.1465668419002371     
   50.023137861205889       -1.1481679517106942     
   50.029677688354695       -1.1497679133531993     
   50.036217515503502       -1.1513667252277910     
   50.042757342652301       -1.1529643857356575     
   50.049297169801108       -1.1545608932791382     
   50.055836996949914       -1.1561562462617259     
   50.062376824098720       -1.1577504430880672     
   50.068916651247520       -1.1593434821639654     
   50.075456478396326       -1.1609353618963814     
   50.081996305545132       -1.1625260806934354     
   50.088536132693939       -1.1641156369644086     
   50.095075959842738       -1.1657040291197449     
   50.101615786991545       -1.1672912555710520     
   50.108155614140351       -1.1688773147311031     
   50.114695441289157       -1.1704622050138400     
   50.121235268437957       -1.1720459248343718     
   50.127775095586763       -1.1736284726089787     
   50.134314922735570       -1.1752098467551131     
   50.140854749884369       -1.1767900456914009     
   50.147394577033175       -1.1783690678376428     
   50.153934404181982       -1.1799469116148167     
   50.160474231330788       -1.1815235754450790     
   50.167014058479587       -1.1830990577517659     
   50.173553885628394       -1.1846733569593948     
   50.180093712777200       -1.1862464714936669     
   50.186633539926007       -1.1878183997814673     
   50.193173367074806       -1.1893891402508681     
   50.199713194223612       -1.1909586913311287     
   50.206253021372419       -1.1925270514526978     
   50.212792848521225       -1.1940942190472155     
   50.219332675670024       -1.1956601925475141     
   50.225872502818831       -1.1972249703876201     
   50.232412329967637       -1.1987885510027558     
   50.238952157116444       -1.2003509328293402     
   50.245491984265243       -1.2019121143049922     
   50.252031811414049       -1.2034720938685297     
   50.258571638562856       -1.2050308699599732     
   50.265111465711655       -1.2065884410205470     
   50.271651292860462       -1.2081448054926793     
   50.278191120009268       -1.2096999618200064     
   50.284730947158074       -1.2112539084473717     
   50.291270774306874       -1.2128066438208287     
   50.297810601455680       -1.2143581663876417     
   50.304350428604486       -1.2159084745962885     
   50.310890255753293       -1.2174575668964605     
   50.317430082902092       -1.2190054417390654     
   50.323969910050899       -1.2205520975762287     
   50.330509737199705       -1.2220975328612944     
   50.337049564348511       -1.2236417460488271     
   50.343589391497311       -1.2251847355946139     
   50.350129218646117       -1.2267264999556651     
   50.356669045794924       -1.2282670375902163     
   50.363208872943730       -1.2298063469577296     
   50.369748700092529       -1.2313444265188964     
   50.376288527241336       -1.2328812747356366     
   50.382828354390142       -1.2344168900711019     
   50.389368181538941       -1.2359512709896772     
   50.395908008687748       -1.2374844159569813     
   50.402447835836554       -1.2390163234398697     
   50.408987662985361       -1.2405469919064345     
   50.415527490134160       -1.2420764198260072     
   50.422067317282966       -1.2436046056691603     
   50.428607144431773       -1.2451315479077076     
   50.435146971580579       -1.2466572450147071     
   50.441686798729378       -1.2481816954644618     
   50.448226625878185       -1.2497048977325207     
   50.454766453026991       -1.2512268502956820     
   50.461306280175798       -1.2527475516319930     
   50.467846107324597       -1.2542670002207523     
   50.474385934473403       -1.2557851945425114     
   50.480925761622210       -1.2573021330790759     
   50.487465588771016       -1.2588178143135074     
   50.494005415919816       -1.2603322367301246     
   50.500545243068622       -1.2618453988145051     
   50.507085070217428       -1.2633572990534867     
   50.513624897366228       -1.2648679359351693     
   50.520164724515034       -1.2663773079489160     
   50.526704551663840       -1.2678854135853548     
   50.533244378812647       -1.2693922513363800     
   50.539784205961446       -1.2708978196951539     
   50.546324033110253       -1.2724021171561080     
   50.552863860259059       -1.2739051422149452     
   50.559403687407865       -1.2754068933686400     
   50.565943514556665       -1.2769073691154413     
   50.572483341705471       -1.2784065679548735     
   50.579023168854278       -1.2799044883877380     
   50.585562996003084       -1.2814011289161138     
   50.592102823151883       -1.2828964880433606     
   50.598642650300690       -1.2843905642741196     
   50.605182477449496       -1.2858833561143139     
   50.611722304598295       -1.2873748620711525     
   50.618262131747102       -1.2888650806531288     
   50.624801958895908       -1.2903540103700244     
   50.631341786044715       -1.2918416497329097     
   50.637881613193514       -1.2933279972541452     
   50.644421440342320       -1.2948130514473835     
   50.650961267491127       -1.2962968108275701     
   50.657501094639933       -1.2977792739109462     
   50.664040921788732       -1.2992604392150482     
   50.670580748937539       -1.3007403052587112     
   50.677120576086345       -1.3022188705620688     
   50.683660403235152       -1.3036961336465560     
   50.690200230383951       -1.3051720930349096     
   50.696740057532757       -1.3066467472511702     
   50.703279884681564       -1.3081200948206835     
   50.709819711830370       -1.3095921342701018     
   50.716359538979169       -1.3110628641273860     
   50.722899366127976       -1.3125322829218062     
   50.729439193276782       -1.3140003891839434     
   50.735979020425582       -1.3154671814456913     
   50.742518847574388       -1.3169326582402581     
   50.749058674723194       -1.3183968181021664     
   50.755598501872001       -1.3198596595672565     
   50.762138329020800       -1.3213211811726870     
   50.768678156169607       -1.3227813814569365     
   50.775217983318413       -1.3242402589598046     
   50.781757810467219       -1.3256978122224135     
   50.788297637616019       -1.3271540397872101     
   50.794837464764825       -1.3286089401979673     
   50.801377291913631       -1.3300625119997840     
   50.807917119062438       -1.3315147537390888     
   50.814456946211237       -1.3329656639636400     
   50.820996773360044       -1.3344152412225272     
   50.827536600508850       -1.3358634840661732     
   50.834076427657656       -1.3373103910463351     
   50.840616254806456       -1.3387559607161061     
   50.847156081955262       -1.3402001916299162     
   50.853695909104069       -1.3416430823435348     
   50.860235736252868       -1.3430846314140712     
   50.866775563401674       -1.3445248373999759     
   50.873315390550481       -1.3459636988610431     
   50.879855217699287       -1.3474012143584115     
   50.886395044848086       -1.3488373824545656     
   50.892934871996893       -1.3502722017133371     
   50.899474699145699       -1.3517056706999069     
   50.906014526294506       -1.3531377879808060     
   50.912554353443305       -1.3545685521239168     
   50.919094180592111       -1.3559979616984759     
   50.925634007740918       -1.3574260152750730     
   50.932173834889724       -1.3588527114256550     
   50.938713662038523       -1.3602780487235255     
   50.945253489187330       -1.3617020257433472     
   50.951793316336136       -1.3631246410611433     
   50.958333143484943       -1.3645458932542982     
   50.964872970633742       -1.3659657809015600     
   50.971412797782548       -1.3673843025830408     
   50.977952624931355       -1.3688014568802191     
   50.984492452080154       -1.3702172423759407     
   50.991032279228961       -1.3716316576544199     
   50.997572106377767       -1.3730447013012412     
   51.004111933526573       -1.3744563719033613     
   51.010651760675373       -1.3758666680491094     
   51.017191587824179       -1.3772755883281895     
   51.023731414972985       -1.3786831313316812     
   51.030271242121792       -1.3800892956520419     
   51.036811069270591       -1.3814940798831066     
   51.043350896419398       -1.3828974826200915     
   51.049890723568204       -1.3842995024595939     
   51.056430550717010       -1.3857001379995937     
   51.062970377865810       -1.3870993878394557     
   51.069510205014616       -1.3884972505799298     
   51.076050032163423       -1.3898937248231531     
   51.082589859312229       -1.3912888091726516     
   51.089129686461028       -1.3926825022333411     
   51.095669513609835       -1.3940748026115286     
   51.102209340758641       -1.3954657089149134     
   51.108749167907440       -1.3968552197525892     
   51.115288995056247       -1.3982433337350453     
   51.121828822205053       -1.3996300494741676     
   51.128368649353860       -1.4010153655832405     
   51.134908476502659       -1.4023992806769479     
   51.141448303651465       -1.4037817933713743     
   51.147988130800272       -1.4051629022840073     
   51.154527957949078       -1.4065426060337378     
   51.161067785097877       -1.4079209032408624     
   51.167607612246684       -1.4092977925270838     
   51.174147439395490       -1.4106732725155124     
   51.180687266544297       -1.4120473418306687     
   51.187227093693096       -1.4134199990984833     
   51.193766920841902       -1.4147912429462983     
   51.200306747990709       -1.4161610720028706     
   51.206846575139508       -1.4175294848983706     
   51.213386402288315       -1.4188964802643860     
   51.219926229437121       -1.4202620567339208     
   51.226466056585927       -1.4216262129413992     
   51.233005883734727       -1.4229889475226647     
   51.239545710883533       -1.4243502591149828     
   51.246085538032339       -1.4257101463570414     
   51.252625365181146       -1.4270686078889538     
   51.259165192329945       -1.4284256423522583     
   51.265705019478752       -1.4297812483899202     
   51.272244846627558       -1.4311354246463339     
   51.278784673776364       -1.4324881697673228     
   51.285324500925164       -1.4338394824001419     
   51.291864328073970       -1.4351893611934787     
   51.298404155222777       -1.4365378047974542     
   51.304943982371583       -1.4378848118636247     
   51.311483809520382       -1.4392303810449836     
   51.318023636669189       -1.4405745109959613     
   51.324563463817995       -1.4419172003724283     
   51.331103290966794       -1.4432584478316948     
   51.337643118115601       -1.4445982520325134     
   51.344182945264407       -1.4459366116350800     
   51.350722772413214       -1.4472735253010351     
   51.357262599562013       -1.4486089916934648     
   51.363802426710819       -1.4499430094769028     
   51.370342253859626       -1.4512755773173314     
   51.376882081008432       -1.4526066938821824     
   51.383421908157231       -1.4539363578403397     
   51.389961735306038       -1.4552645678621390     
   51.396501562454844       -1.4565913226193705     
   51.403041389603651       -1.4579166207852794     
   51.409581216752450       -1.4592404610345675     
   51.416121043901256       -1.4605628420433947     
   51.422660871050063       -1.4618837624893797     
   51.429200698198869       -1.4632032210516024     
   51.435740525347668       -1.4645212164106038     
   51.442280352496475       -1.4658377472483890     
   51.448820179645281       -1.4671528122484270     
   51.455360006794081       -1.4684664100956526     
   51.461899833942887       -1.4697785394764682     
   51.468439661091693       -1.4710891990787445     
   51.474979488240500       -1.4723983875918214     
   51.481519315389299       -1.4737061037065109     
   51.488059142538106       -1.4750123461150968     
   51.494598969686912       -1.4763171135113364     
   51.501138796835718       -1.4776204045904626     
   51.507678623984518       -1.4789222180491841     
   51.514218451133324       -1.4802225525856878     
   51.520758278282131       -1.4815214068996387     
   51.527298105430937       -1.4828187796921828     
   51.533837932579736       -1.4841146696659471     
   51.540377759728543       -1.4854090755250420     
   51.546917586877349       -1.4867019959750611     
   51.553457414026155       -1.4879934297230843     
   51.559997241174955       -1.4892833754776778     
   51.566537068323761       -1.4905718319488959     
   51.573076895472568       -1.4918587978482818     
   51.579616722621367       -1.4931442718888699     
   51.586156549770173       -1.4944282527851862     
   51.592696376918980       -1.4957107392532496     
   51.599236204067786       -1.4969917300105737     
   51.605776031216585       -1.4982712237761677     
   51.612315858365392       -1.4995492192705380     
   51.618855685514198       -1.5008257152156887     
   51.625395512663005       -1.5021007103351245     
   51.631935339811804       -1.5033742033538497     
   51.638475166960610       -1.5046461929983717     
   51.645014994109417       -1.5059166779967004     
   51.651554821258223       -1.5071856570783513     
   51.658094648407022       -1.5084531289743450     
   51.664634475555829       -1.5097190924172099     
   51.671174302704635       -1.5109835461409826     
   51.677714129853442       -1.5122464888812090     
   51.684253957002241       -1.5135079193749468     
   51.690793784151047       -1.5147678363607651     
   51.697333611299854       -1.5160262385787469     
   51.703873438448653       -1.5172831247704901     
   51.710413265597460       -1.5185384936791086     
   51.716953092746266       -1.5197923440492336     
   51.723492919895072       -1.5210446746270145     
   51.730032747043872       -1.5222954841601206     
   51.736572574192678       -1.5235447713977428     
   51.743112401341484       -1.5247925350905933     
   51.749652228490291       -1.5260387739909089     
   51.756192055639090       -1.5272834868524505     
   51.762731882787897       -1.5285266724305051     
   51.769271709936703       -1.5297683294818873     
   51.775811537085509       -1.5310084567649400     
   51.782351364234309       -1.5322470530395362     
   51.788891191383115       -1.5334841170670792     
   51.795431018531922       -1.5347196476105049     
   51.801970845680721       -1.5359536434342833     
   51.808510672829527       -1.5371861033044181     
   51.815050499978334       -1.5384170259884495     
   51.821590327127140       -1.5396464102554550     
   51.828130154275939       -1.5408742548760501     
   51.834669981424746       -1.5421005586223904     
   51.841209808573552       -1.5433253202681720     
   51.847749635722359       -1.5445485385886333     
   51.854289462871158       -1.5457702123605561     
   51.860829290019964       -1.5469903403622667     
   51.867369117168771       -1.5482089213736370     
   51.873908944317577       -1.5494259541760858     
   51.880448771466376       -1.5506414375525805     
   51.886988598615183       -1.5518553702876379     
   51.893528425763989       -1.5530677511673248     
   51.900068252912796       -1.5542785789792606     
   51.906608080061595       -1.5554878525126172     
   51.913147907210401       -1.5566955705581216     
   51.919687734359208       -1.5579017319080553     
   51.926227561508007       -1.5591063353562571     
   51.932767388656814       -1.5603093796981233     
   51.939307215805620       -1.5615108637306101     
   51.945847042954426       -1.5627107862522331     
   51.952386870103226       -1.5639091460630699     
   51.958926697252032       -1.5651059419647606     
   51.965466524400838       -1.5663011727605092     
   51.972006351549645       -1.5674948372550850     
   51.978546178698444       -1.5686869342548235     
   51.985086005847251       -1.5698774625676277     
   51.991625832996057       -1.5710664210029694     
   51.998165660144863       -1.5722538083718900     
   52.004705487293663       -1.5734396234870025     
   52.011245314442469       -1.5746238651624913     
   52.017785141591276       -1.5758065322141148     
   52.024324968740082       -1.5769876234592064     
   52.030864795888881       -1.5781671377166744     
   52.037404623037688       -1.5793450738070045     
   52.043944450186494       -1.5805214305522608     
   52.050484277335293       -1.5816962067760867     
   52.057024104484100       -1.5828694013037057     
   52.063563931632906       -1.5840410129619233     
   52.070103758781713       -1.5852110405791280     
   52.076643585930512       -1.5863794829852920     
   52.083183413079318       -1.5875463390119731     
   52.089723240228125       -1.5887116074923151     
   52.096263067376931       -1.5898752872610498     
   52.102802894525730       -1.5910373771544972     
   52.109342721674537       -1.5921978760105673     
   52.115882548823343       -1.5933567826687611     
   52.122422375972150       -1.5945140959701725     
   52.128962203120949       -1.5956698147574877     
   52.135502030269755       -1.5968239378749882     
   52.142041857418562       -1.5979764641685510     
   52.148581684567368       -1.5991273924856497     
   52.155121511716168       -1.6002767216753557     
   52.161661338864974       -1.6014244505883402     
   52.168201166013780       -1.6025705780768738     
   52.174740993162580       -1.6037151029948293     
   52.181280820311386       -1.6048580241976822     
   52.187820647460192       -1.6059993405425106     
   52.194360474608999       -1.6071390508879988     
   52.200900301757798       -1.6082771540944358     
   52.207440128906605       -1.6094136490237188     
   52.213979956055411       -1.6105485345393529     
   52.220519783204217       -1.6116818095064522     
   52.227059610353017       -1.6128134727917420     
   52.233599437501823       -1.6139435232635591     
   52.240139264650630       -1.6150719597918528     
   52.246679091799436       -1.6161987812481868     
   52.253218918948235       -1.6173239865057396     
   52.259758746097042       -1.6184475744393061     
   52.266298573245848       -1.6195695439252979     
   52.272838400394647       -1.6206898938417458     
   52.279378227543454       -1.6218086230682998     
   52.285918054692260       -1.6229257304862308     
   52.292457881841067       -1.6240412149784311     
   52.298997708989866       -1.6251550754294166     
   52.305537536138672       -1.6262673107253265     
   52.312077363287479       -1.6273779197539260     
   52.318617190436285       -1.6284869014046057     
   52.325157017585084       -1.6295942545683839     
   52.331696844733891       -1.6306999781379077     
   52.338236671882697       -1.6318040710074533     
   52.344776499031504       -1.6329065320729279     
   52.351316326180303       -1.6340073602318703     
   52.357856153329109       -1.6351065543834524     
   52.364395980477916       -1.6362041134284804     
   52.370935807626722       -1.6373000362693950     
   52.377475634775521       -1.6383943218102732     
   52.384015461924328       -1.6394869689568297     
   52.390555289073134       -1.6405779766164172     
   52.397095116221934       -1.6416673436980285     
   52.403634943370740       -1.6427550691122959     
   52.410174770519546       -1.6438411517714941     
   52.416714597668353       -1.6449255905895406     
   52.423254424817152       -1.6460083844819964     
   52.429794251965959       -1.6470895323660679     
   52.436334079114765       -1.6481690331606071     
   52.442873906263571       -1.6492468857861131     
   52.449413733412371       -1.6503230891647334     
   52.455953560561177       -1.6513976422202643     
   52.462493387709983       -1.6524705438781533     
   52.469033214858790       -1.6535417930654985     
   52.475573042007589       -1.6546113887110505     
   52.482112869156396       -1.6556793297452137     
   52.488652696305202       -1.6567456151000473     
   52.495192523454008       -1.6578102437092657     
   52.501732350602808       -1.6588732145082403     
   52.508272177751614       -1.6599345264340004     
   52.514812004900421       -1.6609941784252342     
   52.521351832049220       -1.6620521694222894     
   52.527891659198026       -1.6631084983671751     
   52.534431486346833       -1.6641631642035626     
   52.540971313495639       -1.6652161658767857     
   52.547511140644438       -1.6662675023338431     
   52.554050967793245       -1.6673171725233982     
   52.560590794942051       -1.6683651753957807     
   52.567130622090858       -1.6694115099029880     
   52.573670449239657       -1.6704561749986853     
   52.580210276388463       -1.6714991696382078     
   52.586750103537270       -1.6725404927785608     
   52.593289930686076       -1.6735801433784210     
   52.599829757834875       -1.6746181203981376     
   52.606369584983682       -1.6756544227997341     
   52.612909412132488       -1.6766890495469076     
   52.619449239281295       -1.6777219996050317     
   52.625989066430094       -1.6787532719411560     
   52.632528893578900       -1.6797828655240086     
   52.639068720727707       -1.6808107793239955     
   52.645608547876506       -1.6818370123132029     
   52.652148375025313       -1.6828615634653981     
   52.658688202174119       -1.6838844317560295     
   52.665228029322925       -1.6849056161622296     
   52.671767856471725       -1.6859251156628132     
   52.678307683620531       -1.6869429292382812     
   52.684847510769337       -1.6879590558708202     
   52.691387337918144       -1.6889734945443029     
   52.697927165066943       -1.6899862442442912     
   52.704466992215750       -1.6909973039580353     
   52.711006819364556       -1.6920066726744754     
   52.717546646513362       -1.6930143493842427     
   52.724086473662162       -1.6940203330796606     
   52.730626300810968       -1.6950246227547452     
   52.737166127959775       -1.6960272174052073     
   52.743705955108581       -1.6970281160284519     
   52.750245782257380       -1.6980273176235807     
   52.756785609406187       -1.6990248211913916     
   52.763325436554993       -1.7000206257343813     
   52.769865263703792       -1.7010147302567451     
   52.776405090852599       -1.7020071337643787     
   52.782944918001405       -1.7029978352648787     
   52.789484745150212       -1.7039868337675432     
   52.796024572299011       -1.7049741282833739     
   52.802564399447817       -1.7059597178250765     
   52.809104226596624       -1.7069436014070611     
   52.815644053745430       -1.7079257780454444     
   52.822183880894229       -1.7089062467580496     
   52.828723708043036       -1.7098850065644078     
   52.835263535191842       -1.7108620564857595     
   52.841803362340649       -1.7118373955450548     
   52.848343189489448       -1.7128110227669544     
   52.854883016638254       -1.7137829371778315     
   52.861422843787061       -1.7147531378057712     
   52.867962670935860       -1.7157216236805732     
   52.874502498084667       -1.7166883938337514     
   52.881042325233473       -1.7176534472985359     
   52.887582152382279       -1.7186167831098729     
   52.894121979531079       -1.7195784003044268     
   52.900661806679885       -1.7205382979205803     
   52.907201633828691       -1.7214964749984361     
   52.913741460977498       -1.7224529305798169     
   52.920281288126297       -1.7234076637082669     
   52.926821115275104       -1.7243606734290533     
   52.933360942423910       -1.7253119587891665     
   52.939900769572716       -1.7262615188373209     
   52.946440596721516       -1.7272093526239563     
   52.952980423870322       -1.7281554592012391     
   52.959520251019129       -1.7290998376230626     
   52.966060078167935       -1.7300424869450488     
   52.972599905316734       -1.7309834062245479     
   52.979139732465541       -1.7319225945206407     
   52.985679559614347       -1.7328600508941390     
   52.992219386763146       -1.7337957744075865     
   52.998759213911953       -1.7347297641252595     
   53.005299041060759       -1.7356620191131686     
   53.011838868209566       -1.7365925384390586     
   53.018378695358365       -1.7375213211724101     
   53.024918522507171       -1.7384483663844406     
   53.031458349655978       -1.7393736731481044     
   53.037998176804784       -1.7402972405380954     
   53.044538003953583       -1.7412190676308459     
   53.051077831102390       -1.7421391535045285     
   53.057617658251196       -1.7430574972390576     
   53.064157485400003       -1.7439740979160894     
   53.070697312548802       -1.7448889546190234     
   53.077237139697608       -1.7458020664330027     
   53.083776966846415       -1.7467134324449154     
   53.090316793995221       -1.7476230517433957     
   53.096856621144020       -1.7485309234188244     
   53.103396448292827       -1.7494370465633295     
   53.109936275441633       -1.7503414202707881     
   53.116476102590433       -1.7512440436368266     
   53.123015929739239       -1.7521449157588214     
   53.129555756888045       -1.7530440357359003     
   53.136095584036852       -1.7539414026689437     
   53.142635411185651       -1.7548370156605846     
   53.149175238334458       -1.7557308738152098     
   53.155715065483264       -1.7566229762389611     
   53.162254892632070       -1.7575133220397361     
   53.168794719780870       -1.7584019103271891     
   53.175334546929676       -1.7592887402127320     
   53.181874374078483       -1.7601738108095344     
   53.188414201227289       -1.7610571212325259     
   53.194954028376088       -1.7619386705983962     
   53.201493855524895       -1.7628184580255961     
   53.208033682673701       -1.7636964826343378     
   53.214573509822507       -1.7645727435465970     
   53.221113336971307       -1.7654472398861125     
   53.227653164120113       -1.7663199707783883     
   53.234192991268920       -1.7671909353506934     
   53.240732818417719       -1.7680601327320631     
   53.247272645566525       -1.7689275620533000     
   53.253812472715332       -1.7697932224469750     
   53.260352299864138       -1.7706571130474276     
   53.266892127012937       -1.7715192329907672     
   53.273431954161744       -1.7723795814148737     
   53.279971781310550       -1.7732381574593987     
   53.286511608459357       -1.7740949602657663     
   53.293051435608156       -1.7749499889771736     
   53.299591262756962       -1.7758032427385919     
   53.306131089905769       -1.7766547206967676     
   53.312670917054575       -1.7775044220002225     
   53.319210744203374       -1.7783523457992556     
   53.325750571352181       -1.7791984912459429     
   53.332290398500987       -1.7800428574941392     
   53.338830225649787       -1.7808854436994777     
   53.345370052798593       -1.7817262490193726     
   53.351909879947399       -1.7825652726130188     
   53.358449707096206       -1.7834025136413920     
   53.364989534245005       -1.7842379712672518     
   53.371529361393812       -1.7850716446551400     
   53.378069188542618       -1.7859035329713837     
   53.384609015691424       -1.7867336353840944     
   53.391148842840224       -1.7875619510631697     
   53.397688669989030       -1.7883884791802940     
   53.404228497137836       -1.7892132189089391     
   53.410768324286643       -1.7900361694243654     
   53.417308151435442       -1.7908573299036221     
   53.423847978584249       -1.7916766995255491     
   53.430387805733055       -1.7924942774707764     
   53.436927632881861       -1.7933100629217262     
   53.443467460030661       -1.7941240550626132     
   53.450007287179467       -1.7949362530794450     
   53.456547114328274       -1.7957466561600237     
   53.463086941477073       -1.7965552634939463     
   53.469626768625879       -1.7973620742726053     
   53.476166595774686       -1.7981670876891900     
   53.482706422923492       -1.7989703029386872     
   53.489246250072291       -1.7997717192178813     
   53.495786077221098       -1.8005713357253561     
   53.502325904369904       -1.8013691516614951     
   53.508865731518711       -1.8021651662284828     
   53.515405558667510       -1.8029593786303040     
   53.521945385816316       -1.8037517880727465     
   53.528485212965123       -1.8045423937634009     
   53.535025040113929       -1.8053311949116615     
   53.541564867262728       -1.8061181907287274     
   53.548104694411535       -1.8069033804276022     
   53.554644521560341       -1.8076867632230968     
   53.561184348709148       -1.8084683383318281     
   53.567724175857947       -1.8092481049722209     
   53.574264003006753       -1.8100260623645088     
   53.580803830155560       -1.8108022097307346     
   53.587343657304359       -1.8115765462947504     
   53.593883484453166       -1.8123490712822201     
   53.600423311601972       -1.8131197839206183     
   53.606963138750778       -1.8138886834392327     
   53.613502965899578       -1.8146557690691636     
   53.620042793048384       -1.8154210400433255     
   53.626582620197190       -1.8161844955964475     
   53.633122447345997       -1.8169461349650737     
   53.639662274494796       -1.8177059573875654     
   53.646202101643603       -1.8184639621040994     
   53.652741928792409       -1.8192201483566712     
   53.659281755941215       -1.8199745153890949     
   53.665821583090015       -1.8207270624470033     
   53.672361410238821       -1.8214777887778493     
   53.678901237387628       -1.8222266936309064     
   53.685441064536434       -1.8229737762572698     
   53.691980891685233       -1.8237190359098570     
   53.698520718834040       -1.8244624718434082     
   53.705060545982846       -1.8252040833144876     
   53.711600373131645       -1.8259438695814838     
   53.718140200280452       -1.8266818299046104     
   53.724680027429258       -1.8274179635459071     
   53.731219854578065       -1.8281522697692403     
   53.737759681726864       -1.8288847478403036     
   53.744299508875670       -1.8296153970266194     
   53.750839336024477       -1.8303442165975379     
   53.757379163173283       -1.8310712058242398     
   53.763918990322082       -1.8317963639797357     
   53.770458817470889       -1.8325196903388679     
   53.776998644619695       -1.8332411841783094     
   53.783538471768502       -1.8339608447765670     
   53.790078298917301       -1.8346786714139796     
   53.796618126066107       -1.8353946633727209     
   53.803157953214914       -1.8361088199367990     
   53.809697780363720       -1.8368211403920571     
   53.816237607512520       -1.8375316240261748     
   53.822777434661326       -1.8382402701286684     
   53.829317261810132       -1.8389470779908919     
   53.835857088958932       -1.8396520469060373     
   53.842396916107738       -1.8403551761691357     
   53.848936743256544       -1.8410564650770580     
   53.855476570405351       -1.8417559129285150     
   53.862016397554150       -1.8424535190240594     
   53.868556224702957       -1.8431492826660847     
   53.875096051851763       -1.8438432031588272     
   53.881635879000569       -1.8445352798083667     
   53.888175706149369       -1.8452255119226262     
   53.894715533298175       -1.8459138988113737     
   53.901255360446982       -1.8466004397862226     
   53.907795187595788       -1.8472851341606318     
   53.914335014744587       -1.8479679812499066     
   53.920874841893394       -1.8486489803712003     
   53.927414669042200       -1.8493281308435137     
   53.933954496190999       -1.8500054319876962     
   53.940494323339806       -1.8506808831264467     
   53.947034150488612       -1.8513544835843141     
   53.953573977637419       -1.8520262326876979     
   53.960113804786218       -1.8526961297648490     
   53.966653631935024       -1.8533641741458704     
   53.973193459083831       -1.8540303651627179     
   53.979733286232637       -1.8546947021492000     
   53.986273113381436       -1.8553571844409802     
   53.992812940530243       -1.8560178113755759     
   53.999352767679049       -1.8566765822923603     
   54.005892594827856       -1.8573334965325625     
   54.012432421976655       -1.8579885534392679     
   54.018972249125461       -1.8586417523574201     
   54.025512076274268       -1.8592930926338198     
   54.032051903423074       -1.8599425736171269     
   54.038591730571873       -1.8605901946578605     
   54.045131557720680       -1.8612359551083995     
   54.051671384869486       -1.8618798543229833     
   54.058211212018286       -1.8625218916577131     
   54.064751039167092       -1.8631620664705513     
   54.071290866315898       -1.8638003781213228     
   54.077830693464705       -1.8644368259717163     
   54.084370520613504       -1.8650714093852838     
   54.090910347762311       -1.8657041277274420     
   54.097450174911117       -1.8663349803654725     
   54.103990002059923       -1.8669639666685225     
   54.110529829208723       -1.8675910860076059     
   54.117069656357529       -1.8682163377556034     
   54.123609483506335       -1.8688397212872632     
   54.130149310655142       -1.8694612359792016     
   54.136689137803941       -1.8700808812099041     
   54.143228964952748       -1.8706986563597254     
   54.149768792101554       -1.8713145608108903     
   54.156308619250360       -1.8719285939474946     
   54.162848446399160       -1.8725407551555047     
   54.169388273547966       -1.8731510438227597     
   54.175928100696773       -1.8737594593389708     
   54.182467927845572       -1.8743660010957226     
   54.189007754994378       -1.8749706684864733     
   54.195547582143185       -1.8755734609065555     
   54.202087409291991       -1.8761743777531767     
   54.208627236440790       -1.8767734184254203     
   54.215167063589597       -1.8773705823242455     
   54.221706890738403       -1.8779658688524883     
   54.228246717887210       -1.8785592774148623     
   54.234786545036009       -1.8791508074179588     
   54.241326372184815       -1.8797404582702479     
   54.247866199333622       -1.8803282293820787     
   54.254406026482428       -1.8809141201656803     
   54.260945853631227       -1.8814981300351616     
   54.267485680780034       -1.8820802584065131     
   54.274025507928840       -1.8826605046976059     
   54.280565335077647       -1.8832388683281942     
   54.287105162226446       -1.8838153487199141     
   54.293644989375252       -1.8843899452962851     
   54.300184816524059       -1.8849626574827110     
   54.306724643672858       -1.8855334847064793     
   54.313264470821665       -1.8861024263967632     
   54.319804297970471       -1.8866694819846206     
   54.326344125119277       -1.8872346509029960     
   54.332883952268077       -1.8877979325867207     
   54.339423779416883       -1.8883593264725127     
   54.345963606565689       -1.8889188319989783     
   54.352503433714496       -1.8894764486066118     
   54.359043260863295       -1.8900321757377969     
   54.365583088012102       -1.8905860128368062     
   54.372122915160908       -1.8911379593498026     
   54.378662742309714       -1.8916880147248398     
   54.385202569458514       -1.8922361784118624     
   54.391742396607320       -1.8927824498627066     
   54.398282223756127       -1.8933268285311007     
   54.404822050904926       -1.8938693138726663     
   54.411361878053732       -1.8944099053449182     
   54.417901705202539       -1.8949486024072644     
   54.424441532351345       -1.8954854045210083     
   54.430981359500144       -1.8960203111493479     
   54.437521186648951       -1.8965533217573762     
   54.444061013797757       -1.8970844358120829     
   54.450600840946564       -1.8976136527823537     
   54.457140668095363       -1.8981409721389719     
   54.463680495244169       -1.8986663933546180     
   54.470220322392976       -1.8991899159038708     
   54.476760149541782       -1.8997115392632076     
   54.483299976690581       -1.9002312629110054     
   54.489839803839388       -1.9007490863275402     
   54.496379630988194       -1.9012650089949885     
   54.502919458137001       -1.9017790303974282     
   54.509459285285800       -1.9022911500208373     
   54.515999112434606       -1.9028013673530966     
   54.522538939583413       -1.9033096818839883     
   54.529078766732212       -1.9038160931051982     
   54.535618593881019       -1.9043206005103150     
   54.542158421029825       -1.9048232035948314     
   54.548698248178631       -1.9053239018561441     
   54.555238075327431       -1.9058226947935550     
   54.561777902476237       -1.9063195819082710     
   54.568317729625043       -1.9068145627034054     
   54.574857556773850       -1.9073076366839770     
   54.581397383922649       -1.9077988033569120     
   54.587937211071456       -1.9082880622310436     
   54.594477038220262       -1.9087754128171130     
   54.601016865369068       -1.9092608546277694     
   54.607556692517868       -1.9097443871775712     
   54.614096519666674       -1.9102260099829858     
   54.620636346815481       -1.9107057225623902     
   54.627176173964287       -1.9111835244360722     
   54.633716001113086       -1.9116594151262296     
   54.640255828261893       -1.9121333941569723     
   54.646795655410699       -1.9126054610543204     
   54.653335482559498       -1.9130756153462076     
   54.659875309708305       -1.9135438565624796     
   54.666415136857111       -1.9140101842348951     
   54.672954964005918       -1.9144745978971263     
   54.679494791154717       -1.9149370970847597     
   54.686034618303523       -1.9153976813352962     
   54.692574445452330       -1.9158563501881511     
   54.699114272601136       -1.9163131031846559     
   54.705654099749935       -1.9167679398680575     
   54.712193926898742       -1.9172208597835194     
   54.718733754047548       -1.9176718624781217     
   54.725273581196355       -1.9181209475008612     
   54.731813408345154       -1.9185681144026532     
   54.738353235493960       -1.9190133627363308     
   54.744893062642767       -1.9194566920566456     
   54.751432889791573       -1.9198981019202683     
   54.757972716940372       -1.9203375918857892     
   54.764512544089179       -1.9207751615137179     
   54.771052371237985       -1.9212108103664851     
   54.777592198386785       -1.9216445380084419     
   54.784132025535591       -1.9220763440058608     
   54.790671852684397       -1.9225062279269358     
   54.797211679833204       -1.9229341893417828     
   54.803751506982003       -1.9233602278224404     
   54.810291334130810       -1.9237843429428703     
   54.816831161279616       -1.9242065342789572     
   54.823370988428422       -1.9246268014085099     
   54.829910815577222       -1.9250451439112612     
   54.836450642726028       -1.9254615613688686     
   54.842990469874835       -1.9258760533649146     
   54.849530297023641       -1.9262886194849071     
   54.856070124172440       -1.9266992593162802     
   54.862609951321247       -1.9271079724483939     
   54.869149778470053       -1.9275147584725354     
   54.875689605618859       -1.9279196169819182     
   54.882229432767659       -1.9283225475716841     
   54.888769259916465       -1.9287235498389024     
   54.895309087065272       -1.9291226233825707     
   54.901848914214071       -1.9295197678036158     
   54.908388741362877       -1.9299149827048929     
   54.914928568511684       -1.9303082676911874     
   54.921468395660490       -1.9306996223692139     
   54.928008222809289       -1.9310890463476182     
   54.934548049958096       -1.9314765392369762     
   54.941087877106902       -1.9318621006497949     
   54.947627704255709       -1.9322457302005129     
   54.954167531404508       -1.9326274275055009     
   54.960707358553314       -1.9330071921830614     
   54.967247185702121       -1.9333850238534296     
   54.973787012850927       -1.9337609221387742     
   54.980326839999726       -1.9341348866631964     
   54.986866667148533       -1.9345069170527318     
   54.993406494297339       -1.9348770129353503     
   54.999946321446139       -1.9352451739409560     
   55.006486148594945       -1.9356113997013877     
   55.013025975743751       -1.9359756898504197     
   55.019565802892558       -1.9363380440237616     
   55.026105630041357       -1.9366984618590597     
   55.032645457190164       -1.9370569429958959     
   55.039185284338970       -1.9374134870757891     
   55.045725111487776       -1.9377680937421953     
   55.052264938636576       -1.9381207626405077     
   55.058804765785382       -1.9384714934180574     
   55.065344592934188       -1.9388202857241135     
   55.071884420082995       -1.9391671392098841     
   55.078424247231794       -1.9395120535285153     
   55.084964074380601       -1.9398550283350928     
   55.091503901529407       -1.9401960632866422     
   55.098043728678213       -1.9405351580421282     
   55.104583555827013       -1.9408723122624563     
   55.111123382975819       -1.9412075256104719     
   55.117663210124626       -1.9415407977509622     
   55.124203037273425       -1.9418721283506548     
   55.130742864422231       -1.9422015170782188     
   55.137282691571038       -1.9425289636042657     
   55.143822518719844       -1.9428544676013491     
   55.150362345868643       -1.9431780287439646     
   55.156902173017450       -1.9434996467085515     
   55.163442000166256       -1.9438193211734918     
   55.169981827315063       -1.9441370518191108     
   55.176521654463862       -1.9444528383276782     
   55.183061481612668       -1.9447666803834074     
   55.189601308761475       -1.9450785776724562     
   55.196141135910281       -1.9453885298829272     
   55.202680963059080       -1.9456965367048684     
   55.209220790207887       -1.9460025978302731     
   55.215760617356693       -1.9463067129530798     
   55.222300444505500       -1.9466088817691736     
   55.228840271654299       -1.9469091039763855     
   55.235380098803105       -1.9472073792744935     
   55.241919925951912       -1.9475037073652222     
   55.248459753100711       -1.9477980879522434     
   55.254999580249518       -1.9480905207411767     
   55.261539407398324       -1.9483810054395894     
   55.268079234547130       -1.9486695417569966     
   55.274619061695930       -1.9489561294048618     
   55.281158888844736       -1.9492407680965977     
   55.287698715993542       -1.9495234575475655     
   55.294238543142349       -1.9498041974750759     
   55.300778370291148       -1.9500829875983889     
   55.307318197439955       -1.9503598276387144     
   55.313858024588761       -1.9506347173192122     
   55.320397851737567       -1.9509076563649927     
   55.326937678886367       -1.9511786445031170     
   55.333477506035173       -1.9514476814625965     
   55.340017333183980       -1.9517147669743948     
   55.346557160332786       -1.9519799007714258     
   55.353096987481585       -1.9522430825885562     
   55.359636814630392       -1.9525043121626040     
   55.366176641779198       -1.9527635892323394     
   55.372716468927997       -1.9530209135384857     
   55.379256296076804       -1.9532762848237186     
   55.385796123225610       -1.9535297028326668     
   55.392335950374417       -1.9537811673119119     
   55.398875777523216       -1.9540306780099899     
   55.405415604672022       -1.9542782346773897     
   55.411955431820829       -1.9545238370665547     
   55.418495258969635       -1.9547674849318828     
   55.425035086118434       -1.9550091780297261     
   55.431574913267241       -1.9552489161183910     
   55.438114740416047       -1.9554866989581401     
   55.444654567564854       -1.9557225263111901     
   55.451194394713653       -1.9559563979417138     
   55.457734221862459       -1.9561883136158396     
   55.464274049011266       -1.9564182731016517     
   55.470813876160065       -1.9566462761691910     
   55.477353703308872       -1.9568723225904538     
   55.483893530457678       -1.9570964121393943     
   55.490433357606484       -1.9573185445919226     
   55.496973184755284       -1.9575387197259064     
   55.503513011904090       -1.9577569373211705     
   55.510052839052896       -1.9579731971594971     
   55.516592666201703       -1.9581874990246266     
   55.523132493350502       -1.9583998427022573     
   55.529672320499309       -1.9586102279800452     
   55.536212147648115       -1.9588186546476050     
   55.542751974796921       -1.9590251224965101     
   55.549291801945721       -1.9592296313202930     
   55.555831629094527       -1.9594321809144444     
   55.562371456243334       -1.9596327710764152     
   55.568911283392140       -1.9598314016056149     
   55.575451110540939       -1.9600280723034129     
   55.581990937689746       -1.9602227829731389     
   55.588530764838552       -1.9604155334200821     
   55.595070591987351       -1.9606063234514917     
   55.601610419136158       -1.9607951528765779     
   55.608150246284964       -1.9609820215065112     
   55.614690073433771       -1.9611669291544229     
   55.621229900582570       -1.9613498756354057     
   55.627769727731376       -1.9615308607665130     
   55.634309554880183       -1.9617098843667593     
   55.640849382028989       -1.9618869462571216     
   55.647389209177788       -1.9620620462605374     
   55.653929036326595       -1.9622351842019068     
   55.660468863475401       -1.9624063599080923     
   55.667008690624208       -1.9625755732079175     
   55.673548517773007       -1.9627428239321698     
   55.680088344921813       -1.9629081119135978     
   55.686628172070620       -1.9630714369869140     
   55.693167999219426       -1.9632327989887932     
   55.699707826368225       -1.9633921977578737     
   55.706247653517032       -1.9635496331347562     
   55.712787480665838       -1.9637051049620058     
   55.719327307814638       -1.9638586130841502     
   55.725867134963444       -1.9640101573476818     
   55.732406962112250       -1.9641597376010558     
   55.738946789261057       -1.9643073536946924     
   55.745486616409856       -1.9644530054809752     
   55.752026443558663       -1.9645966928142524     
   55.758566270707469       -1.9647384155508372     
   55.765106097856275       -1.9648781735490062     
   55.771645925005075       -1.9650159666690017     
   55.778185752153881       -1.9651517947730304     
   55.784725579302687       -1.9652856577252644     
   55.791265406451494       -1.9654175553918407     
   55.797805233600293       -1.9655474876408618     
   55.804345060749100       -1.9656754543423953     
   55.810884887897906       -1.9658014553684744     
   55.817424715046712       -1.9659254905930981     
   55.823964542195512       -1.9660475598922313     
   55.830504369344318       -1.9661676631438048     
   55.837044196493125       -1.9662858002277148     
   55.843584023641924       -1.9664019710258249     
   55.850123850790730       -1.9665161754219640     
   55.856663677939537       -1.9666284133019276     
   55.863203505088343       -1.9667386845534780     
   55.869743332237142       -1.9668469890663438     
   55.876283159385949       -1.9669533267322203     
   55.882822986534755       -1.9670576974447702     
   55.889362813683562       -1.9671601010996227     
   55.895902640832361       -1.9672605375943741     
   55.902442467981167       -1.9673590068285880     
   55.908982295129974       -1.9674555087037948     
   55.915522122278780       -1.9675500431234931     
   55.922061949427579       -1.9676426099931481     
   55.928601776576386       -1.9677332092201931     
   55.935141603725192       -1.9678218407140289     
   55.941681430873999       -1.9679085043860240     
   55.948221258022798       -1.9679932001495148     
   55.954761085171604       -1.9680759279198057     
   55.961300912320411       -1.9681566876141685     
   55.967840739469210       -1.9682354791518439     
   55.974380566618017       -1.9683123024540401     
   55.980920393766823       -1.9683871574439338     
   55.987460220915629       -1.9684600440466700     
   55.994000048064429       -1.9685309621893623     
   56.000539875213235       -1.9685999118010922     
   56.007079702362041       -1.9686668928129105     
   56.013619529510848       -1.9687319051578360     
   56.020159356659647       -1.9687949487708565     
   56.026699183808454       -1.9688560235889279     
   56.033239010957260       -1.9689151295509759     
   56.039778838106066       -1.9689722665978941     
   56.046318665254866       -1.9690274346725460     
   56.052858492403672       -1.9690806337197631     
   56.059398319552479       -1.9691318636863466     
   56.065938146701278       -1.9691811245210662     
   56.072477973850084       -1.9692284161746614     
   56.079017800998891       -1.9692737385998402     
   56.085557628147697       -1.9693170917512808     
   56.092097455296496       -1.9693584755856293     
   56.098637282445303       -1.9693978900615021     
   56.105177109594109       -1.9694353351394851     
   56.111716936742916       -1.9694708107821328     
   56.118256763891715       -1.9695043169539699     
   56.124796591040521       -1.9695358536214898     
   56.131336418189328       -1.9695654207531563     
   56.137876245338134       -1.9695930183194019     
   56.144416072486933       -1.9696186462926293     
   56.150955899635740       -1.9696423046472105     
   56.157495726784546       -1.9696639933594871     
   56.164035553933353       -1.9696837124077704     
   56.170575381082152       -1.9697014617723412     
   56.177115208230958       -1.9697172414354502     
   56.183655035379765       -1.9697310513813180     
   56.190194862528564       -1.9697428915961344     
   56.196734689677371       -1.9697527620680590     
   56.203274516826177       -1.9697606627872217     
   56.209814343974983       -1.9697665937457216     
   56.216354171123783       -1.9697705549376279     
   56.222893998272589       -1.9697725463589790     
   56.229433825421395       -1.9697725680077838     
   56.235973652570202       -1.9697706198840206     
   56.242513479719001       -1.9697667019896377     
   56.249053306867808       -1.9697608143285525     
   56.255593134016614       -1.9697529569066532     
   56.262132961165420       -1.9697431297317971     
   56.268672788314220       -1.9697313328138113     
   56.275212615463026       -1.9697175661644926     
   56.281752442611833       -1.9697018297976077     
   56.288292269760639       -1.9696841237288931     
   56.294832096909438       -1.9696644479760550     
   56.301371924058245       -1.9696428025587687     
   56.307911751207051       -1.9696191874986799     
   56.314451578355850       -1.9695936028194037     
   56.320991405504657       -1.9695660485465245     
   56.327531232653463       -1.9695365247075969     
   56.334071059802270       -1.9695050313321445     
   56.340610886951069       -1.9694715684516606     
   56.347150714099875       -1.9694361360996082     
   56.353690541248682       -1.9693987343114197     
   56.360230368397488       -1.9693593631244968     
   56.366770195546287       -1.9693180225782108     
   56.373310022695094       -1.9692747127139021     
   56.379849849843900       -1.9692294335748808     
   56.386389676992707       -1.9691821852064257     
   56.392929504141506       -1.9691329676557858     
   56.399469331290312       -1.9690817809721783     
   56.406009158439119       -1.9690286252067897     
   56.412548985587925       -1.9689735004127760     
   56.419088812736724       -1.9689164066452618     
   56.425628639885531       -1.9688573439613410     
   56.432168467034337       -1.9687963124200760     
   56.438708294183137       -1.9687333120824988     
   56.445248121331943       -1.9686683430116096     
   56.451787948480749       -1.9686014052723773     
   56.458327775629556       -1.9685324989317396     
   56.464867602778355       -1.9684616240586033     
   56.471407429927162       -1.9683887807238427     
   56.477947257075968       -1.9683139690003013     
   56.484487084224774       -1.9682371889627908     
   56.491026911373574       -1.9681584406880914     
   56.497566738522380       -1.9680777242549514     
   56.504106565671187       -1.9679950397440873     
   56.510646392819993       -1.9679103872381833     
   56.517186219968792       -1.9678237668218921     
   56.523726047117599       -1.9677351785818342     
   56.530265874266405       -1.9676446226065976     
   56.536805701415211       -1.9675520989867383     
   56.543345528564011       -1.9674576078147803     
   56.549885355712817       -1.9673611491852143     
   56.556425182861624       -1.9672627231944992     
   56.562965010010423       -1.9671623299410608     
   56.569504837159229       -1.9670599695252924     
   56.576044664308036       -1.9669556420495544     
   56.582584491456842       -1.9668493476181745     
   56.589124318605641       -1.9667410863374468     
   56.595664145754448       -1.9666308583156331     
   56.602203972903254       -1.9665186636629608     
   56.608743800052061       -1.9664045024916248     
   56.615283627200860       -1.9662883749157865     
   56.621823454349666       -1.9661702810515729     
   56.628363281498473       -1.9660502210170785     
   56.634903108647279       -1.9659281949323628     
   56.641442935796078       -1.9658042029194525     
   56.647982762944885       -1.9656782451023391     
   56.654522590093691       -1.9655503216069807     
   56.661062417242491       -1.9654204325613009     
   56.667602244391297       -1.9652885780951885     
   56.674142071540103       -1.9651547583404980     
   56.680681898688910       -1.9650189734310493     
   56.687221725837709       -1.9648812235026272     
   56.693761552986516       -1.9647415086929814     
   56.700301380135322       -1.9645998291418270     
   56.706841207284128       -1.9644561849908433     
   56.713381034432928       -1.9643105763836748     
   56.719920861581734       -1.9641630034659299     
   56.726460688730540       -1.9640134663851816     
   56.733000515879347       -1.9638619652909668     
   56.739540343028146       -1.9637085003347869     
   56.746080170176953       -1.9635530716701068     
   56.752619997325759       -1.9633956794523548     
   56.759159824474565       -1.9632363238389234     
   56.765699651623365       -1.9630750049891681     
   56.772239478772171       -1.9629117230644078     
   56.778779305920978       -1.9627464782279245     
   56.785319133069777       -1.9625792706449630     
   56.791858960218583       -1.9624101004827310     
   56.798398787367390       -1.9622389679103982     
   56.804938614516196       -1.9620658730990979     
   56.811478441664995       -1.9618908162219242     
   56.818018268813802       -1.9617137974539343     
   56.824558095962608       -1.9615348169721469     
   56.831097923111415       -1.9613538749555424     
   56.837637750260214       -1.9611709715850631     
   56.844177577409020       -1.9609861070436121     
   56.850717404557827       -1.9607992815160540     
   56.857257231706633       -1.9606104951892145     
   56.863797058855432       -1.9604197482518795     
   56.870336886004239       -1.9602270408947964     
   56.876876713153045       -1.9600323733106726     
   56.883416540301852       -1.9598357456941753     
   56.889956367450651       -1.9596371582419325     
   56.896496194599457       -1.9594366111525316     
   56.903036021748264       -1.9592341046265196     
   56.909575848897063       -1.9590296388664030     
   56.916115676045870       -1.9588232140766477     
   56.922655503194676       -1.9586148304636783     
   56.929195330343482       -1.9584044882358782     
   56.935735157492282       -1.9581921876035902     
   56.942274984641088       -1.9579779287791144     
   56.948814811789894       -1.9577617119767097     
   56.955354638938701       -1.9575435374125929     
   56.961894466087500       -1.9573234053049386     
   56.968434293236307       -1.9571013158738793     
   56.974974120385113       -1.9568772693415040     
   56.981513947533919       -1.9566512659318593     
   56.988053774682719       -1.9564233058709488     
   56.994593601831525       -1.9561933893867323     
   57.001133428980332       -1.9559615167091264     
   57.007673256129138       -1.9557276880700041     
   57.014213083277937       -1.9554919037031935     
   57.020752910426744       -1.9552541638444791     
   57.027292737575550       -1.9550144687316009     
   57.033832564724349       -1.9547728186042541     
   57.040372391873156       -1.9545292137040886     
   57.046912219021962       -1.9542836542747095     
   57.053452046170769       -1.9540361405616760     
   57.059991873319568       -1.9537866728125020     
   57.066531700468374       -1.9535352512766551     
   57.073071527617181       -1.9532818762055568     
   57.079611354765987       -1.9530265478525826     
   57.086151181914786       -1.9527692664730603     
   57.092691009063593       -1.9525100323242717     
   57.099230836212399       -1.9522488456654505     
   57.105770663361206       -1.9519857067577839     
   57.112310490510005       -1.9517206158644107     
   57.118850317658811       -1.9514535732504215     
   57.125390144807618       -1.9511845791828588     
   57.131929971956417       -1.9509136339307172     
   57.138469799105224       -1.9506407377649415     
   57.145009626254030       -1.9503658909584281     
   57.151549453402836       -1.9500890937860236     
   57.158089280551636       -1.9498103465245256     
   57.164629107700442       -1.9495296494526808     
   57.171168934849248       -1.9492470028511868     
   57.177708761998055       -1.9489624070026899     
   57.184248589146854       -1.9486758621917861     
   57.190788416295661       -1.9483873687050202     
   57.197328243444467       -1.9480969268308856     
   57.203868070593273       -1.9478045368598242     
   57.210407897742073       -1.9475101990842261     
   57.216947724890879       -1.9472139137984290     
   57.223487552039686       -1.9469156812987178     
   57.230027379188492       -1.9466155018833255     
   57.236567206337291       -1.9463133758524314     
   57.243107033486098       -1.9460093035081611     
   57.249646860634904       -1.9457032851545877     
   57.256186687783703       -1.9453953210977288     
   57.262726514932510       -1.9450854116455489     
   57.269266342081316       -1.9447735571079574     
   57.275806169230123       -1.9444597577968088     
   57.282345996378922       -1.9441440140259023     
   57.288885823527728       -1.9438263261109821     
   57.295425650676535       -1.9435066943697357     
   57.301965477825341       -1.9431851191217950     
   57.308505304974140       -1.9428616006887354     
   57.315045132122947       -1.9425361393940748     
   57.321584959271753       -1.9422087355632751     
   57.328124786420560       -1.9418793895237396     
   57.334664613569359       -1.9415481016048148     
   57.341204440718165       -1.9412148721377884     
   57.347744267866972       -1.9408797014558898     
   57.354284095015778       -1.9405425898942898     
   57.360823922164577       -1.9402035377901001     
   57.367363749313384       -1.9398625454823726     
   57.373903576462190       -1.9395196133120993     
   57.380443403610990       -1.9391747416222129     
   57.386983230759796       -1.9388279307575849     
   57.393523057908602       -1.9384791810650259     
   57.400062885057409       -1.9381284928932860     
   57.406602712206208       -1.9377758665930531     
   57.413142539355015       -1.9374213025169538     
   57.419682366503821       -1.9370648010195519     
   57.426222193652627       -1.9367063624573491     
   57.432762020801427       -1.9363459871887838     
   57.439301847950233       -1.9359836755742315     
   57.445841675099039       -1.9356194279760035     
   57.452381502247846       -1.9352532447583475     
   57.458921329396645       -1.9348851262874467     
   57.465461156545452       -1.9345150729314196     
   57.472000983694258       -1.9341430850603194     
   57.478540810843064       -1.9337691630461342     
   57.485080637991864       -1.9333933072627862     
   57.491620465140670       -1.9330155180861308     
   57.498160292289477       -1.9326357958939573     
   57.504700119438276       -1.9322541410659879     
   57.511239946587082       -1.9318705539838774     
   57.517779773735889       -1.9314850350312127     
   57.524319600884695       -1.9310975845935132     
   57.530859428033494       -1.9307082030582290     
   57.537399255182301       -1.9303168908147419     
   57.543939082331107       -1.9299236482543638     
   57.550478909479914       -1.9295284757703375     
   57.557018736628713       -1.9291313737578353     
   57.563558563777519       -1.9287323426139595     
   57.570098390926326       -1.9283313827377411     
   57.576638218075132       -1.9279284945301398     
   57.583178045223931       -1.9275236783940439     
   57.589717872372738       -1.9271169347342700     
   57.596257699521544       -1.9267082639575610     
   57.602797526670351       -1.9262976664725882     
   57.609337353819150       -1.9258851426899488     
   57.615877180967956       -1.9254706930221668     
   57.622417008116763       -1.9250543178836919     
   57.628956835265562       -1.9246360176908990     
   57.635496662414369       -1.9242157928620882     
   57.642036489563175       -1.9237936438174847     
   57.648576316711981       -1.9233695709792373     
   57.655116143860781       -1.9229435747714192     
   57.661655971009587       -1.9225156556200262     
   57.668195798158393       -1.9220858139529775     
   57.674735625307200       -1.9216540502001149     
   57.681275452455999       -1.9212203647932022     
   57.687815279604806       -1.9207847581659248     
   57.694355106753612       -1.9203472307538891     
   57.700894933902418       -1.9199077829946227     
   57.707434761051218       -1.9194664153275733     
   57.713974588200024       -1.9190231281941088     
   57.720514415348831       -1.9185779220375159     
   57.727054242497630       -1.9181307973030008     
   57.733594069646436       -1.9176817544376885     
   57.740133896795243       -1.9172307938906219     
   57.746673723944049       -1.9167779161127614     
   57.753213551092848       -1.9163231215569847     
   57.759753378241655       -1.9158664106780867     
   57.766293205390461       -1.9154077839327779     
   57.772833032539268       -1.9149472417796853     
   57.779372859688067       -1.9144847846793507     
   57.785912686836873       -1.9140204130942318     
   57.792452513985680       -1.9135541274886996     
   57.798992341134486       -1.9130859283290400     
   57.805532168283285       -1.9126158160834521     
   57.812071995432092       -1.9121437912220480     
   57.818611822580898       -1.9116698542168526     
   57.825151649729705       -1.9111940055418031     
   57.831691476878504       -1.9107162456727480     
   57.838231304027310       -1.9102365750874473     
   57.844771131176117       -1.9097549942655712     
   57.851310958324916       -1.9092715036887009     
   57.857850785473723       -1.9087861038403271     
   57.864390612622529       -1.9082987952058492     
   57.870930439771335       -1.9078095782725761     
   57.877470266920135       -1.9073184535297247     
   57.884010094068941       -1.9068254214684197     
   57.890549921217747       -1.9063304825816931     
   57.897089748366554       -1.9058336373644840     
   57.903629575515353       -1.9053348863136375     
   57.910169402664160       -1.9048342299279046     
   57.916709229812966       -1.9043316687079419     
   57.923249056961772       -1.9038272031563104     
   57.929788884110572       -1.9033208337774756     
   57.936328711259378       -1.9028125610778075     
   57.942868538408185       -1.9023023855655781     
   57.949408365556991       -1.9017903077509630     
   57.955948192705790       -1.9012763281460403     
   57.962488019854597       -1.9007604472647892     
   57.969027847003403       -1.9002426656230911     
   57.975567674152202       -1.8997229837387271     
   57.982107501301009       -1.8992014021313794     
   57.988647328449815       -1.8986779213226297     
   57.995187155598622       -1.8981525418359586     
   58.001726982747421       -1.8976252641967455     
   58.008266809896227       -1.8970960889322683     
   58.014806637045034       -1.8965650165717023     
   58.021346464193840       -1.8960320476461194     
   58.027886291342639       -1.8954971826884892     
   58.034426118491446       -1.8949604222336760     
   58.040965945640252       -1.8944217668184409     
   58.047505772789059       -1.8938812169814390     
   58.054045599937858       -1.8933387732632201     
   58.060585427086664       -1.8927944362062279     
   58.067125254235471       -1.8922482063547996     
   58.073665081384277       -1.8917000842551650     
   58.080204908533076       -1.8911500704554460     
   58.086744735681883       -1.8905981655056565     
   58.093284562830689       -1.8900443699577014     
   58.099824389979489       -1.8894886843653766     
   58.106364217128295       -1.8889311092843672     
   58.112904044277101       -1.8883716452722485     
   58.119443871425908       -1.8878102928884846     
   58.125983698574707       -1.8872470526944278     
   58.132523525723514       -1.8866819252533185     
   58.139063352872320       -1.8861149111302840     
   58.145603180021126       -1.8855460108923381     
   58.152143007169926       -1.8849752251083818     
   58.158682834318732       -1.8844025543492000     
   58.165222661467539       -1.8838279991874642     
   58.171762488616345       -1.8832515601977291     
   58.178302315765144       -1.8826732379564339     
   58.184842142913951       -1.8820930330419008     
   58.191381970062757       -1.8815109460343347     
   58.197921797211556       -1.8809269775158226     
   58.204461624360363       -1.8803411280703328     
   58.211001451509169       -1.8797533982837151     
   58.217541278657976       -1.8791637887436992     
   58.224081105806775       -1.8785723000398942     
   58.230620932955581       -1.8779789327637895     
   58.237160760104388       -1.8773836875087517     
   58.243700587253194       -1.8767865648700266     
   58.250240414401993       -1.8761875654447364     
   58.256780241550800       -1.8755866898318811     
   58.263320068699606       -1.8749839386323357     
   58.269859895848413       -1.8743793124488517     
   58.276399722997212       -1.8737728118860553     
   58.282939550146018       -1.8731644375504468     
   58.289479377294825       -1.8725541900504008     
   58.296019204443631       -1.8719420699961646     
   58.302559031592430       -1.8713280779998587     
   58.309098858741237       -1.8707122146754749     
   58.315638685890043       -1.8700944806388762     
   58.322178513038843       -1.8694748765077971     
   58.328718340187649       -1.8688534029018413     
   58.335258167336455       -1.8682300604424824     
   58.341797994485262       -1.8676048497530633     
   58.348337821634061       -1.8669777714587941     
   58.354877648782868       -1.8663488261867536     
   58.361417475931674       -1.8657180145658869     
   58.367957303080480       -1.8650853372270055     
   58.374497130229280       -1.8644507948027869     
   58.381036957378086       -1.8638143879277735     
   58.387576784526892       -1.8631761172383723     
   58.394116611675699       -1.8625359833728539     
   58.400656438824498       -1.8618939869713518     
   58.407196265973305       -1.8612501286758629     
   58.413736093122111       -1.8606044091302456     
   58.420275920270917       -1.8599568289802191     
   58.426815747419717       -1.8593073888733636     
   58.433355574568523       -1.8586560894591193     
   58.439895401717330       -1.8580029313887854     
   58.446435228866129       -1.8573479153155203     
   58.452975056014935       -1.8566910418943399     
   58.459514883163742       -1.8560323117821176     
   58.466054710312548       -1.8553717256375835     
   58.472594537461347       -1.8547092841213237     
   58.479134364610154       -1.8540449878957797     
   58.485674191758960       -1.8533788376252478     
   58.492214018907767       -1.8527108339758784     
   58.498753846056566       -1.8520409776156750     
   58.505293673205372       -1.8513692692144936     
   58.511833500354179       -1.8506957094440435     
   58.518373327502985       -1.8500202989778836     
   58.524913154651784       -1.8493430384914247     
   58.531452981800591       -1.8486639286619273     
   58.537992808949397       -1.8479829701685015     
   58.544532636098204       -1.8473001636921054     
   58.551072463247003       -1.8466155099155457     
   58.557612290395809       -1.8459290095234759     
   58.564152117544616       -1.8452406632023968     
   58.570691944693415       -1.8445504716406542     
   58.577231771842222       -1.8438584355284402     
   58.583771598991028       -1.8431645555577907     
   58.590311426139834       -1.8424688324225855     
   58.596851253288634       -1.8417712668185480     
   58.603391080437440       -1.8410718594432434     
   58.609930907586246       -1.8403706109960796     
   58.616470734735053       -1.8396675221783048     
   58.623010561883852       -1.8389625936930076     
   58.629550389032659       -1.8382558262451167     
   58.636090216181465       -1.8375472205413996     
   58.642630043330271       -1.8368367772904621     
   58.649169870479071       -1.8361244972027473     
   58.655709697627877       -1.8354103809905356     
   58.662249524776684       -1.8346944293679426     
   58.668789351925490       -1.8339766430509203     
   58.675329179074289       -1.8332570227572549     
   58.681869006223096       -1.8325355692065668     
   58.688408833371902       -1.8318122831203094     
   58.694948660520701       -1.8310871652217688     
   58.701488487669508       -1.8303602162360630     
   58.708028314818314       -1.8296314368901410     
   58.714568141967121       -1.8289008279127821     
   58.721107969115920       -1.8281683900345951     
   58.727647796264726       -1.8274341239880181     
   58.734187623413533       -1.8266980305073170     
   58.740727450562339       -1.8259601103285856     
   58.747267277711138       -1.8252203641897438     
   58.753807104859945       -1.8244787928305377     
   58.760346932008751       -1.8237353969925389     
   58.766886759157558       -1.8229901774191430     
   58.773426586306357       -1.8222431348555697     
   58.779966413455163       -1.8214942700488614     
   58.786506240603970       -1.8207435837478834     
   58.793046067752769       -1.8199910767033214     
   58.799585894901576       -1.8192367496676827     
   58.806125722050382       -1.8184806033952943     
   58.812665549199188       -1.8177226386423027     
   58.819205376347988       -1.8169628561666724     
   58.825745203496794       -1.8162012567281860     
   58.832285030645600       -1.8154378410884429     
   58.838824857794407       -1.8146726100108588     
   58.845364684943206       -1.8139055642606645     
   58.851904512092013       -1.8131367046049061     
   58.858444339240819       -1.8123660318124430     
   58.864984166389625       -1.8115935466539481     
   58.871523993538425       -1.8108192499019067     
   58.878063820687231       -1.8100431423306154     
   58.884603647836038       -1.8092652247161816     
   58.891143474984844       -1.8084854978365232     
   58.897683302133643       -1.8077039624713671     
   58.904223129282450       -1.8069206194022485     
   58.910762956431256       -1.8061354694125105     
   58.917302783580055       -1.8053485132873033     
   58.923842610728862       -1.8045597518135825     
   58.930382437877668       -1.8037691857801101     
   58.936922265026475       -1.8029768159774520     
   58.943462092175274       -1.8021826431979777     
   58.950001919324080       -1.8013866682358601     
   58.956541746472887       -1.8005888918870745     
   58.963081573621693       -1.7997893149493969     
   58.969621400770492       -1.7989879382224041     
   58.976161227919299       -1.7981847625074732     
   58.982701055068105       -1.7973797886077798     
   58.989240882216912       -1.7965730173282977     
   58.995780709365711       -1.7957644494757981     
   59.002320536514517       -1.7949540858588491     
   59.008860363663324       -1.7941419272878141     
   59.015400190812130       -1.7933279745748516     
   59.021940017960929       -1.7925122285339148     
   59.028479845109736       -1.7916946899807493     
   59.035019672258542       -1.7908753597328937     
   59.041559499407342       -1.7900542386096783     
   59.048099326556148       -1.7892313274322245     
   59.054639153704954       -1.7884066270234431     
   59.061178980853761       -1.7875801382080347     
   59.067718808002560       -1.7867518618124880     
   59.074258635151367       -1.7859217986650799     
   59.080798462300173       -1.7850899495958730     
   59.087338289448979       -1.7842563154367164     
   59.093878116597779       -1.7834208970212444     
   59.100417943746585       -1.7825836951848752     
   59.106957770895391       -1.7817447107648110     
   59.113497598044198       -1.7809039446000361     
   59.120037425192997       -1.7800613975313164     
   59.126577252341804       -1.7792170704011991     
   59.133117079490610       -1.7783709640540113     
   59.139656906639416       -1.7775230793358594     
   59.146196733788216       -1.7766734170946281     
   59.152736560937022       -1.7758219781799798     
   59.159276388085829       -1.7749687634433531     
   59.165816215234628       -1.7741137737379633     
   59.172356042383434       -1.7732570099187996     
   59.178895869532241       -1.7723984728426261     
   59.185435696681047       -1.7715381633679796     
   59.191975523829846       -1.7706760823551697     
   59.198515350978653       -1.7698122306662776     
   59.205055178127459       -1.7689466091651547     
   59.211595005276266       -1.7680792187174228     
   59.218134832425065       -1.7672100601904721     
   59.224674659573871       -1.7663391344534611     
   59.231214486722678       -1.7654664423773159     
   59.237754313871484       -1.7645919848347282     
   59.244294141020283       -1.7637157627001558     
   59.250833968169090       -1.7628377768498207     
   59.257373795317896       -1.7619580281617087     
   59.263913622466696       -1.7610765175155685     
   59.270453449615502       -1.7601932457929110     
   59.276993276764308       -1.7593082138770075     
   59.283533103913115       -1.7584214226528903     
   59.290072931061914       -1.7575328730073505     
   59.296612758210721       -1.7566425658289377     
   59.303152585359527       -1.7557505020079589     
   59.309692412508333       -1.7548566824364782     
   59.316232239657133       -1.7539611080083148     
   59.322772066805939       -1.7530637796190434     
   59.329311893954745       -1.7521646981659924     
   59.335851721103552       -1.7512638645482432     
   59.342391548252351       -1.7503612796666295     
   59.348931375401158       -1.7494569444237360     
   59.355471202549964       -1.7485508597238983     
   59.362011029698770       -1.7476430264732008     
   59.368550856847570       -1.7467334455794767     
   59.375090683996376       -1.7458221179523072     
   59.381630511145183       -1.7449090445030198     
   59.388170338293982       -1.7439942261446875     
   59.394710165442788       -1.7430776637921295     
   59.401249992591595       -1.7421593583619075     
   59.407789819740401       -1.7412393107723272     
   59.414329646889200       -1.7403175219434361     
   59.420869474038007       -1.7393939927970230     
   59.427409301186813       -1.7384687242566172     
   59.433949128335620       -1.7375417172474872     
   59.440488955484419       -1.7366129726966402     
   59.447028782633225       -1.7356824915328202     
   59.453568609782032       -1.7347502746865087     
   59.460108436930838       -1.7338163230899224     
   59.466648264079637       -1.7328806376770129     
   59.473188091228444       -1.7319432193834658     
   59.479727918377250       -1.7310040691466995     
   59.486267745526057       -1.7300631879058641     
   59.492807572674856       -1.7291205766018407     
   59.499347399823662       -1.7281762361772406     
   59.505887226972469       -1.7272301675764041     
   59.512427054121268       -1.7262823717454003     
   59.518966881270075       -1.7253328496320246     
   59.525506708418881       -1.7243816021857994     
   59.532046535567687       -1.7234286303579720     
   59.538586362716487       -1.7224739351015141     
   59.545126189865293       -1.7215175173711210     
   59.551666017014099       -1.7205593781232105     
   59.558205844162906       -1.7195995183159221     
   59.564745671311705       -1.7186379389091151     
   59.571285498460512       -1.7176746408643695     
   59.577825325609318       -1.7167096251449827     
   59.584365152758124       -1.7157428927159710     
   59.590904979906924       -1.7147744445440665     
   59.597444807055730       -1.7138042815977175     
   59.603984634204537       -1.7128324048470869     
   59.610524461353343       -1.7118588152640515     
   59.617064288502142       -1.7108835138222007     
   59.623604115650949       -1.7099065014968364     
   59.630143942799755       -1.7089277792649704     
   59.636683769948554       -1.7079473481053251     
   59.643223597097361       -1.7069652089983318     
   59.649763424246167       -1.7059813629261291     
   59.656303251394974       -1.7049958108725638     
   59.662843078543773       -1.7040085538231873     
   59.669382905692579       -1.7030195927652569     
   59.675922732841386       -1.7020289286877339     
   59.682462559990192       -1.7010365625812822     
   59.689002387138991       -1.7000424954382680     
   59.695542214287798       -1.6990467282527582     
   59.702082041436604       -1.6980492620205201     
   59.708621868585411       -1.6970500977390202     
   59.715161695734210       -1.6960492364074224     
   59.721701522883016       -1.6950466790265881     
   59.728241350031823       -1.6940424265990748     
   59.734781177180629       -1.6930364801291351     
   59.741321004329428       -1.6920288406227151     
   59.747860831478235       -1.6910195090874542     
   59.754400658627041       -1.6900084865326848     
   59.760940485775841       -1.6889957739694286     
   59.767480312924647       -1.6879813724103985     
   59.774020140073453       -1.6869652828699961     
   59.780559967222260       -1.6859475063643108     
   59.787099794371059       -1.6849280439111192     
   59.793639621519866       -1.6839068965298836     
   59.800179448668672       -1.6828840652417516     
   59.806719275817478       -1.6818595510695542     
   59.813259102966278       -1.6808333550378056     
   59.819798930115084       -1.6798054781727021     
   59.826338757263890       -1.6787759215021205     
   59.832878584412697       -1.6777446860556173     
   59.839418411561496       -1.6767117728644283     
   59.845958238710303       -1.6756771829614663     
   59.852498065859109       -1.6746409173813215     
   59.859037893007908       -1.6736029771602592     
   59.865577720156715       -1.6725633633362198     
   59.872117547305521       -1.6715220769488170     
   59.878657374454328       -1.6704791190393373     
   59.885197201603127       -1.6694344906507386     
   59.891737028751933       -1.6683881928276494     
   59.898276855900740       -1.6673402266163673     
   59.904816683049546       -1.6662905930648586     
   59.911356510198345       -1.6652392932227567     
   59.917896337347152       -1.6641863281413616     
   59.924436164495958       -1.6631316988736384     
   59.930975991644765       -1.6620754064742165     
   59.937515818793564       -1.6610174519993879     
   59.944055645942370       -1.6599578365071075     
   59.950595473091177       -1.6588965610569903     
   59.957135300239983       -1.6578336267103122     
   59.963675127388782       -1.6567690345300072     
   59.970214954537589       -1.6557027855806679     
   59.976754781686395       -1.6546348809285429     
   59.983294608835195       -1.6535653216415369     
   59.989834435984001       -1.6524941087892093     
   59.996374263132807       -1.6514212434427731     
   60.002914090281614       -1.6503467266750933     
   60.009453917430413       -1.6492705595606867     
   60.015993744579220       -1.6481927431757208     
   60.022533571728026       -1.6471132785980118     
   60.029073398876832       -1.6460321669070241     
   60.035613226025632       -1.6449494091838694     
   60.042153053174438       -1.6438650065113056     
   60.048692880323244       -1.6427789599737350     
   60.055232707472051       -1.6416912706572049     
   60.061772534620850       -1.6406019396494038     
   60.068312361769657       -1.6395109680396631     
   60.074852188918463       -1.6384183569189545     
   60.081392016067269       -1.6373241073798892     
   60.087931843216069       -1.6362282205167162     
   60.094471670364875       -1.6351306974253230     
   60.101011497513682       -1.6340315392032323     
   60.107551324662481       -1.6329307469496024     
   60.114091151811287       -1.6318283217652254     
   60.120630978960094       -1.6307242647525266     
   60.127170806108900       -1.6296185770155631     
   60.133710633257699       -1.6285112596600226     
   60.140250460406506       -1.6274023137932225     
   60.146790287555312       -1.6262917405241086     
   60.153330114704119       -1.6251795409632543     
   60.159869941852918       -1.6240657162228589     
   60.166409769001724       -1.6229502674167473     
   60.172949596150531       -1.6218331956603684     
   60.179489423299337       -1.6207145020707940     
   60.186029250448136       -1.6195941877667175     
   60.192569077596943       -1.6184722538684531     
   60.199108904745749       -1.6173487014979349     
   60.205648731894556       -1.6162235317787152     
   60.212188559043355       -1.6150967458359637     
   60.218728386192161       -1.6139683447964663     
   60.225268213340968       -1.6128383297886244     
   60.231808040489767       -1.6117067019424525     
   60.238347867638574       -1.6105734623895787     
   60.244887694787380       -1.6094386122632425     
   60.251427521936186       -1.6083021526982941     
   60.257967349084986       -1.6071640848311930     
   60.264507176233792       -1.6060244098000072     
   60.271047003382598       -1.6048831287444114     
   60.277586830531405       -1.6037402428056871     
   60.284126657680204       -1.6025957531267199     
   60.290666484829011       -1.6014496608519997     
   60.297206311977817       -1.6003019671276186     
   60.303746139126623       -1.5991526731012704     
   60.310285966275423       -1.5980017799222488     
   60.316825793424229       -1.5968492887414476     
   60.323365620573036       -1.5956952007113574     
   60.329905447721842       -1.5945395169860668     
   60.336445274870641       -1.5933822387212593     
   60.342985102019448       -1.5922233670742130     
   60.349524929168254       -1.5910629032037993     
   60.356064756317053       -1.5899008482704826     
   60.362604583465860       -1.5887372034363179     
   60.369144410614666       -1.5875719698649493     
   60.375684237763473       -1.5864051487216113     
   60.382224064912272       -1.5852367411731243     
   60.388763892061078       -1.5840667483878963     
   60.395303719209885       -1.5828951715359199     
   60.401843546358691       -1.5817220117887720     
   60.408383373507490       -1.5805472703196122     
   60.414923200656297       -1.5793709483031824     
   60.421463027805103       -1.5781930469158039     
   60.428002854953910       -1.5770135673353787     
   60.434542682102709       -1.5758325107413860     
   60.441082509251515       -1.5746498783148826     
   60.447622336400322       -1.5734656712385009     
   60.454162163549121       -1.5722798906964481     
   60.460701990697927       -1.5710925378745046     
   60.467241817846734       -1.5699036139600231     
   60.473781644995540       -1.5687131201419273     
   60.480321472144340       -1.5675210576107115     
   60.486861299293146       -1.5663274275584380     
   60.493401126441952       -1.5651322311787370     
   60.499940953590759       -1.5639354696668046     
   60.506480780739558       -1.5627371442194029     
   60.513020607888365       -1.5615372560348568     
   60.519560435037171       -1.5603358063130548     
   60.526100262185977       -1.5591327962554464     
   60.532640089334777       -1.5579282270650421     
   60.539179916483583       -1.5567220999464104     
   60.545719743632390       -1.5555144161056789     
   60.552259570781196       -1.5543051767505314     
   60.558799397929995       -1.5530943830902069     
   60.565339225078802       -1.5518820363354995     
   60.571879052227608       -1.5506681376987557     
   60.578418879376407       -1.5494526883938740     
   60.584958706525214       -1.5482356896363041     
   60.591498533674020       -1.5470171426430444     
   60.598038360822827       -1.5457970486326420     
   60.604578187971626       -1.5445754088251911     
   60.611118015120432       -1.5433522244423312     
   60.617657842269239       -1.5421274967072467     
   60.624197669418045       -1.5409012268446656     
   60.630737496566844       -1.5396734160808576     
   60.637277323715651       -1.5384440656436336     
   60.643817150864457       -1.5372131767623440     
   60.650356978013264       -1.5359807506678775     
   60.656896805162063       -1.5347467885926604     
   60.663436632310869       -1.5335112917706548     
   60.669976459459676       -1.5322742614373575     
   60.676516286608482       -1.5310356988297984     
   60.683056113757281       -1.5297956051865407     
   60.689595940906088       -1.5285539817476779     
   60.696135768054894       -1.5273108297548332     
   60.702675595203694       -1.5260661504511588     
   60.709215422352500       -1.5248199450813338     
   60.715755249501306       -1.5235722148915638     
   60.722295076650113       -1.5223229611295792     
   60.728834903798912       -1.5210721850446332     
   60.735374730947719       -1.5198198878875022     
   60.741914558096525       -1.5185660709104836     
   60.748454385245331       -1.5173107353673938     
   60.754994212394131       -1.5160538825135690     
   60.761534039542937       -1.5147955136058615     
   60.768073866691743       -1.5135356299026406     
   60.774613693840550       -1.5122742326637895     
   60.781153520989349       -1.5110113231507059     
   60.787693348138156       -1.5097469026262993     
   60.794233175286962       -1.5084809723549899     
   60.800773002435768       -1.5072135336027082     
   60.807312829584568       -1.5059445876368929     
   60.813852656733374       -1.5046741357264897     
   60.820392483882181       -1.5034021791419510     
   60.826932311030980       -1.5021287191552330     
   60.833472138179786       -1.5008537570397960     
   60.840011965328593       -1.4995772940706016     
   60.846551792477399       -1.4982993315241133     
   60.853091619626198       -1.4970198706782933     
   60.859631446775005       -1.4957389128126028     
   60.866171273923811       -1.4944564592079994     
   60.872711101072618       -1.4931725111469367     
   60.879250928221417       -1.4918870699133631     
   60.885790755370223       -1.4906001367927197     
   60.892330582519030       -1.4893117130719393     
   60.898870409667836       -1.4880218000394461     
   60.905410236816635       -1.4867303989851526     
   60.911950063965442       -1.4854375112004601     
   60.918489891114248       -1.4841431379782566     
   60.925029718263048       -1.4828472806129152     
   60.931569545411854       -1.4815499404002930     
   60.938109372560660       -1.4802511186377307     
   60.944649199709467       -1.4789508166240495     
   60.951189026858266       -1.4776490356595517     
   60.957728854007073       -1.4763457770460182     
   60.964268681155879       -1.4750410420867077     
   60.970808508304685       -1.4737348320863553     
   60.977348335453485       -1.4724271483511704     
   60.983888162602291       -1.4711179921888373     
   60.990427989751097       -1.4698073649085122     
   60.996967816899904       -1.4684952678208221     
   61.003507644048703       -1.4671817022378639     
   61.010047471197510       -1.4658666694732039     
   61.016587298346316       -1.4645501708418742     
   61.023127125495122       -1.4632322076603737     
   61.029666952643922       -1.4619127812466657     
   61.036206779792728       -1.4605918929201762     
   61.042746606941535       -1.4592695440017940     
   61.049286434090334       -1.4579457358138677     
   61.055826261239140       -1.4566204696802056     
   61.062366088387947       -1.4552937469260738     
   61.068905915536753       -1.4539655688781949     
   61.075445742685552       -1.4526359368647475     
   61.081985569834359       -1.4513048522153629     
   61.088525396983165       -1.4499723162611260     
   61.095065224131972       -1.4486383303345729     
   61.101605051280771       -1.4473028957696896     
   61.108144878429577       -1.4459660139019104     
   61.114684705578384       -1.4446276860681173     
   61.121224532727190       -1.4432879136066381     
   61.127764359875989       -1.4419466978572455     
   61.134304187024796       -1.4406040401611551     
   61.140844014173602       -1.4392599418610244     
   61.147383841322409       -1.4379144043009515     
   61.153923668471208       -1.4365674288264747     
   61.160463495620014       -1.4352190167845689     
   61.167003322768821       -1.4338691695236461     
   61.173543149917620       -1.4325178883935539     
   61.180082977066427       -1.4311651747455734     
   61.186622804215233       -1.4298110299324178     
   61.193162631364039       -1.4284554553082325     
   61.199702458512839       -1.4270984522285919     
   61.206242285661645       -1.4257400220504990     
   61.212782112810451       -1.4243801661323843     
   61.219321939959258       -1.4230188858341031     
   61.225861767108057       -1.4216561825169363     
   61.232401594256864       -1.4202920575435869     
   61.238941421405670       -1.4189265122781800     
   61.245481248554476       -1.4175595480862608     
   61.252021075703276       -1.4161911663347937     
   61.258560902852082       -1.4148213683921600     
   61.265100730000889       -1.4134501556281580     
   61.271640557149695       -1.4120775294140004     
   61.278180384298494       -1.4107034911223133     
   61.284720211447301       -1.4093280421271350     
   61.291260038596107       -1.4079511838039149     
   61.297799865744906       -1.4065729175295107     
   61.304339692893713       -1.4051932446821893     
   61.310879520042519       -1.4038121666416232     
   61.317419347191326       -1.4024296847888902     
   61.323959174340125       -1.4010458005064728     
   61.330499001488931       -1.3996605151782546     
   61.337038828637738       -1.3982738301895214     
   61.343578655786544       -1.3968857469269582     
   61.350118482935343       -1.3954962667786479     
   61.356658310084150       -1.3941053911340708     
   61.363198137232956       -1.3927131213841029     
   61.369737964381763       -1.3913194589210132     
   61.376277791530562       -1.3899244051384647     
   61.382817618679368       -1.3885279614315109     
   61.389357445828175       -1.3871301291965958     
   61.395897272976981       -1.3857309098315516     
   61.402437100125780       -1.3843303047355975     
   61.408976927274587       -1.3829283153093388     
   61.415516754423393       -1.3815249429547647     
   61.422056581572193       -1.3801201890752477     
   61.428596408720999       -1.3787140550755417     
   61.435136235869805       -1.3773065423617807     
   61.441676063018612       -1.3758976523414772     
   61.448215890167411       -1.3744873864235216     
   61.454755717316218       -1.3730757460181795     
   61.461295544465024       -1.3716627325370914     
   61.467835371613830       -1.3702483473932707     
   61.474375198762630       -1.3688325920011031     
   61.480915025911436       -1.3674154677763430     
   61.487454853060242       -1.3659969761361153     
   61.493994680209049       -1.3645771184989115     
   61.500534507357848       -1.3631558962845891     
   61.507074334506655       -1.3617333109143706     
   61.513614161655461       -1.3603093638108410     
   61.520153988804260       -1.3588840563979476     
   61.526693815953067       -1.3574573901009979     
   61.533233643101873       -1.3560293663466580     
   61.539773470250680       -1.3545999865629519     
   61.546313297399479       -1.3531692521792591     
   61.552853124548285       -1.3517371646263143     
   61.559392951697092       -1.3503037253362047     
   61.565932778845898       -1.3488689357423700     
   61.572472605994697       -1.3474327972795994     
   61.579012433143504       -1.3459953113840317     
   61.585552260292310       -1.3445564794931524     
   61.592092087441117       -1.3431163030457938     
   61.598631914589916       -1.3416747834821321     
   61.605171741738722       -1.3402319222436869     
   61.611711568887529       -1.3387877207733194     
   61.618251396036335       -1.3373421805152312     
   61.624791223185134       -1.3358953029149625     
   61.631331050333941       -1.3344470894193909     
   61.637870877482747       -1.3329975414767297     
   61.644410704631547       -1.3315466605365271     
   61.650950531780353       -1.3300944480496641     
   61.657490358929159       -1.3286409054683530     
   61.664030186077966       -1.3271860342461366     
   61.670570013226765       -1.3257298358378860     
   61.677109840375572       -1.3242723116997994     
   61.683649667524378       -1.3228134632894011     
   61.690189494673184       -1.3213532920655395     
   61.696729321821984       -1.3198917994883859     
   61.703269148970790       -1.3184289870194328     
   61.709808976119596       -1.3169648561214924     
   61.716348803268403       -1.3154994082586962     
   61.722888630417202       -1.3140326448964916     
   61.729428457566009       -1.3125645675016420     
   61.735968284714815       -1.3110951775422250     
   61.742508111863621       -1.3096244764876306     
   61.749047939012421       -1.3081524658085597     
   61.755587766161227       -1.3066791469770227     
   61.762127593310034       -1.3052045214663390     
   61.768667420458833       -1.3037285907511336     
   61.775207247607639       -1.3022513563073375     
   61.781747074756446       -1.3007728196121850     
   61.788286901905252       -1.2992929821442130     
   61.794826729054051       -1.2978118453832588     
   61.801366556202858       -1.2963294108104590     
   61.807906383351664       -1.2948456799082486     
   61.814446210500471       -1.2933606541603582     
   61.820986037649270       -1.2918743350518134     
   61.827525864798076       -1.2903867240689337     
   61.834065691946883       -1.2888978226993302     
   61.840605519095689       -1.2874076324319037     
   61.847145346244488       -1.2859161547568450     
   61.853685173393295       -1.2844233911656313     
   61.860225000542101       -1.2829293431510265     
   61.866764827690908       -1.2814340122070784     
   61.873304654839707       -1.2799373998291181     
   61.879844481988513       -1.2784395075137582     
   61.886384309137320       -1.2769403367588905     
   61.892924136286119       -1.2754398890636860     
   61.899463963434926       -1.2739381659285924     
   61.906003790583732       -1.2724351688553333     
   61.912543617732538       -1.2709308993469048     
   61.919083444881338       -1.2694253589075772     
   61.925623272030144       -1.2679185490428906     
   61.932163099178950       -1.2664104712596551     
   61.938702926327757       -1.2649011270659483     
   61.945242753476556       -1.2633905179711145     
   61.951782580625363       -1.2618786454857625     
   61.958322407774169       -1.2603655111217651     
   61.964862234922975       -1.2588511163922567     
   61.971402062071775       -1.2573354628116318     
   61.977941889220581       -1.2558185518955440     
   61.984481716369388       -1.2543003851609045     
   61.991021543518187       -1.2527809641258800     
   61.997561370666993       -1.2512602903098913     
   62.004101197815800       -1.2497383652336123     
   62.010641024964606       -1.2482151904189678     
   62.017180852113405       -1.2466907673891330     
   62.023720679262212       -1.2451650976685309     
   62.030260506411018       -1.2436381827828309     
   62.036800333559825       -1.2421100242589480     
   62.043340160708624       -1.2405806236250410     
   62.049879987857430       -1.2390499824105101     
   62.056419815006237       -1.2375181021459971     
   62.062959642155043       -1.2359849843633819     
   62.069499469303842       -1.2344506305957823     
   62.076039296452649       -1.2329150423775521     
   62.082579123601455       -1.2313782212442794     
   62.089118950750262       -1.2298401687327856     
   62.095658777899061       -1.2283008863811229     
   62.102198605047867       -1.2267603757285741     
   62.108738432196674       -1.2252186383156494     
   62.115278259345473       -1.2236756756840863     
   62.121818086494279       -1.2221314893768476     
   62.128357913643086       -1.2205860809381195     
   62.134897740791892       -1.2190394519133105     
   62.141437567940692       -1.2174916038490498     
   62.147977395089498       -1.2159425382931852     
   62.154517222238304       -1.2143922567947822     
   62.161057049387111       -1.2128407609041227     
   62.167596876535910       -1.2112880521727023     
   62.174136703684717       -1.2097341321532293     
   62.180676530833523       -1.2081790023996244     
   62.187216357982329       -1.2066226644670170     
   62.193756185131129       -1.2050651199117450     
   62.200296012279935       -1.2035063702913533     
   62.206835839428742       -1.2019464171645913     
   62.213375666577548       -1.2003852620914119     
   62.219915493726347       -1.1988229066329705     
   62.226455320875154       -1.1972593523516224     
   62.232995148023960       -1.1956946008109219     
   62.239534975172759       -1.1941286535756206     
   62.246074802321566       -1.1925615122116657     
   62.252614629470372       -1.1909931782861989     
   62.259154456619179       -1.1894236533675535     
   62.265694283767978       -1.1878529390252548     
   62.272234110916784       -1.1862810368300170     
   62.278773938065591       -1.1847079483537424     
   62.285313765214397       -1.1831336751695196     
   62.291853592363196       -1.1815582188516214     
   62.298393419512003       -1.1799815809755043     
   62.304933246660809       -1.1784037631178061     
   62.311473073809616       -1.1768247668563450     
   62.318012900958415       -1.1752445937701168     
   62.324552728107221       -1.1736632454392948     
   62.331092555256028       -1.1720807234452275     
   62.337632382404834       -1.1704970293704366     
   62.344172209553633       -1.1689121647986167     
   62.350712036702440       -1.1673261313146317     
   62.357251863851246       -1.1657389305045156     
   62.363791691000046       -1.1641505639554688     
   62.370331518148852       -1.1625610332558580     
   62.376871345297658       -1.1609703399952140     
   62.383411172446465       -1.1593784857642302     
   62.389950999595264       -1.1577854721547605     
   62.396490826744071       -1.1561913007598186     
   62.403030653892877       -1.1545959731735762     
   62.409570481041683       -1.1529994909913606     
   62.416110308190483       -1.1514018558096542     
   62.422650135339289       -1.1498030692260917     
   62.429189962488095       -1.1482031328394600     
   62.435729789636902       -1.1466020482496955     
   62.442269616785701       -1.1449998170578828     
   62.448809443934508       -1.1433964408662529     
   62.455349271083314       -1.1417919212781822     
   62.461889098232120       -1.1401862598981900     
   62.468428925380920       -1.1385794583319382     
   62.474968752529726       -1.1369715181862279     
   62.481508579678533       -1.1353624410689993     
   62.488048406827332       -1.1337522285893300     
   62.494588233976138       -1.1321408823574319     
   62.501128061124945       -1.1305284039846515     
   62.507667888273751       -1.1289147950834668     
   62.514207715422550       -1.1273000572674872     
   62.520747542571357       -1.1256841921514502     
   62.527287369720163       -1.1240672013512212     
   62.533827196868970       -1.1224490864837906     
   62.540367024017769       -1.1208298491672739     
   62.546906851166575       -1.1192094910209078     
   62.553446678315382       -1.1175880136650509     
   62.559986505464188       -1.1159654187211803     
   62.566526332612987       -1.1143417078118911     
   62.573066159761794       -1.1127168825608940     
   62.579605986910600       -1.1110909445930142     
   62.586145814059400       -1.1094638955341900     
   62.592685641208206       -1.1078357370114702     
   62.599225468357012       -1.1062064706530135     
   62.605765295505819       -1.1045760980880859     
   62.612305122654618       -1.1029446209470604     
   62.618844949803425       -1.1013120408614137     
   62.625384776952231       -1.0996783594637263     
   62.631924604101037       -1.0980435783876794     
   62.638464431249837       -1.0964076992680540     
   62.645004258398643       -1.0947707237407296     
   62.651544085547449       -1.0931326534426815     
   62.658083912696256       -1.0914934900119799     
   62.664623739845055       -1.0898532350877883     
   62.671163566993862       -1.0882118903103619     
   62.677703394142668       -1.0865694573210452     
   62.684243221291474       -1.0849259377622711     
   62.690783048440274       -1.0832813332775593     
   62.697322875589080       -1.0816356455115141     
   62.703862702737887       -1.0799888761098237     
   62.710402529886686       -1.0783410267192570     
   62.716942357035492       -1.0766920989876638     
   62.723482184184299       -1.0750420945639714     
   62.730022011333105       -1.0733910150981845     
   62.736561838481904       -1.0717388622413824     
   62.743101665630711       -1.0700856376457182     
   62.749641492779517       -1.0684313429644163     
   62.756181319928324       -1.0667759798517717     
   62.762721147077123       -1.0651195499631472     
   62.769260974225929       -1.0634620549549725     
   62.775800801374736       -1.0618034964847429     
   62.782340628523542       -1.0601438762110169     
   62.788880455672341       -1.0584831957934144     
   62.795420282821148       -1.0568214568926164     
   62.801960109969954       -1.0551586611703614     
   62.808499937118761       -1.0534948102894452     
   62.815039764267560       -1.0518299059137186     
   62.821579591416366       -1.0501639497080861     
   62.828119418565173       -1.0484969433385041     
   62.834659245713972       -1.0468288884719785     
   62.841199072862779       -1.0451597867765645     
   62.847738900011585       -1.0434896399213638     
   62.854278727160391       -1.0418184495765230     
   62.860818554309191       -1.0401462174132330     
   62.867358381457997       -1.0384729451037253     
   62.873898208606803       -1.0367986343212725     
   62.880438035755610       -1.0351232867401854     
   62.886977862904409       -1.0334469040358116     
   62.893517690053216       -1.0317694878845338     
   62.900057517202022       -1.0300910399637679     
   62.906597344350828       -1.0284115619519623     
   62.913137171499628       -1.0267310555285947     
   62.919676998648434       -1.0250495223741716     
   62.926216825797241       -1.0233669641702261     
   62.932756652946047       -1.0216833825993166     
   62.939296480094846       -1.0199987793450243     
   62.945836307243653       -1.0183131560919527     
   62.952376134392459       -1.0166265145257252     
   62.958915961541258       -1.0149388563329831     
   62.965455788690065       -1.0132501832013847     
   62.971995615838871       -1.0115604968196030     
   62.978535442987678       -1.0098697988773249     
   62.985075270136477       -1.0081780910652476     
   62.991615097285283       -1.0064853750750793     
   62.998154924434090       -1.0047916525995360     
   63.004694751582896       -1.0030969253323401     
   63.011234578731695       -1.0014011949682187     
   63.017774405880502      -0.99970446320290252     
   63.024314233029308      -0.99800673173312304     
   63.030854060178115      -0.99630800225661176     
   63.037393887326914      -0.99460827647209826     
   63.043933714475720      -0.99290755607930836     
   63.050473541624527      -0.99120584277896229     
   63.057013368773326      -0.98950313827277347     
   63.063553195922132      -0.98779944426344646     
   63.070093023070939      -0.98609476245467509     
   63.076632850219745      -0.98438909455114132     
   63.083172677368545      -0.98268244225851298     
   63.089712504517351      -0.98097480728344233     
   63.096252331666157      -0.97926619133356441     
   63.102792158814964      -0.97755659611749512     
   63.109331985963763      -0.97584602334482984     
   63.115871813112570      -0.97413447472614101     
   63.122411640261376      -0.97242195197297754     
   63.128951467410182      -0.97070845679786211     
   63.135491294558982      -0.96899399091428984     
   63.142031121707788      -0.96727855603672674     
   63.148570948856594      -0.96556215388060751     
   63.155110776005401      -0.96384478616233449     
   63.161650603154200      -0.96212645459927537     
   63.168190430303007      -0.96040716090976153     
   63.174730257451813      -0.95868690681308688     
   63.181270084600612      -0.95696569402950538     
   63.187809911749419      -0.95524352428022974     
   63.194349738898225      -0.95352039928742993     
   63.200889566047032      -0.95179632077423082     
   63.207429393195831      -0.95007129046471084     
   63.213969220344637      -0.94834531008390055     
   63.220509047493444      -0.94661838135778009     
   63.227048874642250      -0.94489050601327829     
   63.233588701791049      -0.94316168577827053     
   63.240128528939856      -0.94143192238157702     
   63.246668356088662      -0.93970121755296110     
   63.253208183237469      -0.93796957302312767     
   63.259748010386268      -0.93623699052372111     
   63.266287837535074      -0.93450347178732418     
   63.272827664683881      -0.93276901854745531     
   63.279367491832687      -0.93103363253856797     
   63.285907318981486      -0.92929731549604799     
   63.292447146130293      -0.92756006915621259     
   63.298986973279099      -0.92582189525630809     
   63.305526800427899      -0.92408279553450834     
   63.312066627576705      -0.92234277172991308     
   63.318606454725511      -0.92060182558254600     
   63.325146281874318      -0.91885995883335336     
   63.331686109023117      -0.91711717322420183     
   63.338225936171924      -0.91537347049787710     
   63.344765763320730      -0.91362885239808189     
   63.351305590469536      -0.91188332066943423     
   63.357845417618336      -0.91013687705746593     
   63.364385244767142      -0.90838952330862044     
   63.370925071915948      -0.90664126117025168     
   63.377464899064755      -0.90489209239062174     
   63.384004726213554      -0.90314201871889943     
   63.390544553362361      -0.90139104190515840     
   63.397084380511167      -0.89963916370037544     
   63.403624207659973      -0.89788638585642877     
   63.410164034808773      -0.89613271012609630     
   63.416703861957579      -0.89437813826305357     
   63.423243689106386      -0.89262267202187262     
   63.429783516255185      -0.89086631315801978     
   63.436323343403991      -0.88910906342785367     
   63.442863170552798      -0.88735092458862419     
   63.449402997701604      -0.88559189839847019     
   63.455942824850403      -0.88383198661641760     
   63.462482651999210      -0.88207119100237841     
   63.469022479148016      -0.88030951331714824     
   63.475562306296823      -0.87854695532240468     
   63.482102133445622      -0.87678351878070582     
   63.488641960594428      -0.87501920545548817     
   63.495181787743235      -0.87325401711106498     
   63.501721614892041      -0.87148795551262481     
   63.508261442040840      -0.86972102242622906     
   63.514801269189647      -0.86795321961881100     
   63.521341096338453      -0.86618454885817320     
   63.527880923487260      -0.86441501191298664     
   63.534420750636059      -0.86264461055278818     
   63.540960577784865      -0.86087334654797920     
   63.547500404933672      -0.85910122166982361     
   63.554040232082471      -0.85732823769044630     
   63.560580059231278      -0.85555439638283137     
   63.567119886380084      -0.85377969952082011     
   63.573659713528890      -0.85200414887910936     
   63.580199540677690      -0.85022774623324970     
   63.586739367826496      -0.84845049335964395     
   63.593279194975302      -0.84667239203554467     
   63.599819022124109      -0.84489344403905342     
   63.606358849272908      -0.84311365114911818     
   63.612898676421715      -0.84133301514553172     
   63.619438503570521      -0.83955153780893021     
   63.625978330719327      -0.83776922092079076     
   63.632518157868127      -0.83598606626343042     
   63.639057985016933      -0.83420207562000381     
   63.645597812165740      -0.83241725077450157     
   63.652137639314539      -0.83063159351174853     
   63.658677466463345      -0.82884510561740188     
   63.665217293612152      -0.82705778887794967     
   63.671757120760958      -0.82526964508070866     
   63.678296947909757      -0.82348067601382247     
   63.684836775058564      -0.82169088346626029     
   63.691376602207370      -0.81990026922781467     
   63.697916429356177      -0.81810883508909982     
   63.704456256504976      -0.81631658284154973     
   63.710996083653782      -0.81452351427741687     
   63.717535910802589      -0.81272963118976982     
   63.724075737951395      -0.81093493537249151     
   63.730615565100194      -0.80913942862027788     
   63.737155392249001      -0.80734311272863568     
   63.743695219397807      -0.80554598949388068     
   63.750235046546614      -0.80374806071313620     
   63.756774873695413      -0.80194932818433107     
   63.763314700844219      -0.80014979370619765     
   63.769854527993026      -0.79834945907827071     
   63.776394355141825      -0.79654832610088444     
   63.782934182290631      -0.79474639657517221     
   63.789474009439438      -0.79294367230306351     
   63.796013836588244      -0.79114015508728242     
   63.802553663737044      -0.78933584673134627     
   63.809093490885850      -0.78753074903956344     
   63.815633318034656      -0.78572486381703155     
   63.822173145183463      -0.78391819286963582     
   63.828712972332262      -0.78211073800404729     
   63.835252799481069      -0.78030250102772070     
   63.841792626629875      -0.77849348374889316     
   63.848332453778681      -0.77668368797658183     
   63.854872280927481      -0.77487311552058258     
   63.861412108076287      -0.77306176819146777     
   63.867951935225094      -0.77124964780058480     
   63.874491762373900      -0.76943675616005391     
   63.881031589522699      -0.76762309508276705     
   63.887571416671506      -0.76580866638238498     
   63.894111243820312      -0.76399347187333655     
   63.900651070969111      -0.76217751337081630     
   63.907190898117918      -0.76036079269078261     
   63.913730725266724      -0.75854331164995625     
   63.920270552415531      -0.75672507206581829     
   63.926810379564330      -0.75490607575660817     
   63.933350206713136      -0.75308632454132240     
   63.939890033861943      -0.75126582023971211     
   63.946429861010749      -0.74944456467228160     
   63.952969688159548      -0.74762255966028635     
   63.959509515308355      -0.74579980702573145     
   63.966049342457161      -0.74397630859136965     
   63.972589169605968      -0.74215206618069907     
   63.979128996754767      -0.74032708161796246     
   63.985668823903573      -0.73850135672814421     
   63.992208651052380      -0.73667489333696923     
   63.998748478201186      -0.73484769327090094     
   64.005288305349993      -0.73301975835713928     
   64.011828132498792      -0.73119109042361929     
   64.018367959647591      -0.72936169129900896     
   64.024907786796405      -0.72753156281270714     
   64.031447613945204      -0.72570070679484266     
   64.037987441094003      -0.72386912507627132     
   64.044527268242817      -0.72203681948857490     
   64.051067095391616      -0.72020379186405892     
   64.057606922540430      -0.71837004403575122     
   64.064146749689229      -0.71653557783739930     
   64.070686576838028      -0.71470039510346972     
   64.077226403986842      -0.71286449766914484     
   64.083766231135641      -0.71102788737032241     
   64.090306058284440      -0.70919056604361252     
   64.096845885433254      -0.70735253552633648     
   64.103385712582053      -0.70551379765652500     
   64.109925539730867      -0.70367435427291580     
   64.116465366879666      -0.70183420721495238     
   64.123005194028465      -0.69999335832278176     
   64.129545021177279      -0.69815180943725275     
   64.136084848326078      -0.69630956239991437     
   64.142624675474877      -0.69446661905301355     
   64.149164502623691      -0.69262298123949362     
   64.155704329772490      -0.69077865080299250     
   64.162244156921290      -0.68893362958784066     
   64.168783984070103      -0.68708791943905911     
   64.175323811218902      -0.68524152220235812     
   64.181863638367716      -0.68339443972413494     
   64.188403465516515      -0.68154667385147216     
   64.194943292665315      -0.67969822643213540     
   64.201483119814128      -0.67784909931457238     
   64.208022946962927      -0.67599929434790995     
   64.214562774111727      -0.67414881338195320     
   64.221102601260540      -0.67229765826718324     
   64.227642428409339      -0.67044583085475484     
   64.234182255558153      -0.66859333299649559     
   64.240722082706952      -0.66674016654490342     
   64.247261909855752      -0.66488633335314462     
   64.253801737004565      -0.66303183527505249     
   64.260341564153364      -0.66117667416512504     
   64.266881391302164      -0.65932085187852341     
   64.273421218450977      -0.65746437027106985     
   64.279961045599777      -0.65560723119924613     
   64.286500872748576      -0.65374943652019124     
   64.293040699897389      -0.65189098809169965     
   64.299580527046189      -0.65003188777222010     
   64.306120354195002      -0.64817213742085278     
   64.312660181343801      -0.64631173889734794     
   64.319200008492601      -0.64445069406210420     
   64.325739835641414      -0.64258900477616632     
   64.332279662790214      -0.64072667290122365     
   64.338819489939013      -0.63886370029960804     
   64.345359317087826      -0.63700008883429204     
   64.351899144236626      -0.63513584036888737     
   64.358438971385439      -0.63327095676764222     
   64.364978798534239      -0.63140543989544040     
   64.371518625683038      -0.62953929161779854     
   64.378058452831851      -0.62767251380086508     
   64.384598279980651      -0.62580510831141778     
   64.391138107129450      -0.62393707701686230     
   64.397677934278263      -0.62206842178522981     
   64.404217761427063      -0.62019914448517555     
   64.410757588575862      -0.61832924698597680     
   64.417297415724676      -0.61645873115753103     
   64.423837242873475      -0.61458759887035408     
   64.430377070022288      -0.61271585199557832     
   64.436916897171088      -0.61084349240495051     
   64.443456724319887      -0.60897052197083035     
   64.449996551468701      -0.60709694256618807     
   64.456536378617500      -0.60522275606460330     
   64.463076205766299      -0.60334796434026250     
   64.469616032915113      -0.60147256926795734     
   64.476155860063912      -0.59959657272308287     
   64.482695687212711      -0.59771997658163567     
   64.489235514361525      -0.59584278272021185     
   64.495775341510324      -0.59396499301600547     
   64.502315168659138      -0.59208660934680590     
   64.508854995807937      -0.59020763359099704     
   64.515394822956736      -0.58832806762755463     
   64.521934650105550      -0.58644791333604462     
   64.528474477254349      -0.58456717259662117     
   64.535014304403148      -0.58268584729002504     
   64.541554131551962      -0.58080393929758167     
   64.548093958700761      -0.57892145050119914     
   64.554633785849575      -0.57703838278336594     
   64.561173612998374      -0.57515473802715011     
   64.567713440147173      -0.57327051811619611     
   64.574253267295987      -0.57138572493472417     
   64.580793094444786      -0.56950036036752727     
   64.587332921593585      -0.56761442629996994     
   64.593872748742399      -0.56572792461798638     
   64.600412575891198      -0.56384085720807819     
   64.606952403039998      -0.56195322595731279     
   64.613492230188811      -0.56006503275332153     
   64.620032057337610      -0.55817627948429749     
   64.626571884486424      -0.55628696803899391     
   64.633111711635223      -0.55439710030672229     
   64.639651538784022      -0.55250667817735044     
   64.646191365932836      -0.55061570354130029     
   64.652731193081635      -0.54872417828954678     
   64.659271020230435      -0.54683210431361484     
   64.665810847379248      -0.54493948350557864     
   64.672350674528047      -0.54304631775805889     
   64.678890501676861      -0.54115260896422146     
   64.685430328825660      -0.53925835901777497     
   64.691970155974460      -0.53736356981296951     
   64.698509983123273      -0.53546824324459419     
   64.705049810272072      -0.53357238120797557     
   64.711589637420872      -0.53167598559897578     
   64.718129464569685      -0.52977905831399030     
   64.724669291718484      -0.52788160124994654     
   64.731209118867284      -0.52598361630430157     
   64.737748946016097      -0.52408510537504027     
   64.744288773164897      -0.52218607036067355     
   64.750828600313710      -0.52028651316023655     
   64.757368427462509      -0.51838643567328635     
   64.763908254611309      -0.51648583979990048     
   64.770448081760122      -0.51458472744067474     
   64.776987908908922      -0.51268310049672161     
   64.783527736057721      -0.51078096086966807     
   64.790067563206534      -0.50887831046165344     
   64.796607390355334      -0.50697515117532843     
   64.803147217504147      -0.50507148491385234     
   64.809687044652946      -0.50316731358089128     
   64.816226871801746      -0.50126263908061663     
   64.822766698950559      -0.49935746331770303     
   64.829306526099359      -0.49745178819732605     
   64.835846353248158      -0.49554561562516086     
   64.842386180396971      -0.49363894750738002     
   64.848926007545771      -0.49173178575065168     
   64.855465834694570      -0.48982413226213761     
   64.862005661843384      -0.48791598894949129     
   64.868545488992183      -0.48600735772085596     
   64.875085316140996      -0.48409824048486294     
   64.881625143289796      -0.48218863915062943     
   64.888164970438595      -0.48027855562775673     
   64.894704797587409      -0.47836799182632839     
   64.901244624736208      -0.47645694965690821     
   64.907784451885007      -0.47454543103053842     
   64.914324279033821      -0.47263343785873757     
   64.920864106182620      -0.47072097205349889     
   64.927403933331433      -0.46880803552728811     
   64.933943760480233      -0.46689463019304184     
   64.940483587629032      -0.46498075796416533     
   64.947023414777846      -0.46306642075453086     
   64.953563241926645      -0.46115162047847569     
   64.960103069075444      -0.45923635905080001     
   64.966642896224258      -0.45732063838676523     
   64.973182723373057      -0.45540446040209215     
   64.979722550521856      -0.45348782701295859     
   64.986262377670670      -0.45157074013599807     
   64.992802204819469      -0.44965320168829737     
   64.999342031968283      -0.44773521358739504     
   65.005881859117082      -0.44581677775127915     
   65.012421686265881      -0.44389789609838548     
   65.018961513414695      -0.44197857054759576     
   65.025501340563494      -0.44005880301823547     
   65.032041167712293      -0.43813859543007216     
   65.038580994861107      -0.43621794970331340     
   65.045120822009906      -0.43429686775860499     
   65.051660649158720      -0.43237535151702877     
   65.058200476307519      -0.43045340290010103     
   65.064740303456318      -0.42853102382977043     
   65.071280130605132      -0.42660821622841599     
   65.077819957753931      -0.42468498201884530     
   65.084359784902730      -0.42276132312429260     
   65.090899612051544      -0.42083724146841672     
   65.097439439200343      -0.41891273897529935     
   65.103979266349143      -0.41698781756944303     
   65.110519093497956      -0.41506247917576911     
   65.117058920646755      -0.41313672571961607     
   65.123598747795569      -0.41121055912673726     
   65.130138574944368      -0.40928398132329935     
   65.136678402093168      -0.40735699423588007     
   65.143218229241981      -0.40542959979146659     
   65.149758056390780      -0.40350179991745333     
   65.156297883539580      -0.40157359654164010     
   65.162837710688393      -0.39964499159223038     
   65.169377537837192      -0.39771598699782906     
   65.175917364986006      -0.39578658468744071     
   65.182457192134805      -0.39385678659046774     
   65.188997019283605      -0.39192659463670815     
   65.195536846432418      -0.38999601075635393     
   65.202076673581217      -0.38806503687998900     
   65.208616500730017      -0.38613367493858719     
   65.215156327878830      -0.38420192686351040     
   65.221696155027630      -0.38226979458650673     
   65.228235982176429      -0.38033728003970851     
   65.234775809325242      -0.37840438515563024     
   65.241315636474042      -0.37647111186716675     
   65.247855463622855      -0.37453746210759148     
   65.254395290771654      -0.37260343781055405     
   65.260935117920454      -0.37066904091007885     
   65.267474945069267      -0.36873427334056269     
   65.274014772218067      -0.36679913703677319     
   65.280554599366866      -0.36486363393384663     
   65.287094426515679      -0.36292776596728615     
   65.293634253664479      -0.36099153507295972     
   65.300174080813292      -0.35905494318709819     
   65.306713907962092      -0.35711799224629354     
   65.313253735110891      -0.35518068418749665     
   65.319793562259704      -0.35324302094801552     
   65.326333389408504      -0.35130500446551344     
   65.332873216557303      -0.34936663667800694     
   65.339413043706116      -0.34742791952386370     
   65.345952870854916      -0.34548885494180098     
   65.352492698003715      -0.34354944487088329     
   65.359032525152529      -0.34160969125052071     
   65.365572352301328      -0.33966959602046692     
   65.372112179450141      -0.33772916112081713     
   65.378652006598941      -0.33578838849200615     
   65.385191833747740      -0.33384728007480674     
   65.391731660896554      -0.33190583781032723     
   65.398271488045353      -0.32996406364000991     
