   0.0000000000000000       -0.0000000000000000     
   6.5398271488045353E-003  -2.4438824494062332E-003
   1.3079654297609071E-002  -4.8875805600716790E-003
   1.9619481446413605E-002  -7.3309100283540157E-003
   2.6159308595218141E-002  -9.7736866207957605E-003
   3.2699135744022674E-002  -1.2215726209186466E-002
   3.9238962892827210E-002  -1.4656844805588664E-002
   4.5778790041631746E-002  -1.7096858597315523E-002
   5.2318617190436283E-002  -1.9535583981848133E-002
   5.8858444339240819E-002  -2.1972837601680516E-002
   6.5398271488045348E-002  -2.4408436379080301E-002
   7.1938098636849884E-002  -2.6842197550753226E-002
   7.8477925785654420E-002  -2.9273938702399565E-002
   8.5017752934458957E-002  -3.1703477803150665E-002
   9.1557580083263493E-002  -3.4130633239873892E-002
   9.8097407232068029E-002  -3.6555223851334230E-002
  0.10463723438087257       -3.8977068962201065E-002
  0.11117706152967710       -4.1395988416888435E-002
  0.11771688867848164       -4.3811802613217515E-002
  0.12425671582728617       -4.6224332535889846E-002
  0.13079654297609070       -4.8633399789760202E-002
  0.13733637012489525       -5.1038826632897730E-002
  0.14387619727369977       -5.3440436009424601E-002
  0.15041602442250432       -5.5838051582121108E-002
  0.15695585157130884       -5.8231497764786401E-002
  0.16349567872011339       -6.0620599754344244E-002
  0.17003550586891791       -6.3005183562683253E-002
  0.17657533301772246       -6.5385076048221177E-002
  0.18311516016652699       -6.7760104947183014E-002
  0.18965498731533154       -7.0130098904582883E-002
  0.19619481446413606       -7.2494887504899380E-002
  0.20273464161294061       -7.4854301302435242E-002
  0.20927446876174513       -7.7208171851350968E-002
  0.21581429591054965       -7.9556331735363459E-002
  0.22235412305935420       -8.1898614597099975E-002
  0.22889395020815873       -8.4234855167098749E-002
  0.23543377735696328       -8.6564889292446587E-002
  0.24197360450576780       -8.8888553965045553E-002
  0.24851343165457235       -9.1205687349499368E-002
  0.25505325880337687       -9.3516128810611734E-002
  0.26159308595218139       -9.5819718940487894E-002
  0.26813291310098597       -9.8116299585231728E-002
  0.27467274024979049      -0.10040571387123069     
  0.28121256739859501      -0.10268780623102033     
  0.28775239454739954      -0.10496242242872221     
  0.29429222169620411      -0.10722940958504643     
  0.30083204884500864      -0.10948861620185354     
  0.30737187599381316      -0.11173989218626754     
  0.31391170314261768      -0.11398308887433463     
  0.32045153029142220      -0.11621805905422050     
  0.32699135744022678      -0.11844465698894086     
  0.33353118458903130      -0.12066273843861854     
  0.34007101173783583      -0.12287216068226230     
  0.34661083888664035      -0.12507278253906146     
  0.35315066603544493      -0.12726446438919120     
  0.35969049318424945      -0.12944706819412410     
  0.36623032033305397      -0.13162045751644222     
  0.37277014748185849      -0.13378449753914642     
  0.37930997463066307      -0.13593905508445783     
  0.38584980177946759      -0.13808399863210774     
  0.39238962892827212      -0.14021919833711233     
  0.39892945607707664      -0.14234452604702855     
  0.40546928322588122      -0.14445985531868766     
  0.41200911037468574      -0.14656506143440393     
  0.41854893752349026      -0.14866002141765514     
  0.42508876467229478      -0.15074461404823278     
  0.43162859182109931      -0.15281871987685919     
  0.43816841896990388      -0.15488222123926984     
  0.44470824611870841      -0.15693500226975901     
  0.45124807326751293      -0.15897694891418687     
  0.45778790041631745      -0.16100794894244694     
  0.46432772756512203      -0.16302789196039263     
  0.47086755471392655      -0.16503666942122208     
  0.47740738186273107      -0.16703417463632045     
  0.48394720901153560      -0.16902030278555946     
  0.49048703616034017      -0.17099495092705372     
  0.49702686330914470      -0.17295801800637436     
  0.50356669045794922      -0.17490940486521950     
  0.51010651760675374      -0.17684901424954252     
  0.51664634475555826      -0.17877675081713928     
  0.52318617190436278      -0.18069252114469384     
  0.52972599905316731      -0.18259623373428555     
  0.53626582620197194      -0.18448779901935744     
  0.54280565335077646      -0.18636712937014857     
  0.54934548049958098      -0.18823413909859135     
  0.55588530764838551      -0.19008874446267640     
  0.56242513479719003      -0.19193086367028697     
  0.56896496194599455      -0.19376041688250509     
  0.57550478909479907      -0.19557732621639276     
  0.58204461624360360      -0.19738151574725002     
  0.58858444339240823      -0.19917291151035438     
  0.59512427054121275      -0.20095144150218297     
  0.60166409769001727      -0.20271703568112268     
  0.60820392483882180      -0.20446962596767013     
  0.61474375198762632      -0.20620914624412723     
  0.62128357913643084      -0.20793553235379417     
  0.62782340628523536      -0.20964872209966587     
  0.63436323343403989      -0.21134865524263480     
  0.64090306058284441      -0.21303527349920537     
  0.64744288773164904      -0.21470852053872452     
  0.65398271488045356      -0.21636834198013299     
  0.66052254202925809      -0.21801468538824256     
  0.66706236917806261      -0.21964750026954424     
  0.67360219632686713      -0.22126673806755245     
  0.68014202347567165      -0.22287235215769108     
  0.68668185062447618      -0.22446429784172683     
  0.69322167777328070      -0.22604253234175473     
  0.69976150492208533      -0.22760701479374362     
  0.70630133207088985      -0.22915770624064469     
  0.71284115921969438      -0.23069456962507245     
  0.71938098636849890      -0.23221756978156091     
  0.72592081351730342      -0.23372667342840447     
  0.73246064066610794      -0.23522184915908734     
  0.73900046781491247      -0.23670306743331010     
  0.74554029496371699      -0.23817030056761801     
  0.75208012211252151      -0.23962352272563980     
  0.75861994926132614      -0.24106270990794257     
  0.76515977641013067      -0.24248783994150933     
  0.77169960355893519      -0.24389889246884769     
  0.77823943070773971      -0.24529584893673548     
  0.78477925785654423      -0.24667869258461064     
  0.79131908500534875      -0.24804740843261350     
  0.79785891215415328      -0.24940198326928734     
  0.80439873930295780      -0.25074240563894562     
  0.81093856645176243      -0.25206866582871307     
  0.81747839360056695      -0.25338075585524811     
  0.82401822074937148      -0.25467866945115336     
  0.83055804789817600      -0.25596240205108362     
  0.83709787504698052      -0.25723195077755662     
  0.84363770219578504      -0.25848731442647599     
  0.85017752934458957      -0.25972849345237342     
  0.85671735649339409      -0.26095548995337742     
  0.86325718364219861      -0.26216830765591703     
  0.86979701079100324      -0.26336695189916798     
  0.87633683793980777      -0.26455142961924877     
  0.88287666508861229      -0.26572174933317483     
  0.88941649223741681      -0.26687792112257858     
  0.89595631938622133      -0.26801995661720246     
  0.90249614653502586      -0.26914786897817394     
  0.90903597368383038      -0.27026167288106939     
  0.91557580083263490      -0.27136138449877417     
  0.92211562798143953      -0.27244702148414851     
  0.92865545513024406      -0.27351860295250480     
  0.93519528227904858      -0.27457614946390557     
  0.94173510942785310      -0.27561968300528883     
  0.94827493657665762      -0.27664922697242966     
  0.95481476372546215      -0.27766480615174371     
  0.96135459087426667      -0.27866644670194318     
  0.96789441802307119      -0.27965417613554971     
  0.97443424517187571      -0.28062802330027398     
  0.98097407232068035      -0.28158801836026881     
  0.98751389946948487      -0.28253419277726283     
  0.99405372661828939      -0.28346657929158259     
   1.0005935537670938      -0.28438521190307059     
   1.0071333809158984      -0.28529012585190638     
   1.0136732080647031      -0.28618135759933772     
   1.0202130352135075      -0.28705894480832916     
   1.0267528623623121      -0.28792292632413591     
   1.0332926895111165      -0.28877334215480871     
   1.0398325166599212      -0.28961023345163783     
   1.0463723438087256      -0.29043364248954251     
   1.0529121709575302      -0.29124361264741322     
   1.0594519981063346      -0.29204018838841334     
   1.0659918252551392      -0.29282341524024641     
   1.0725316524039439      -0.29359333977539653     
   1.0790714795527483      -0.29435000959134811     
   1.0856113067015529      -0.29509347329079100     
   1.0921511338503573      -0.29582378046181806     
   1.0986909609991620      -0.29654098165812115     
   1.1052307881479664      -0.29724512837919187     
   1.1117706152967710      -0.29793627305053327     
   1.1183104424455756      -0.29861446900388788     
   1.1248502695943801      -0.29927977045748938     
   1.1313900967431847      -0.29993223249634265     
   1.1379299238919891      -0.30057191105253800     
   1.1444697510407937      -0.30119886288560599     
   1.1510095781895981      -0.30181314556291799     
   1.1575494053384028      -0.30241481744013748     
   1.1640892324872072      -0.30300393764172867     
   1.1706290596360118      -0.30358056604152600     
   1.1771688867848165      -0.30414476324337203     
   1.1837087139336209      -0.30469659056182602     
   1.1902485410824255      -0.30523611000295070     
   1.1967883682312299      -0.30576338424518068     
   1.2033281953800345      -0.30627847662027696     
   1.2098680225288390      -0.30678145109437405     
   1.2164078496776436      -0.30727237224912207     
   1.2229476768264480      -0.30775130526292960     
   1.2294875039752526      -0.30821831589231113     
   1.2360273311240573      -0.30867347045334409     
   1.2425671582728617      -0.30911683580323807     
   1.2491069854216663      -0.30954847932202179     
   1.2556468125704707      -0.30996846889435109     
   1.2621866397192754      -0.31037687289144211     
   1.2687264668680798      -0.31077376015313185     
   1.2752662940168844      -0.31115919997007246     
   1.2818061211656888      -0.31153326206606047     
   1.2883459483144934      -0.31189601658050481     
   1.2948857754632981      -0.31224753405103794     
   1.3014256026121025      -0.31258788539627214     
   1.3079654297609071      -0.31291714189870401     
   1.3145052569097115      -0.31323537518777150     
   1.3210450840585162      -0.31354265722306446     
   1.3275849112073206      -0.31383906027769304     
   1.3341247383561252      -0.31412465692181546     
   1.3406645655049299      -0.31439952000632876     
   1.3472043926537343      -0.31466372264672365     
   1.3537442198025389      -0.31491733820710760     
   1.3602840469513433      -0.31516044028439638     
   1.3668238741001479      -0.31539310269267801     
   1.3733637012489524      -0.31561539944774947     
   1.3799035283977570      -0.31582740475183047     
   1.3864433555465614      -0.31602919297845294     
   1.3929831826953660      -0.31622083865753148     
   1.3995230098441707      -0.31640241646061290     
   1.4060628369929751      -0.31657400118631029     
   1.4126026641417797      -0.31673566774591921     
   1.4191424912905841      -0.31688749114922010     
   1.4256823184393888      -0.31702954649046722     
   1.4322221455881932      -0.31716190893456536     
   1.4387619727369978      -0.31728465370343506     
   1.4453017998858022      -0.31739785606256915     
   1.4518416270346068      -0.31750159130777783     
   1.4583814541834115      -0.31759593475212800     
   1.4649212813322159      -0.31768096171307331     
   1.4714611084810205      -0.31775674749977822     
   1.4780009356298249      -0.31782336740063594     
   1.4845407627786296      -0.31788089667097957     
   1.4910805899274340      -0.31792941052098977     
   1.4976204170762386      -0.31796898410379626     
   1.5041602442250430      -0.31799969250377452     
   1.5107000713738477      -0.31802161072503926     
   1.5172398985226523      -0.31803481368013276     
   1.5237797256714567      -0.31803937617890915     
   1.5303195528202613      -0.31803537291761463     
   1.5368593799690657      -0.31802287846816324     
   1.5433992071178704      -0.31800196726760865     
   1.5499390342666748      -0.31797271360781043     
   1.5564788614154794      -0.31793519162529627     
   1.5630186885642841      -0.31788947529131839     
   1.5695585157130885      -0.31783563840210471     
   1.5760983428618931      -0.31777375456930312     
   1.5826381700106975      -0.31770389721062003     
   1.5891779971595021      -0.31762613954065089     
   1.5957178243083066      -0.31754055456190311     
   1.6022576514571112      -0.31744721505601026     
   1.6087974786059156      -0.31734619357513733     
   1.6153373057547202      -0.31723756243357465     
   1.6218771329035249      -0.31712139369952236     
   1.6284169600523293      -0.31699775918706119     
   1.6349567872011339      -0.31686673044831187     
   1.6414966143499383      -0.31672837876577964     
   1.6480364414987430      -0.31658277514488381     
   1.6545762686475474      -0.31642999030667190     
   1.6611160957963520      -0.31627009468071543     
   1.6676559229451564      -0.31610315839818853     
   1.6741957500939610      -0.31592925128512567     
   1.6807355772427657      -0.31574844285585957     
   1.6872754043915701      -0.31556080230663580     
   1.6938152315403747      -0.31536639850940484     
   1.7003550586891791      -0.31516530000578807     
   1.7068948858379838      -0.31495757500121868     
   1.7134347129867882      -0.31474329135925339     
   1.7199745401355928      -0.31452251659605590     
   1.7265143672843972      -0.31429531787504905     
   1.7330541944332019      -0.31406176200173458     
   1.7395940215820065      -0.31382191541867960     
   1.7461338487308109      -0.31357584420066648     
   1.7526736758796155      -0.31332361405000658     
   1.7592135030284199      -0.31306529029201463     
   1.7657533301772246      -0.31280093787064317     
   1.7722931573260290      -0.31253062134427440     
   1.7788329844748336      -0.31225440488166822     
   1.7853728116236380      -0.31197235225806530     
   1.7919126387724427      -0.31168452685144199     
   1.7984524659212473      -0.31139099163891665     
   1.8049922930700517      -0.31109180919330559     
   1.8115321202188563      -0.31078704167982496     
   1.8180719473676608      -0.31047675085293980     
   1.8246117745164654      -0.31016099805335567     
   1.8311516016652698      -0.30983984420515259     
   1.8376914288140744      -0.30951334981305928     
   1.8442312559628791      -0.30918157495986487     
   1.8507710831116835      -0.30884457930396741     
   1.8573109102604881      -0.30850242207705725     
   1.8638507374092925      -0.30815516208193144     
   1.8703905645580972      -0.30780285769044097     
   1.8769303917069016      -0.30744556684156465     
   1.8834702188557062      -0.30708334703961138     
   1.8900100460045106      -0.30671625535254654     
   1.8965498731533152      -0.30634434841044206     
   1.9030897003021199      -0.30596768240404704     
   1.9096295274509243      -0.30558631308347783     
   1.9161693545997289      -0.30520029575702584     
   1.9227091817485333      -0.30480968529007996     
   1.9292490088973380      -0.30441453610416319     
   1.9357888360461424      -0.30401490217608085     
   1.9423286631949470      -0.30361083703717789     
   1.9488684903437514      -0.30320239377270453     
   1.9554083174925561      -0.30278962502128765     
   1.9619481446413607      -0.30237258297450625     
   1.9684879717901651      -0.30195131937656855     
   1.9750277989389697      -0.30152588552409032     
   1.9815676260877741      -0.30109633226597043     
   1.9881074532365788      -0.30066271000336353     
   1.9946472803853832      -0.30022506868974719     
   2.0011871075341876      -0.29978345783108212     
   2.0077269346829922      -0.29933792648606239     
   2.0142667618317969      -0.29888852326645582     
   2.0208065889806015      -0.29843529633753085     
   2.0273464161294061      -0.29797829341856918     
   2.0338862432782103      -0.29751756178346206     
   2.0404260704270150      -0.29705314826138796     
   2.0469658975758196      -0.29658509923757104     
   2.0535057247246242      -0.29611346065411687     
   2.0600455518734284      -0.29563827801092596     
   2.0665853790222330      -0.29515959636668049     
   2.0731252061710377      -0.29467746033990533     
   2.0796650333198423      -0.29419191411009982     
   2.0862048604686469      -0.29370300141893901     
   2.0927446876174511      -0.29321076557154324     
   2.0992845147662558      -0.29271524943781319     
   2.1058243419150604      -0.29221649545383022     
   2.1123641690638650      -0.29171454562331939     
   2.1189039962126692      -0.29120944151917311     
   2.1254438233614739      -0.29070122428503559     
   2.1319836505102785      -0.29018993463694420     
   2.1385234776590831      -0.28967561286502780     
   2.1450633048078878      -0.28915829883525979     
   2.1516031319566919      -0.28863803199126470     
   2.1581429591054966      -0.28811485135617637     
   2.1646827862543012      -0.28758879553454597     
   2.1712226134031058      -0.28705990271429976     
   2.1777624405519105      -0.28652821066874279     
   2.1843022677007147      -0.28599375675860972     
   2.1908420948495193      -0.28545657793415874     
   2.1973819219983239      -0.28491671073730962     
   2.2039217491471286      -0.28437419130382185     
   2.2104615762959328      -0.28382905536551395     
   2.2170014034447374      -0.28328133825252089     
   2.2235412305935420      -0.28273107489558924     
   2.2300810577423467      -0.28217829982840770     
   2.2366208848911513      -0.28162304718997283     
   2.2431607120399555      -0.28106535072698785     
   2.2497005391887601      -0.28050524379629377     
   2.2562403663375648      -0.27994275936733032     
   2.2627801934863694      -0.27937793002462807     
   2.2693200206351736      -0.27881078797032716     
   2.2758598477839782      -0.27824136502672386     
   2.2823996749327828      -0.27766969263884339     
   2.2889395020815875      -0.27709580187703620     
   2.2954793292303921      -0.27651972343959913     
   2.3020191563791963      -0.27594148765541787     
   2.3085589835280009      -0.27536112448663130     
   2.3150988106768056      -0.27477866353131547     
   2.3216386378256102      -0.27419413402618714     
   2.3281784649744144      -0.27360756484932480     
   2.3347182921232190      -0.27301898452290696     
   2.3412581192720237      -0.27242842121596600     
   2.3477979464208283      -0.27183590274715719     
   2.3543377735696329      -0.27124145658754129     
   2.3608776007184371      -0.27064510986338025     
   2.3674174278672417      -0.27004688935894455     
   2.3739572550160464      -0.26944682151933186     
   2.3804970821648510      -0.26884493245329533     
   2.3870369093136552      -0.26824124793608167     
   2.3935767364624598      -0.26763579341227639     
   2.4001165636112645      -0.26702859399865736     
   2.4066563907600691      -0.26641967448705473     
   2.4131962179088737      -0.26580905934721577     
   2.4197360450576779      -0.26519677272967562     
   2.4262758722064826      -0.26458283846863112     
   2.4328156993552872      -0.26396728008481857     
   2.4393555265040918      -0.26335012078839365     
   2.4458953536528960      -0.26273138348181257     
   2.4524351808017006      -0.26211109076271538     
   2.4589750079505053      -0.26148926492680846     
   2.4655148350993099      -0.26086592797074681     
   2.4720546622481145      -0.26024110159501546     
   2.4785944893969187      -0.25961480720680863     
   2.4851343165457234      -0.25898706592290693     
   2.4916741436945280      -0.25835789857255070     
   2.4982139708433326      -0.25772732570031043     
   2.5047537979921368      -0.25709536756895196     
   2.5112936251409415      -0.25646204416229718     
   2.5178334522897461      -0.25582737518807924     
   2.5243732794385507      -0.25519138008079112     
   2.5309131065873554      -0.25455407800452812     
   2.5374529337361595      -0.25391548785582285     
   2.5439927608849642      -0.25327562826647210     
   2.5505325880337688      -0.25263451760635619     
   2.5570724151825734      -0.25199217398624885     
   2.5636122423313776      -0.25134861526061819     
   2.5701520694801823      -0.25070385903041820     
   2.5766918966289869      -0.25005792264586940     
   2.5832317237777915      -0.24941082320922939     
   2.5897715509265962      -0.24876257757755232     
   2.5963113780754004      -0.24811320236543660     
   2.6028512052242050      -0.24746271394776095     
   2.6093910323730096      -0.24681112846240832     
   2.6159308595218143      -0.24615846181297688     
   2.6224706866706184      -0.24550472967147804     
   2.6290105138194231      -0.24484994748102124     
   2.6355503409682277      -0.24419413045848515     
   2.6420901681170323      -0.24353729359717444     
   2.6486299952658370      -0.24287945166946254     
   2.6551698224146412      -0.24222061922941934     
   2.6617096495634458      -0.24156081061542464     
   2.6682494767122504      -0.24090003995276554     
   2.6747893038610551      -0.24023832115621876     
   2.6813291310098597      -0.23957566793261709     
   2.6878689581586639      -0.23891209378339975     
   2.6944087853074685      -0.23824761200714653     
   2.7009486124562732      -0.23758223570209527     
   2.7074884396050778      -0.23691597776864287     
   2.7140282667538820      -0.23624885091182893     
   2.7205680939026866      -0.23558086764380259     
   2.7271079210514912      -0.23491204028627216     
   2.7336477482002959      -0.23424238097293634     
   2.7401875753491005      -0.23357190165189887     
   2.7467274024979047      -0.23290061408806439     
   2.7532672296467093      -0.23222852986551681     
   2.7598070567955140      -0.23155566038987938     
   2.7663468839443186      -0.23088201689065599     
   2.7728867110931228      -0.23020761042355489     
   2.7794265382419274      -0.22953245187279275     
   2.7859663653907321      -0.22885655195338089     
   2.7925061925395367      -0.22817992121339256     
   2.7990460196883413      -0.22750257003621063     
   2.8055858468371455      -0.22682450864275708     
   2.8121256739859501      -0.22614574709370308     
   2.8186655011347548      -0.22546629529165985     
   2.8252053282835594      -0.22478616298335044     
   2.8317451554323636      -0.22410535976176196     
   2.8382849825811682      -0.22342389506827873     
   2.8448248097299729      -0.22274177819479596     
   2.8513646368787775      -0.22205901828581354     
   2.8579044640275821      -0.22137562434051122     
   2.8644442911763863      -0.22069160521480335     
   2.8709841183251910      -0.22000696962337479     
   2.8775239454739956      -0.21932172614169648     
   2.8840637726228002      -0.21863588320802249     
   2.8906035997716044      -0.21794944912536629     
   2.8971434269204090      -0.21726243206345827     
   2.9036832540692137      -0.21657484006068364     
   2.9102230812180183      -0.21588668102599987     
   2.9167629083668229      -0.21519796274083594     
   2.9233027355156271      -0.21450869286097077     
   2.9298425626644318      -0.21381887891839291     
   2.9363823898132364      -0.21312852832314030     
   2.9429222169620410      -0.21243764836512108     
   2.9494620441108452      -0.21174624621591412     
   2.9560018712596499      -0.21105432893055109     
   2.9625416984084545      -0.21036190344927858     
   2.9690815255572591      -0.20966897659930103     
   2.9756213527060638      -0.20897555509650489     
   2.9821611798548679      -0.20828164554716261     
   2.9887010070036726      -0.20758725444961854     
   2.9952408341524772      -0.20689238819595537     
   3.0017806613012818      -0.20619705307364122     
   3.0083204884500860      -0.20550125526715846     
   3.0148603155988907      -0.20480500085961315     
   3.0214001427476953      -0.20410829583432627     
   3.0279399698964999      -0.20341114607640548     
   3.0344797970453046      -0.20271355737429930     
   3.0410196241941088      -0.20201553542133166     
   3.0475594513429134      -0.20131708581721922     
   3.0540992784917180      -0.20061821406956920     
   3.0606391056405227      -0.19991892559536004     
   3.0671789327893269      -0.19921922572240305     
   3.0737187599381315      -0.19851911969078664     
   3.0802585870869361      -0.19781861265430234     
   3.0867984142357408      -0.19711770968185313     
   3.0933382413845454      -0.19641641575884383     
   3.0998780685333496      -0.19571473578855436     
   3.1064178956821542      -0.19501267459349497     
   3.1129577228309588      -0.19431023691674446     
   3.1194975499797635      -0.19360742742327100     
   3.1260373771285681      -0.19290425070123571     
   3.1325772042773723      -0.19220071126327962     
   3.1391170314261769      -0.19149681354779316     
   3.1456568585749816      -0.19079256192016930     
   3.1521966857237862      -0.19008796067404002     
   3.1587365128725904      -0.18938301403249580     
   3.1652763400213950      -0.18867772614928929     
   3.1718161671701997      -0.18797210111002244     
   3.1783559943190043      -0.18726614293331745     
   3.1848958214678089      -0.18655985557197163     
   3.1914356486166131      -0.18585324291409666     
   3.1979754757654177      -0.18514630878424185     
   3.2045153029142224      -0.18443905694450183     
   3.2110551300630270      -0.18373149109560877     
   3.2175949572118312      -0.18302361487800936     
   3.2241347843606358      -0.18231543187292620     
   3.2306746115094405      -0.18160694560340482     
   3.2372144386582451      -0.18089815953534477     
   3.2437542658070497      -0.18018907707851681     
   3.2502940929558539      -0.17947970158756485     
   3.2568339201046586      -0.17877003636299368     
   3.2633737472534632      -0.17806008465214221     
   3.2699135744022678      -0.17734984965014217     
   3.2764534015510720      -0.17663933450086319     
   3.2829932286998766      -0.17592854229784360     
   3.2895330558486813      -0.17521747608520741     
   3.2960728829974859      -0.17450613885856756     
   3.3026127101462905      -0.17379453356591579     
   3.3091525372950947      -0.17308266310849890     
   3.3156923644438994      -0.17237053034168176     
   3.3222321915927040      -0.17165813807579736     
   3.3287720187415086      -0.17094548907698337     
   3.3353118458903128      -0.17023258606800667     
   3.3418516730391175      -0.16951943172907424     
   3.3483915001879221      -0.16880602869863193     
   3.3549313273367267      -0.16809237957415096     
   3.3614711544855314      -0.16737848691290175     
   3.3680109816343355      -0.16666435323271558     
   3.3745508087831402      -0.16594998101273464     
   3.3810906359319448      -0.16523537269414953     
   3.3876304630807494      -0.16452053068092570     
   3.3941702902295536      -0.16380545734051769     
   3.4007101173783583      -0.16309015500457225     
   3.4072499445271629      -0.16237462596961993     
   3.4137897716759675      -0.16165887249775557     
   3.4203295988247722      -0.16094289681730758     
   3.4268694259735764      -0.16022670112349632     
   3.4334092531223810      -0.15951028757908184     
   3.4399490802711856      -0.15879365831500061     
   3.4464889074199903      -0.15807681543099195     
   3.4530287345687944      -0.15735976099621404     
   3.4595685617175991      -0.15664249704984942     
   3.4661083888664037      -0.15592502560170074     
   3.4726482160152083      -0.15520734863277591     
   3.4791880431640130      -0.15448946809586409     
   3.4857278703128172      -0.15377138591610107     
   3.4922676974616218      -0.15305310399152577     
   3.4988075246104264      -0.15233462419362676     
   3.5053473517592311      -0.15161594836787956     
   3.5118871789080353      -0.15089707833427454     
   3.5184270060568399      -0.15017801588783605     
   3.5249668332056445      -0.14945876279913195     
   3.5315066603544492      -0.14873932081477473     
   3.5380464875032538      -0.14801969165791368     
   3.5445863146520580      -0.14729987702871833     
   3.5511261418008626      -0.14657987860485353     
   3.5576659689496672      -0.14585969804194596     
   3.5642057960984719      -0.14513933697404247     
   3.5707456232472761      -0.14441879701405999     
   3.5772854503960807      -0.14369807975422785     
   3.5838252775448853      -0.14297718676652163     
   3.5903651046936900      -0.14225611960308945     
   3.5969049318424946      -0.14153487979667051     
   3.6034447589912988      -0.14081346886100593     
   3.6099845861401034      -0.14009188829124222     
   3.6165244132889081      -0.13937013956432731     
   3.6230642404377127      -0.13864822413939923     
   3.6296040675865173      -0.13792614345816756     
   3.6361438947353215      -0.13720389894528809     
   3.6426837218841261      -0.13648149200873025     
   3.6492235490329308      -0.13575892404013779     
   3.6557633761817354      -0.13503619641518266     
   3.6623032033305396      -0.13431331049391232     
   3.6688430304793442      -0.13359026762109044     
   3.6753828576281489      -0.13286706912653112     
   3.6819226847769535      -0.13214371632542685     
   3.6884625119257581      -0.13142021051867012     
   3.6950023390745623      -0.13069655299316901     
   3.7015421662233670      -0.12997274502215664     
   3.7080819933721716      -0.12924878786549449     
   3.7146218205209762      -0.12852468276997026     
   3.7211616476697804      -0.12780043096958962     
   3.7277014748185850      -0.12707603368586240     
   3.7342413019673897      -0.12635149212808316     
   3.7407811291161943      -0.12562680749360627     
   3.7473209562649989      -0.12490198096811571     
   3.7538607834138031      -0.12417701372588917     
   3.7604006105626078      -0.12345190693005749     
   3.7669404377114124      -0.12272666173285841     
   3.7734802648602170      -0.12200127927588560     
   3.7800200920090212      -0.12127576069033252     
   3.7865599191578259      -0.12055010709723159     
   3.7930997463066305      -0.11982431960768823     
   3.7996395734554351      -0.11909839932311059     
   3.8061794006042398      -0.11837234733543411     
   3.8127192277530439      -0.11764616472734209     
   3.8192590549018486      -0.11691985257248129     
   3.8257988820506532      -0.11619341193567340     
   3.8323387091994578      -0.11546684387312187     
   3.8388785363482620      -0.11474014943261494     
   3.8454183634970667      -0.11401332965372399     
   3.8519581906458713      -0.11328638556799808     
   3.8584980177946759      -0.11255931819915428     
   3.8650378449434806      -0.11183212856326424     
   3.8715776720922848      -0.11110481766893654     
   3.8781174992410894      -0.11037738651749544     
   3.8846573263898940      -0.10964983610315583     
   3.8911971535386987      -0.10892216741319444     
   3.8977369806875029      -0.10819438142811728     
   3.9042768078363075      -0.10746647912182390     
   3.9108166349851121      -0.10673846146176773     
   3.9173564621339168      -0.10601032940911313     
   3.9238962892827214      -0.10528208391888928     
   3.9304361164315256      -0.10455372594014033     
   3.9369759435803302      -0.10382525641607268     
   3.9435157707291348      -0.10309667628419883     
   3.9500555978779395      -0.10236798647647824     
   3.9565954250267437      -0.10163918791945498     
   3.9631352521755483      -0.10091028153439259     
   3.9696750793243529      -0.10018126823740559     
   3.9762149064731576       -9.9452148939588536E-002
   3.9827547336219622       -9.8722924547141891E-002
   3.9892945607707664       -9.7993595961495289E-002
   3.9958343879195710       -9.7264164079427937E-002
   4.0023742150683752       -9.6534629793186305E-002
   4.0089140422171798       -9.5804993990599371E-002
   4.0154538693659845       -9.5075257555191237E-002
   4.0219936965147891       -9.4345421366290760E-002
   4.0285335236635937       -9.3615486299139447E-002
   4.0350733508123984       -9.2885453224996362E-002
   4.0416131779612030       -9.2155323011240742E-002
   4.0481530051100076       -9.1425096521472432E-002
   4.0546928322588123       -9.0694774615609888E-002
   4.0612326594076160       -8.9964358149985921E-002
   4.0677724865564207       -8.9233847977441313E-002
   4.0743123137052253       -8.8503244947416126E-002
   4.0808521408540299       -8.7772549906039138E-002
   4.0873919680028346       -8.7041763696214969E-002
   4.0939317951516392       -8.6310887157709168E-002
   4.1004716223004438       -8.5579921127231562E-002
   4.1070114494492485       -8.4848866438517301E-002
   4.1135512765980531       -8.4117723922406337E-002
   4.1200911037468568       -8.3386494406920669E-002
   4.1266309308956615       -8.2655178717340058E-002
   4.1331707580444661       -8.1923777676275830E-002
   4.1397105851932707       -8.1192292103742805E-002
   4.1462504123420754       -8.0460722817229671E-002
   4.1527902394908800       -7.9729070631767610E-002
   4.1593300666396846       -7.8997336359997256E-002
   4.1658698937884893       -7.8265520812233910E-002
   4.1724097209372939       -7.7533624796531517E-002
   4.1789495480860976       -7.6801649118744736E-002
   4.1854893752349023       -7.6069594582589592E-002
   4.1920292023837069       -7.5337461989702745E-002
   4.1985690295325115       -7.4605252139699249E-002
   4.2051088566813162       -7.3872965830228760E-002
   4.2116486838301208       -7.3140603857030626E-002
   4.2181885109789254       -7.2408167013987265E-002
   4.2247283381277301       -7.1675656093176540E-002
   4.2312681652765347       -7.0943071884922590E-002
   4.2378079924253385       -7.0210415177845556E-002
   4.2443478195741431       -6.9477686758909848E-002
   4.2508876467229477       -6.8744887413471470E-002
   4.2574274738717524       -6.8012017925323923E-002
   4.2639673010205570       -6.7279079076743020E-002
   4.2705071281693616       -6.6546071648530575E-002
   4.2770469553181663       -6.5812996420056932E-002
   4.2835867824669709       -6.5079854169302440E-002
   4.2901266096157755       -6.4346645672897856E-002
   4.2966664367645793       -6.3613371706163685E-002
   4.3032062639133839       -6.2880033043148501E-002
   4.3097460910621885       -6.2146630456666303E-002
   4.3162859182109932       -6.1413164718332872E-002
   4.3228257453597978       -6.0679636598601143E-002
   4.3293655725086024       -5.9946046866795707E-002
   4.3359053996574071       -5.9212396291146385E-002
   4.3424452268062117       -5.8478685638820867E-002
   4.3489850539550163       -5.7744915675956569E-002
   4.3555248811038210       -5.7011087167691564E-002
   4.3620647082526247       -5.6277200878194711E-002
   4.3686045354014293       -5.5543257570695004E-002
   4.3751443625502340       -5.4809258007510062E-002
   4.3816841896990386       -5.4075202950073953E-002
   4.3882240168478432       -5.3341093158964140E-002
   4.3947638439966479       -5.2606929393927776E-002
   4.4013036711454525       -5.1872712413907271E-002
   4.4078434982942571       -5.1138442977065122E-002
   4.4143833254430618       -5.0404121840808100E-002
   4.4209231525918655       -4.9669749761810725E-002
   4.4274629797406702       -4.8935327496038142E-002
   4.4340028068894748       -4.8200855798768268E-002
   4.4405426340382794       -4.7466335424613482E-002
   4.4470824611870841       -4.6731767127541499E-002
   4.4536222883358887       -4.5997151660895831E-002
   4.4601621154846933       -4.5262489777415559E-002
   4.4667019426334980       -4.4527782229254596E-002
   4.4732417697823026       -4.3793029768000376E-002
   4.4797815969311063       -4.3058233144692079E-002
   4.4863214240799110       -4.2323393109838139E-002
   4.4928612512287156       -4.1588510413433491E-002
   4.4994010783775202       -4.0853585804976188E-002
   4.5059409055263249       -4.0118620033483481E-002
   4.5124807326751295       -3.9383613847507548E-002
   4.5190205598239341       -3.8648567995150707E-002
   4.5255603869727388       -3.7913483224080162E-002
   4.5321002141215434       -3.7178360281542346E-002
   4.5386400412703471       -3.6443199914376785E-002
   4.5451798684191518       -3.5708002869029636E-002
   4.5517196955679564       -3.4972769891566696E-002
   4.5582595227167610       -3.4237501727686158E-002
   4.5647993498655657       -3.3502199122730829E-002
   4.5713391770143703       -3.2766862821700132E-002
   4.5778790041631749       -3.2031493569261577E-002
   4.5844188313119796       -3.1296092109762044E-002
   4.5909586584607842       -3.0560659187238548E-002
   4.5974984856095880       -2.9825195545428829E-002
   4.6040383127583926       -2.9089701927781493E-002
   4.6105781399071972       -2.8354179077465881E-002
   4.6171179670560019       -2.7618627737381631E-002
   4.6236577942048065       -2.6883048650167923E-002
   4.6301976213536111       -2.6147442558212428E-002
   4.6367374485024158       -2.5411810203659964E-002
   4.6432772756512204       -2.4676152328420901E-002
   4.6498171028000250       -2.3940469674179222E-002
   4.6563569299488288       -2.3204762982400443E-002
   4.6628967570976334       -2.2469032994339128E-002
   4.6694365842464380       -2.1733280451046267E-002
   4.6759764113952427       -2.0997506093376323E-002
   4.6825162385440473       -2.0261710661994149E-002
   4.6890560656928519       -1.9525894897381525E-002
   4.6955958928416566       -1.8790059539843616E-002
   4.7021357199904612       -1.8054205329515120E-002
   4.7086755471392658       -1.7318333006366232E-002
   4.7152153742880696       -1.6582443310208386E-002
   4.7217552014368742       -1.5846536980699835E-002
   4.7282950285856788       -1.5110614757350980E-002
   4.7348348557344835       -1.4374677379529551E-002
   4.7413746828832881       -1.3638725586465568E-002
   4.7479145100320927       -1.2902760117256169E-002
   4.7544543371808974       -1.2166781710870213E-002
   4.7609941643297020       -1.1430791106152739E-002
   4.7675339914785066       -1.0694789041829253E-002
   4.7740738186273104       -9.9587762565098679E-003
   4.7806136457761150       -9.2227534886932614E-003
   4.7871534729249197       -8.4867214767705024E-003
   4.7936933000737243       -7.7506809590287265E-003
   4.8002331272225289       -7.0146326736546579E-003
   4.8067729543713336       -6.2785773587380120E-003
   4.8133127815201382       -5.5425157522747438E-003
   4.8198526086689428       -4.8064485921701702E-003
   4.8263924358177475       -4.0703766162419790E-003
   4.8329322629665512       -3.3343005622230898E-003
   4.8394720901153558       -2.5982211677644173E-003
   4.8460119172641605       -1.8621391704375064E-003
   4.8525517444129651       -1.1260553077370558E-003
   4.8590915715617697       -3.8997031708333654E-004
   4.8656313987105744        3.4611506417550240E-004
   4.8721712258593790        1.0822000987612262E-003
   4.8787110530081836        1.8182840494634089E-003
   4.8852508801569883        2.5543661791374264E-003
   4.8917907073057920        3.2904457507025387E-003
   4.8983305344545967        4.0265220271400717E-003
   4.9048703616034013        4.7625942714916783E-003
   4.9114101887522059        5.4986617468576931E-003
   4.9179500159010106        6.2347237163955637E-003
   4.9244898430498152        6.9707794433183689E-003
   4.9310296701986198        7.7068281908934120E-003
   4.9375694973474245        8.4428692224408908E-003
   4.9441093244962291        9.1789018013326389E-003
   4.9506491516450328        9.9149251909909399E-003
   4.9571889787938375        1.0650938654887407E-002
   4.9637288059426421        1.1386941456541948E-002
   4.9702686330914467        1.2122932859521755E-002
   4.9768084602402514        1.2858912127440406E-002
   4.9833482873890560        1.3594878523956983E-002
   4.9898881145378606        1.4330831312775287E-002
   4.9964279416866653        1.5066769757643076E-002
   5.0029677688354699        1.5802693122351379E-002
   5.0095075959842736        1.6538600670733861E-002
   5.0160474231330783        1.7274491666666239E-002
   5.0225872502818829        1.8010365374065730E-002
   5.0291270774306875        1.8746221056890583E-002
   5.0356669045794922        1.9482057979139617E-002
   5.0422067317282968        2.0217875404851843E-002
   5.0487465588771014        2.0953672598106102E-002
   5.0552863860259061        2.1689448823020745E-002
   5.0618262131747107        2.2425203343753388E-002
   5.0683660403235145        2.3160935424500657E-002
   5.0749058674723191        2.3896644329498014E-002
   5.0814456946211237        2.4632329323019571E-002
   5.0879855217699284        2.5367989669378033E-002
   5.0945253489187330        2.6103624632924531E-002
   5.1010651760675376        2.6839233478048636E-002
   5.1076050032163423        2.7574815469178306E-002
   5.1141448303651469        2.8310369870779905E-002
   5.1206846575139515        2.9045895947358243E-002
   5.1272244846627553        2.9781392963456652E-002
   5.1337643118115599        3.0516860183657069E-002
   5.1403041389603645        3.1252296872580181E-002
   5.1468439661091692        3.1987702294885560E-002
   5.1533837932579738        3.2723075715271846E-002
   5.1599236204067784        3.3458416398476937E-002
   5.1664634475555831        3.4193723609278234E-002
   5.1730032747043877        3.4928996612492866E-002
   5.1795431018531923        3.5664234672977954E-002
   5.1860829290019961        3.6399437055630909E-002
   5.1926227561508007        3.7134603025389762E-002
   5.1991625832996053        3.7869731847233454E-002
   5.2057024104484100        3.8604822786182193E-002
   5.2122422375972146        3.9339875107297820E-002
   5.2187820647460192        4.0074888075684219E-002
   5.2253218918948239        4.0809860956487656E-002
   5.2318617190436285        4.1544793014897274E-002
   5.2384015461924331        4.2279683516145430E-002
   5.2449413733412369        4.3014531725508204E-002
   5.2514812004900415        4.3749336908305833E-002
   5.2580210276388462        4.4484098329903216E-002
   5.2645608547876508        4.5218815255710337E-002
   5.2711006819364554        4.5953486951182822E-002
   5.2776405090852601        4.6688112681822436E-002
   5.2841803362340647        4.7422691713177589E-002
   5.2907201633828693        4.8157223310843850E-002
   5.2972599905316740        4.8891706740464572E-002
   5.3037998176804786        4.9626141267731363E-002
   5.3103396448292823        5.0360526158384676E-002
   5.3168794719780870        5.1094860678214435E-002
   5.3234192991268916        5.1829144093060518E-002
   5.3299591262756962        5.2563375668813438E-002
   5.3364989534245009        5.3297554671414921E-002
   5.3430387805733055        5.4031680366858452E-002
   5.3495786077221101        5.4765752021189988E-002
   5.3561184348709148        5.5499768900508534E-002
   5.3626582620197194        5.6233730270966772E-002
   5.3691980891685231        5.6967635398771713E-002
   5.3757379163173278        5.7701483550185305E-002
   5.3822777434661324        5.8435273991525129E-002
   5.3888175706149370        5.9169005989165073E-002
   5.3953573977637417        5.9902678809535898E-002
   5.4018972249125463        6.0636291719125976E-002
   5.4084370520613509        6.1369843984482010E-002
   5.4149768792101556        6.2103334872209592E-002
   5.4215167063589602        6.2836763648973962E-002
   5.4280565335077640        6.3570129581500712E-002
   5.4345963606565686        6.4303431936576394E-002
   5.4411361878053732        6.5036669981049289E-002
   5.4476760149541779        6.5769842981830071E-002
   5.4542158421029825        6.6502950205892572E-002
   5.4607556692517871        6.7235990920274394E-002
   5.4672954964005918        6.7968964392077641E-002
   5.4738353235493964        6.8701869888469685E-002
   5.4803751506982010        6.9434706676683847E-002
   5.4869149778470048        7.0167474024020085E-002
   5.4934548049958094        7.0900171197845765E-002
   5.4999946321446140        7.1632797465596379E-002
   5.5065344592934187        7.2365352094776264E-002
   5.5130742864422233        7.3097834352959273E-002
   5.5196141135910279        7.3830243507789578E-002
   5.5261539407398326        7.4562578826982404E-002
   5.5326937678886372        7.5294839578324710E-002
   5.5392335950374418        7.6027025029675954E-002
   5.5457734221862456        7.6759134448968869E-002
   5.5523132493350502        7.7491167104210071E-002
   5.5588530764838548        7.8223122263481007E-002
   5.5653929036326595        7.8954999194938508E-002
   5.5719327307814641        7.9686797166815579E-002
   5.5784725579302687        8.0418515447422262E-002
   5.5850123850790734        8.1150153305146203E-002
   5.5915522122278780        8.1881710008453554E-002
   5.5980920393766826        8.2613184825889557E-002
   5.6046318665254864        8.3344577026079489E-002
   5.6111716936742910        8.4075885877729226E-002
   5.6177115208230957        8.4807110649626122E-002
   5.6242513479719003        8.5538250610639702E-002
   5.6307911751207049        8.6269305029722410E-002
   5.6373310022695096        8.7000273175910373E-002
   5.6438708294183142        8.7731154318324192E-002
   5.6504106565671188        8.8461947726169637E-002
   5.6569504837159235        8.9192652668738354E-002
   5.6634903108647272        8.9923268415408791E-002
   5.6700301380135318        9.0653794235646762E-002
   5.6765699651623365        9.1384229399006311E-002
   5.6831097923111411        9.2114573175130415E-002
   5.6896496194599457        9.2844824833751852E-002
   5.6961894466087504        9.3574983644693743E-002
   5.7027292737575550        9.4305048877870487E-002
   5.7092691009063596        9.5035019803288476E-002
   5.7158089280551643        9.5764895691046778E-002
   5.7223487552039680        9.6494675811337999E-002
   5.7288885823527727        9.7224359434448904E-002
   5.7354284095015773        9.7953945830761377E-002
   5.7419682366503819        9.8683434270752921E-002
   5.7485080637991866        9.9412824024997598E-002
   5.7550478909479912       0.10014211436416673     
   5.7615877180967958       0.10087130455902961     
   5.7681275452456005       0.10160039388045429     
   5.7746673723944051       0.10232938159940845     
   5.7812071995432088       0.10305826698695987     
   5.7877470266920135       0.10378704931427749     
   5.7942868538408181       0.10451572785263191     
   5.8008266809896227       0.10524430187339637     
   5.8073665081384274       0.10597277064804730     
   5.8139063352872320       0.10670113344816523     
   5.8204461624360366       0.10742938954543538     
   5.8269859895848413       0.10815753821164863     
   5.8335258167336459       0.10888557871870208     
   5.8400656438824496       0.10961351033859981     
   5.8466054710312543       0.11034133234345379     
   5.8531452981800589       0.11106904400548451     
   5.8596851253288635       0.11179664459702171     
   5.8662249524776682       0.11252413339050513     
   5.8727647796264728       0.11325150965848539     
   5.8793046067752774       0.11397877267362461     
   5.8858444339240821       0.11470592170869713     
   5.8923842610728867       0.11543295603659041     
   5.8989240882216905       0.11615987493030568     
   5.9054639153704951       0.11688667766295857     
   5.9120037425192997       0.11761336350778021     
   5.9185435696681044       0.11833993173811748     
   5.9250833968169090       0.11906638162743426     
   5.9316232239657136       0.11979271244931175     
   5.9381630511145183       0.12051892347744959     
   5.9447028782633229       0.12124501398566626     
   5.9512427054121275       0.12197098324790002     
   5.9577825325609313       0.12269683053820969     
   5.9643223597097359       0.12342255513077521     
   5.9708621868585405       0.12414815629989862     
   5.9774020140073452       0.12487363332000459     
   5.9839418411561498       0.12559898546564122     
   5.9904816683049544       0.12632421201148086     
   5.9970214954537591       0.12704931223232083     
   6.0035613226025637       0.12777428540308405     
   6.0101011497513683       0.12849913079881994     
   6.0166409769001721       0.12922384769470502     
   6.0231808040489767       0.12994843536604375     
   6.0297206311977813       0.13067289308826921     
   6.0362604583465860       0.13139722013694385     
   6.0428002854953906       0.13212141578776029     
   6.0493401126441952       0.13284547931654195     
   6.0558799397929999       0.13356940999924388     
   6.0624197669418045       0.13429320711195342     
   6.0689595940906091       0.13501686993089101     
   6.0754994212394129       0.13574039773241084     
   6.0820392483882175       0.13646378979300175     
   6.0885790755370222       0.13718704538928769     
   6.0951189026858268       0.13791016379802884     
   6.1016587298346314       0.13863314429612192     
   6.1081985569834361       0.13935598616060121     
   6.1147383841322407       0.14007868866863921     
   6.1212782112810453       0.14080125109754740     
   6.1278180384298500       0.14152367272477684     
   6.1343578655786537       0.14224595282791908     
   6.1408976927274583       0.14296809068470681     
   6.1474375198762630       0.14369008557301458     
   6.1539773470250676       0.14441193677085959     
   6.1605171741738722       0.14513364355640229     
   6.1670570013226769       0.14585520520794729     
   6.1735968284714815       0.14657662100394395     
   6.1801366556202861       0.14729789022298723     
   6.1866764827690908       0.14801901214381830     
   6.1932163099178945       0.14873998604532526     
   6.1997561370666991       0.14946081120654409     
   6.2062959642155038       0.15018148690665908     
   6.2128357913643084       0.15090201242500381     
   6.2193756185131130       0.15162238704106162     
   6.2259154456619177       0.15234261003446667     
   6.2324552728107223       0.15306268068500434     
   6.2389950999595269       0.15378259827261220     
   6.2455349271083316       0.15450236207738052     
   6.2520747542571362       0.15522197137955329     
   6.2586145814059400       0.15594142545952855     
   6.2651544085547446       0.15666072359785949     
   6.2716942357035492       0.15737986507525506     
   6.2782340628523539       0.15809884917258052     
   6.2847738900011585       0.15881767517085840     
   6.2913137171499631       0.15953634235126907     
   6.2978535442987678       0.16025484999515155     
   6.3043933714475724       0.16097319738400429     
   6.3109331985963770       0.16169138379948564     
   6.3174730257451808       0.16240940852341482     
   6.3240128528939854       0.16312727083777268     
   6.3305526800427900       0.16384497002470214     
   6.3370925071915947       0.16456250536650915     
   6.3436323343403993       0.16527987614566342     
   6.3501721614892039       0.16599708164479893     
   6.3567119886380086       0.16671412114671486     
   6.3632518157868132       0.16743099393437627     
   6.3697916429356178       0.16814769929091478     
   6.3763314700844216       0.16886423649962926     
   6.3828712972332262       0.16958060484398663     
   6.3894111243820308       0.17029680360762250     
   6.3959509515308355       0.17101283207434204     
   6.4024907786796401       0.17172868952812048     
   6.4090306058284447       0.17244437525310405     
   6.4155704329772494       0.17315988853361045     
   6.4221102601260540       0.17387522865412985     
   6.4286500872748586       0.17459039489932549     
   6.4351899144236624       0.17530538655403413     
   6.4417297415724670       0.17602020290326736     
   6.4482695687212717       0.17673484323221175     
   6.4548093958700763       0.17744930682622989     
   6.4613492230188809       0.17816359297086096     
   6.4678890501676856       0.17887770095182154     
   6.4744288773164902       0.17959163005500625     
   6.4809687044652948       0.18030537956648854     
   6.4875085316140995       0.18101894877252139     
   6.4940483587629032       0.18173233695953792     
   6.5005881859117078       0.18244554341415226     
   6.5071280130605125       0.18315856742316014     
   6.5136678402093171       0.18387140827353973     
   6.5202076673581217       0.18458406525245227     
   6.5267474945069264       0.18529653764724283     
   6.5332873216557310       0.18600882474544089     
   6.5398271488045356       0.18672092583476127     
   6.5463669759533403       0.18743284020310463     
   6.5529068031021440       0.18814456713855846     
   6.5594466302509487       0.18885610592939753     
   6.5659864573997533       0.18956745586408469     
   6.5725262845485579       0.19027861623127157     
   6.5790661116973626       0.19098958631979926     
   6.5856059388461672       0.19170036541869925     
   6.5921457659949718       0.19241095281719395     
   6.5986855931437765       0.19312134780469720     
   6.6052254202925811       0.19383154967081548     
   6.6117652474413848       0.19454155770534820     
   6.6183050745901895       0.19525137119828848     
   6.6248449017389941       0.19596098943982421     
   6.6313847288877987       0.19667041172033814     
   6.6379245560366034       0.19737963733040928     
   6.6444643831854080       0.19808866556081298     
   6.6510042103342126       0.19879749570252217     
   6.6575440374830173       0.19950612704670767     
   6.6640838646318219       0.20021455888473913     
   6.6706236917806256       0.20092279050818568     
   6.6771635189294303       0.20163082120881665     
   6.6837033460782349       0.20233865027860221     
   6.6902431732270395       0.20304627700971414     
   6.6967830003758442       0.20375370069452650     
   6.7033228275246488       0.20446092062561644     
   6.7098626546734534       0.20516793609576489     
   6.7164024818222581       0.20587474639795691     
   6.7229423089710627       0.20658135082538315     
   6.7294821361198665       0.20728774867143979     
   6.7360219632686711       0.20799393922972956     
   6.7425617904174757       0.20869992179406271     
   6.7491016175662804       0.20940569565845724     
   6.7556414447150850       0.21011126011713990     
   6.7621812718638896       0.21081661446454680     
   6.7687210990126943       0.21152175799532419     
   6.7752609261614989       0.21222669000432898     
   6.7818007533103035       0.21293140978662981     
   6.7883405804591073       0.21363591663750739     
   6.7948804076079119       0.21434020985245533     
   6.8014202347567165       0.21504428872718090     
   6.8079600619055212       0.21574815255760563     
   6.8144998890543258       0.21645180063986622     
   6.8210397162031304       0.21715523227031500     
   6.8275795433519351       0.21785844674552066     
   6.8341193705007397       0.21856144336226915     
   6.8406591976495443       0.21926422141756427     
   6.8471990247983481       0.21996678020862837     
   6.8537388519471527       0.22066911903290293     
   6.8602786790959573       0.22137123718804949     
   6.8668185062447620       0.22207313397195022     
   6.8733583333935666       0.22277480868270866     
   6.8798981605423712       0.22347626061865045     
   6.8864379876911759       0.22417748907832385     
   6.8929778148399805       0.22487849336050084     
   6.8995176419887851       0.22557927276417722     
   6.9060574691375889       0.22627982658857404     
   6.9125972962863935       0.22698015413313763     
   6.9191371234351982       0.22768025469754072     
   6.9256769505840028       0.22838012758168294     
   6.9322167777328074       0.22907977208569169     
   6.9387566048816121       0.22977918750992268     
   6.9452964320304167       0.23047837315496064     
   6.9518362591792213       0.23117732832162022     
   6.9583760863280260       0.23187605231094638     
   6.9649159134768297       0.23257454442421535     
   6.9714557406256343       0.23327280396293515     
   6.9779955677744390       0.23397083022884652     
   6.9845353949232436       0.23466862252392334     
   6.9910752220720482       0.23536618015037339     
   6.9976150492208529       0.23606350241063928     
   7.0041548763696575       0.23676058860739899     
   7.0106947035184621       0.23745743804356628     
   7.0172345306672668       0.23815405002229190     
   7.0237743578160705       0.23885042384696414     
   7.0303141849648751       0.23954655882120915     
   7.0368540121136798       0.24024245424889215     
   7.0433938392624844       0.24093810943411784     
   7.0499336664112890       0.24163352368123106     
   7.0564734935600937       0.24232869629481779     
   7.0630133207088983       0.24302362657970553     
   7.0695531478577029       0.24371831384096407     
   7.0760929750065076       0.24441275738390619     
   7.0826328021553113       0.24510695651408856     
   7.0891726293041160       0.24580091053731193     
   7.0957124564529206       0.24649461875962261     
   7.1022522836017252       0.24718808048731242     
   7.1087921107505299       0.24788129502691961     
   7.1153319378993345       0.24857426168522978     
   7.1218717650481391       0.24926697976927634     
   7.1284115921969438       0.24995944858634128     
   7.1349514193457484       0.25065166744395584     
   7.1414912464945521       0.25134363564990131     
   7.1480310736433568       0.25203535251220938     
   7.1545709007921614       0.25272681733916341     
   7.1611107279409660       0.25341802943929864     
   7.1676505550897707       0.25410898812140292     
   7.1741903822385753       0.25479969269451763     
   7.1807302093873799       0.25549014246793839     
   7.1872700365361846       0.25618033675121532     
   7.1938098636849892       0.25687027485415426     
   7.2003496908337938       0.25755995608681720     
   7.2068895179825976       0.25824937975952289     
   7.2134293451314022       0.25893854518284765     
   7.2199691722802068       0.25962745166762619     
   7.2265089994290115       0.26031609852495208     
   7.2330488265778161       0.26100448506617846     
   7.2395886537266207       0.26169261060291882     
   7.2461284808754254       0.26238047444704771     
   7.2526683080242300       0.26306807591070119     
   7.2592081351730346       0.26375541430627802     
   7.2657479623218384       0.26444248894643968     
   7.2722877894706430       0.26512929914411171     
   7.2788276166194477       0.26581584421248378     
   7.2853674437682523       0.26650212346501101     
   7.2919072709170569       0.26718813621541404     
   7.2984470980658616       0.26787388177768023     
   7.3049869252146662       0.26855935946606396     
   7.3115267523634708       0.26924456859508766     
   7.3180665795122755       0.26992950847954222     
   7.3246064066610792       0.27061417843448776     
   7.3311462338098838       0.27129857777525429     
   7.3376860609586885       0.27198270581744260     
   7.3442258881074931       0.27266656187692456     
   7.3507657152562977       0.27335014526984419     
   7.3573055424051024       0.27403345531261813     
   7.3638453695539070       0.27471649132193637     
   7.3703851967027116       0.27539925261476278     
   7.3769250238515163       0.27608173850833628     
   7.3834648510003200       0.27676394832017087     
   7.3900046781491247       0.27744588136805681     
   7.3965445052979293       0.27812753697006098     
   7.4030843324467339       0.27880891444452788     
   7.4096241595955386       0.27949001311007998     
   7.4161639867443432       0.28017083228561868     
   7.4227038138931478       0.28085137129032478     
   7.4292436410419525       0.28153162944365928     
   7.4357834681907571       0.28221160606536411     
   7.4423232953395608       0.28289130047546257     
   7.4488631224883655       0.28357071199426032     
   7.4554029496371701       0.28424983994234582     
   7.4619427767859747       0.28492868364059110     
   7.4684826039347794       0.28560724241015262     
   7.4750224310835840       0.28628551557247145     
   7.4815622582323886       0.28696350244927449     
   7.4881020853811933       0.28764120236257490     
   7.4946419125299979       0.28831861463467279     
   7.5011817396788016       0.28899573858815580     
   7.5077215668276063       0.28967257354590015     
   7.5142613939764109       0.29034911883107067     
   7.5208012211252155       0.29102537376712229     
   7.5273410482740202       0.29170133767779993     
   7.5338808754228248       0.29237700988713977     
   7.5404207025716294       0.29305238971946962     
   7.5469605297204341       0.29372747649940956     
   7.5535003568692387       0.29440226955187287     
   7.5600401840180425       0.29507676820206652     
   7.5665800111668471       0.29575097177549187     
   7.5731198383156517       0.29642487959794533     
   7.5796596654644564       0.29709849099551910     
   7.5861994926132610       0.29777180529460179     
   7.5927393197620656       0.29844482182187904     
   7.5992791469108703       0.29911753990433443     
   7.6058189740596749       0.29978995886924986     
   7.6123588012084795       0.30046207804420627     
   7.6188986283572833       0.30113389675708457     
   7.6254384555060879       0.30180541433606600     
   7.6319782826548925       0.30247663010963310     
   7.6385181098036972       0.30314754340656996     
   7.6450579369525018       0.30381815355596337     
   7.6515977641013064       0.30448845988720319     
   7.6581375912501111       0.30515846172998301     
   7.6646774183989157       0.30582815841430105     
   7.6712172455477203       0.30649754927046058     
   7.6777570726965241       0.30716663362907087     
   7.6842968998453287       0.30783541082104743     
   7.6908367269941333       0.30850388017761304     
   7.6973765541429380       0.30917204103029849     
   7.7039163812917426       0.30983989271094287     
   7.7104562084405472       0.31050743455169449     
   7.7169960355893519       0.31117466588501147     
   7.7235358627381565       0.31184158604366258     
   7.7300756898869611       0.31250819436072752     
   7.7366155170357649       0.31317449016959809     
   7.7431553441845695       0.31384047280397853     
   7.7496951713333742       0.31450614159788604     
   7.7562349984821788       0.31517149588565191     
   7.7627748256309834       0.31583653500192194     
   7.7693146527797881       0.31650125828165693     
   7.7758544799285927       0.31716566506013366     
   7.7823943070773973       0.31782975467294522     
   7.7889341342262020       0.31849352645600210     
   7.7954739613750057       0.31915697974553253     
   7.8020137885238103       0.31982011387808312     
   7.8085536156726150       0.32048292819051988     
   7.8150934428214196       0.32114542202002838     
   7.8216332699702242       0.32180759470411485     
   7.8281730971190289       0.32246944558060658     
   7.8347129242678335       0.32313097398765267     
   7.8412527514166381       0.32379217926372478     
   7.8477925785654428       0.32445306074761765     
   7.8543324057142465       0.32511361777844966     
   7.8608722328630511       0.32577384969566398     
   7.8674120600118558       0.32643375583902851     
   7.8739518871606604       0.32709333554863723     
   7.8804917143094650       0.32775258816491032     
   7.8870315414582697       0.32841151302859528     
   7.8935713686070743       0.32907010948076720     
   7.9001111957558789       0.32972837686282963     
   7.9066510229046836       0.33038631451651518     
   7.9131908500534873       0.33104392178388614     
   7.9197306772022920       0.33170119800733533     
   7.9262705043510966       0.33235814252958645     
   7.9328103314999012       0.33301475469369507     
   7.9393501586487059       0.33367103384304897     
   7.9458899857975105       0.33432697932136907     
   7.9524298129463151       0.33498259047270978     
   7.9589696400951198       0.33563786664146006     
   7.9655094672439244       0.33629280717234367     
   7.9720492943927281       0.33694741141042012     
   7.9785891215415328       0.33760167870108504     
   7.9851289486903374       0.33825560839007135     
   7.9916687758391420       0.33890919982344919     
   7.9982086029879467       0.33956245234762722     
   8.0047484301367504       0.34021536530935281     
   8.0112882572855550       0.34086793805571314     
   8.0178280844343597       0.34152016993413542     
   8.0243679115831643       0.34217206029238773     
   8.0309077387319689       0.34282360847857979     
   8.0374475658807736       0.34347481384116330     
   8.0439873930295782       0.34412567572893304     
   8.0505272201783828       0.34477619349102695     
   8.0570670473271875       0.34542636647692743     
   8.0636068744759921       0.34607619403646134     
   8.0701467016247967       0.34672567551980127     
   8.0766865287736014       0.34737481027746570     
   8.0832263559224060       0.34802359766031982     
   8.0897661830712106       0.34867203701957622     
   8.0963060102200153       0.34932012770679560     
   8.1028458373688199       0.34996786907388727     
   8.1093856645176245       0.35061526047310992     
   8.1159254916664292       0.35126230125707208     
   8.1224653188152320       0.35190899077873300     
   8.1290051459640367       0.35255532839140313     
   8.1355449731128413       0.35320131344874489     
   8.1420848002616459       0.35384694530477317     
   8.1486246274104506       0.35449222331385610     
   8.1551644545592552       0.35513714683071573     
   8.1617042817080598       0.35578171521042856     
   8.1682441088568645       0.35642592780842614     
   8.1747839360056691       0.35706978398049588     
   8.1813237631544737       0.35771328308278172     
   8.1878635903032784       0.35835642447178434     
   8.1944034174520830       0.35899920750436259     
   8.2009432446008876       0.35964163153773332     
   8.2074830717496923       0.36028369592947251     
   8.2140228988984969       0.36092540003751578     
   8.2205627260473015       0.36156674322015897     
   8.2271025531961062       0.36220772483605895     
   8.2336423803449108       0.36284834424423412     
   8.2401822074937137       0.36348860080406503     
   8.2467220346425183       0.36412849387529517     
   8.2532618617913229       0.36476802281803145     
   8.2598016889401276       0.36540718699274488     
   8.2663415160889322       0.36604598576027131     
   8.2728813432377368       0.36668441848181194     
   8.2794211703865415       0.36732248451893418     
   8.2859609975353461       0.36796018323357182     
   8.2925008246841507       0.36859751398802637     
   8.2990406518329554       0.36923447614496685     
   8.3055804789817600       0.36987106906743117     
   8.3121203061305646       0.37050729211882649     
   8.3186601332793693       0.37114314466292964     
   8.3251999604281739       0.37177862606388817     
   8.3317397875769785       0.37241373568622060     
   8.3382796147257832       0.37304847289481730     
   8.3448194418745878       0.37368283705494115     
   8.3513592690233924       0.37431682753222800     
   8.3578990961721953       0.37495044369268726     
   8.3644389233209999       0.37558368490270294     
   8.3709787504698046       0.37621655052903363     
   8.3775185776186092       0.37684903993881386     
   8.3840584047674138       0.37748115249955411     
   8.3905982319162185       0.37811288757914197     
   8.3971380590650231       0.37874424454584216     
   8.4036778862138277       0.37937522276829783     
   8.4102177133626324       0.38000582161553076     
   8.4167575405114370       0.38063604045694205     
   8.4232973676602416       0.38126587866231293     
   8.4298371948090463       0.38189533560180511     
   8.4363770219578509       0.38252441064596160     
   8.4429168491066555       0.38315310316570761     
   8.4494566762554602       0.38378141253235032     
   8.4559965034042648       0.38440933811758055     
   8.4625363305530694       0.38503687929347263     
   8.4690761577018741       0.38566403543248551     
   8.4756159848506769       0.38629080590746284     
   8.4821558119994815       0.38691719009163433     
   8.4886956391482862       0.38754318735861570     
   8.4952354662970908       0.38816879708240976     
   8.5017752934458954       0.38879401863740681     
   8.5083151205947001       0.38941885139838511     
   8.5148549477435047       0.39004329474051197     
   8.5213947748923093       0.39066734803934416     
   8.5279346020411140       0.39129101067082833     
   8.5344744291899186       0.39191428201130185     
   8.5410142563387232       0.39253716143749329     
   8.5475540834875279       0.39315964832652328     
   8.5540939106363325       0.39378174205590488     
   8.5606337377851371       0.39440344200354449     
   8.5671735649339418       0.39502474754774197     
   8.5737133920827464       0.39564565806719199     
   8.5802532192315510       0.39626617294098387     
   8.5867930463803557       0.39688629154860289     
   8.5933328735291585       0.39750601326993035     
   8.5998727006779632       0.39812533748524437     
   8.6064125278267678       0.39874426357522108     
   8.6129523549755724       0.39936279092093413     
   8.6194921821243771       0.39998091890385634     
   8.6260320092731817       0.40059864690585950     
   8.6325718364219863       0.40121597430921585     
   8.6391116635707910       0.40183290049659792     
   8.6456514907195956       0.40244942485107937     
   8.6521913178684002       0.40306554675613604     
   8.6587311450172049       0.40368126559564599     
   8.6652709721660095       0.40429658075389019     
   8.6718107993148141       0.40491149161555373     
   8.6783506264636188       0.40552599756572566     
   8.6848904536124234       0.40614009798990003     
   8.6914302807612280       0.40675379227397640     
   8.6979701079100327       0.40736707980426046     
   8.7045099350588373       0.40797995996746467     
   8.7110497622076419       0.40859243215070895     
   8.7175895893564448       0.40920449574152118     
   8.7241294165052494       0.40981615012783756     
   8.7306692436540541       0.41042739469800382     
   8.7372090708028587       0.41103822884077534     
   8.7437488979516633       0.41164865194531802     
   8.7502887251004680       0.41225866340120876     
   8.7568285522492726       0.41286826259843601     
   8.7633683793980772       0.41347744892740074     
   8.7699082065468819       0.41408622177891652     
   8.7764480336956865       0.41469458054421049     
   8.7829878608444911       0.41530252461492384     
   8.7895276879932958       0.41591005338311265     
   8.7960675151421004       0.41651716624124807     
   8.8026073422909050       0.41712386258221723     
   8.8091471694397097       0.41773014179932383     
   8.8156869965885143       0.41833600328628862     
   8.8222268237373189       0.41894144643725006     
   8.8287666508861236       0.41954647064676509     
   8.8353064780349264       0.42015107530980950     
   8.8418463051837310       0.42075525982177864     
   8.8483861323325357       0.42135902357848792     
   8.8549259594813403       0.42196236597617365     
   8.8614657866301449       0.42256528641149338     
   8.8680056137789496       0.42316778428152674     
   8.8745454409277542       0.42376985898377578     
   8.8810852680765588       0.42437150991616585     
   8.8876250952253635       0.42497273647704592     
   8.8941649223741681       0.42557353806518955     
   8.9007047495229727       0.42617391407979521     
   8.9072445766717774       0.42677386392048677     
   8.9137844038205820       0.42737338698731436     
   8.9203242309693866       0.42797248268075505     
   8.9268640581181913       0.42857115040171301     
   8.9334038852669959       0.42916938955152067     
   8.9399437124158005       0.42976719953193870     
   8.9464835395646052       0.43036457974515718     
   8.9530233667134080       0.43096152959379597     
   8.9595631938622127       0.43155804848090518     
   8.9661030210110173       0.43215413580996592     
   8.9726428481598219       0.43274979098489091     
   8.9791826753086266       0.43334501341002485     
   8.9857225024574312       0.43393980249014535     
   8.9922623296062358       0.43453415763046344     
   8.9988021567550405       0.43512807823662392     
   9.0053419839038451       0.43572156371470611     
   9.0118818110526497       0.43631461347122463     
   9.0184216382014544       0.43690722691312966     
   9.0249614653502590       0.43749940344780780     
   9.0315012924990636       0.43809114248308245     
   9.0380411196478683       0.43868244342721452     
   9.0445809467966729       0.43927330568890327     
   9.0511207739454775       0.43986372867728629     
   9.0576606010942822       0.44045371180194071     
   9.0642004282430868       0.44104325447288328     
   9.0707402553918897       0.44163235610057144     
   9.0772800825406943       0.44222101609590347     
   9.0838199096894989       0.44280923387021948     
   9.0903597368383036       0.44339700883530148     
   9.0968995639871082       0.44398434040337470     
   9.1034393911359128       0.44457122798710746     
   9.1099792182847175       0.44515767099961223     
   9.1165190454335221       0.44574366885444600     
   9.1230588725823267       0.44632922096561090     
   9.1295986997311314       0.44691432674755488     
   9.1361385268799360       0.44749898561517210     
   9.1426783540287406       0.44808319698380372     
   9.1492181811775453       0.44866696026923847     
   9.1557580083263499       0.44925027488771291     
   9.1622978354751545       0.44983314025591248     
   9.1688376626239592       0.45041555579097181     
   9.1753774897727638       0.45099752091047546     
   9.1819173169215684       0.45157903503245811     
   9.1884571440703713       0.45216009757540576     
   9.1949969712191759       0.45274070795825588     
   9.2015367983679806       0.45332086560039808     
   9.2080766255167852       0.45390056992167460     
   9.2146164526655898       0.45447982034238121     
   9.2211562798143945       0.45505861628326749     
   9.2276961069631991       0.45563695716553748     
   9.2342359341120037       0.45621484241085031     
   9.2407757612608084       0.45679227144132079     
   9.2473155884096130       0.45736924367951987     
   9.2538554155584176       0.45794575854847513     
   9.2603952427072223       0.45852181547167192     
   9.2669350698560269       0.45909741387305320     
   9.2734748970048315       0.45967255317702055     
   9.2800147241536362       0.46024723280843477     
   9.2865545513024408       0.46082145219261611     
   9.2930943784512454       0.46139521075534529     
   9.2996342056000501       0.46196850792286365     
   9.3061740327488529       0.46254134312187406     
   9.3127138598976575       0.46311371577954141     
   9.3192536870464622       0.46368562532349294     
   9.3257935141952668       0.46425707118181919     
   9.3323333413440714       0.46482805278307421     
   9.3388731684928761       0.46539856955627645     
   9.3454129956416807       0.46596862093090907     
   9.3519528227904853       0.46653820633692095     
   9.3584926499392900       0.46710732520472636     
   9.3650324770880946       0.46767597696520652     
   9.3715723042368992       0.46824416104970989     
   9.3781121313857039       0.46881187689005216     
   9.3846519585345085       0.46937912391851755     
   9.3911917856833131       0.46994590156785909     
   9.3977316128321178       0.47051220927129905     
   9.4042714399809224       0.47107804646252971     
   9.4108112671297270       0.47164341257571396     
   9.4173510942785317       0.47220830704548555     
   9.4238909214273345       0.47277272930695019     
   9.4304307485761392       0.47333667879568542     
   9.4369705757249438       0.47390015494774196     
   9.4435104028737484       0.47446315719964349     
   9.4500502300225531       0.47502568498838776     
   9.4565900571713577       0.47558773775144714     
   9.4631298843201623       0.47614931492676860     
   9.4696697114689670       0.47671041595277525     
   9.4762095386177716       0.47727104026836598     
   9.4827493657665762       0.47783118731291635     
   9.4892891929153809       0.47839085652627950     
   9.4958290200641855       0.47895004734878605     
   9.5023688472129901       0.47950875922124525     
   9.5089086743617948       0.48006699158494526     
   9.5154485015105994       0.48062474388165366     
   9.5219883286594040       0.48118201555361823     
   9.5285281558082087       0.48173880604356717     
   9.5350679829570133       0.48229511479471016     
   9.5416078101058162       0.48285094125073830     
   9.5481476372546208       0.48340628485582521     
   9.5546874644034254       0.48396114505462734     
   9.5612272915522301       0.48451552129228426     
   9.5677671187010347       0.48506941301442003     
   9.5743069458498393       0.48562281966714271     
   9.5808467729986440       0.48617574069704572     
   9.5873866001474486       0.48672817555120806     
   9.5939264272962532       0.48728012367719487     
   9.6004662544450579       0.48783158452305797     
   9.6070060815938625       0.48838255753733661     
   9.6135459087426671       0.48893304216905770     
   9.6200857358914718       0.48948303786773656     
   9.6266255630402764       0.49003254408337754     
   9.6331653901890810       0.49058156026647443     
   9.6397052173378857       0.49113008586801105     
   9.6462450444866903       0.49167812033946168     
   9.6527848716354949       0.49222566313279209     
   9.6593246987842996       0.49277271370045944     
   9.6658645259331024       0.49331927149541299     
   9.6724043530819070       0.49386533597109517     
   9.6789441802307117       0.49441090658144127     
   9.6854840073795163       0.49495598278088077     
   9.6920238345283209       0.49550056402433745     
   9.6985636616771256       0.49604464976723012     
   9.7051034888259302       0.49658823946547298     
   9.7116433159747348       0.49713133257547637     
   9.7181831431235395       0.49767392855414727     
   9.7247229702723441       0.49821602685888955     
   9.7312627974211487       0.49875762694760495     
   9.7378026245699534       0.49929872827869337     
   9.7443424517187580       0.49983933031105354     
   9.7508822788675626       0.50037943250408334     
   9.7574221060163673       0.50091903431768070     
   9.7639619331651719       0.50145813521224369     
   9.7705017603139765       0.50199673464867156     
   9.7770415874627812       0.50253483208836469     
   9.7835814146115840       0.50307242699322585     
   9.7901212417603887       0.50360951882565996     
   9.7966610689091933       0.50414610704857521     
   9.8032008960579979       0.50468219112538337     
   9.8097407232068026       0.50521777052000039     
   9.8162805503556072       0.50575284469684700     
   9.8228203775044118       0.50628741312084879     
   9.8293602046532165       0.50682147525743737     
   9.8359000318020211       0.50735503057255082     
   9.8424398589508257       0.50788807853263374     
   9.8489796860996304       0.50842061860463805     
   9.8555195132484350       0.50895265025602376     
   9.8620593403972396       0.50948417295475923     
   9.8685991675460443       0.51001518616932173     
   9.8751389946948489       0.51054568936869804     
   9.8816788218436535       0.51107568202238507     
   9.8882186489924582       0.51160516360038999     
   9.8947584761412628       0.51213413357323134     
   9.9012983032900657       0.51266259141193915     
   9.9078381304388703       0.51319053658805547     
   9.9143779575876749       0.51371796857363516     
   9.9209177847364796       0.51424488684124647     
   9.9274576118852842       0.51477129086397078     
   9.9339974390340888       0.51529718011540426     
   9.9405372661828935       0.51582255406965760     
   9.9470770933316981       0.51634741220135683     
   9.9536169204805027       0.51687175398564389     
   9.9601567476293074       0.51739557889817700     
   9.9666965747781120       0.51791888641513117     
   9.9732364019269166       0.51844167601319890     
   9.9797762290757213       0.51896394716959071     
   9.9863160562245259       0.51948569936203526     
   9.9928558833733305       0.52000693206878046     
   9.9993957105221352       0.52052764476859359     
   10.005935537670940       0.52104783694076195     
   10.012475364819744       0.52156750806509344     
   10.019015191968547       0.52208665762191686     
   10.025555019117352       0.52260528509208259     
   10.032094846266157       0.52312338995696328     
   10.038634673414961       0.52364097169845392     
   10.045174500563766       0.52415802979897286     
   10.051714327712570       0.52467456374146204     
   10.058254154861375       0.52519057300938754     
   10.064793982010180       0.52570605708673990     
   10.071333809158984       0.52622101545803524     
   10.077873636307789       0.52673544760831503     
   10.084413463456594       0.52724935302314735     
   10.090953290605398       0.52776273118862660     
   10.097493117754203       0.52827558159137455     
   10.104032944903008       0.52878790371854101     
   10.110572772051812       0.52929969705780366     
   10.117112599200617       0.52981096109736936     
   10.123652426349421       0.53032169532597384     
   10.130192253498226       0.53083189923288310     
   10.136732080647029       0.53134157230789303     
   10.143271907795834       0.53185071404133066     
   10.149811734944638       0.53235932392405438     
   10.156351562093443       0.53286740144745393     
   10.162891389242247       0.53337494610345226     
   10.169431216391052       0.53388195738450428     
   10.175971043539857       0.53438843478359899     
   10.182510870688661       0.53489437779425897     
   10.189050697837466       0.53539978591054105     
   10.195590524986271       0.53590465862703729     
   10.202130352135075       0.53640899543887499     
   10.208670179283880       0.53691279584171714     
   10.215210006432685       0.53741605933176351     
   10.221749833581489       0.53791878540575055     
   10.228289660730294       0.53842097356095209     
   10.234829487879098       0.53892262329518026     
   10.241369315027903       0.53942373410678501     
   10.247909142176708       0.53992430549465575     
   10.254448969325511       0.54042433695822090     
   10.260988796474315       0.54092382799744920     
   10.267528623623120       0.54142277811284945     
   10.274068450771924       0.54192118680547152     
   10.280608277920729       0.54241905357690690     
   10.287148105069534       0.54291637792928860     
   10.293687932218338       0.54341315936529255     
   10.300227759367143       0.54390939738813704     
   10.306767586515948       0.54440509150158412     
   10.313307413664752       0.54490024120993974     
   10.319847240813557       0.54539484601805410     
   10.326387067962361       0.54588890543132251     
   10.332926895111166       0.54638241895568540     
   10.339466722259971       0.54687538609762942     
   10.346006549408775       0.54736780636418725     
   10.352546376557580       0.54785967926293877     
   10.359086203706385       0.54835100430201111     
   10.365626030855189       0.54884178099007908     
   10.372165858003992       0.54933200883636601     
   10.378705685152797       0.54982168735064407     
   10.385245512301601       0.55031081604323484     
   10.391785339450406       0.55079939442500958     
   10.398325166599211       0.55128742200738978     
   10.404864993748015       0.55177489830234805     
   10.411404820896820       0.55226182282240799     
   10.417944648045625       0.55274819508064510     
   10.424484475194429       0.55323401459068722     
   10.431024302343234       0.55371928086671462     
   10.437564129492038       0.55420399342346127     
   10.444103956640843       0.55468815177621444     
   10.450643783789648       0.55517175544081587     
   10.457183610938452       0.55565480393366162     
   10.463723438087257       0.55613729677170365     
   10.470263265236062       0.55661923347244879     
   10.476803092384866       0.55710061355396046     
   10.483342919533671       0.55758143653485859     
   10.489882746682474       0.55806170193432025     
   10.496422573831278       0.55854140927207985     
   10.502962400980083       0.55902055806843021     
   10.509502228128888       0.55949914784422250     
   10.516042055277692       0.55997717812086700     
   10.522581882426497       0.56045464842033343     
   10.529121709575302       0.56093155826515140     
   10.535661536724106       0.56140790717841116     
   10.542201363872911       0.56188369468376376     
   10.548741191021715       0.56235892030542167     
   10.555281018170520       0.56283358356815927     
   10.561820845319325       0.56330768399731324     
   10.568360672468129       0.56378122111878326     
   10.574900499616934       0.56425419445903213     
   10.581440326765739       0.56472660354508664     
   10.587980153914543       0.56519844790453755     
   10.594519981063348       0.56566972706554064     
   10.601059808212153       0.56614044055681656     
   10.607599635360957       0.56661058790765195     
   10.614139462509760       0.56708016864789945     
   10.620679289658565       0.56754918230797835     
   10.627219116807369       0.56801762841887493     
   10.633758943956174       0.56848550651214314     
   10.640298771104979       0.56895281611990478     
   10.646838598253783       0.56941955677485034     
   10.653378425402588       0.56988572801023907     
   10.659918252551392       0.57035132935989974     
   10.666458079700197       0.57081636035823113     
   10.672997906849002       0.57128082054020202     
   10.679537733997806       0.57174470944135247     
   10.686077561146611       0.57220802659779346     
   10.692617388295416       0.57267077154620794     
   10.699157215444220       0.57313294382385083     
   10.705697042593025       0.57359454296854995     
   10.712236869741830       0.57405556851870587     
   10.718776696890634       0.57451602001329349     
   10.725316524039439       0.57497589699186102     
   10.731856351188242       0.57543519899453155     
   10.738396178337046       0.57589392556200303     
   10.744936005485851       0.57635207623554907     
   10.751475832634656       0.57680965055701883     
   10.758015659783460       0.57726664806883798     
   10.764555486932265       0.57772306831400921     
   10.771095314081069       0.57817891083611206     
   10.777635141229874       0.57863417517930416     
   10.784174968378679       0.57908886088832090     
   10.790714795527483       0.57954296750847689     
   10.797254622676288       0.57999649458566549     
   10.803794449825093       0.58044944166635926     
   10.810334276973897       0.58090180829761151     
   10.816874104122702       0.58135359402705544     
   10.823413931271507       0.58180479840290544     
   10.829953758420311       0.58225542097395688     
   10.836493585569116       0.58270546128958745     
   10.843033412717920       0.58315491889975668     
   10.849573239866723       0.58360379335500712     
   10.856113067015528       0.58405208420646415     
   10.862652894164333       0.58449979100583704     
   10.869192721313137       0.58494691330541893     
   10.875732548461942       0.58539345065808746     
   10.882272375610746       0.58583940261730538     
   10.888812202759551       0.58628476873712065     
   10.895352029908356       0.58672954857216719     
   10.901891857057160       0.58717374167766512     
   10.908431684205965       0.58761734760942130     
   10.914971511354770       0.58806036592382993     
   10.921511338503574       0.58850279617787249     
   10.928051165652379       0.58894463792911900     
   10.934590992801184       0.58938589073572745     
   10.941130819949988       0.58982655415644536     
   10.947670647098793       0.59026662775060901     
   10.954210474247597       0.59070611107814486     
   10.960750301396402       0.59114500369956979     
   10.967290128545205       0.59158330517599089     
   10.973829955694010       0.59202101506910687     
   10.980369782842814       0.59245813294120775     
   10.986909609991619       0.59289465835517574     
   10.993449437140423       0.59333059087448536     
   10.999989264289228       0.59376593006320411     
   11.006529091438033       0.59420067548599287     
   11.013068918586837       0.59463482670810608     
   11.019608745735642       0.59506838329539258     
   11.026148572884447       0.59550134481429584     
   11.032688400033251       0.59593371083185420     
   11.039228227182056       0.59636548091570185     
   11.045768054330861       0.59679665463406861     
   11.052307881479665       0.59722723155578061     
   11.058847708628470       0.59765721125026117     
   11.065387535777274       0.59808659328753033     
   11.071927362926079       0.59851537723820636     
   11.078467190074884       0.59894356267350501     
   11.085007017223687       0.59937114916524104     
   11.091546844372491       0.59979813628582801     
   11.098086671521296       0.60022452360827849     
   11.104626498670100       0.60065031070620545     
   11.111166325818905       0.60107549715382158     
   11.117706152967710       0.60150008252594067     
   11.124245980116514       0.60192406639797713     
   11.130785807265319       0.60234744834594733     
   11.137325634414124       0.60277022794646917     
   11.143865461562928       0.60319240477676306     
   11.150405288711733       0.60361397841465214     
   11.156945115860537       0.60403494843856276     
   11.163484943009342       0.60445531442752498     
   11.170024770158147       0.60487507596117285     
   11.176564597306951       0.60529423261974469     
   11.183104424455756       0.60571278398408401     
   11.189644251604561       0.60613072963563919     
   11.196184078753365       0.60654806915646486     
   11.202723905902168       0.60696480212922144     
   11.209263733050973       0.60738092813717570     
   11.215803560199777       0.60779644676420186     
   11.222343387348582       0.60821135759478129     
   11.228883214497387       0.60862566021400322     
   11.235423041646191       0.60903935420756483     
   11.241962868794996       0.60945243916177227     
   11.248502695943801       0.60986491466354065     
   11.255042523092605       0.61027678030039423     
   11.261582350241410       0.61068803566046759     
   11.268122177390214       0.61109868033250525     
   11.274662004539019       0.61150871390586248     
   11.281201831687824       0.61191813597050582     
   11.287741658836628       0.61232694611701333     
   11.294281485985433       0.61273514393657469     
   11.300821313134238       0.61314272902099209     
   11.307361140283042       0.61354970096268036     
   11.313900967431847       0.61395605935466779     
   11.320440794580650       0.61436180379059580     
   11.326980621729454       0.61476693386472003     
   11.333520448878259       0.61517144917191047     
   11.340060276027064       0.61557534930765156     
   11.346600103175868       0.61597863386804352     
   11.353139930324673       0.61638130244980160     
   11.359679757473478       0.61678335465025724     
   11.366219584622282       0.61718479006735816     
   11.372759411771087       0.61758560829966913     
   11.379299238919891       0.61798580894637178     
   11.385839066068696       0.61838539160726547     
   11.392378893217501       0.61878435588276748     
   11.398918720366305       0.61918270137391362     
   11.405458547515110       0.61958042768235844     
   11.411998374663915       0.61997753441037562     
   11.418538201812719       0.62037402116085827     
   11.425078028961524       0.62076988753731976     
   11.431617856110329       0.62116513314389377     
   11.438157683259131       0.62155975758533466     
   11.444697510407936       0.62195376046701789     
   11.451237337556741       0.62234714139494074     
   11.457777164705545       0.62273989997572221     
   11.464316991854350       0.62313203581660370     
   11.470856819003155       0.62352354852544933     
   11.477396646151959       0.62391443771074651     
   11.483936473300764       0.62430470298160590     
   11.490476300449568       0.62469434394776246     
   11.497016127598373       0.62508336021957489     
   11.503555954747178       0.62547175140802724     
   11.510095781895982       0.62585951712472809     
   11.516635609044787       0.62624665698191184     
   11.523175436193592       0.62663317059243862     
   11.529715263342396       0.62701905756979470     
   11.536255090491201       0.62740431752809334     
   11.542794917640006       0.62778895008207425     
   11.549334744788810       0.62817295484710522     
   11.555874571937615       0.62855633143918133     
   11.562414399086418       0.62893907947492589     
   11.568954226235222       0.62932119857159119     
   11.575494053384027       0.62970268834705778     
   11.582033880532832       0.63008354841983594     
   11.588573707681636       0.63046377840906587     
   11.595113534830441       0.63084337793451728     
   11.601653361979245       0.63122234661659071     
   11.608193189128050       0.63160068407631764     
   11.614733016276855       0.63197838993536037     
   11.621272843425659       0.63235546381601315     
   11.627812670574464       0.63273190534120216     
   11.634352497723269       0.63310771413448574     
   11.640892324872073       0.63348288982005518     
   11.647432152020878       0.63385743202273470     
   11.653971979169683       0.63423134036798223     
   11.660511806318487       0.63460461448188954     
   11.667051633467292       0.63497725399118221     
   11.673591460616096       0.63534925852322088     
   11.680131287764899       0.63572062770600113     
   11.686671114913704       0.63609136116815368     
   11.693210942062509       0.63646145853894509     
   11.699750769211313       0.63683091944827785     
   11.706290596360118       0.63719974352669118     
   11.712830423508922       0.63756793040536086     
   11.719370250657727       0.63793547971610032     
   11.725910077806532       0.63830239109136000     
   11.732449904955336       0.63866866416422863     
   11.738989732104141       0.63903429856843308     
   11.745529559252946       0.63939929393833894     
   11.752069386401750       0.63976364990895085     
   11.758609213550555       0.64012736611591281     
   11.765149040699360       0.64049044219550866     
   11.771688867848164       0.64085287778466238     
   11.778228694996969       0.64121467252093822     
   11.784768522145773       0.64157582604254149     
   11.791308349294578       0.64193633798831895     
   11.797848176443381       0.64229620799775822     
   11.804388003592186       0.64265543571098971     
   11.810927830740990       0.64301402076878533     
   11.817467657889795       0.64337196281256015     
   11.824007485038599       0.64372926148437226     
   11.830547312187404       0.64408591642692281     
   11.837087139336209       0.64444192728355698     
   11.843626966485013       0.64479729369826366     
   11.850166793633818       0.64515201531567679     
   11.856706620782623       0.64550609178107465     
   11.863246447931427       0.64585952274038072     
   11.869786275080232       0.64621230784016404     
   11.876326102229037       0.64656444672763946     
   11.882865929377841       0.64691593905066824     
   11.889405756526646       0.64726678445775798     
   11.895945583675450       0.64761698259806322     
   11.902485410824255       0.64796653312138586     
   11.909025237973060       0.64831543567817529     
   11.915565065121863       0.64866368991952905     
   11.922104892270667       0.64901129549719294     
   11.928644719419472       0.64935825206356135     
   11.935184546568276       0.64970455927167758     
   11.941724373717081       0.65005021677523467     
   11.948264200865886       0.65039522422857488     
   11.954804028014690       0.65073958128669096     
   11.961343855163495       0.65108328760522571     
   11.967883682312300       0.65142634284047274     
   11.974423509461104       0.65176874664937701     
   11.980963336609909       0.65211049868953463     
   11.987503163758713       0.65245159861919344     
   11.994042990907518       0.65279204609725372     
   12.000582818056323       0.65313184078326780     
   12.007122645205127       0.65347098233744116     
   12.013662472353932       0.65380947042063220     
   12.020202299502737       0.65414730469435278     
   12.026742126651541       0.65448448482076849     
   12.033281953800344       0.65482101046269958     
   12.039821780949149       0.65515688128362015     
   12.046361608097953       0.65549209694765942     
   12.052901435246758       0.65582665711960186     
   12.059441262395563       0.65616056146488710     
   12.065981089544367       0.65649380964961090     
   12.072520916693172       0.65682640134052506     
   12.079060743841977       0.65715833620503794     
   12.085600570990781       0.65748961391121452     
   12.092140398139586       0.65782023412777724     
   12.098680225288390       0.65815019652410578     
   12.105220052437195       0.65847950077023776     
   12.111759879586000       0.65880814653686914     
   12.118299706734804       0.65913613349535394     
   12.124839533883609       0.65946346131770517     
   12.131379361032414       0.65979012967659512     
   12.137919188181218       0.66011613824535542     
   12.144459015330023       0.66044148669797742     
   12.150998842478826       0.66076617470911281     
   12.157538669627630       0.66109020195407331     
   12.164078496776435       0.66141356810883190     
   12.170618323925240       0.66173627285002246     
   12.177158151074044       0.66205831585494013     
   12.183697978222849       0.66237969680154196     
   12.190237805371654       0.66270041536844704     
   12.196777632520458       0.66302047123493668     
   12.203317459669263       0.66333986408095513     
   12.209857286818067       0.66365859358710955     
   12.216397113966872       0.66397665943467032     
   12.222936941115677       0.66429406130557156     
   12.229476768264481       0.66461079888241159     
   12.236016595413286       0.66492687184845267     
   12.242556422562091       0.66524227988762197     
   12.249096249710895       0.66555702268451133     
   12.255636076859700       0.66587109992437798     
   12.262175904008505       0.66618451129314482     
   12.268715731157307       0.66649725647740021     
   12.275255558306112       0.66680933516439922     
   12.281795385454917       0.66712074704206292     
   12.288335212603721       0.66743149179897965     
   12.294875039752526       0.66774156912440452     
   12.301414866901331       0.66805097870826025     
   12.307954694050135       0.66835972024113732     
   12.314494521198940       0.66866779341429416     
   12.321034348347744       0.66897519791965754     
   12.327574175496549       0.66928193344982301     
   12.334114002645354       0.66958799969805516     
   12.340653829794158       0.66989339635828749     
   12.347193656942963       0.67019812312512339     
   12.353733484091768       0.67050217969383630     
   12.360273311240572       0.67080556576036943     
   12.366813138389377       0.67110828102133691     
   12.373352965538182       0.67141032517402321     
   12.379892792686986       0.67171169791638452     
   12.386432619835789       0.67201239894704778     
   12.392972446984594       0.67231242796531221     
   12.399512274133398       0.67261178467114857     
   12.406052101282203       0.67291046876520033     
   12.412591928431008       0.67320847994878341     
   12.419131755579812       0.67350581792388642     
   12.425671582728617       0.67380248239317153     
   12.432211409877421       0.67409847305997417     
   12.438751237026226       0.67439378962830387     
   12.445291064175031       0.67468843180284388     
   12.451830891323835       0.67498239928895210     
   12.458370718472640       0.67527569179266100     
   12.464910545621445       0.67556830902067821     
   12.471450372770249       0.67586025068038635     
   12.477990199919054       0.67615151647984395     
   12.484530027067859       0.67644210612778499     
   12.491069854216663       0.67673201933361993     
   12.497609681365468       0.67702125580743544     
   12.504149508514272       0.67730981525999523     
   12.510689335663075       0.67759769740273978     
   12.517229162811880       0.67788490194778683     
   12.523768989960685       0.67817142860793211     
   12.530308817109489       0.67845727709664871     
   12.536848644258294       0.67874244712808807     
   12.543388471407098       0.67902693841708051     
   12.549928298555903       0.67931075067913449     
   12.556468125704708       0.67959388363043760     
   12.563007952853512       0.67987633698785743     
   12.569547780002317       0.68015811046894004     
   12.576087607151122       0.68043920379191236     
   12.582627434299926       0.68071961667568071     
   12.589167261448731       0.68099934883983249     
   12.595707088597536       0.68127840000463535     
   12.602246915746340       0.68155676989103819     
   12.608786742895145       0.68183445822067124     
   12.615326570043949       0.68211146471584594     
   12.621866397192754       0.68238778909955600     
   12.628406224341557       0.68266343109547689     
   12.634946051490362       0.68293839042796678     
   12.641485878639166       0.68321266682206627     
   12.648025705787971       0.68348626000349899     
   12.654565532936775       0.68375916969867157     
   12.661105360085580       0.68403139563467441     
   12.667645187234385       0.68430293753928173     
   12.674185014383189       0.68457379514095140     
   12.680724841531994       0.68484396816882587     
   12.687264668680799       0.68511345635273235     
   12.693804495829603       0.68538225942318232     
   12.700344322978408       0.68565037711137289     
   12.706884150127213       0.68591780914918643     
   12.713423977276017       0.68618455526919075     
   12.719963804424822       0.68645061520463990     
   12.726503631573626       0.68671598868947381     
   12.733043458722431       0.68698067545831909     
   12.739583285871236       0.68724467524648880     
   12.746123113020039       0.68750798778998323     
   12.752662940168843       0.68777061282549001     
   12.759202767317648       0.68803255009038400     
   12.765742594466452       0.68829379932272783     
   12.772282421615257       0.68855436026127226     
   12.778822248764062       0.68881423264545649     
   12.785362075912866       0.68907341621540819     
   12.791901903061671       0.68933191071194344     
   12.798441730210476       0.68958971587656803     
   12.804981557359280       0.68984683145147674     
   12.811521384508085       0.69010325717955412     
   12.818061211656889       0.69035899280437407     
   12.824601038805694       0.69061403807020139     
   12.831140865954499       0.69086839272199063     
   12.837680693103303       0.69112205650538727     
   12.844220520252108       0.69137502916672711     
   12.850760347400913       0.69162731045303794     
   12.857300174549717       0.69187890011203834     
   12.863840001698520       0.69212979789213869     
   12.870379828847325       0.69238000354244100     
   12.876919655996129       0.69262951681273977     
   12.883459483144934       0.69287833745352179     
   12.889999310293739       0.69312646521596621     
   12.896539137442543       0.69337389985194564     
   12.903078964591348       0.69362064111402510     
   12.909618791740153       0.69386668875546342     
   12.916158618888957       0.69411204253021297     
   12.922698446037762       0.69435670219292001     
   12.929238273186566       0.69460066749892480     
   12.935778100335371       0.69484393820426205     
   12.942317927484176       0.69508651406566113     
   12.948857754632980       0.69532839484054620     
   12.955397581781785       0.69556958028703642     
   12.961937408930590       0.69581007016394625     
   12.968477236079394       0.69604986423078585     
   12.975017063228199       0.69628896224776127     
   12.981556890377002       0.69652736397577453     
   12.988096717525806       0.69676506917642367     
   12.994636544674611       0.69700207761200372     
   13.001176371823416       0.69723838904550617     
   13.007716198972220       0.69747400324061948     
   13.014256026121025       0.69770891996172957     
   13.020795853269830       0.69794313897391969     
   13.027335680418634       0.69817666004297096     
   13.033875507567439       0.69840948293536198     
   13.040415334716243       0.69864160741827008     
   13.046955161865048       0.69887303325957073     
   13.053494989013853       0.69910376022783827     
   13.060034816162657       0.69933378809234548     
   13.066574643311462       0.69956311662306470     
   13.073114470460267       0.69979174559066737     
   13.079654297609071       0.70001967476652427     
   13.086194124757876       0.70024690392270650     
   13.092733951906681       0.70047343283198471     
   13.099273779055483       0.70069926126783011     
   13.105813606204288       0.70092438900441423     
   13.112353433353093       0.70114881581660937     
   13.118893260501897       0.70137254147998884     
   13.125433087650702       0.70159556577082660     
   13.131972914799507       0.70181788846609872     
   13.138512741948311       0.70203950934348225     
   13.145052569097116       0.70226042818135659     
   13.151592396245920       0.70248064475880279     
   13.158132223394725       0.70270015885560422     
   13.164672050543530       0.70291897025224670     
   13.171211877692334       0.70313707872991915     
   13.177751704841139       0.70335448407051271     
   13.184291531989944       0.70357118605662217     
   13.190831359138748       0.70378718447154565     
   13.197371186287553       0.70400247909928471     
   13.203911013436358       0.70421706972454456     
   13.210450840585162       0.70443095613273476     
   13.216990667733965       0.70464413810996873     
   13.223530494882770       0.70485661544306466     
   13.230070322031574       0.70506838791954507     
   13.236610149180379       0.70527945532763758     
   13.243149976329184       0.70548981745627470     
   13.249689803477988       0.70569947409509448     
   13.256229630626793       0.70590842503444029     
   13.262769457775597       0.70611667006536083     
   13.269309284924402       0.70632420897961135     
   13.275849112073207       0.70653104156965296     
   13.282388939222011       0.70673716762865291     
   13.288928766370816       0.70694258695048529     
   13.295468593519621       0.70714729932973086     
   13.302008420668425       0.70735130456167694     
   13.308548247817230       0.70755460244231849     
   13.315088074966035       0.70775719276835769     
   13.321627902114839       0.70795907533720392     
   13.328167729263644       0.70816024994697502     
   13.334707556412447       0.70836071639649612     
   13.341247383561251       0.70856047448530080     
   13.347787210710056       0.70875952401363107     
   13.354327037858861       0.70895786478243727     
   13.360866865007665       0.70915549659337873     
   13.367406692156470       0.70935241924882364     
   13.373946519305274       0.70954863255184930     
   13.380486346454079       0.70974413630624233     
   13.387026173602884       0.70993893031649924     
   13.393566000751688       0.71013301438782572     
   13.400105827900493       0.71032638832613781     
   13.406645655049298       0.71051905193806164     
   13.413185482198102       0.71071100503093343     
   13.419725309346907       0.71090224741280028     
   13.426265136495712       0.71109277889241984     
   13.432804963644516       0.71128259927926041     
   13.439344790793321       0.71147170838350171     
   13.445884617942125       0.71166010601603458     
   13.452424445090930       0.71184779198846160     
   13.458964272239733       0.71203476611309657     
   13.465504099388538       0.71222102820296540     
   13.472043926537342       0.71240657807180607     
   13.478583753686147       0.71259141553406857     
   13.485123580834951       0.71277554040491564     
   13.491663407983756       0.71295895250022223     
   13.498203235132561       0.71314165163657639     
   13.504743062281365       0.71332363763127893     
   13.511282889430170       0.71350491030234375     
   13.517822716578975       0.71368546946849831     
   13.524362543727779       0.71386531494918337     
   13.530902370876584       0.71404444656455357     
   13.537442198025389       0.71422286413547720     
   13.543982025174193       0.71440056748353664     
   13.550521852322998       0.71457755643102872     
   13.557061679471802       0.71475383080096422     
   13.563601506620607       0.71492939041706904     
   13.570141333769412       0.71510423510378340     
   13.576681160918215       0.71527836468626260     
   13.583220988067019       0.71545177899037715     
   13.589760815215824       0.71562447784271277     
   13.596300642364628       0.71579646107057038     
   13.602840469513433       0.71596772850196699     
   13.609380296662238       0.71613827996563517     
   13.615920123811042       0.71630811529102334     
   13.622459950959847       0.71647723430829624     
   13.628999778108652       0.71664563684833471     
   13.635539605257456       0.71681332274273646     
   13.642079432406261       0.71698029182381540     
   13.648619259555065       0.71714654392460242     
   13.655159086703870       0.71731207887884563     
   13.661698913852675       0.71747689652100999     
   13.668238741001479       0.71764099668627790     
   13.674778568150284       0.71780437921054907     
   13.681318395299089       0.71796704393044097     
   13.687858222447893       0.71812899068328895     
   13.694398049596696       0.71829021930714632     
   13.700937876745501       0.71845072964078427     
   13.707477703894305       0.71861052152369254     
   13.714017531043110       0.71876959479607938     
   13.720557358191915       0.71892794929887138     
   13.727097185340719       0.71908558487371399     
   13.733637012489524       0.71924250136297185     
   13.740176839638329       0.71939869860972827     
   13.746716666787133       0.71955417645778619     
   13.753256493935938       0.71970893475166764     
   13.759796321084742       0.71986297333661420     
   13.766336148233547       0.72001629205858753     
   13.772875975382352       0.72016889076426882     
   13.779415802531156       0.72032076930105926     
   13.785955629679961       0.72047192751708045     
   13.792495456828766       0.72062236526117418     
   13.799035283977570       0.72077208238290269     
   13.805575111126375       0.72092107873254874     
   13.812114938275178       0.72106935416111606     
   13.818654765423982       0.72121690852032927     
   13.825194592572787       0.72136374166263395     
   13.831734419721592       0.72150985344119689     
   13.838274246870396       0.72165524370990641     
   13.844814074019201       0.72179991232337215     
   13.851353901168006       0.72194385913692560     
   13.857893728316810       0.72208708400662003     
   13.864433555465615       0.72222958678923033     
   13.870973382614419       0.72237136734225371     
   13.877513209763224       0.72251242552390993     
   13.884053036912029       0.72265276119314059     
   13.890592864060833       0.72279237420961018     
   13.897132691209638       0.72293126443370537     
   13.903672518358443       0.72306943172653626     
   13.910212345507247       0.72320687594993538     
   13.916752172656052       0.72334359696645845     
   13.923291999804857       0.72347959463938460     
   13.929831826953659       0.72361486883271608     
   13.936371654102464       0.72374941941117887     
   13.942911481251269       0.72388324624022204     
   13.949451308400073       0.72401634918601898     
   13.955991135548878       0.72414872811546693     
   13.962530962697683       0.72428038289618657     
   13.969070789846487       0.72441131339652343     
   13.975610616995292       0.72454151948554679     
   13.982150444144096       0.72467100103305082     
   13.988690271292901       0.72479975790955387     
   13.995230098441706       0.72492778998629881     
   14.001769925590510       0.72505509713525396     
   14.008309752739315       0.72518167922911181     
   14.014849579888120       0.72530753614129051     
   14.021389407036924       0.72543266774593296     
   14.027929234185729       0.72555707391790780     
   14.034469061334534       0.72568075453280856     
   14.041008888483338       0.72580370946695494     
   14.047548715632141       0.72592593859739174     
   14.054088542780946       0.72604744180188996     
   14.060628369929750       0.72616821895894645     
   14.067168197078555       0.72628826994778395     
   14.073708024227360       0.72640759464835136     
   14.080247851376164       0.72652619294132426     
   14.086787678524969       0.72664406470810416     
   14.093327505673773       0.72676120983081938     
   14.099867332822578       0.72687762819232482     
   14.106407159971383       0.72699331967620184     
   14.112946987120187       0.72710828416675932     
   14.119486814268992       0.72722252154903277     
   14.126026641417797       0.72733603170878458     
   14.132566468566601       0.72744881453250465     
   14.139106295715406       0.72756086990741031     
   14.145646122864211       0.72767219772144609     
   14.152185950013015       0.72778279786328415     
   14.158725777161820       0.72789267022232429     
   14.165265604310623       0.72800181468869440     
   14.171805431459427       0.72811023115324969     
   14.178345258608232       0.72821791950757386     
   14.184885085757037       0.72832487964397863     
   14.191424912905841       0.72843111145550365     
   14.197964740054646       0.72853661483591725     
   14.204504567203450       0.72864138967971592     
   14.211044394352255       0.72874543588212504     
   14.217584221501060       0.72884875333909827     
   14.224124048649864       0.72895134194731814     
   14.230663875798669       0.72905320160419607     
   14.237203702947474       0.72915433220787229     
   14.243743530096278       0.72925473365721638     
   14.250283357245083       0.72935440585182676     
   14.256823184393888       0.72945334869203138     
   14.263363011542692       0.72955156207888716     
   14.269902838691497       0.72964904591418089     
   14.276442665840301       0.72974580010042867     
   14.282982492989104       0.72984182454087632     
   14.289522320137909       0.72993711913949955     
   14.296062147286714       0.73003168380100347     
   14.302601974435518       0.73012551843082352     
   14.309141801584323       0.73021862293512518     
   14.315681628733127       0.73031099722080406     
   14.322221455881932       0.73040264119548559     
   14.328761283030737       0.73049355476752598     
   14.335301110179541       0.73058373784601160     
   14.341840937328346       0.73067319034075939     
   14.348380764477151       0.73076191216231690     
   14.354920591625955       0.73084990322196230     
   14.361460418774760       0.73093716343170456     
   14.368000245923565       0.73102369270428313     
   14.374540073072369       0.73110949095316913     
   14.381079900221174       0.73119455809256406     
   14.387619727369978       0.73127889403740098     
   14.394159554518783       0.73136249870334380     
   14.400699381667588       0.73144537200678783     
   14.407239208816391       0.73152751386485992     
   14.413779035965195       0.73160892419541812     
   14.420318863114000       0.73168960291705210     
   14.426858690262804       0.73176954994908328     
   14.433398517411609       0.73184876521156428     
   14.439938344560414       0.73192724862528025     
   14.446478171709218       0.73200500011174741     
   14.453017998858023       0.73208201959321462     
   14.459557826006828       0.73215830699266216     
   14.466097653155632       0.73223386223380271     
   14.472637480304437       0.73230868524108117     
   14.479177307453241       0.73238277593967427     
   14.485717134602046       0.73245613425549150     
   14.492256961750851       0.73252876011517443     
   14.498796788899655       0.73260065344609726     
   14.505336616048460       0.73267181417636662     
   14.511876443197265       0.73274224223482176     
   14.518416270346069       0.73281193755103458     
   14.524956097494872       0.73288090005530993     
   14.531495924643677       0.73294912967868531     
   14.538035751792481       0.73301662635293086     
   14.544575578941286       0.73308339001055001     
   14.551115406090091       0.73314942058477928     
   14.557655233238895       0.73321471800958793     
   14.564195060387700       0.73327928221967864     
   14.570734887536505       0.73334311315048706     
   14.577274714685309       0.73340621073818235     
   14.583814541834114       0.73346857491966699     
   14.590354368982918       0.73353020563257665     
   14.596894196131723       0.73359110281528073     
   14.603434023280528       0.73365126640688194     
   14.609973850429332       0.73371069634721686     
   14.616513677578137       0.73376939257685536     
   14.623053504726942       0.73382735503710117     
   14.629593331875746       0.73388458366999210     
   14.636133159024551       0.73394107841829925     
   14.642672986173354       0.73399683922552805     
   14.649212813322158       0.73405186603591777     
   14.655752640470963       0.73410615879444130     
   14.662292467619768       0.73415971744680608     
   14.668832294768572       0.73421254193945340     
   14.675372121917377       0.73426463221955884     
   14.681911949066182       0.73431598823503197     
   14.688451776214986       0.73436660993451697     
   14.694991603363791       0.73441649726739200     
   14.701531430512595       0.73446565018376964     
   14.708071257661400       0.73451406863449720     
   14.714611084810205       0.73456175257115619     
   14.721150911959009       0.73460870194606254     
   14.727690739107814       0.73465491671226690     
   14.734230566256619       0.73470039682355459     
   14.740770393405423       0.73474514223444554     
   14.747310220554228       0.73478915290019409     
   14.753850047703033       0.73483242877678978     
   14.760389874851835       0.73487496982095679     
   14.766929702000640       0.73491677599015404     
   14.773469529149445       0.73495784724257518     
   14.780009356298249       0.73499818353714919     
   14.786549183447054       0.73503778483353965     
   14.793089010595859       0.73507665109214537     
   14.799628837744663       0.73511478227409988     
   14.806168664893468       0.73515217834127211     
   14.812708492042272       0.73518883925626599     
   14.819248319191077       0.73522476498242062     
   14.825788146339882       0.73525995548381029     
   14.832327973488686       0.73529441072524448     
   14.838867800637491       0.73532813067226788     
   14.845407627786296       0.73536111529116066     
   14.851947454935100       0.73539336454893811     
   14.858487282083905       0.73542487841335091     
   14.865027109232710       0.73545565685288550     
   14.871566936381514       0.73548569983676315     
   14.878106763530317       0.73551500733494113     
   14.884646590679122       0.73554357931811165     
   14.891186417827926       0.73557141575770280     
   14.897726244976731       0.73559851662587827     
   14.904266072125536       0.73562488189553710     
   14.910805899274340       0.73565051154031402     
   14.917345726423145       0.73567540553457933     
   14.923885553571949       0.73569956385343915     
   14.930425380720754       0.73572298647273515     
   14.936965207869559       0.73574567336904462     
   14.943505035018363       0.73576762451968070     
   14.950044862167168       0.73578883990269228     
   14.956584689315973       0.73580931949686401     
   14.963124516464777       0.73582906328171627     
   14.969664343613582       0.73584807123750529     
   14.976204170762387       0.73586634334522294     
   14.982743997911191       0.73588387958659729     
   14.989283825059996       0.73590067994409214     
   14.995823652208799       0.73591674440090704     
   15.002363479357603       0.73593207294097740     
   15.008903306506408       0.73594666554897503     
   15.015443133655213       0.73596052221030706     
   15.021982960804017       0.73597364291111700     
   15.028522787952822       0.73598602763828391     
   15.035062615101626       0.73599767637942326     
   15.041602442250431       0.73600858912288636     
   15.048142269399236       0.73601876585776027     
   15.054682096548040       0.73602820657386825     
   15.061221923696845       0.73603691126176962     
   15.067761750845650       0.73604487991275980     
   15.074301577994454       0.73605211251887004     
   15.080841405143259       0.73605860907286780     
   15.087381232292064       0.73606436956825649     
   15.093921059440868       0.73606939399927562     
   15.100460886589673       0.73607368236090065     
   15.107000713738477       0.73607723464884334     
   15.113540540887280       0.73608005085955153     
   15.120080368036085       0.73608213099020880     
   15.126620195184890       0.73608347503873517     
   15.133160022333694       0.73608408300378636     
   15.139699849482499       0.73608395488475475     
   15.146239676631303       0.73608309068176825     
   15.152779503780108       0.73608149039569104     
   15.159319330928913       0.73607915402812352     
   15.165859158077717       0.73607608158140192     
   15.172398985226522       0.73607227305859868     
   15.178938812375327       0.73606772846352242     
   15.185478639524131       0.73606244780071772     
   15.192018466672936       0.73605643107546515     
   15.198558293821741       0.73604967829378154     
   15.205098120970545       0.73604218946241973     
   15.211637948119350       0.73603396458886838     
   15.218177775268154       0.73602500368135249     
   15.224717602416959       0.73601530674883286     
   15.231257429565762       0.73600487380100654     
   15.237797256714567       0.73599370484830640     
   15.244337083863371       0.73598179990190138     
   15.250876911012176       0.73596915897369652     
   15.257416738160980       0.73595578207633261     
   15.263956565309785       0.73594166922318671     
   15.270496392458590       0.73592682042837143     
   15.277036219607394       0.73591123570673578     
   15.283576046756199       0.73589491507386440     
   15.290115873905004       0.73587785854607790     
   15.296655701053808       0.73586006614043287     
   15.303195528202613       0.73584153787472173     
   15.309735355351417       0.73582227376747256     
   15.316275182500222       0.73580227383794972     
   15.322815009649027       0.73578153810615310     
   15.329354836797831       0.73576006659281823     
   15.335894663946636       0.73573785931941693     
   15.342434491095441       0.73571491630815622     
   15.348974318244245       0.73569123758197918     
   15.355514145393048       0.73566682316456466     
   15.362053972541853       0.73564167308032691     
   15.368593799690657       0.73561578735441613     
   15.375133626839462       0.73558916601271807     
   15.381673453988267       0.73556180908185387     
   15.388213281137071       0.73553371658918076     
   15.394753108285876       0.73550488856279084     
   15.401292935434681       0.73547532503151247     
   15.407832762583485       0.73544502602490913     
   15.414372589732290       0.73541399157327980     
   15.420912416881094       0.73538222170765877     
   15.427452244029899       0.73534971645981628     
   15.433992071178704       0.73531647586225724     
   15.440531898327508       0.73528249994822226     
   15.447071725476313       0.73524778875168750     
   15.453611552625118       0.73521234230736399     
   15.460151379773922       0.73517616065069813     
   15.466691206922727       0.73513924381787155     
   15.473231034071530       0.73510159184580126     
   15.479770861220334       0.73506320477213916     
   15.486310688369139       0.73502408263527219     
   15.492850515517944       0.73498422547432263     
   15.499390342666748       0.73494363332914758     
   15.505930169815553       0.73490230624033914     
   15.512469996964358       0.73486024424922436     
   15.519009824113162       0.73481744739786548     
   15.525549651261967       0.73477391572905915     
   15.532089478410771       0.73472964928633722     
   15.538629305559576       0.73468464811396594     
   15.545169132708381       0.73463891225694655     
   15.551708959857185       0.73459244176101479     
   15.558248787005990       0.73454523667264138     
   15.564788614154795       0.73449729703903122     
   15.571328441303599       0.73444862290812418     
   15.577868268452404       0.73439921432859401     
   15.584408095601209       0.73434907134984972     
   15.590947922750011       0.73429819402203400     
   15.597487749898816       0.73424658239602425     
   15.604027577047621       0.73419423652343208     
   15.610567404196425       0.73414115645660338     
   15.617107231345230       0.73408734224861816     
   15.623647058494035       0.73403279395329069     
   15.630186885642839       0.73397751162516911     
   15.636726712791644       0.73392149531953610     
   15.643266539940448       0.73386474509240751     
   15.649806367089253       0.73380726100053395     
   15.656346194238058       0.73374904310139943     
   15.662886021386862       0.73369009145322162     
   15.669425848535667       0.73363040611495234     
   15.675965675684472       0.73356998714627708     
   15.682505502833276       0.73350883460761462     
   15.689045329982081       0.73344694856011750     
   15.695585157130886       0.73338432906567186     
   15.702124984279690       0.73332097618689718     
   15.708664811428493       0.73325688998714644     
   15.715204638577298       0.73319207053050550     
   15.721744465726102       0.73312651788179417     
   15.728284292874907       0.73306023210656479     
   15.734824120023712       0.73299321327110334     
   15.741363947172516       0.73292546144242865     
   15.747903774321321       0.73285697668829264     
   15.754443601470125       0.73278775907717975     
   15.760983428618930       0.73271780867830794     
   15.767523255767735       0.73264712556162725     
   15.774063082916539       0.73257570979782116     
   15.780602910065344       0.73250356145830520     
   15.787142737214149       0.73243068061522776     
   15.793682564362953       0.73235706734146966     
   15.800222391511758       0.73228272171064435     
   15.806762218660563       0.73220764379709724     
   15.813302045809367       0.73213183367590629     
   15.819841872958172       0.73205529142288173     
   15.826381700106975       0.73197801711456578     
   15.832921527255779       0.73190001082823275     
   15.839461354404584       0.73182127264188879     
   15.846001181553389       0.73174180263427224     
   15.852541008702193       0.73166160088485299     
   15.859080835850998       0.73158066747383288     
   15.865620662999802       0.73149900248214539     
   15.872160490148607       0.73141660599145542     
   15.878700317297412       0.73133347808415938     
   15.885240144446216       0.73124961884338524     
   15.891779971595021       0.73116502835299235     
   15.898319798743826       0.73107970669757105     
   15.904859625892630       0.73099365396244309     
   15.911399453041435       0.73090687023366108     
   15.917939280190240       0.73081935559800892     
   15.924479107339044       0.73073111014300107     
   15.931018934487849       0.73064213395688304     
   15.937558761636653       0.73055242712863111     
   15.944098588785456       0.73046198974795207     
   15.950638415934261       0.73037082190528313     
   15.957178243083066       0.73027892369179237     
   15.963718070231870       0.73018629519937783     
   15.970257897380675       0.73009293652066809     
   15.976797724529479       0.72999884774902180     
   15.983337551678284       0.72990402897852780     
   15.989877378827089       0.72980848030400469     
   15.996417205975893       0.72971220182100138     
   16.002957033124698       0.72961519362579619     
   16.009496860273501       0.72951745581539729     
   16.016036687422307       0.72941898848754272     
   16.022576514571110       0.72931979174069961     
   16.029116341719917       0.72921986567406472     
   16.035656168868719       0.72911921038756422     
   16.042195996017526       0.72901782598185338     
   16.048735823166329       0.72891571255831644     
   16.055275650315135       0.72881287021906693     
   16.061815477463938       0.72870929906694715     
   16.068355304612744       0.72860499920552835     
   16.074895131761547       0.72849997073911033     
   16.081434958910354       0.72839421377272151     
   16.087974786059156       0.72828772841211897     
   16.094514613207963       0.72818051476378809     
   16.101054440356766       0.72807257293494243     
   16.107594267505572       0.72796390303352387     
   16.114134094654375       0.72785450516820216     
   16.120673921803178       0.72774437944837556     
   16.127213748951984       0.72763352598416930     
   16.133753576100787       0.72752194488643718     
   16.140293403249593       0.72740963626676014     
   16.146833230398396       0.72729660023744669     
   16.153373057547203       0.72718283691153307     
   16.159912884696006       0.72706834640278251     
   16.166452711844812       0.72695312882568552     
   16.172992538993615       0.72683718429545985     
   16.179532366142421       0.72672051292804984     
   16.186072193291224       0.72660311484012685     
   16.192612020440031       0.72648499014908907     
   16.199151847588833       0.72636613897306113     
   16.205691674737640       0.72624656143089417     
   16.212231501886443       0.72612625764216576     
   16.218771329035249       0.72600522772717968     
   16.225311156184052       0.72588347180696600     
   16.231850983332858       0.72576099000328043     
   16.238390810481661       0.72563778243860488     
   16.244930637630464       0.72551384923614703     
   16.251470464779270       0.72538919051983974     
   16.258010291928073       0.72526380641434207     
   16.264550119076880       0.72513769704503805     
   16.271089946225683       0.72501086253803693     
   16.277629773374489       0.72488330302017323     
   16.284169600523292       0.72475501861900649     
   16.290709427672098       0.72462600946282119     
   16.297249254820901       0.72449627568062636     
   16.303789081969708       0.72436581740215578     
   16.310328909118510       0.72423463475786798     
   16.316868736267317       0.72410272787894514     
   16.323408563416120       0.72397009689729463     
   16.329948390564926       0.72383674194554715     
   16.336488217713729       0.72370266315705778     
   16.343028044862535       0.72356786066590528     
   16.349567872011338       0.72343233460689216     
   16.356107699160145       0.72329608511554422     
   16.362647526308947       0.72315911232811136     
   16.369187353457750       0.72302141638156603     
   16.375727180606557       0.72288299741360440     
   16.382267007755360       0.72274385556264531     
   16.388806834904166       0.72260399096783068     
   16.395346662052969       0.72246340376902507     
   16.401886489201775       0.72232209410681558     
   16.408426316350578       0.72218006212251207     
   16.414966143499385       0.72203730795814636     
   16.421505970648187       0.72189383175647270     
   16.428045797796994       0.72174963366096734     
   16.434585624945797       0.72160471381582825     
   16.441125452094603       0.72145907236597540     
   16.447665279243406       0.72131270945705028     
   16.454205106392212       0.72116562523541561     
   16.460744933541015       0.72101781984815572     
   16.467284760689822       0.72086929344307582     
   16.473824587838624       0.72072004616870267     
   16.480364414987427       0.72057007817428320     
   16.486904242136234       0.72041938960978558     
   16.493444069285037       0.72026798062589836     
   16.499983896433843       0.72011585137403045     
   16.506523723582646       0.71996300200631125     
   16.513063550731452       0.71980943267558994     
   16.519603377880255       0.71965514353543603     
   16.526143205029062       0.71950013474013863     
   16.532683032177864       0.71934440644470643     
   16.539222859326671       0.71918795880486774     
   16.545762686475474       0.71903079197707043     
   16.552302513624280       0.71887290611848109     
   16.558842340773083       0.71871430138698567     
   16.565382167921889       0.71855497794118883     
   16.571921995070692       0.71839493594041404     
   16.578461822219499       0.71823417554470337     
   16.585001649368301       0.71807269691481701     
   16.591541476517108       0.71791050021223390     
   16.598081303665911       0.71774758559915042     
   16.604621130814714       0.71758395323848145     
   16.611160957963520       0.71741960329385923     
   16.617700785112323       0.71725453592963362     
   16.624240612261129       0.71708875131087202     
   16.630780439409932       0.71692224960335915     
   16.637320266558739       0.71675503097359672     
   16.643860093707541       0.71658709558880329     
   16.650399920856348       0.71641844361691431     
   16.656939748005151       0.71624907522658166     
   16.663479575153957       0.71607899058717384     
   16.670019402302760       0.71590818986877536     
   16.676559229451566       0.71573667324218704     
   16.683099056600369       0.71556444087892546     
   16.689638883749176       0.71539149295122306     
   16.696178710897978       0.71521782963202785     
   16.702718538046785       0.71504345109500278     
   16.709258365195588       0.71486835751452671     
   16.715798192344391       0.71469254906569313     
   16.722338019493197       0.71451602592431041     
   16.728877846642000       0.71433878826690189     
   16.735417673790806       0.71416083627070504     
   16.741957500939609       0.71398217011367182     
   16.748497328088416       0.71380278997446855     
   16.755037155237218       0.71362269603247530     
   16.761576982386025       0.71344188846778611     
   16.768116809534828       0.71326036746120824     
   16.774656636683634       0.71307813319426294     
   16.781196463832437       0.71289518584918454     
   16.787736290981243       0.71271152560892015     
   16.794276118130046       0.71252715265713029     
   16.800815945278853       0.71234206717818771     
   16.807355772427655       0.71215626935717791     
   16.813895599576462       0.71196975937989881     
   16.820435426725265       0.71178253743286024     
   16.826975253874071       0.71159460370328431     
   16.833515081022874       0.71140595837910470     
   16.840054908171677       0.71121660164896672     
   16.846594735320483       0.71102653370222701     
   16.853134562469286       0.71083575472895377     
   16.859674389618093       0.71064426491992572     
   16.866214216766895       0.71045206446663278     
   16.872754043915702       0.71025915356127545     
   16.879293871064505       0.71006553239676440     
   16.885833698213311       0.70987120116672120     
   16.892373525362114       0.70967616006547674     
   16.898913352510920       0.70948040928807221     
   16.905453179659723       0.70928394903025838     
   16.911993006808530       0.70908677948849552     
   16.918532833957332       0.70888890085995326     
   16.925072661106139       0.70869031334251009     
   16.931612488254942       0.70849101713475360     
   16.938152315403748       0.70829101243598003     
   16.944692142552551       0.70809029944619384     
   16.951231969701354       0.70788887836610825     
   16.957771796850160       0.70768674939714438     
   16.964311623998963       0.70748391274143108     
   16.970851451147769       0.70728036860180499     
   16.977391278296572       0.70707611718181040     
   16.983931105445379       0.70687115868569850     
   16.990470932594182       0.70666549331842798     
   16.997010759742988       0.70645912128566413     
   17.003550586891791       0.70625204279377896     
   17.010090414040597       0.70604425804985105     
   17.016630241189400       0.70583576726166508     
   17.023170068338207       0.70562657063771173     
   17.029709895487009       0.70541666838718775     
   17.036249722635816       0.70520606071999548     
   17.042789549784619       0.70499474784674254     
   17.049329376933425       0.70478272997874181     
   17.055869204082228       0.70457000732801101     
   17.062409031231034       0.70435658010727287     
   17.068948858379837       0.70414244852995467     
   17.075488685528640       0.70392761281018801     
   17.082028512677446       0.70371207316280848     
   17.088568339826249       0.70349582980335568     
   17.095108166975056       0.70327888294807317     
   17.101647994123859       0.70306123281390764     
   17.108187821272665       0.70284287961850944     
   17.114727648421468       0.70262382358023145     
   17.121267475570274       0.70240406491813012     
   17.127807302719077       0.70218360385196366     
   17.134347129867884       0.70196244060219337     
   17.140886957016686       0.70174057538998258     
   17.147426784165493       0.70151800843719636     
   17.153966611314296       0.70129473996640168     
   17.160506438463102       0.70107077020086705     
   17.167046265611905       0.70084609936456221     
   17.173586092760711       0.70062072768215800     
   17.180125919909514       0.70039465537902612     
   17.186665747058317       0.70016788268123886     
   17.193205574207123       0.69994040981556893     
   17.199745401355926       0.69971223700948904     
   17.206285228504733       0.69948336449117221     
   17.212825055653536       0.69925379248949093     
   17.219364882802342       0.69902352123401723     
   17.225904709951145       0.69879255095502213     
   17.232444537099951       0.69856088188347609     
   17.238984364248754       0.69832851425104825     
   17.245524191397561       0.69809544829010606     
   17.252064018546363       0.69786168423371564     
   17.258603845695170       0.69762722231564089     
   17.265143672843973       0.69739206277034393     
   17.271683499992779       0.69715620583298421     
   17.278223327141582       0.69691965173941850     
   17.284763154290388       0.69668240072620125     
   17.291302981439191       0.69644445303058322     
   17.297842808587998       0.69620580889051209     
   17.304382635736800       0.69596646854463218     
   17.310922462885603       0.69572643223228370     
   17.317462290034410       0.69548570019350298     
   17.324002117183213       0.69524427266902211     
   17.330541944332019       0.69500214990026854     
   17.337081771480822       0.69475933212936503     
   17.343621598629628       0.69451581959912945     
   17.350161425778431       0.69427161255307424     
   17.356701252927238       0.69402671123540649     
   17.363241080076040       0.69378111589102753     
   17.369780907224847       0.69353482676553257     
   17.376320734373650       0.69328784410521105     
   17.382860561522456       0.69304016815704517     
   17.389400388671259       0.69279179916871114     
   17.395940215820065       0.69254273738857819     
   17.402480042968868       0.69229298306570763     
   17.409019870117675       0.69204253644985403     
   17.415559697266477       0.69179139779146404     
   17.422099524415284       0.69153956734167610     
   17.428639351564087       0.69128704535232099     
   17.435179178712890       0.69103383207592051     
   17.441719005861696       0.69077992776568797     
   17.448258833010499       0.69052533267552751     
   17.454798660159305       0.69027004706003448     
   17.461338487308108       0.69001407117449431     
   17.467878314456915       0.68975740527488316     
   17.474418141605717       0.68950004961786659     
   17.480957968754524       0.68924200446080042     
   17.487497795903327       0.68898327006172988     
   17.494037623052133       0.68872384667938924     
   17.500577450200936       0.68846373457320187     
   17.507117277349742       0.68820293400328003     
   17.513657104498545       0.68794144523042411     
   17.520196931647352       0.68767926851612293     
   17.526736758796154       0.68741640412255323     
   17.533276585944961       0.68715285231257939     
   17.539816413093764       0.68688861334975326     
   17.546356240242567       0.68662368749831382     
   17.552896067391373       0.68635807502318680     
   17.559435894540176       0.68609177618998485     
   17.565975721688982       0.68582479126500662     
   17.572515548837785       0.68555712051523721     
   17.579055375986592       0.68528876420834717     
   17.585595203135394       0.68501972261269295     
   17.592135030284201       0.68474999599731612     
   17.598674857433004       0.68447958463194336     
   17.605214684581810       0.68420848878698592     
   17.611754511730613       0.68393670873353973     
   17.618294338879419       0.68366424474338483     
   17.624834166028222       0.68339109708898516     
   17.631373993177029       0.68311726604348844     
   17.637913820325831       0.68284275188072563     
   17.644453647474638       0.68256755487521092     
   17.650993474623441       0.68229167530214152     
   17.657533301772247       0.68201511343739663     
   17.664073128921050       0.68173786955753846     
   17.670612956069853       0.68145994393981069     
   17.677152783218659       0.68118133686213889     
   17.683692610367462       0.68090204860313042     
   17.690232437516269       0.68062207944207331     
   17.696772264665071       0.68034142965893685     
   17.703312091813878       0.68006009953437063     
   17.709851918962681       0.67977808934970496     
   17.716391746111487       0.67949539938694992     
   17.722931573260290       0.67921202992879548     
   17.729471400409096       0.67892798125861109     
   17.736011227557899       0.67864325366044542     
   17.742551054706706       0.67835784741902605     
   17.749090881855508       0.67807176281975923     
   17.755630709004315       0.67778500014872967     
   17.762170536153118       0.67749755969269987     
   17.768710363301924       0.67720944173911046     
   17.775250190450727       0.67692064657607920     
   17.781790017599530       0.67663117449240129     
   17.788329844748336       0.67634102577754907     
   17.794869671897139       0.67605020072167099     
   17.801409499045945       0.67575869961559221     
   17.807949326194748       0.67546652275081376     
   17.814489153343555       0.67517367041951271     
   17.821028980492358       0.67488014291454113     
   17.827568807641164       0.67458594052942666     
   17.834108634789967       0.67429106355837176     
   17.840648461938773       0.67399551229625310     
   17.847188289087576       0.67369928703862214     
   17.853728116236383       0.67340238808170427     
   17.860267943385185       0.67310481572239833     
   17.866807770533992       0.67280657025827661     
   17.873347597682795       0.67250765198758466     
   17.879887424831601       0.67220806120924070     
   17.886427251980404       0.67190779822283564     
   17.892967079129210       0.67160686332863218     
   17.899506906278013       0.67130525682756537     
   17.906046733426816       0.67100297902124184     
   17.912586560575622       0.67070003021193925     
   17.919126387724425       0.67039641070260647     
   17.925666214873232       0.67009212079686298     
   17.932206042022035       0.66978716079899869     
   17.938745869170841       0.66948153101397367     
   17.945285696319644       0.66917523174741766     
   17.951825523468450       0.66886826330562976     
   17.958365350617253       0.66856062599557864     
   17.964905177766060       0.66825232012490154     
   17.971445004914862       0.66794334600190419     
   17.977984832063669       0.66763370393556087     
   17.984524659212472       0.66732339423551368     
   17.991064486361278       0.66701241721207238     
   17.997604313510081       0.66670077317621368     
   18.004144140658887       0.66638846243958183     
   18.010683967807690       0.66607548531448768     
   18.017223794956493       0.66576184211390799     
   18.023763622105299       0.66544753315148641     
   18.030303449254102       0.66513255874153165     
   18.036843276402909       0.66481691919901797     
   18.043383103551712       0.66450061483958522     
   18.049922930700518       0.66418364597953750     
   18.056462757849321       0.66386601293584391     
   18.063002584998127       0.66354771602613727     
   18.069542412146930       0.66322875556871463     
   18.076082239295737       0.66290913188253642     
   18.082622066444539       0.66258884528722628     
   18.089161893593346       0.66226789610307102     
   18.095701720742149       0.66194628465101957     
   18.102241547890955       0.66162401125268355     
   18.108781375039758       0.66130107623033629     
   18.115321202188564       0.66097747990691280     
   18.121861029337367       0.66065322260600945     
   18.128400856486174       0.66032830465188341     
   18.134940683634976       0.66000272636945279     
   18.141480510783779       0.65967648808429580     
   18.148020337932586       0.65934959012265060     
   18.154560165081389       0.65902203281141547     
   18.161099992230195       0.65869381647814740     
   18.167639819378998       0.65836494145106295     
   18.174179646527804       0.65803540805903704     
   18.180719473676607       0.65770521663160308     
   18.187259300825414       0.65737436749895239     
   18.193799127974216       0.65704286099193432     
   18.200338955123023       0.65671069744205512     
   18.206878782271826       0.65637787718147855     
   18.213418609420632       0.65604440054302471     
   18.219958436569435       0.65571026786017039     
   18.226498263718241       0.65537547946704811     
   18.233038090867044       0.65504003569844649     
   18.239577918015851       0.65470393688980910     
   18.246117745164653       0.65436718337723498     
   18.252657572313460       0.65402977549747732     
   18.259197399462263       0.65369171358794409     
   18.265737226611066       0.65335299798669744     
   18.272277053759872       0.65301362903245275     
   18.278816880908675       0.65267360706457900     
   18.285356708057481       0.65233293242309820     
   18.291896535206284       0.65199160544868484     
   18.298436362355091       0.65164962648266622     
   18.304976189503893       0.65130699586702101     
   18.311516016652700       0.65096371394437991     
   18.318055843801503       0.65061978105802487     
   18.324595670950309       0.65027519755188878     
   18.331135498099112       0.64992996377055523     
   18.337675325247918       0.64958408005925783     
   18.344215152396721       0.64923754676388046     
   18.350754979545528       0.64889036423095636     
   18.357294806694330       0.64854253280766805     
   18.363834633843137       0.64819405284184695     
   18.370374460991940       0.64784492468197297     
   18.376914288140743       0.64749514867717439     
   18.383454115289549       0.64714472517722710     
   18.389993942438352       0.64679365453255444     
   18.396533769587158       0.64644193709422748     
   18.403073596735961       0.64608957321396343     
   18.409613423884768       0.64573656324412609     
   18.416153251033570       0.64538290753772554     
   18.422693078182377       0.64502860644841753     
   18.429232905331180       0.64467366033050300     
   18.435772732479986       0.64431806953892812     
   18.442312559628789       0.64396183442928379     
   18.448852386777595       0.64360495535780493     
   18.455392213926398       0.64324743268137075     
   18.461932041075205       0.64288926675750391     
   18.468471868224007       0.64253045794437025     
   18.475011695372814       0.64217100660077864     
   18.481551522521617       0.64181091308618043     
   18.488091349670423       0.64145017776066915     
   18.494631176819226       0.64108880098498011     
   18.501171003968029       0.64072678312048992     
   18.507710831116835       0.64036412452921676     
   18.514250658265638       0.64000082557381910     
   18.520790485414445       0.63963688661759588     
   18.527330312563247       0.63927230802448609     
   18.533870139712054       0.63890709015906821     
   18.540409966860857       0.63854123338656010     
   18.546949794009663       0.63817473807281877     
   18.553489621158466       0.63780760458433916     
   18.560029448307272       0.63743983328825504     
   18.566569275456075       0.63707142455233756     
   18.573109102604882       0.63670237874499558     
   18.579648929753684       0.63633269623527478     
   18.586188756902491       0.63596237739285788     
   18.592728584051294       0.63559142258806356     
   18.599268411200100       0.63521983219184652     
   18.605808238348903       0.63484760657579742     
   18.612348065497706       0.63447474611214172     
   18.618887892646512       0.63410125117373994     
   18.625427719795315       0.63372712213408688     
   18.631967546944121       0.63335235936731171     
   18.638507374092924       0.63297696324817732     
   18.645047201241731       0.63260093415207941     
   18.651587028390534       0.63222427245504753     
   18.658126855539340       0.63184697853374305     
   18.664666682688143       0.63146905276546017     
   18.671206509836949       0.63109049552812446     
   18.677746336985752       0.63071130720029334     
   18.684286164134559       0.63033148816115481     
   18.690825991283361       0.62995103879052827     
   18.697365818432168       0.62956995946886285     
   18.703905645580971       0.62918825057723804     
   18.710445472729777       0.62880591249736262     
   18.716985299878580       0.62842294561157475     
   18.723525127027386       0.62803935030284119     
   18.730064954176189       0.62765512695475745     
   18.736604781324992       0.62727027595154661     
   18.743144608473798       0.62688479767805994     
   18.749684435622601       0.62649869251977552     
   18.756224262771408       0.62611196086279863     
   18.762764089920211       0.62572460309386091     
   18.769303917069017       0.62533661960032005     
   18.775843744217820       0.62494801077015960     
   18.782383571366626       0.62455877699198836     
   18.788923398515429       0.62416891865504009     
   18.795463225664236       0.62377843614917328     
   18.802003052813038       0.62338732986487011     
   18.808542879961845       0.62299560019323730     
   18.815082707110648       0.62260324752600416     
   18.821622534259454       0.62221027225552361     
   18.828162361408257       0.62181667477477076     
   18.834702188557063       0.62142245547734309     
   18.841242015705866       0.62102761475746004     
   18.847781842854669       0.62063215300996233     
   18.854321670003475       0.62023607063031150     
   18.860861497152278       0.61983936801459005     
   18.867401324301085       0.61944204555950055     
   18.873941151449888       0.61904410366236562     
   18.880480978598694       0.61864554272112693     
   18.887020805747497       0.61824636313434544     
   18.893560632896303       0.61784656530120097     
   18.900100460045106       0.61744614962149114     
   18.906640287193913       0.61704511649563176     
   18.913180114342715       0.61664346632465583     
   18.919719941491522       0.61624119951021350     
   18.926259768640325       0.61583831645457177     
   18.932799595789131       0.61543481756061369     
   18.939339422937934       0.61503070323183795     
   18.945879250086740       0.61462597387235907     
   18.952419077235543       0.61422062988690629     
   18.958958904384350       0.61381467168082360     
   18.965498731533152       0.61340809966006926     
   18.972038558681955       0.61300091423121528     
   18.978578385830762       0.61259311580144693     
   18.985118212979565       0.61218470477856302     
   18.991658040128371       0.61177568157097428     
   18.998197867277174       0.61136604658770388     
   19.004737694425980       0.61095580023838691     
   19.011277521574783       0.61054494293326977     
   19.017817348723590       0.61013347508320959     
   19.024357175872392       0.60972139709967443     
   19.030897003021199       0.60930870939474202     
   19.037436830170002       0.60889541238110034     
   19.043976657318808       0.60848150647204624     
   19.050516484467611       0.60806699208148574     
   19.057056311616417       0.60765186962393314     
   19.063596138765220       0.60723613951451094     
   19.070135965914027       0.60681980216894915     
   19.076675793062829       0.60640285800358518     
   19.083215620211632       0.60598530743536339     
   19.089755447360439       0.60556715088183388     
   19.096295274509242       0.60514838876115373     
   19.102835101658048       0.60472902149208474     
   19.109374928806851       0.60430904949399422     
   19.115914755955657       0.60388847318685424     
   19.122454583104460       0.60346729299124102     
   19.128994410253267       0.60304550932833489     
   19.135534237402069       0.60262312261991935     
   19.142074064550876       0.60220013328838118     
   19.148613891699679       0.60177654175670969     
   19.155153718848485       0.60135234844849661     
   19.161693545997288       0.60092755378793505     
   19.168233373146094       0.60050215819981967     
   19.174773200294897       0.60007616210954606     
   19.181313027443704       0.59964956594311036     
   19.187852854592506       0.59922237012710888     
   19.194392681741313       0.59879457508873701     
   19.200932508890116       0.59836618125579022     
   19.207472336038919       0.59793718905666216     
   19.214012163187725       0.59750759892034500     
   19.220551990336528       0.59707741127642888     
   19.227091817485334       0.59664662655510148     
   19.233631644634137       0.59621524518714764     
   19.240171471782944       0.59578326760394840     
   19.246711298931746       0.59535069423748166     
   19.253251126080553       0.59491752552032073     
   19.259790953229356       0.59448376188563434     
   19.266330780378162       0.59404940376718585     
   19.272870607526965       0.59361445159933379     
   19.279410434675771       0.59317890581703003     
   19.285950261824574       0.59274276685582028     
   19.292490088973381       0.59230603515184388     
   19.299029916122183       0.59186871114183226     
   19.305569743270990       0.59143079526310938     
   19.312109570419793       0.59099228795359127     
   19.318649397568599       0.59055318965178516     
   19.325189224717402       0.59011350079678948     
   19.331729051866205       0.58967322182829296     
   19.338268879015011       0.58923235318657463     
   19.344808706163814       0.58879089531250306     
   19.351348533312621       0.58834884864753634     
   19.357888360461423       0.58790621363372075     
   19.364428187610230       0.58746299071369168     
   19.370968014759033       0.58701918033067191     
   19.377507841907839       0.58657478292847176     
   19.384047669056642       0.58612979895148876     
   19.390587496205448       0.58568422884470683     
   19.397127323354251       0.58523807305369591     
   19.403667150503058       0.58479133202461209     
   19.410206977651860       0.58434400620419613     
   19.416746804800667       0.58389609603977388     
   19.423286631949470       0.58344760197925571     
   19.429826459098276       0.58299852447113554     
   19.436366286247079       0.58254886396449090     
   19.442906113395882       0.58209862090898234     
   19.449445940544688       0.58164779575485281     
   19.455985767693491       0.58119638895292758     
   19.462525594842297       0.58074440095461322     
   19.469065421991100       0.58029183221189806     
   19.475605249139907       0.57983868317735054     
   19.482145076288710       0.57938495430411996     
   19.488684903437516       0.57893064604593503     
   19.495224730586319       0.57847575885710412     
   19.501764557735125       0.57802029319251425     
   19.508304384883928       0.57756424950763108     
   19.514844212032735       0.57710762825849848     
   19.521384039181537       0.57665042990173765     
   19.527923866330344       0.57619265489454685     
   19.534463693479147       0.57573430369470124     
   19.541003520627953       0.57527537676055174     
   19.547543347776756       0.57481587455102567     
   19.554083174925562       0.57435579752562504     
   19.560623002074365       0.57389514614442683     
   19.567162829223168       0.57343392086808243     
   19.573702656371974       0.57297212215781734     
   19.580242483520777       0.57250975047542996     
   19.586782310669584       0.57204680628329208     
   19.593322137818387       0.57158329004434794     
   19.599861964967193       0.57111920222211365     
   19.606401792115996       0.57065454328067722     
   19.612941619264802       0.57018931368469750     
   19.619481446413605       0.56972351389940412     
   19.626021273562412       0.56925714439059683     
   19.632561100711214       0.56879020562464511     
   19.639100927860021       0.56832269806848779     
   19.645640755008824       0.56785462218963245     
   19.652180582157630       0.56738597845615490     
   19.658720409306433       0.56691676733669882     
   19.665260236455239       0.56644698930047555     
   19.671800063604042       0.56597664481726295     
   19.678339890752845       0.56550573435740548     
   19.684879717901651       0.56503425839181354     
   19.691419545050454       0.56456221739196333     
   19.697959372199261       0.56408961182989581     
   19.704499199348064       0.56361644217821638     
   19.711039026496870       0.56314270891009488     
   19.717578853645673       0.56266841249926447     
   19.724118680794479       0.56219355342002153     
   19.730658507943282       0.56171813214722521     
   19.737198335092089       0.56124214915629678     
   19.743738162240891       0.56076560492321914     
   19.750277989389698       0.56028849992453655     
   19.756817816538501       0.55981083463735415     
   19.763357643687307       0.55933260953933694     
   19.769897470836110       0.55885382510871029     
   19.776437297984916       0.55837448182425853     
   19.782977125133719       0.55789458016532489     
   19.789516952282526       0.55741412061181117     
   19.796056779431328       0.55693310364417681     
   19.802596606580131       0.55645152974343881     
   19.809136433728938       0.55596939939117096     
   19.815676260877741       0.55548671306950381     
   19.822216088026547       0.55500347126112348     
   19.828755915175350       0.55451967444927197     
   19.835295742324156       0.55403532311774606     
   19.841835569472959       0.55355041775089686     
   19.848375396621766       0.55306495883363005     
   19.854915223770568       0.55257894685140430     
   19.861455050919375       0.55209238229023183     
   19.867994878068178       0.55160526563667689     
   19.874534705216984       0.55111759737785659     
   19.881074532365787       0.55062937800143874     
   19.887614359514593       0.55014060799564302     
   19.894154186663396       0.54965128784923922     
   19.900694013812203       0.54916141805154761     
   19.907233840961005       0.54867099909243788     
   19.913773668109808       0.54818003146232908     
   19.920313495258615       0.54768851565218890     
   19.926853322407418       0.54719645215353285     
   19.933393149556224       0.54670384145842477     
   19.939932976705027       0.54621068405947526     
   19.946472803853833       0.54571698044984163     
   19.953012631002636       0.54522273112322761     
   19.959552458151443       0.54472793657388252     
   19.966092285300245       0.54423259729660078     
   19.972632112449052       0.54373671378672173     
   19.979171939597855       0.54324028654012901     
   19.985711766746661       0.54274331605324966     
   19.992251593895464       0.54224580282305423     
   19.998791421044270       0.54174774734705611     
   20.005331248193073       0.54124915012331054     
   20.011871075341880       0.54075001165041481     
   20.018410902490682       0.54025033242750753     
   20.024950729639489       0.53975011295426778     
   20.031490556788292       0.53924935373091509     
   20.038030383937095       0.53874805525820857     
   20.044570211085901       0.53824621803744688     
   20.051110038234704       0.53774384257046715     
   20.057649865383510       0.53724092935964485     
   20.064189692532313       0.53673747890789314     
   20.070729519681120       0.53623349171866264     
   20.077269346829922       0.53572896829594030     
   20.083809173978729       0.53522390914424978     
   20.090349001127532       0.53471831476864995     
   20.096888828276338       0.53421218567473550     
   20.103428655425141       0.53370552236863522     
   20.109968482573947       0.53319832535701273     
   20.116508309722750       0.53269059514706485     
   20.123048136871557       0.53218233224652178     
   20.129587964020359       0.53167353716364663     
   20.136127791169166       0.53116421040723416     
   20.142667618317969       0.53065435248661130     
   20.149207445466775       0.53014396391163598     
   20.155747272615578       0.52963304519269672     
   20.162287099764381       0.52912159684071225     
   20.168826926913187       0.52860961936713102     
   20.175366754061990       0.52809711328393039     
   20.181906581210797       0.52758407910361638     
   20.188446408359599       0.52707051733922339     
   20.194986235508406       0.52655642850431306     
   20.201526062657209       0.52604181311297415     
   20.208065889806015       0.52552667167982214     
   20.214605716954818       0.52501100471999862     
   20.221145544103624       0.52449481274917009     
   20.227685371252427       0.52397809628352909     
   20.234225198401234       0.52346085583979163     
   20.240765025550036       0.52294309193519839     
   20.247304852698843       0.52242480508751321     
   20.253844679847646       0.52190599581502295     
   20.260384506996452       0.52138666463653704     
   20.266924334145255       0.52086681207138630     
   20.273464161294058       0.52034643863942354     
   20.280003988442864       0.51982554486102206     
   20.286543815591667       0.51930413125707564     
   20.293083642740473       0.51878219834899808     
   20.299623469889276       0.51825974665872210     
   20.306163297038083       0.51773677670869955     
   20.312703124186886       0.51721328902190022     
   20.319242951335692       0.51668928412181181     
   20.325782778484495       0.51616476253243937     
   20.332322605633301       0.51563972477830433     
   20.338862432782104       0.51511417138444449     
   20.345402259930911       0.51458810287641332     
   20.351942087079713       0.51406151978027914     
   20.358481914228520       0.51353442262262516     
   20.365021741377323       0.51300681193054876     
   20.371561568526129       0.51247868823166021     
   20.378101395674932       0.51195005205408362     
   20.384641222823738       0.51142090392645478     
   20.391181049972541       0.51089124437792222     
   20.397720877121344       0.51036107393814523     
   20.404260704270150       0.50983039313729428     
   20.410800531418953       0.50929920250605021     
   20.417340358567760       0.50876750257560366     
   20.423880185716563       0.50823529387765454     
   20.430420012865369       0.50770257694441157     
   20.436959840014172       0.50716935230859161     
   20.443499667162978       0.50663562050341926     
   20.450039494311781       0.50610138206262656     
   20.456579321460588       0.50556663752045172     
   20.463119148609390       0.50503138741163933     
   20.469658975758197       0.50449563227143956     
   20.476198802907000       0.50395937263560753     
   20.482738630055806       0.50342260904040281     
   20.489278457204609       0.50288534202258905     
   20.495818284353415       0.50234757211943337     
   20.502358111502218       0.50180929986870548     
   20.508897938651021       0.50127052580867781     
   20.515437765799827       0.50073125047812428     
   20.521977592948630       0.50019147441632028     
   20.528517420097437       0.49965119816304182     
   20.535057247246240       0.49911042225856528     
   20.541597074395046       0.49856914724366652     
   20.548136901543849       0.49802737365962046     
   20.554676728692655       0.49748510204820079     
   20.561216555841458       0.49694233295167900     
   20.567756382990265       0.49639906691282426     
   20.574296210139067       0.49585530447490267     
   20.580836037287874       0.49531104618167654     
   20.587375864436677       0.49476629257740423     
   20.593915691585483       0.49422104420683943     
   20.600455518734286       0.49367530161523038     
   20.606995345883092       0.49312906534831963     
   20.613535173031895       0.49258233595234352     
   20.620075000180702       0.49203511397403149     
   20.626614827329504       0.49148739996060553     
   20.633154654478307       0.49093919445977963     
   20.639694481627114       0.49039049801975915     
   20.646234308775917       0.48984131118924074     
   20.652774135924723       0.48929163451741109     
   20.659313963073526       0.48874146855394701     
   20.665853790222332       0.48819081384901419     
   20.672393617371135       0.48763967095326766     
   20.678933444519942       0.48708804041785009     
   20.685473271668744       0.48653592279439201     
   20.692013098817551       0.48598331863501121     
   20.698552925966354       0.48543022849231171     
   20.705092753115160       0.48487665291938370     
   20.711632580263963       0.48432259246980275     
   20.718172407412769       0.48376804769762938     
   20.724712234561572       0.48321301915740827     
   20.731252061710379       0.48265750740416802     
   20.737791888859181       0.48210151299342030     
   20.744331716007984       0.48154503648115965     
   20.750871543156791       0.48098807842386243     
   20.757411370305594       0.48043063937848685     
   20.763951197454400       0.47987271990247182     
   20.770491024603203       0.47931432055373696     
   20.777030851752009       0.47875544189068148     
   20.783570678900812       0.47819608447218415     
   20.790110506049619       0.47763624885760225     
   20.796650333198421       0.47707593560677158     
   20.803190160347228       0.47651514528000516     
   20.809729987496031       0.47595387843809356     
   20.816269814644837       0.47539213564230343     
   20.822809641793640       0.47482991745437764     
   20.829349468942446       0.47426722443653446     
   20.835889296091249       0.47370405715146680     
   20.842429123240056       0.47314041616234204     
   20.848968950388858       0.47257630203280115     
   20.855508777537665       0.47201171532695829     
   20.862048604686468       0.47144665660939999     
   20.868588431835271       0.47088112644518532     
   20.875128258984077       0.47031512539984399     
   20.881668086132880       0.46974865403937732     
   20.888207913281686       0.46918171293025657     
   20.894747740430489       0.46861430263942300     
   20.901287567579296       0.46804642373428673     
   20.907827394728098       0.46747807678272679     
   20.914367221876905       0.46690926235308999     
   20.920907049025708       0.46633998101419083     
   20.927446876174514       0.46577023333531076     
   20.933986703323317       0.46520001988619719     
   20.940526530472123       0.46462934123706384     
   20.947066357620926       0.46405819795858921     
   20.953606184769733       0.46348659062191661     
   20.960146011918535       0.46291451979865333     
   20.966685839067342       0.46234198606087029     
   20.973225666216145       0.46176898998110127     
   20.979765493364948       0.46119553213234216     
   20.986305320513754       0.46062161308805094     
   20.992845147662557       0.46004723342214665     
   20.999384974811363       0.45947239370900894     
   21.005924801960166       0.45889709452347754     
   21.012464629108973       0.45832133644085160     
   21.019004456257775       0.45774512003688933     
   21.025544283406582       0.45716844588780697     
   21.032084110555385       0.45659131457027874     
   21.038623937704191       0.45601372666143586     
   21.045163764852994       0.45543568273886642     
   21.051703592001800       0.45485718338061421     
   21.058243419150603       0.45427822916517852     
   21.064783246299410       0.45369882067151374     
   21.071323073448212       0.45311895847902833     
   21.077862900597019       0.45253864316758441     
   21.084402727745822       0.45195787531749737     
   21.090942554894628       0.45137665550953493     
   21.097482382043431       0.45079498432491694     
   21.104022209192234       0.45021286234531477     
   21.110562036341040       0.44963029015285022     
   21.117101863489843       0.44904726833009551     
   21.123641690638649       0.44846379746007248     
   21.130181517787452       0.44787987812625207     
   21.136721344936259       0.44729551091255348     
   21.143261172085062       0.44671069640334404     
   21.149800999233868       0.44612543518343811     
   21.156340826382671       0.44553972783809703     
   21.162880653531477       0.44495357495302823     
   21.169420480680280       0.44436697711438433     
   21.175960307829087       0.44377993490876344     
   21.182500134977889       0.44319244892320764     
   21.189039962126696       0.44260451974520276     
   21.195579789275499       0.44201614796267830     
   21.202119616424305       0.44142733416400576     
   21.208659443573108       0.44083807893799909     
   21.215199270721914       0.44024838287391338     
   21.221739097870717       0.43965824656144475     
   21.228278925019520       0.43906767059072960     
   21.234818752168326       0.43847665555234389     
   21.241358579317129       0.43788520203730258     
   21.247898406465936       0.43729331063705917     
   21.254438233614739       0.43670098194350526     
   21.260978060763545       0.43610821654896925     
   21.267517887912348       0.43551501504621681     
   21.274057715061154       0.43492137802844927     
   21.280597542209957       0.43432730608930370     
   21.287137369358764       0.43373279982285201     
   21.293677196507566       0.43313785982360042     
   21.300217023656373       0.43254248668648909     
   21.306756850805176       0.43194668100689110     
   21.313296677953982       0.43135044338061213     
   21.319836505102785       0.43075377440388973     
   21.326376332251591       0.43015667467339302     
   21.332916159400394       0.42955914478622159     
   21.339455986549197       0.42896118533990540     
   21.345995813698003       0.42836279693240398     
   21.352535640846806       0.42776398016210554     
   21.359075467995613       0.42716473562782692     
   21.365615295144416       0.42656506392881277     
   21.372155122293222       0.42596496566473463     
   21.378694949442025       0.42536444143569091     
   21.385234776590831       0.42476349184220563     
   21.391774603739634       0.42416211748522847     
   21.398314430888441       0.42356031896613389     
   21.404854258037243       0.42295809688672020     
   21.411394085186050       0.42235545184920964     
   21.417933912334853       0.42175238445624730     
   21.424473739483659       0.42114889531090038     
   21.431013566632462       0.42054498501665832     
   21.437553393781268       0.41994065417743115     
   21.444093220930071       0.41933590339754989     
   21.450633048078878       0.41873073328176519     
   21.457172875227680       0.41812514443524718     
   21.463712702376483       0.41751913746358471     
   21.470252529525290       0.41691271297278482     
   21.476792356674093       0.41630587156927196     
   21.483332183822899       0.41569861385988754     
   21.489872010971702       0.41509094045188927     
   21.496411838120508       0.41448285195295065     
   21.502951665269311       0.41387434897115993     
   21.509491492418118       0.41326543211502031     
   21.516031319566920       0.41265610199344849     
   21.522571146715727       0.41204635921577470     
   21.529110973864530       0.41143620439174167     
   21.535650801013336       0.41082563813150419     
   21.542190628162139       0.41021466104562859     
   21.548730455310945       0.40960327374509192     
   21.555270282459748       0.40899147684128151     
   21.561810109608555       0.40837927094599430     
   21.568349936757357       0.40776665667143613     
   21.574889763906160       0.40715363463022131     
   21.581429591054967       0.40654020543537195     
   21.587969418203770       0.40592636970031704     
   21.594509245352576       0.40531212803889244     
   21.601049072501379       0.40469748106533981     
   21.607588899650185       0.40408242939430605     
   21.614128726798988       0.40346697364084283     
   21.620668553947795       0.40285111442040605     
   21.627208381096597       0.40223485234885470     
   21.633748208245404       0.40161818804245109     
   21.640288035394207       0.40100112211785949     
   21.646827862543013       0.40038365519214569     
   21.653367689691816       0.39976578788277672     
   21.659907516840622       0.39914752080761984     
   21.666447343989425       0.39852885458494219     
   21.672987171138232       0.39790978983340991     
   21.679526998287034       0.39729032717208779     
   21.686066825435841       0.39667046722043853     
   21.692606652584644       0.39605021059832202     
   21.699146479733447       0.39542955792599488     
   21.705686306882253       0.39480850982410987     
   21.712226134031056       0.39418706691371502     
   21.718765961179862       0.39356522981625325     
   21.725305788328665       0.39294299915356168     
   21.731845615477472       0.39232037554787103     
   21.738385442626274       0.39169735962180485     
   21.744925269775081       0.39107395199837902     
   21.751465096923884       0.39045015330100119     
   21.758004924072690       0.38982596415347004     
   21.764544751221493       0.38920138517997477     
   21.771084578370299       0.38857641700509432     
   21.777624405519102       0.38795106025379694     
   21.784164232667909       0.38732531555143918     
   21.790704059816711       0.38669918352376603     
   21.797243886965518       0.38607266479690927     
   21.803783714114321       0.38544575999738767     
   21.810323541263124       0.38481846975210604     
   21.816863368411930       0.38419079468835460     
   21.823403195560733       0.38356273543380859     
   21.829943022709539       0.38293429261652701     
   21.836482849858342       0.38230546686495287     
   21.843022677007149       0.38167625880791189     
   21.849562504155951       0.38104666907461215     
   21.856102331304758       0.38041669829464325     
   21.862642158453561       0.37978634709797610     
   21.869181985602367       0.37915561611496179     
   21.875721812751170       0.37852450597633142     
   21.882261639899976       0.37789301731319497     
   21.888801467048779       0.37726115075704125     
   21.895341294197586       0.37662890693973672     
   21.901881121346388       0.37599628649352529     
   21.908420948495195       0.37536329005102731     
   21.914960775643998       0.37472991824523938     
   21.921500602792804       0.37409617170953313     
   21.928040429941607       0.37346205107765512     
   21.934580257090410       0.37282755698372605     
   21.941120084239216       0.37219269006223998     
   21.947659911388019       0.37155745094806392     
   21.954199738536825       0.37092184027643688     
   21.960739565685628       0.37028585868296954     
   21.967279392834435       0.36964950680364356     
   21.973819219983238       0.36901278527481074     
   21.980359047132044       0.36837569473319259     
   21.986898874280847       0.36773823581587978     
   21.993438701429653       0.36710040916033110     
   21.999978528578456       0.36646221540437324     
   22.006518355727263       0.36582365518619997     
   22.013058182876065       0.36518472914437156     
   22.019598010024872       0.36454543791781396     
   22.026137837173675       0.36390578214581842     
   22.032677664322481       0.36326576246804071     
   22.039217491471284       0.36262537952450064     
   22.045757318620090       0.36198463395558095     
   22.052297145768893       0.36134352640202738     
   22.058836972917696       0.36070205750494733     
   22.065376800066502       0.36006022790580983     
   22.071916627215305       0.35941803824644442     
   22.078456454364112       0.35877548916904073     
   22.084996281512915       0.35813258131614789     
   22.091536108661721       0.35748931533067368     
   22.098075935810524       0.35684569185588422     
   22.104615762959330       0.35620171153540287     
   22.111155590108133       0.35555737501321000     
   22.117695417256940       0.35491268293364203     
   22.124235244405742       0.35426763594139116     
   22.130775071554549       0.35362223468150439     
   22.137314898703352       0.35297647979938290     
   22.143854725852158       0.35233037194078165     
   22.150394553000961       0.35168391175180846     
   22.156934380149767       0.35103709987892345     
   22.163474207298570       0.35038993696893861     
   22.170014034447373       0.34974242366901676     
   22.176553861596179       0.34909456062667132     
   22.183093688744982       0.34844634848976519     
   22.189633515893789       0.34779778790651056     
   22.196173343042592       0.34714887952546808     
   22.202713170191398       0.34649962399554607     
   22.209252997340201       0.34585002196600001     
   22.215792824489007       0.34520007408643205     
   22.222332651637810       0.34454978100678996     
   22.228872478786617       0.34389914337736693     
   22.235412305935419       0.34324816184880047     
   22.241952133084226       0.34259683707207217     
   22.248491960233029       0.34194516969850686     
   22.255031787381835       0.34129316037977181     
   22.261571614530638       0.34064080976787642     
   22.268111441679444       0.33998811851517124     
   22.274651268828247       0.33933508727434752     
   22.281191095977054       0.33868171669843661     
   22.287730923125856       0.33802800744080896     
   22.294270750274659       0.33737396015517390     
   22.300810577423466       0.33671957549557868     
   22.307350404572269       0.33606485411640796     
   22.313890231721075       0.33540979667238308     
   22.320430058869878       0.33475440381856159     
   22.326969886018684       0.33409867621033623     
   22.333509713167487       0.33344261450343471     
   22.340049540316294       0.33278621935391872     
   22.346589367465096       0.33212949141818332     
   22.353129194613903       0.33147243135295651     
   22.359669021762706       0.33081503981529831     
   22.366208848911512       0.33015731746260030     
   22.372748676060315       0.32949926495258491     
   22.379288503209121       0.32884088294330449     
   22.385828330357924       0.32818217209314116     
   22.392368157506731       0.32752313306080577     
   22.398907984655533       0.32686376650533733     
   22.405447811804336       0.32620407308610239     
   22.411987638953143       0.32554405346279436     
   22.418527466101946       0.32488370829543284     
   22.425067293250752       0.32422303824436305     
   22.431607120399555       0.32356204397025506     
   22.438146947548361       0.32290072613410303     
   22.444686774697164       0.32223908539722484     
   22.451226601845971       0.32157712242126135     
   22.457766428994773       0.32091483786817537     
   22.464306256143580       0.32025223240025152     
   22.470846083292383       0.31958930668009528     
   22.477385910441189       0.31892606137063234     
   22.483925737589992       0.31826249713510807     
   22.490465564738798       0.31759861463708661     
   22.497005391887601       0.31693441454045046     
   22.503545219036408       0.31626989750939988     
   22.510085046185210       0.31560506420845169     
   22.516624873334017       0.31493991530243937     
   22.523164700482820       0.31427445145651173     
   22.529704527631623       0.31360867333613257     
   22.536244354780429       0.31294258160708016     
   22.542784181929232       0.31227617693544607     
   22.549324009078038       0.31160945998763506     
   22.555863836226841       0.31094243143036410     
   22.562403663375648       0.31027509193066166     
   22.568943490524450       0.30960744215586733     
   22.575483317673257       0.30893948277363081     
   22.582023144822060       0.30827121445191152     
   22.588562971970866       0.30760263785897773     
   22.595102799119669       0.30693375366340614     
   22.601642626268475       0.30626456253408085     
   22.608182453417278       0.30559506514019302     
   22.614722280566085       0.30492526215124011     
   22.621262107714887       0.30425515423702504     
   22.627801934863694       0.30358474206765568     
   22.634341762012497       0.30291402631354425     
   22.640881589161300       0.30224300764540651     
   22.647421416310106       0.30157168673426116     
   22.653961243458909       0.30090006425142907     
   22.660501070607715       0.30022814086853267     
   22.667040897756518       0.29955591725749542     
   22.673580724905325       0.29888339409054093     
   22.680120552054127       0.29821057204019236     
   22.686660379202934       0.29753745177927177     
   22.693200206351737       0.29686403398089944     
   22.699740033500543       0.29619031931849310     
   22.706279860649346       0.29551630846576743     
   22.712819687798152       0.29484200209673328     
   22.719359514946955       0.29416740088569704     
   22.725899342095762       0.29349250550725992     
   22.732439169244564       0.29281731663631727     
   22.738978996393371       0.29214183494805801     
   22.745518823542174       0.29146606111796375     
   22.752058650690980       0.29078999582180842     
   22.758598477839783       0.29011363973565729     
   22.765138304988586       0.28943699353586638     
   22.771678132137392       0.28876005789908193     
   22.778217959286195       0.28808283350223962     
   22.784757786435001       0.28740532102256378     
   22.791297613583804       0.28672752113756700     
   22.797837440732611       0.28604943452504900     
   22.804377267881414       0.28537106186309646     
   22.810917095030220       0.28469240383008210     
   22.817456922179023       0.28401346110466386     
   22.823996749327829       0.28333423436578459     
   22.830536576476632       0.28265472429267086     
   22.837076403625439       0.28197493156483289     
   22.843616230774241       0.28129485686206335     
   22.850156057923048       0.28061450086443690     
   22.856695885071851       0.27993386425230959     
   22.863235712220657       0.27925294770631798     
   22.869775539369460       0.27857175190737871     
   22.876315366518263       0.27789027753668749     
   22.882855193667069       0.27720852527571871     
   22.889395020815872       0.27652649580622474     
   22.895934847964678       0.27584418981023490     
   22.902474675113481       0.27516160797005529     
   22.909014502262288       0.27447875096826768     
   22.915554329411091       0.27379561948772907     
   22.922094156559897       0.27311221421157106     
   22.928633983708700       0.27242853582319881     
   22.935173810857506       0.27174458500629078     
   22.941713638006309       0.27106036244479775     
   22.948253465155116       0.27037586882294223     
   22.954793292303918       0.26969110482521791     
   22.961333119452725       0.26900607113638880     
   22.967872946601528       0.26832076844148850     
   22.974412773750334       0.26763519742581976     
   22.980952600899137       0.26694935877495357     
   22.987492428047943       0.26626325317472865     
   22.994032255196746       0.26557688131125051     
   23.000572082345549       0.26489024387089111     
   23.007111909494355       0.26420334154028779     
   23.013651736643158       0.26351617500634300     
   23.020191563791965       0.26282874495622316     
   23.026731390940768       0.26214105207735833     
   23.033271218089574       0.26145309705744146     
   23.039811045238377       0.26076488058442754     
   23.046350872387183       0.26007640334653298     
   23.052890699535986       0.25938766603223512     
   23.059430526684793       0.25869866933027119     
   23.065970353833595       0.25800941392963794     
   23.072510180982402       0.25731990051959081     
   23.079050008131205       0.25663012978964311     
   23.085589835280011       0.25594010242956566     
   23.092129662428814       0.25524981912938577     
   23.098669489577620       0.25455928057938682     
   23.105209316726423       0.25386848747010721     
   23.111749143875230       0.25317744049234014     
   23.118288971024032       0.25248614033713257     
   23.124828798172835       0.25179458769578467     
   23.131368625321642       0.25110278325984908     
   23.137908452470445       0.25041072772113021     
   23.144448279619251       0.24971842177168371     
   23.150988106768054       0.24902586610381533     
   23.157527933916860       0.24833306141008094     
   23.164067761065663       0.24764000838328515     
   23.170607588214470       0.24694670771648089     
   23.177147415363272       0.24625316010296897     
   23.183687242512079       0.24555936623629693     
   23.190227069660882       0.24486532681025866     
   23.196766896809688       0.24417104251889354     
   23.203306723958491       0.24347651405648599     
   23.209846551107297       0.24278174211756431     
   23.216386378256100       0.24208672739690054     
   23.222926205404907       0.24139147058950935     
   23.229466032553709       0.24069597239064761     
   23.236005859702512       0.24000023349581343     
   23.242545686851319       0.23930425460074570     
   23.249085514000122       0.23860803640142342     
   23.255625341148928       0.23791157959406470     
   23.262165168297731       0.23721488487512640     
   23.268704995446537       0.23651795294130329     
   23.275244822595340       0.23582078448952715     
   23.281784649744147       0.23512338021696658     
   23.288324476892949       0.23442574082102577     
   23.294864304041756       0.23372786699934409     
   23.301404131190559       0.23302975944979545     
   23.307943958339365       0.23233141887048733     
   23.314483785488168       0.23163284595976033     
   23.321023612636974       0.23093404141618737     
   23.327563439785777       0.23023500593857305     
   23.334103266934584       0.22953574022595274     
   23.340643094083386       0.22883624497759217     
   23.347182921232193       0.22813652089298669     
   23.353722748380996       0.22743656867186024     
   23.360262575529799       0.22673638901416518     
   23.366802402678605       0.22603598262008107     
   23.373342229827408       0.22533535019001438     
   23.379882056976214       0.22463449242459749     
   23.386421884125017       0.22393341002468820     
   23.392961711273824       0.22323210369136887     
   23.399501538422626       0.22253057412594585     
   23.406041365571433       0.22182882202994869     
   23.412581192720236       0.22112684810512956     
   23.419121019869042       0.22042465305346232     
   23.425660847017845       0.21972223757714199     
   23.432200674166651       0.21901960237858414     
   23.438740501315454       0.21831674816042390     
   23.445280328464261       0.21761367562551551     
   23.451820155613063       0.21691038547693148     
   23.458359982761870       0.21620687841796199     
   23.464899809910673       0.21550315515211407     
   23.471439637059476       0.21479921638311097     
   23.477979464208282       0.21409506281489149     
   23.484519291357085       0.21339069515160922     
   23.491059118505891       0.21268611409763180     
   23.497598945654694       0.21198132035754025     
   23.504138772803501       0.21127631463612831     
   23.510678599952303       0.21057109763840179     
   23.517218427101110       0.20986567006957765     
   23.523758254249913       0.20916003263508337     
   23.530298081398719       0.20845418604055646     
   23.536837908547522       0.20774813099184355     
   23.543377735696328       0.20704186819499967     
   23.549917562845131       0.20633539835628750     
   23.556457389993938       0.20562872218217701     
   23.562997217142740       0.20492184037934433     
   23.569537044291547       0.20421475365467129     
   23.576076871440350       0.20350746271524456     
   23.582616698589156       0.20279996826835514     
   23.589156525737959       0.20209227102149749     
   23.595696352886762       0.20138437168236878     
   23.602236180035568       0.20067627095886836     
   23.608776007184371       0.19996796955909701     
   23.615315834333177       0.19925946819135609     
   23.621855661481980       0.19855076756414702     
   23.628395488630787       0.19784186838617038     
   23.634935315779590       0.19713277136632532     
   23.641475142928396       0.19642347721370895     
   23.648014970077199       0.19571398663761533     
   23.654554797226005       0.19500430034753508     
   23.661094624374808       0.19429441905315448     
   23.667634451523615       0.19358434346435482     
   23.674174278672417       0.19287407429121173     
   23.680714105821224       0.19216361224399434     
   23.687253932970027       0.19145295803316470     
   23.693793760118833       0.19074211236937705     
   23.700333587267636       0.19003107596347699     
   23.706873414416439       0.18931984952650097     
   23.713413241565245       0.18860843376967543     
   23.719953068714048       0.18789682940441613     
   23.726492895862854       0.18718503714232745     
   23.733032723011657       0.18647305769520162     
   23.739572550160464       0.18576089177501809     
   23.746112377309267       0.18504854009394278     
   23.752652204458073       0.18433600336432737     
   23.759192031606876       0.18362328229870861     
   23.765731858755682       0.18291037760980752     
   23.772271685904485       0.18219729001052884     
   23.778811513053292       0.18148402021396015     
   23.785351340202094       0.18077056893337126     
   23.791891167350901       0.18005693688221341     
   23.798430994499704       0.17934312477411871     
   23.804970821648510       0.17862913332289923     
   23.811510648797313       0.17791496324254641     
   23.818050475946119       0.17720061524723035     
   23.824590303094922       0.17648609005129903     
   23.831130130243725       0.17577138836927764     
   23.837669957392531       0.17505651091586791     
   23.844209784541334       0.17434145840594725     
   23.850749611690141       0.17362623155456819     
   23.857289438838944       0.17291083107695757     
   23.863829265987750       0.17219525768851587     
   23.870369093136553       0.17147951210481652     
   23.876908920285359       0.17076359504160502     
   23.883448747434162       0.17004750721479850     
   23.889988574582969       0.16933124934048477     
   23.896528401731771       0.16861482213492168     
   23.903068228880578       0.16789822631453646     
   23.909608056029381       0.16718146259592492     
   23.916147883178187       0.16646453169585079     
   23.922687710326990       0.16574743433124497     
   23.929227537475796       0.16503017121920485     
   23.935767364624599       0.16431274307699348     
   23.942307191773406       0.16359515062203900     
   23.948847018922208       0.16287739457193395     
   23.955386846071011       0.16215947564443431     
   23.961926673219818       0.16144139455745901     
   23.968466500368621       0.16072315202908916     
   23.975006327517427       0.16000474877756729     
   23.981546154666230       0.15928618552129664     
   23.988085981815036       0.15856746297884047     
   23.994625808963839       0.15784858186892131     
   24.001165636112646       0.15712954291042031     
   24.007705463261448       0.15641034682237639     
   24.014245290410255       0.15569099432398562     
   24.020785117559058       0.15497148613460054     
   24.027324944707864       0.15425182297372933     
   24.033864771856667       0.15353200556103519     
   24.040404599005473       0.15281203461633544     
   24.046944426154276       0.15209191085960111     
   24.053484253303083       0.15137163501095591     
   24.060024080451885       0.15065120779067567     
   24.066563907600688       0.14993062991918768     
   24.073103734749495       0.14920990211706975     
   24.079643561898298       0.14848902510504969     
   24.086183389047104       0.14776799960400452     
   24.092723216195907       0.14704682633495977     
   24.099263043344713       0.14632550601908867     
   24.105802870493516       0.14560403937771155     
   24.112342697642323       0.14488242713229504     
   24.118882524791125       0.14416067000445143     
   24.125422351939932       0.14343876871593780     
   24.131962179088735       0.14271672398865545     
   24.138502006237541       0.14199453654464911     
   24.145041833386344       0.14127220710610619     
   24.151581660535150       0.14054973639535620     
   24.158121487683953       0.13982712513486981     
   24.164661314832760       0.13910437404725831     
   24.171201141981562       0.13838148385527277     
   24.177740969130369       0.13765845528180334     
   24.184280796279172       0.13693528904987864     
   24.190820623427975       0.13621198588266495     
   24.197360450576781       0.13548854650346531     
   24.203900277725584       0.13476497163571921     
   24.210440104874390       0.13404126200300145     
   24.216979932023193       0.13331741832902166     
   24.223519759172000       0.13259344133762357     
   24.230059586320802       0.13186933175278412     
   24.236599413469609       0.13114509029861293     
   24.243139240618412       0.13042071769935143     
   24.249679067767218       0.12969621467937223     
   24.256218894916021       0.12897158196317834     
   24.262758722064827       0.12824682027540252     
   24.269298549213630       0.12752193034080642     
   24.275838376362437       0.12679691288427994     
   24.282378203511239       0.12607176863084057     
   24.288918030660046       0.12534649830563258     
   24.295457857808849       0.12462110263392628     
   24.301997684957652       0.12389558234111736     
   24.308537512106458       0.12316993815272610     
   24.315077339255261       0.12244417079439669     
   24.321617166404067       0.12171828099189648     
   24.328156993552870       0.12099226947111529     
   24.334696820701677       0.12026613695806461     
   24.341236647850479       0.11953988417887700     
   24.347776474999286       0.11881351185980520     
   24.354316302148089       0.11808702072722155     
   24.360856129296895       0.11736041150761715     
   24.367395956445698       0.11663368492760127     
   24.373935783594504       0.11590684171390045     
   24.380475610743307       0.11517988259335793     
   24.387015437892114       0.11445280829293282     
   24.393555265040916       0.11372561953969942     
   24.400095092189723       0.11299831706084647     
   24.406634919338526       0.11227090158367646     
   24.413174746487332       0.11154337383560484     
   24.419714573636135       0.11081573454415941     
   24.426254400784938       0.11008798443697944     
   24.432794227933744       0.10936012424181503     
   24.439334055082547       0.10863215468652640     
   24.445873882231353       0.10790407649908307     
   24.452413709380156       0.10717589040756324     
   24.458953536528963       0.10644759714015302     
   24.465493363677766       0.10571919742514566     
   24.472033190826572       0.10499069199094084     
   24.478573017975375       0.10426208156604408     
   24.485112845124181       0.10353336687906570     
   24.491652672272984       0.10280454865872046     
   24.498192499421791       0.10207562763382658     
   24.504732326570593       0.10134660453330503     
   24.511272153719400       0.10061748008617896     
   24.517811980868203        9.9888255021572808E-002
   24.524351808017009        9.9158930068711640E-002
   24.530891635165812        9.8429505956920391E-002
   24.537431462314615        9.7699983415623179E-002
   24.543971289463421        9.6970363174342572E-002
   24.550511116612224        9.6240645962698781E-002
   24.557050943761030        9.5510832510409011E-002
   24.563590770909833        9.4780923547286747E-002
   24.570130598058640        9.4050919803240943E-002
   24.576670425207443        9.3320822008275309E-002
   24.583210252356249        9.2590630892487674E-002
   24.589750079505052        9.1860347186069169E-002
   24.596289906653858        9.1129971619303446E-002
   24.602829733802661        9.0399504922566112E-002
   24.609369560951468        8.9668947826323869E-002
   24.615909388100270        8.8938301061133776E-002
   24.622449215249077        8.8207565357642639E-002
   24.628989042397880        8.7476741446586140E-002
   24.635528869546686        8.6745830058788193E-002
   24.642068696695489        8.6014831925160185E-002
   24.648608523844295        8.5283747776700253E-002
   24.655148350993098        8.4552578344492549E-002
   24.661688178141901        8.3821324359706489E-002
   24.668228005290707        8.3089986553596076E-002
   24.674767832439510        8.2358565657499119E-002
   24.681307659588317        8.1627062402836487E-002
   24.687847486737120        8.0895477521111453E-002
   24.694387313885926        8.0163811743908908E-002
   24.700927141034729        7.9432065802894608E-002
   24.707466968183535        7.8700240429814508E-002
   24.714006795332338        7.7968336356493972E-002
   24.720546622481145        7.7236354314837080E-002
   24.727086449629947        7.6504295036825876E-002
   24.733626276778754        7.5772159254519619E-002
   24.740166103927557        7.5039947700054135E-002
   24.746705931076363        7.4307661105640938E-002
   24.753245758225166        7.3575300203566618E-002
   24.759785585373972        7.2842865726192099E-002
   24.766325412522775        7.2110358405951869E-002
   24.772865239671578        7.1377778975353218E-002
   24.779405066820384        7.0645128166975601E-002
   24.785944893969187        6.9912406713469821E-002
   24.792484721117994        6.9179615347557316E-002
   24.799024548266797        6.8446754802029483E-002
   24.805564375415603        6.7713825809746844E-002
   24.812104202564406        6.6980829103638395E-002
   24.818644029713212        6.6247765416700855E-002
   24.825183856862015        6.5514635481997874E-002
   24.831723684010822        6.4781440032659426E-002
   24.838263511159624        6.4048179801880947E-002
   24.844803338308431        6.3314855522922667E-002
   24.851343165457234        6.2581467929108875E-002
   24.857882992606040        6.1848017753827145E-002
   24.864422819754843        6.1114505730527659E-002
   24.870962646903649        6.0380932592722453E-002
   24.877502474052452        5.9647299073984646E-002
   24.884042301201259        5.8913605907947766E-002
   24.890582128350061        5.8179853828304977E-002
   24.897121955498864        5.7446043568808350E-002
   24.903661782647671        5.6712175863268162E-002
   24.910201609796474        5.5978251445552102E-002
   24.916741436945280        5.5244271049584612E-002
   24.923281264094083        5.4510235409346068E-002
   24.929821091242889        5.3776145258872109E-002
   24.936360918391692        5.3042001332252904E-002
   24.942900745540499        5.2307804363632353E-002
   24.949440572689301        5.1573555087207443E-002
   24.955980399838108        5.0839254237227439E-002
   24.962520226986911        5.0104902547993199E-002
   24.969060054135717        4.9370500753856419E-002
   24.975599881284520        4.8636049589218883E-002
   24.982139708433326        4.7901549788531755E-002
   24.988679535582129        4.7167002086294853E-002
   24.995219362730936        4.6432407217055854E-002
   25.001759189879738        4.5697765915409645E-002
   25.008299017028545        4.4963078915997517E-002
   25.014838844177348        4.4228346953506470E-002
   25.021378671326151        4.3493570762668465E-002
   25.027918498474957        4.2758751078259709E-002
   25.034458325623760        4.2023888635099864E-002
   25.040998152772566        4.1288984168051393E-002
   25.047537979921369        4.0554038412018746E-002
   25.054077807070176        3.9819052101947694E-002
   25.060617634218978        3.9084025972824545E-002
   25.067157461367785        3.8348960759675421E-002
   25.073697288516588        3.7613857197565534E-002
   25.080237115665394        3.6878716021598451E-002
   25.086776942814197        3.6143537966915343E-002
   25.093316769963003        3.5408323768694273E-002
   25.099856597111806        3.4673074162149431E-002
   25.106396424260613        3.3937789882530434E-002
   25.112936251409415        3.3202471665121552E-002
   25.119476078558222        3.2467120245240996E-002
   25.126015905707025        3.1731736358240205E-002
   25.132555732855828        3.0996320739503046E-002
   25.139095560004634        3.0260874124445156E-002
   25.145635387153437        2.9525397248513136E-002
   25.152175214302243        2.8789890847183863E-002
   25.158715041451046        2.8054355655963748E-002
   25.165254868599853        2.7318792410387975E-002
   25.171794695748655        2.6583201846019797E-002
   25.178334522897462        2.5847584698449767E-002
   25.184874350046265        2.5111941703295036E-002
   25.191414177195071        2.4376273596198605E-002
   25.197954004343874        2.3640581112828584E-002
   25.204493831492680        2.2904864988877449E-002
   25.211033658641483        2.2169125960061323E-002
   25.217573485790290        2.1433364762119236E-002
   25.224113312939092        2.0697582130812388E-002
   25.230653140087899        1.9961778801923413E-002
   25.237192967236702        1.9225955511255631E-002
   25.243732794385508        1.8490112994632338E-002
   25.250272621534311        1.7754251987896052E-002
   25.256812448683114        1.7018373226907777E-002
   25.263352275831920        1.6282477447546278E-002
   25.269892102980723        1.5546565385707329E-002
   25.276431930129529        1.4810637777302994E-002
   25.282971757278332        1.4074695358260886E-002
   25.289511584427139        1.3338738864523417E-002
   25.296051411575942        1.2602769032047084E-002
   25.302591238724748        1.1866786596801722E-002
   25.309131065873551        1.1130792294769761E-002
   25.315670893022357        1.0394786861945504E-002
   25.322210720171160        9.6587710343343861E-003
   25.328750547319967        8.9227455479522350E-003
   25.335290374468769        8.1867111388245328E-003
   25.341830201617576        7.4506685429856934E-003
   25.348370028766379        6.7146184964783110E-003
   25.354909855915185        5.9785617353524320E-003
   25.361449683063988        5.2424989956648170E-003
   25.367989510212791        4.5064310134782055E-003
   25.374529337361597        3.7703585248605818E-003
   25.381069164510400        3.0342822658844318E-003
   25.387608991659206        2.2982029726260167E-003
   25.394148818808009        1.5621213811646284E-003
   25.400688645956816        8.2603822758185914E-004
   25.407228473105619        8.9954247960862346E-005
   25.413768300254425       -6.4612982161438238E-004
   25.420308127403228       -1.3822132450598058E-003
   25.426847954552034       -2.1182952862919837E-003
   25.433387781700837       -2.8543752092288753E-003
   25.439927608849644       -3.5904522777905575E-003
   25.446467435998446       -4.3265257558999619E-003
   25.453007263147253       -5.0625949074836109E-003
   25.459547090296056       -5.7986589964723525E-003
   25.466086917444862       -6.5347172868020975E-003
   25.472626744593665       -7.2707690424145578E-003
   25.479166571742471       -8.0068135272579732E-003
   25.485706398891274       -8.7428500052878638E-003
   25.492246226040077       -9.4788777404677480E-003
   25.498786053188883       -1.0214895996769892E-002
   25.505325880337686       -1.0950904038176040E-002
   25.511865707486493       -1.1686901128678151E-002
   25.518405534635296       -1.2422886532279135E-002
   25.524945361784102       -1.3158859512993587E-002
   25.531485188932905       -1.3894819334848525E-002
   25.538025016081711       -1.4630765261884128E-002
   25.544564843230514       -1.5366696558154470E-002
   25.551104670379321       -1.6102612487728252E-002
   25.557644497528123       -1.6838512314689545E-002
   25.564184324676930       -1.7574395303138521E-002
   25.570724151825733       -1.8310260717192200E-002
   25.577263978974539       -1.9046107820985154E-002
   25.583803806123342       -1.9781935878670293E-002
   25.590343633272148       -2.0517744154419551E-002
   25.596883460420951       -2.1253531912424656E-002
   25.603423287569754       -2.1989298416897847E-002
   25.609963114718560       -2.2725042932072621E-002
   25.616502941867363       -2.3460764722204465E-002
   25.623042769016170       -2.4196463051571585E-002
   25.629582596164973       -2.4932137184475657E-002
   25.636122423313779       -2.5667786385242544E-002
   25.642662250462582       -2.6403409918223042E-002
   25.649202077611388       -2.7139007047793630E-002
   25.655741904760191       -2.7874577038357166E-002
   25.662281731908998       -2.8610119154343659E-002
   25.668821559057800       -2.9345632660211007E-002
   25.675361386206607       -3.0081116820445689E-002
   25.681901213355410       -3.0816570899563547E-002
   25.688441040504216       -3.1551994162110512E-002
   25.694980867653019       -3.2287385872663305E-002
   25.701520694801825       -3.3022745295830234E-002
   25.708060521950628       -3.3758071696251862E-002
   25.714600349099435       -3.4493364338601791E-002
   25.721140176248237       -3.5228622487587388E-002
   25.727680003397040       -3.5963845407950501E-002
   25.734219830545847       -3.6699032364468198E-002
   25.740759657694650       -3.7434182621953534E-002
   25.747299484843456       -3.8169295445256254E-002
   25.753839311992259       -3.8904370099263515E-002
   25.760379139141065       -3.9639405848900681E-002
   25.766918966289868       -4.0374401959132000E-002
   25.773458793438675       -4.1109357694961358E-002
   25.779998620587477       -4.1844272321433021E-002
   25.786538447736284       -4.2579145103632358E-002
   25.793078274885087       -4.3313975306686597E-002
   25.799618102033893       -4.4048762195765534E-002
   25.806157929182696       -4.4783505036082263E-002
   25.812697756331502       -4.5518203092893970E-002
   25.819237583480305       -4.6252855631502575E-002
   25.825777410629112       -4.6987461917255557E-002
   25.832317237777914       -4.7722021215546626E-002
   25.838857064926721       -4.8456532791816470E-002
   25.845396892075524       -4.9190995911553521E-002
   25.851936719224327       -4.9925409840294664E-002
   25.858476546373133       -5.0659773843625952E-002
   25.865016373521936       -5.1394087187183406E-002
   25.871556200670742       -5.2128349136653679E-002
   25.878096027819545       -5.2862558957774815E-002
   25.884635854968352       -5.3596715916336982E-002
   25.891175682117154       -5.4330819278183236E-002
   25.897715509265961       -5.5064868309210216E-002
   25.904255336414764       -5.5798862275368892E-002
   25.910795163563570       -5.6532800442665281E-002
   25.917334990712373       -5.7266682077161235E-002
   25.923874817861179       -5.8000506444975113E-002
   25.930414645009982       -5.8734272812282537E-002
   25.936954472158789       -5.9467980445317155E-002
   25.943494299307591       -6.0201628610371316E-002
   25.950034126456398       -6.0935216573796872E-002
   25.956573953605201       -6.1668743602005846E-002
   25.963113780754004       -6.2402208961471216E-002
   25.969653607902810       -6.3135611918727630E-002
   25.976193435051613       -6.3868951740372118E-002
   25.982733262200419       -6.4602227693064854E-002
   25.989273089349222       -6.5335439043529911E-002
   25.995812916498028       -6.6068585058555923E-002
   26.002352743646831       -6.6801665004996888E-002
   26.008892570795638       -6.7534678149772848E-002
   26.015432397944441       -6.8267623759870638E-002
   26.021972225093247       -6.9000501102344708E-002
   26.028512052242050       -6.9733309444317645E-002
   26.035051879390856       -7.0466048052981151E-002
   26.041591706539659       -7.1198716195596604E-002
   26.048131533688466       -7.1931313139495856E-002
   26.054671360837268       -7.2663838152081967E-002
   26.061211187986075       -7.3396290500829922E-002
   26.067751015134878       -7.4128669453287360E-002
   26.074290842283684       -7.4860974277075359E-002
   26.080830669432487       -7.5593204239889078E-002
   26.087370496581290       -7.6325358609498559E-002
   26.093910323730096       -7.7057436653749437E-002
   26.100450150878899       -7.7789437640563661E-002
   26.106989978027705       -7.8521360837940243E-002
   26.113529805176508       -7.9253205513955996E-002
   26.120069632325315       -7.9984970936766223E-002
   26.126609459474118       -8.0716656374605525E-002
   26.133149286622924       -8.1448261095788455E-002
   26.139689113771727       -8.2179784368710276E-002
   26.146228940920533       -8.2911225461847746E-002
   26.152768768069336       -8.3642583643759733E-002
   26.159308595218143       -8.4373858183088096E-002
   26.165848422366945       -8.5105048348558254E-002
   26.172388249515752       -8.5836153408980070E-002
   26.178928076664555       -8.6567172633248479E-002
   26.185467903813361       -8.7298105290344263E-002
   26.192007730962164       -8.8028950649334747E-002
   26.198547558110967       -8.8759707979374575E-002
   26.205087385259773       -8.9490376549706430E-002
   26.211627212408576       -9.0220955629661731E-002
   26.218167039557382       -9.0951444488661395E-002
   26.224706866706185       -9.1681842396216587E-002
   26.231246693854992       -9.2412148621929369E-002
   26.237786521003795       -9.3142362435493536E-002
   26.244326348152601       -9.3872483106695256E-002
   26.250866175301404       -9.4602509905413898E-002
   26.257406002450210       -9.5332442101622644E-002
   26.263945829599013       -9.6062278965389269E-002
   26.270485656747820       -9.6792019766876930E-002
   26.277025483896622       -9.7521663776344802E-002
   26.283565311045429       -9.8251210264148903E-002
   26.290105138194232       -9.8980658500742724E-002
   26.296644965343038       -9.9710007756678071E-002
   26.303184792491841      -0.10043925730260567     
   26.309724619640647      -0.10116840640927592     
   26.316264446789450      -0.10189745434753980     
   26.322804273938253      -0.10262640038834932     
   26.329344101087059      -0.10335524380275843     
   26.335883928235862      -0.10408398386192372     
   26.342423755384669      -0.10481261983710517     
   26.348963582533472      -0.10554115099966677     
   26.355503409682278      -0.10626957662107739     
   26.362043236831081      -0.10699789597291137     
   26.368583063979887      -0.10772610832684940     
   26.375122891128690      -0.10845421295467909     
   26.381662718277497      -0.10918220912829582     
   26.388202545426299      -0.10991009611970343     
   26.394742372575106      -0.11063787320101491     
   26.401282199723909      -0.11136553964445318     
   26.407822026872715      -0.11209309472235179     
   26.414361854021518      -0.11282053770715569     
   26.420901681170324      -0.11354786787142188     
   26.427441508319127      -0.11427508448782019     
   26.433981335467930      -0.11500218682913402     
   26.440521162616736      -0.11572917416826099     
   26.447060989765539      -0.11645604577821382     
   26.453600816914346      -0.11718280093212087     
   26.460140644063149      -0.11790943890322698     
   26.466680471211955      -0.11863595896489418     
   26.473220298360758      -0.11936236039060241     
   26.479760125509564      -0.12008864245395028     
   26.486299952658367      -0.12081480442865566     
   26.492839779807174      -0.12154084558855663     
   26.499379606955976      -0.12226676520761202     
   26.505919434104783      -0.12299256255990219     
   26.512459261253586      -0.12371823691962980     
   26.518999088402392      -0.12444378756112050     
   26.525538915551195      -0.12516921375882362     
   26.532078742700001      -0.12589451478731298     
   26.538618569848804      -0.12661968992128755     
   26.545158396997611      -0.12734473843557220     
   26.551698224146413      -0.12806965960511840     
   26.558238051295216      -0.12879445270500500     
   26.564777878444023      -0.12951911701043889     
   26.571317705592826      -0.13024365179675576     
   26.577857532741632      -0.13096805633942082     
   26.584397359890435      -0.13169232991402952     
   26.590937187039241      -0.13241647179630833     
   26.597477014188044      -0.13314048126211533     
   26.604016841336851      -0.13386435758744109     
   26.610556668485653      -0.13458810004840924     
   26.617096495634460      -0.13531170792127734     
   26.623636322783263      -0.13603518048243751     
   26.630176149932069      -0.13675851700841724     
   26.636715977080872      -0.13748171677587992     
   26.643255804229678      -0.13820477906162587     
   26.649795631378481      -0.13892770314259273     
   26.656335458527288      -0.13965048829585647     
   26.662875285676090      -0.14037313379863192     
   26.669415112824893      -0.14109563892827356     
   26.675954939973700      -0.14181800296227628     
   26.682494767122503      -0.14254022517827603     
   26.689034594271309      -0.14326230485405059     
   26.695574421420112      -0.14398424126752030     
   26.702114248568918      -0.14470603369674875     
   26.708654075717721      -0.14542768141994350     
   26.715193902866528      -0.14614918371545682     
   26.721733730015330      -0.14687053986178644     
   26.728273557164137      -0.14759174913757622     
   26.734813384312940      -0.14831281082161685     
   26.741353211461746      -0.14903372419284666     
   26.747893038610549      -0.14975448853035225     
   26.754432865759355      -0.15047510311336937     
   26.760972692908158      -0.15119556722128333     
   26.767512520056965      -0.15191588013363008     
   26.774052347205767      -0.15263604113009668     
   26.780592174354574      -0.15335604949052217     
   26.787132001503377      -0.15407590449489816     
   26.793671828652180      -0.15479560542336965     
   26.800211655800986      -0.15551515155623571     
   26.806751482949789      -0.15623454217395025     
   26.813291310098595      -0.15695377655712259     
   26.819831137247398      -0.15767285398651842     
   26.826370964396204      -0.15839177374306024     
   26.832910791545007      -0.15911053510782830     
   26.839450618693814      -0.15982913736206128     
   26.845990445842617      -0.16054757978715689     
   26.852530272991423      -0.16126586166467272     
   26.859070100140226      -0.16198398227632685     
   26.865609927289032      -0.16270194090399875     
   26.872149754437835      -0.16341973682972971     
   26.878689581586642      -0.16413736933572387     
   26.885229408735444      -0.16485483770434869     
   26.891769235884251      -0.16557214121813582     
   26.898309063033054      -0.16628927915978170     
   26.904848890181860      -0.16700625081214843     
   26.911388717330663      -0.16772305545826438     
   26.917928544479466      -0.16843969238132486     
   26.924468371628272      -0.16915616086469296     
   26.931008198777075      -0.16987246019190019     
   26.937548025925881      -0.17058858964664722     
   26.944087853074684      -0.17130454851280463     
   26.950627680223491      -0.17202033607441350     
   26.957167507372294      -0.17273595161568631     
   26.963707334521100      -0.17345139442100749     
   26.970247161669903      -0.17416666377493425     
   26.976786988818709      -0.17488175896219726     
   26.983326815967512      -0.17559667926770126     
   26.989866643116319      -0.17631142397652599     
   26.996406470265121      -0.17702599237392677     
   27.002946297413928      -0.17774038374533516     
   27.009486124562731      -0.17845459737635980     
   27.016025951711537      -0.17916863255278706     
   27.022565778860340      -0.17988248856058175     
   27.029105606009143      -0.18059616468588791     
   27.035645433157949      -0.18130966021502937     
   27.042185260306752      -0.18202297443451063     
   27.048725087455558      -0.18273610663101747     
   27.055264914604361      -0.18344905609141765     
   27.061804741753168      -0.18416182210276177     
   27.068344568901971      -0.18487440395228380     
   27.074884396050777      -0.18558680092740185     
   27.081424223199580      -0.18629901231571899     
   27.087964050348386      -0.18701103740502381     
   27.094503877497189      -0.18772287548329125     
   27.101043704645996      -0.18843452583868320     
   27.107583531794798      -0.18914598775954927     
   27.114123358943605      -0.18985726053442761     
   27.120663186092408      -0.19056834345204546     
   27.127203013241214      -0.19127923580131978     
   27.133742840390017      -0.19198993687135837     
   27.140282667538823      -0.19270044595145999     
   27.146822494687626      -0.19341076233111570     
   27.153362321836429      -0.19412088530000904     
   27.159902148985235      -0.19483081414801712     
   27.166441976134038      -0.19554054816521102     
   27.172981803282845      -0.19625008664185681     
   27.179521630431648      -0.19695942886841594     
   27.186061457580454      -0.19766857413554617     
   27.192601284729257      -0.19837752173410228     
   27.199141111878063      -0.19908627095513665     
   27.205680939026866      -0.19979482108990004     
   27.212220766175673      -0.20050317142984239     
   27.218760593324475      -0.20121132126661326     
   27.225300420473282      -0.20191926989206288     
   27.231840247622085      -0.20262701659824262     
   27.238380074770891      -0.20333456067740574     
   27.244919901919694      -0.20404190142200823     
   27.251459729068500      -0.20474903812470927     
   27.257999556217303      -0.20545597007837213     
   27.264539383366106      -0.20616269657606495     
   27.271079210514912      -0.20686921691106119     
   27.277619037663715      -0.20757553037684054     
   27.284158864812522      -0.20828163626708948     
   27.290698691961325      -0.20898753387570218     
   27.297238519110131      -0.20969322249678099     
   27.303778346258934      -0.21039870142463732     
   27.310318173407740      -0.21110396995379224     
   27.316858000556543      -0.21180902737897717     
   27.323397827705350      -0.21251387299513472     
   27.329937654854152      -0.21321850609741932     
   27.336477482002959      -0.21392292598119778     
   27.343017309151762      -0.21462713194205030     
   27.349557136300568      -0.21533112327577089     
   27.356096963449371      -0.21603489927836819     
   27.362636790598177      -0.21673845924606627     
   27.369176617746980      -0.21744180247530506     
   27.375716444895787      -0.21814492826274143     
   27.382256272044589      -0.21884783590524950     
   27.388796099193392      -0.21955052469992167     
   27.395335926342199      -0.22025299394406916     
   27.401875753491002      -0.22095524293522267     
   27.408415580639808      -0.22165727097113325     
   27.414955407788611      -0.22235907734977284     
   27.421495234937417      -0.22306066136933506     
   27.428035062086220      -0.22376202232823594     
   27.434574889235027      -0.22446315952511448     
   27.441114716383829      -0.22516407225883348     
   27.447654543532636      -0.22586475982848023     
   27.454194370681439      -0.22656522153336717     
   27.460734197830245      -0.22726545667303255     
   27.467274024979048      -0.22796546454724126     
   27.473813852127854      -0.22866524445598543     
   27.480353679276657      -0.22936479569948512     
   27.486893506425464      -0.23006411757818912     
   27.493433333574266      -0.23076320939277556     
   27.499973160723069      -0.23146207044415262     
   27.506512987871876      -0.23216070003345921     
   27.513052815020679      -0.23285909746206573     
   27.519592642169485      -0.23355726203157476     
   27.526132469318288      -0.23425519304382178     
   27.532672296467094      -0.23495288980087570     
   27.539212123615897      -0.23565035160503983     
   27.545751950764704      -0.23634757775885240     
   27.552291777913506      -0.23704456756508716     
   27.558831605062313      -0.23774132032675441     
   27.565371432211116      -0.23843783534710128     
   27.571911259359922      -0.23913411192961284     
   27.578451086508725      -0.23983014937801245     
   27.584990913657531      -0.24052594699626267     
   27.591530740806334      -0.24122150408856588     
   27.598070567955141      -0.24191681995936498     
   27.604610395103943      -0.24261189391334417     
   27.611150222252750      -0.24330672525542940     
   27.617690049401553      -0.24400131329078933     
   27.624229876550356      -0.24469565732483606     
   27.630769703699162      -0.24538975666322541     
   27.637309530847965      -0.24608361061185810     
   27.643849357996771      -0.24677721847688019     
   27.650389185145574      -0.24747057956468382     
   27.656929012294380      -0.24816369318190787     
   27.663468839443183      -0.24885655863543873     
   27.670008666591990      -0.24954917523241094     
   27.676548493740793      -0.25024154228020790     
   27.683088320889599      -0.25093365908646259     
   27.689628148038402      -0.25162552495905816     
   27.696167975187208      -0.25231713920612880     
   27.702707802336011      -0.25300850113606022     
   27.709247629484818      -0.25369961005749048     
   27.715787456633620      -0.25439046527931070     
   27.722327283782427      -0.25508106611066556     
   27.728867110931230      -0.25577141186095437     
   27.735406938080033      -0.25646150183983130     
   27.741946765228839      -0.25715133535720641     
   27.748486592377642      -0.25784091172324614     
   27.755026419526448      -0.25853023024837418     
   27.761566246675251      -0.25921929024327195     
   27.768106073824057      -0.25990809101887946     
   27.774645900972860      -0.26059663188639592     
   27.781185728121667      -0.26128491215728056     
   27.787725555270470      -0.26197293114325299     
   27.794265382419276      -0.26266068815629423     
   27.800805209568079      -0.26334818250864733     
   27.807345036716885      -0.26403541351281795     
   27.813884863865688      -0.26472238048157509     
   27.820424691014495      -0.26540908272795172     
   27.826964518163297      -0.26609551956524558     
   27.833504345312104      -0.26678169030701987     
   27.840044172460907      -0.26746759426710393     
   27.846583999609713      -0.26815323075959363     
   27.853123826758516      -0.26883859909885255     
   27.859663653907319      -0.26952369859951236     
   27.866203481056125      -0.27020852857647359     
   27.872743308204928      -0.27089308834490627     
   27.879283135353734      -0.27157737722025055     
   27.885822962502537      -0.27226139451821763     
   27.892362789651344      -0.27294513955479016     
   27.898902616800147      -0.27362861164622321     
   27.905442443948953      -0.27431181010904454     
   27.911982271097756      -0.27499473426005572     
   27.918522098246562      -0.27567738341633269     
   27.925061925395365      -0.27635975689522624     
   27.931601752544172      -0.27704185401436293     
   27.938141579692974      -0.27772367409164556     
   27.944681406841781      -0.27840521644525418     
   27.951221233990584      -0.27908648039364625     
   27.957761061139390      -0.27976746525555801     
   27.964300888288193      -0.28044817035000452     
   27.970840715436999      -0.28112859499628062     
   27.977380542585802      -0.28180873851396177     
   27.983920369734605      -0.28248860022290440     
   27.990460196883411      -0.28316817944324685     
   27.997000024032214      -0.28384747549540978     
   28.003539851181021      -0.28452648770009725     
   28.010079678329824      -0.28520521537829696     
   28.016619505478630      -0.28588365785128134     
   28.023159332627433      -0.28656181444060785     
   28.029699159776239      -0.28723968446811993     
   28.036238986925042      -0.28791726725594746     
   28.042778814073849      -0.28859456212650780     
   28.049318641222651      -0.28927156840250606     
   28.055858468371458      -0.28994828540693585     
   28.062398295520261      -0.29062471246308019     
   28.068938122669067      -0.29130084889451213     
   28.075477949817870      -0.29197669402509513     
   28.082017776966676      -0.29265224717898408     
   28.088557604115479      -0.29332750768062588     
   28.095097431264282      -0.29400247485475994     
   28.101637258413088      -0.29467714802641920     
   28.108177085561891      -0.29535152652093039     
   28.114716912710698      -0.29602560966391506     
   28.121256739859501      -0.29669939678129009     
   28.127796567008307      -0.29737288719926835     
   28.134336394157110      -0.29804608024435936     
   28.140876221305916      -0.29871897524337016     
   28.147416048454719      -0.29939157152340568     
   28.153955875603526      -0.30006386841186972     
   28.160495702752328      -0.30073586523646539     
   28.167035529901135      -0.30140756132519581     
   28.173575357049938      -0.30207895600636486     
   28.180115184198744      -0.30275004860857796     
   28.186655011347547      -0.30342083846074241     
   28.193194838496353      -0.30409132489206847     
   28.199734665645156      -0.30476150723206957     
   28.206274492793963      -0.30543138481056348     
   28.212814319942765      -0.30610095695767259     
   28.219354147091568      -0.30677022300382473     
   28.225893974240375      -0.30743918227975386     
   28.232433801389178      -0.30810783411650072     
   28.238973628537984      -0.30877617784541350     
   28.245513455686787      -0.30944421279814838     
   28.252053282835593      -0.31011193830667050     
   28.258593109984396      -0.31077935370325432     
   28.265132937133203      -0.31144645832048445     
   28.271672764282005      -0.31211325149125624     
   28.278212591430812      -0.31277973254877661     
   28.284752418579615      -0.31344590082656437     
   28.291292245728421      -0.31411175565845123     
   28.297832072877224      -0.31477729637858254     
   28.304371900026030      -0.31544252232141740     
   28.310911727174833      -0.31610743282172987     
   28.317451554323640      -0.31677202721460956     
   28.323991381472442      -0.31743630483546209     
   28.330531208621245      -0.31810026502000971     
   28.337071035770052      -0.31876390710429231     
   28.343610862918855      -0.31942723042466781     
   28.350150690067661      -0.32009023431781292     
   28.356690517216464      -0.32075291812072371     
   28.363230344365270      -0.32141528117071638     
   28.369770171514073      -0.32207732280542783     
   28.376309998662880      -0.32273904236281653     
   28.382849825811682      -0.32340043918116285     
   28.389389652960489      -0.32406151259907001     
   28.395929480109292      -0.32472226195546450     
   28.402469307258098      -0.32538268658959713     
   28.409009134406901      -0.32604278584104313     
   28.415548961555707      -0.32670255904970330     
   28.422088788704510      -0.32736200555580441     
   28.428628615853317      -0.32802112469989997     
   28.435168443002119      -0.32867991582287082     
   28.441708270150926      -0.32933837826592582     
   28.448248097299729      -0.32999651137060260     
   28.454787924448532      -0.33065431447876797     
   28.461327751597338      -0.33131178693261892     
   28.467867578746141      -0.33196892807468287     
   28.474407405894947      -0.33262573724781880     
   28.480947233043750      -0.33328221379521750     
   28.487487060192556      -0.33393835706040231     
   28.494026887341359      -0.33459416638723011     
   28.500566714490166      -0.33524964111989158     
   28.507106541638969      -0.33590478060291190     
   28.513646368787775      -0.33655958418115162     
   28.520186195936578      -0.33721405119980719     
   28.526726023085384      -0.33786818100441152     
   28.533265850234187      -0.33852197294083486     
   28.539805677382994      -0.33917542635528525     
   28.546345504531796      -0.33982854059430928     
   28.552885331680603      -0.34048131500479267     
   28.559425158829406      -0.34113374893396109     
   28.565964985978209      -0.34178584172938059     
   28.572504813127015      -0.34243759273895835     
   28.579044640275818      -0.34308900131094339     
   28.585584467424624      -0.34374006679392710     
   28.592124294573427      -0.34439078853684407     
   28.598664121722233      -0.34504116588897243     
   28.605203948871036      -0.34569119819993499     
   28.611743776019843      -0.34634088481969927     
   28.618283603168646      -0.34699022509857874     
   28.624823430317452      -0.34763921838723311     
   28.631363257466255      -0.34828786403666911     
   28.637903084615061      -0.34893616139824107     
   28.644442911763864      -0.34958410982365162     
   28.650982738912671      -0.35023170866495240     
   28.657522566061473      -0.35087895727454449     
   28.664062393210280      -0.35152585500517930     
   28.670602220359083      -0.35217240120995913     
   28.677142047507889      -0.35281859524233777     
   28.683681874656692      -0.35346443645612113     
   28.690221701805495      -0.35410992420546811     
   28.696761528954301      -0.35475505784489086     
   28.703301356103104      -0.35539983672925579     
   28.709841183251910      -0.35604426021378394     
   28.716381010400713      -0.35668832765405190     
   28.722920837549520      -0.35733203840599220     
   28.729460664698323      -0.35797539182589405     
   28.736000491847129      -0.35861838727040407     
   28.742540318995932      -0.35926102409652688     
   28.749080146144738      -0.35990330166162554     
   28.755619973293541      -0.36054521932342259     
   28.762159800442348      -0.36118677644000030     
   28.768699627591150      -0.36182797236980152     
   28.775239454739957      -0.36246880647163038     
   28.781779281888760      -0.36310927810465271     
   28.788319109037566      -0.36374938662839701     
   28.794858936186369      -0.36438913140275464     
   28.801398763335175      -0.36502851178798096     
   28.807938590483978      -0.36566752714469541     
   28.814478417632781      -0.36630617683388278     
   28.821018244781587      -0.36694446021689331     
   28.827558071930390      -0.36758237665544363     
   28.834097899079197      -0.36821992551161725     
   28.840637726228000      -0.36885710614786538     
   28.847177553376806      -0.36949391792700736     
   28.853717380525609      -0.37013036021223139     
   28.860257207674415      -0.37076643236709522     
   28.866797034823218      -0.37140213375552666     
   28.873336861972025      -0.37203746374182439     
   28.879876689120827      -0.37267242169065834     
   28.886416516269634      -0.37330700696707064     
   28.892956343418437      -0.37394121893647592     
   28.899496170567243      -0.37457505696466220     
   28.906035997716046      -0.37520852041779157     
   28.912575824864852      -0.37584160866240052     
   28.919115652013655      -0.37647432106540069     
   28.925655479162458      -0.37710665699407991     
   28.932195306311264      -0.37773861581610207     
   28.938735133460067      -0.37837019689950835     
   28.945274960608874      -0.37900139961271767     
   28.951814787757677      -0.37963222332452751     
   28.958354614906483      -0.38026266740411396     
   28.964894442055286      -0.38089273122103312     
   28.971434269204092      -0.38152241414522103     
   28.977974096352895      -0.38215171554699484     
   28.984513923501702      -0.38278063479705304     
   28.991053750650504      -0.38340917126647639     
   28.997593577799311      -0.38403732432672855     
   29.004133404948114      -0.38466509334965621     
   29.010673232096920      -0.38529247770749070     
   29.017213059245723      -0.38591947677284744     
   29.023752886394529      -0.38654608991872724     
   29.030292713543332      -0.38717231651851719     
   29.036832540692139      -0.38779815594599071     
   29.043372367840941      -0.38842360757530831     
   29.049912194989744      -0.38904867078101818     
   29.056452022138551      -0.38967334493805733     
   29.062991849287354      -0.39029762942175150     
   29.069531676436160      -0.39092152360781623     
   29.076071503584963      -0.39154502687235743     
   29.082611330733769      -0.39216813859187166     
   29.089151157882572      -0.39279085814324738     
   29.095690985031379      -0.39341318490376492     
   29.102230812180181      -0.39403511825109755     
   29.108770639328988      -0.39465665756331197     
   29.115310466477791      -0.39527780221886882     
   29.121850293626597      -0.39589855159662346     
   29.128390120775400      -0.39651890507582643     
   29.134929947924206      -0.39713886203612436     
   29.141469775073009      -0.39775842185756022     
   29.148009602221816      -0.39837758392057426     
   29.154549429370618      -0.39899634760600428     
   29.161089256519421      -0.39961471229508672     
   29.167629083668228      -0.40023267736945695     
   29.174168910817031      -0.40085024221114979     
   29.180708737965837      -0.40146740620260041     
   29.187248565114640      -0.40208416872664487     
   29.193788392263446      -0.40270052916652060     
   29.200328219412249      -0.40331648690586713     
   29.206868046561056      -0.40393204132872690     
   29.213407873709858      -0.40454719181954529     
   29.219947700858665      -0.40516193776317189     
   29.226487528007468      -0.40577627854486076     
   29.233027355156274      -0.40639021355027100     
   29.239567182305077      -0.40700374216546775     
   29.246107009453883      -0.40761686377692241     
   29.252646836602686      -0.40822957777151320     
   29.259186663751493      -0.40884188353652617     
   29.265726490900295      -0.40945378045965558     
   29.272266318049102      -0.41006526792900455     
   29.278806145197905      -0.41067634533308556     
   29.285345972346708      -0.41128701206082124     
   29.291885799495514      -0.41189726750154493     
   29.298425626644317      -0.41250711104500104     
   29.304965453793123      -0.41311654208134613     
   29.311505280941926      -0.41372556000114907     
   29.318045108090732      -0.41433416419539199     
   29.324584935239535      -0.41494235405547081     
   29.331124762388342      -0.41555012897319549     
   29.337664589537145      -0.41615748834079114     
   29.344204416685951      -0.41676443155089860     
   29.350744243834754      -0.41737095799657437     
   29.357284070983560      -0.41797706707129229     
   29.363823898132363      -0.41858275816894308     
   29.370363725281170      -0.41918803068383570     
   29.376903552429972      -0.41979288401069775     
   29.383443379578779      -0.42039731754467569     
   29.389983206727582      -0.42100133068133616     
   29.396523033876385      -0.42160492281666595     
   29.403062861025191      -0.42220809334707288     
   29.409602688173994      -0.42281084166938643     
   29.416142515322800      -0.42341316718085836     
   29.422682342471603      -0.42401506927916299     
   29.429222169620409      -0.42461654736239846     
   29.435761996769212      -0.42521760082908650     
   29.442301823918019      -0.42581822907817363     
   29.448841651066822      -0.42641843150903180     
   29.455381478215628      -0.42701820752145836     
   29.461921305364431      -0.42761755651567740     
   29.468461132513237      -0.42821647789233996     
   29.475000959662040      -0.42881497105252464     
   29.481540786810847      -0.42941303539773817     
   29.488080613959649      -0.43001067032991636     
   29.494620441108456      -0.43060787525142424     
   29.501160268257259      -0.43120464956505689     
   29.507700095406065      -0.43180099267403987     
   29.514239922554868      -0.43239690398203018     
   29.520779749703671      -0.43299238289311653     
   29.527319576852477      -0.43358742881181989     
   29.533859404001280      -0.43418204114309450     
   29.540399231150086      -0.43477621929232796     
   29.546939058298889      -0.43536996266534211     
   29.553478885447696      -0.43596327066839347     
   29.560018712596499      -0.43655614270817422     
   29.566558539745305      -0.43714857819181230     
   29.573098366894108      -0.43774057652687220     
   29.579638194042914      -0.43833213712135566     
   29.586178021191717      -0.43892325938370186     
   29.592717848340524      -0.43951394272278865     
   29.599257675489326      -0.44010418654793276     
   29.605797502638133      -0.44069399026889033     
   29.612337329786936      -0.44128335329585772     
   29.618877156935742      -0.44187227503947168     
   29.625416984084545      -0.44246075491081061     
   29.631956811233348      -0.44304879232139460     
   29.638496638382154      -0.44363638668318633     
   29.645036465530957      -0.44422353740859138     
   29.651576292679763      -0.44481024391045892     
   29.658116119828566      -0.44539650560208260     
   29.664655946977373      -0.44598232189720061     
   29.671195774126176      -0.44656769220999676     
   29.677735601274982      -0.44715261595510053     
   29.684275428423785      -0.44773709254758848     
   29.690815255572591      -0.44832112140298386     
   29.697355082721394      -0.44890470193725779     
   29.703894909870201      -0.44948783356682981     
   29.710434737019003      -0.45007051570856815     
   29.716974564167810      -0.45065274777979086     
   29.723514391316613      -0.45123452919826579     
   29.730054218465419      -0.45181585938221147     
   29.736594045614222      -0.45239673775029776     
   29.743133872763028      -0.45297716372164631     
   29.749673699911831      -0.45355713671583114     
   29.756213527060634      -0.45413665615287918     
   29.762753354209440      -0.45471572145327116     
   29.769293181358243      -0.45529433203794178     
   29.775833008507050      -0.45587248732828028     
   29.782372835655853      -0.45645018674613158     
   29.788912662804659      -0.45702742971379612     
   29.795452489953462      -0.45760421565403098     
   29.801992317102268      -0.45818054399005009     
   29.808532144251071      -0.45875641414552537     
   29.815071971399878      -0.45933182554458640     
   29.821611798548680      -0.45990677761182197     
   29.828151625697487      -0.46048126977227982     
   29.834691452846290      -0.46105530145146800     
   29.841231279995096      -0.46162887207535469     
   29.847771107143899      -0.46220198107036931     
   29.854310934292705      -0.46277462786340284     
   29.860850761441508      -0.46334681188180865     
   29.867390588590315      -0.46391853255340249     
   29.873930415739117      -0.46448978930646373     
   29.880470242887920      -0.46506058156973562     
   29.887010070036727      -0.46563090877242597     
   29.893549897185530      -0.46620077034420754     
   29.900089724334336      -0.46677016571521868     
   29.906629551483139      -0.46733909431606424     
   29.913169378631945      -0.46790755557781544     
   29.919709205780748      -0.46847554893201099     
   29.926249032929555      -0.46904307381065768     
   29.932788860078357      -0.46961012964623067     
   29.939328687227164      -0.47017671587167392     
   29.945868514375967      -0.47074283192040134     
   29.952408341524773      -0.47130847722629693     
   29.958948168673576      -0.47187365122371522     
   29.965487995822382      -0.47243835334748230     
   29.972027822971185      -0.47300258303289600     
   29.978567650119992      -0.47356633971572654     
   29.985107477268794      -0.47412962283221743     
   29.991647304417597      -0.47469243181908549     
   29.998187131566404      -0.47525476611352169     
   30.004726958715207      -0.47581662515319190     
   30.011266785864013      -0.47637800837623689     
   30.017806613012816      -0.47693891522127352     
   30.024346440161622      -0.47749934512739478     
   30.030886267310425      -0.47805929753417103     
   30.037426094459232      -0.47861877188164970     
   30.043965921608034      -0.47917776761035658     
   30.050505748756841      -0.47973628416129582     
   30.057045575905644      -0.48029432097595076     
   30.063585403054450      -0.48085187749628477     
   30.070125230203253      -0.48140895316474125     
   30.076665057352059      -0.48196554742424463     
   30.083204884500862      -0.48252165971820049     
   30.089744711649669      -0.48307728949049666     
   30.096284538798471      -0.48363243618550328     
   30.102824365947278      -0.48418709924807379     
   30.109364193096081      -0.48474127812354501     
   30.115904020244884      -0.48529497225773816     
   30.122443847393690      -0.48584818109695899     
   30.128983674542493      -0.48640090408799880     
   30.135523501691299      -0.48695314067813450     
   30.142063328840102      -0.48750489031512950     
   30.148603155988908      -0.48805615244723421     
   30.155142983137711      -0.48860692652318649     
   30.161682810286518      -0.48915721199221224     
   30.168222637435321      -0.48970700830402597     
   30.174762464584127      -0.49025631490883148     
   30.181302291732930      -0.49080513125732206     
   30.187842118881736      -0.49135345680068138     
   30.194381946030539      -0.49190129099058377     
   30.200921773179346      -0.49244863327919525     
   30.207461600328148      -0.49299548311917341     
   30.214001427476955      -0.49354183996366852     
   30.220541254625758      -0.49408770326632356     
   30.227081081774561      -0.49463307248127542     
   30.233620908923367      -0.49517794706315477     
   30.240160736072170      -0.49572232646708708     
   30.246700563220976      -0.49626621014869288     
   30.253240390369779      -0.49680959756408866     
   30.259780217518585      -0.49735248816988681     
   30.266320044667388      -0.49789488142319677     
   30.272859871816195      -0.49843677678162535     
   30.279399698964998      -0.49897817370327713     
   30.285939526113804      -0.49951907164675524     
   30.292479353262607      -0.50005947007116169     
   30.299019180411413      -0.50059936843609798     
   30.305559007560216      -0.50113876620166586     
   30.312098834709023      -0.50167766282846760     
   30.318638661857825      -0.50221605777760636     
   30.325178489006632      -0.50275395051068739     
   30.331718316155435      -0.50329134048981794     
   30.338258143304241      -0.50382822717760800     
   30.344797970453044      -0.50436461003717081     
   30.351337797601847      -0.50490048853212355     
   30.357877624750653      -0.50543586212658786     
   30.364417451899456      -0.50597073028519002     
   30.370957279048262      -0.50650509247306197     
   30.377497106197065      -0.50703894815584138     
   30.384036933345872      -0.50757229679967253     
   30.390576760494675      -0.50810513787120704     
   30.397116587643481      -0.50863747083760369     
   30.403656414792284      -0.50916929516652931     
   30.410196241941090      -0.50970061032615988     
   30.416736069089893      -0.51023141578518005     
   30.423275896238700      -0.51076171101278456     
   30.429815723387502      -0.51129149547867792     
   30.436355550536309      -0.51182076865307591     
   30.442895377685112      -0.51234953000670524     
   30.449435204833918      -0.51287777901080445     
   30.455975031982721      -0.51340551513712473     
   30.462514859131524      -0.51393273785792981     
   30.469054686280330      -0.51445944664599708     
   30.475594513429133      -0.51498564097461774     
   30.482134340577939      -0.51551132031759739     
   30.488674167726742      -0.51603648414925662     
   30.495213994875549      -0.51656113194443176     
   30.501753822024352      -0.51708526317847492     
   30.508293649173158      -0.51760887732725491     
   30.514833476321961      -0.51813197386715781     
   30.521373303470767      -0.51865455227508661     
   30.527913130619570      -0.51917661202846310     
   30.534452957768377      -0.51969815260522756     
   30.540992784917179      -0.52021917348383950     
   30.547532612065986      -0.52073967414327793     
   30.554072439214789      -0.52125965406304220     
   30.560612266363595      -0.52177911272315236     
   30.567152093512398      -0.52229804960414983     
   30.573691920661204      -0.52281646418709760     
   30.580231747810007      -0.52333435595358124     
   30.586771574958810      -0.52385172438570893     
   30.593311402107616      -0.52436856896611239     
   30.599851229256419      -0.52488488917794673     
   30.606391056405226      -0.52540068450489197     
   30.612930883554029      -0.52591595443115269     
   30.619470710702835      -0.52643069844145896     
   30.626010537851638      -0.52694491602106674     
   30.632550365000444      -0.52745860665575850     
   30.639090192149247      -0.52797176983184368     
   30.645630019298054      -0.52848440503615901     
   30.652169846446856      -0.52899651175606921     
   30.658709673595663      -0.52950808947946770     
   30.665249500744466      -0.53001913769477682     
   30.671789327893272      -0.53052965589094814     
   30.678329155042075      -0.53103964355746358     
   30.684868982190881      -0.53154910018433554     
   30.691408809339684      -0.53205802526210733     
   30.697948636488491      -0.53256641828185369     
   30.704488463637293      -0.53307427873518198     
   30.711028290786096      -0.53358160611423133     
   30.717568117934903      -0.53408839991167478     
   30.724107945083706      -0.53459465962071817     
   30.730647772232512      -0.53510038473510202     
   30.737187599381315      -0.53560557474910098     
   30.743727426530121      -0.53611022915752538     
   30.750267253678924      -0.53661434745572056     
   30.756807080827731      -0.53711792913956846     
   30.763346907976533      -0.53762097370548723     
   30.769886735125340      -0.53812348065043225     
   30.776426562274143      -0.53862544947189650     
   30.782966389422949      -0.53912687966791151     
   30.789506216571752      -0.53962777073704671     
   30.796046043720558      -0.54012812217841122     
   30.802585870869361      -0.54062793349165350     
   30.809125698018168      -0.54112720417696236     
   30.815665525166970      -0.54162593373506707     
   30.822205352315773      -0.54212412166723800     
   30.828745179464580      -0.54262176747528712     
   30.835285006613383      -0.54311887066156894     
   30.841824833762189      -0.54361543072898000     
   30.848364660910992      -0.54411144718096038     
   30.854904488059798      -0.54460691952149354     
   30.861444315208601      -0.54510184725510713     
   30.867984142357408      -0.54559622988687362     
   30.874523969506210      -0.54609006692241024     
   30.881063796655017      -0.54658335786787982     
   30.887603623803820      -0.54707610222999159     
   30.894143450952626      -0.54756829951600106     
   30.900683278101429      -0.54805994923371104     
   30.907223105250235      -0.54855105089147183     
   30.913762932399038      -0.54904160399818169     
   30.920302759547845      -0.54953160806328760     
   30.926842586696647      -0.55002106259678540     
   30.933382413845454      -0.55050996710922062     
   30.939922240994257      -0.55099832111168878     
   30.946462068143060      -0.55148612411583575     
   30.953001895291866      -0.55197337563385873     
   30.959541722440669      -0.55246007517850604     
   30.966081549589475      -0.55294622226307821     
   30.972621376738278      -0.55343181640142802     
   30.979161203887084      -0.55391685710796146     
   30.985701031035887      -0.55440134389763784     
   30.992240858184694      -0.55488527628597029     
   30.998780685333497      -0.55536865378902645     
   31.005320512482303      -0.55585147592342887     
   31.011860339631106      -0.55633374220635534     
   31.018400166779912      -0.55681545215553963     
   31.024939993928715      -0.55729660528927183     
   31.031479821077522      -0.55777720112639861     
   31.038019648226324      -0.55825723918632453     
   31.044559475375131      -0.55873671898901101     
   31.051099302523934      -0.55921564005497859     
   31.057639129672737      -0.55969400190530627     
   31.064178956821543      -0.56017180406163192     
   31.070718783970346      -0.56064904604615362     
   31.077258611119152      -0.56112572738162914     
   31.083798438267955      -0.56160184759137743     
   31.090338265416761      -0.56207740619927804     
   31.096878092565564      -0.56255240272977247     
   31.103417919714371      -0.56302683670786424     
   31.109957746863174      -0.56350070765911930     
   31.116497574011980      -0.56397401510966672     
   31.123037401160783      -0.56444675858619897     
   31.129577228309589      -0.56491893761597267     
   31.136117055458392      -0.56539055172680874     
   31.142656882607199      -0.56586160044709299     
   31.149196709756001      -0.56633208330577689     
   31.155736536904808      -0.56680199983237745     
   31.162276364053611      -0.56727134955697822     
   31.168816191202417      -0.56774013201022933     
   31.175356018351220      -0.56820834672334852     
   31.181895845500023      -0.56867599322812101     
   31.188435672648829      -0.56914307105690021     
   31.194975499797632      -0.56960957974260840     
   31.201515326946438      -0.57007551881873675     
   31.208055154095241      -0.57054088781934642     
   31.214594981244048      -0.57100568627906834     
   31.221134808392851      -0.57146991373310385     
   31.227674635541657      -0.57193356971722564     
   31.234214462690460      -0.57239665376777771     
   31.240754289839266      -0.57285916542167614     
   31.247294116988069      -0.57332110421640903     
   31.253833944136876      -0.57378246969003766     
   31.260373771285678      -0.57424326138119663     
   31.266913598434485      -0.57470347882909423     
   31.273453425583288      -0.57516312157351301     
   31.279993252732094      -0.57562218915481012     
   31.286533079880897      -0.57608068111391797     
   31.293072907029700      -0.57653859699234478     
   31.299612734178506      -0.57699593633217461     
   31.306152561327309      -0.57745269867606808     
   31.312692388476115      -0.57790888356726278     
   31.319232215624918      -0.57836449054957406     
   31.325772042773725      -0.57881951916739471     
   31.332311869922528      -0.57927396896569616     
   31.338851697071334      -0.57972783949002871     
   31.345391524220137      -0.58018113028652174     
   31.351931351368943      -0.58063384090188441     
   31.358471178517746      -0.58108597088340619     
   31.365011005666553      -0.58153751977895707     
   31.371550832815355      -0.58198848713698836     
   31.378090659964162      -0.58243887250653237     
   31.384630487112965      -0.58288867543720391     
   31.391170314261771      -0.58333789547920001     
   31.397710141410574      -0.58378653218330068     
   31.404249968559380      -0.58423458510086901     
   31.410789795708183      -0.58468205378385241     
   31.417329622856986      -0.58512893778478192     
   31.423869450005792      -0.58557523665677369     
   31.430409277154595      -0.58602094995352882     
   31.436949104303402      -0.58646607722933397     
   31.443488931452205      -0.58691061803906175     
   31.450028758601011      -0.58735457193817153     
   31.456568585749814      -0.58779793848270945     
   31.463108412898620      -0.58824071722930882     
   31.469648240047423      -0.58868290773519094     
   31.476188067196230      -0.58912450955816531     
   31.482727894345032      -0.58956552225663017     
   31.489267721493839      -0.59000594538957274     
   31.495807548642642      -0.59044577851656999     
   31.502347375791448      -0.59088502119778863     
   31.508887202940251      -0.59132367299398614     
   31.515427030089057      -0.59176173346651062     
   31.521966857237860      -0.59219920217730160     
   31.528506684386663      -0.59263607868889034     
   31.535046511535469      -0.59307236256440021     
   31.541586338684272      -0.59350805336754775     
   31.548126165833079      -0.59394315066264181     
   31.554665992981882      -0.59437765401458531     
   31.561205820130688      -0.59481156298887472     
   31.567745647279491      -0.59524487715160113     
   31.574285474428297      -0.59567759606945048     
   31.580825301577100      -0.59610971930970369     
   31.587365128725907      -0.59654124644023765     
   31.593904955874709      -0.59697217702952510     
   31.600444783023516      -0.59740251064663552     
   31.606984610172319      -0.59783224686123537     
   31.613524437321125      -0.59826138524358818     
   31.620064264469928      -0.59868992536455590     
   31.626604091618734      -0.59911786679559820     
   31.633143918767537      -0.59954520910877374     
   31.639683745916344      -0.59997195187674002     
   31.646223573065146      -0.60039809467275451     
   31.652763400213949      -0.60082363707067432     
   31.659303227362756      -0.60124857864495695     
   31.665843054511559      -0.60167291897066111     
   31.672382881660365      -0.60209665762344622     
   31.678922708809168      -0.60251979417957380     
   31.685462535957974      -0.60294232821590710     
   31.692002363106777      -0.60336425930991233     
   31.698542190255584      -0.60378558703965812     
   31.705082017404386      -0.60420631098381683     
   31.711621844553193      -0.60462643072166466     
   31.718161671701996      -0.60504594583308191     
   31.724701498850802      -0.60546485589855326     
   31.731241325999605      -0.60588316049916868     
   31.737781153148411      -0.60630085921662358     
   31.744320980297214      -0.60671795163321940     
   31.750860807446021      -0.60713443733186345     
   31.757400634594823      -0.60755031589607023     
   31.763940461743630      -0.60796558690996105     
   31.770480288892433      -0.60838024995826501     
   31.777020116041236      -0.60879430462631912     
   31.783559943190042      -0.60920775050006837     
   31.790099770338845      -0.60962058716606726     
   31.796639597487651      -0.61003281421147892     
   31.803179424636454      -0.61044443122407632     
   31.809719251785260      -0.61085543779224249     
   31.816259078934063      -0.61126583350497088     
   31.822798906082870      -0.61167561795186576     
   31.829338733231673      -0.61208479072314270     
   31.835878560380479      -0.61249335140962891     
   31.842418387529282      -0.61290129960276374     
   31.848958214678088      -0.61330863489459897     
   31.855498041826891      -0.61371535687779932     
   31.862037868975698      -0.61412146514564270     
   31.868577696124500      -0.61452695929202095     
   31.875117523273307      -0.61493183891143999     
   31.881657350422110      -0.61533610359902013     
   31.888197177570913      -0.61573975295049654     
   31.894737004719719      -0.61614278656222010     
   31.901276831868522      -0.61654520403115720     
   31.907816659017328      -0.61694700495489008     
   31.914356486166131      -0.61734818893161802     
   31.920896313314937      -0.61774875556015707     
   31.927436140463740      -0.61814870443994052     
   31.933975967612547      -0.61854803517101964     
   31.940515794761350      -0.61894674735406363     
   31.947055621910156      -0.61934484059036021     
   31.953595449058959      -0.61974231448181616     
   31.960135276207765      -0.62013916863095764     
   31.966675103356568      -0.62053540264093043     
   31.973214930505375      -0.62093101611550061     
   31.979754757654177      -0.62132600865905474     
   31.986294584802984      -0.62172037987660000     
   31.992834411951787      -0.62211412937376542     
   31.999374239100593      -0.62250725675680152     
   32.005914066249396      -0.62289976163258076     
   32.012453893398202      -0.62329164360859846     
   32.018993720547002      -0.62368290229297252     
   32.025533547695808      -0.62407353729444426     
   32.032073374844614      -0.62446354822237882     
   32.038613201993421      -0.62485293468676506     
   32.045153029142220      -0.62524169629821669     
   32.051692856291027      -0.62562983266797190     
   32.058232683439833      -0.62601734340789450     
   32.064772510588639      -0.62640422813047369     
   32.071312337737439      -0.62679048644882485     
   32.077852164886245      -0.62717611797668948     
   32.084391992035052      -0.62756112232843619     
   32.090931819183858      -0.62794549911906039     
   32.097471646332657      -0.62832924796418554     
   32.104011473481464      -0.62871236848006273     
   32.110551300630270      -0.62909486028357131     
   32.117091127779076      -0.62947672299221968     
   32.123630954927876      -0.62985795622414509     
   32.130170782076682      -0.63023855959811426     
   32.136710609225489      -0.63061853273352386     
   32.143250436374288      -0.63099787525040074     
   32.149790263523094      -0.63137658676940234     
   32.156330090671901      -0.63175466691181714     
   32.162869917820707      -0.63213211529956503     
   32.169409744969506      -0.63250893155519761     
   32.175949572118313      -0.63288511530189873     
   32.182489399267119      -0.63326066616348442     
   32.189029226415926      -0.63363558376440399     
   32.195569053564725      -0.63400986772973966     
   32.202108880713531      -0.63438351768520773     
   32.208648707862338      -0.63475653325715808     
   32.215188535011144      -0.63512891407257510     
   32.221728362159944      -0.63550065975907821     
   32.228268189308750      -0.63587176994492145     
   32.234808016457556      -0.63624224425899478     
   32.241347843606356      -0.63661208233082378     
   32.247887670755162      -0.63698128379057051     
   32.254427497903968      -0.63734984826903340     
   32.260967325052775      -0.63771777539764807     
   32.267507152201574      -0.63808506480848737     
   32.274046979350381      -0.63845171613426177     
   32.280586806499187      -0.63881772900832012     
   32.287126633647993      -0.63918310306464943     
   32.293666460796793      -0.63954783793787584     
   32.300206287945599      -0.63991193326326412     
   32.306746115094406      -0.64027538867671918     
   32.313285942243212      -0.64063820381478553     
   32.319825769392011      -0.64100037831464807     
   32.326365596540818      -0.64136191181413238     
   32.332905423689624      -0.64172280395170478     
   32.339445250838430      -0.64208305436647317     
   32.345985077987230      -0.64244266269818728     
   32.352524905136036      -0.64280162858723855     
   32.359064732284843      -0.64315995167466133     
   32.365604559433642      -0.64351763160213249     
   32.372144386582448      -0.64387466801197191     
   32.378684213731255      -0.64423106054714341     
   32.385224040880061      -0.64458680885125441     
   32.391763868028860      -0.64494191256855660     
   32.398303695177667      -0.64529637134394624     
   32.404843522326473      -0.64565018482296443     
   32.411383349475280      -0.64600335265179776     
   32.417923176624079      -0.64635587447727860     
   32.424463003772885      -0.64670774994688485     
   32.431002830921692      -0.64705897870874118     
   32.437542658070498      -0.64740956041161879     
   32.444082485219297      -0.64775949470493588     
   32.450622312368104      -0.64810878123875848     
   32.457162139516910      -0.64845741966379966     
   32.463701966665717      -0.64880540963142130     
   32.470241793814516      -0.64915275079363322     
   32.476781620963322      -0.64949944280309446     
   32.483321448112129      -0.64984548531311281     
   32.489861275260928      -0.65019087797764585     
   32.496401102409735      -0.65053562045130098     
   32.502940929558541      -0.65087971238933562     
   32.509480756707347      -0.65122315344765780     
   32.516020583856147      -0.65156594328282658     
   32.522560411004953      -0.65190808155205204     
   32.529100238153760      -0.65224956791319599     
   32.535640065302566      -0.65259040202477203     
   32.542179892451365      -0.65293058354594602     
   32.548719719600172      -0.65327011213653641     
   32.555259546748978      -0.65360898745701468     
   32.561799373897784      -0.65394720916850557     
   32.568339201046584      -0.65428477693278719     
   32.574879028195390      -0.65462169041229190     
   32.581418855344197      -0.65495794927010620     
   32.587958682493003      -0.65529355316997118     
   32.594498509641802      -0.65562850177628296     
   32.601038336790609      -0.65596279475409314     
   32.607578163939415      -0.65629643176910846     
   32.614117991088214      -0.65662941248769202     
   32.620657818237021      -0.65696173657686319     
   32.627197645385827      -0.65729340370429767     
   32.633737472534634      -0.65762441353832846     
   32.640277299683433      -0.65795476574794576     
   32.646817126832239      -0.65828446000279728     
   32.653356953981046      -0.65861349597318886     
   32.659896781129852      -0.65894187333008436     
   32.666436608278651      -0.65926959174510658     
   32.672976435427458      -0.65959665089053710     
   32.679516262576264      -0.65992305043931665     
   32.686056089725071      -0.66024879006504578     
   32.692595916873870      -0.66057386944198482     
   32.699135744022676      -0.66089828824505437     
   32.705675571171483      -0.66122204614983571     
   32.712215398320289      -0.66154514283257093     
   32.718755225469089      -0.66186757797016316     
   32.725295052617895      -0.66218935124017764     
   32.731834879766701      -0.66251046232084077     
   32.738374706915501      -0.66283091089104151     
   32.744914534064307      -0.66315069663033133     
   32.751454361213113      -0.66346981921892467     
   32.757994188361920      -0.66378827833769871     
   32.764534015510719      -0.66410607366819452     
   32.771073842659526      -0.66442320489261653     
   32.777613669808332      -0.66473967169383374     
   32.784153496957138      -0.66505547375537921     
   32.790693324105938      -0.66537061076145099     
   32.797233151254744      -0.66568508239691204     
   32.803772978403551      -0.66599888834729071     
   32.810312805552357      -0.66631202829878089     
   32.816852632701156      -0.66662450193824285     
   32.823392459849963      -0.66693630895320288     
   32.829932286998769      -0.66724744903185396     
   32.836472114147568      -0.66755792186305607     
   32.843011941296375      -0.66786772713633624     
   32.849551768445181      -0.66817686454188929     
   32.856091595593988      -0.66848533377057773     
   32.862631422742787      -0.66879313451393252     
   32.869171249891593      -0.66910026646415277     
   32.875711077040400      -0.66940672931410661     
   32.882250904189206      -0.66971252275733106     
   32.888790731338005      -0.67001764648803275     
   32.895330558486812      -0.67032210020108807     
   32.901870385635618      -0.67062588359204300     
   32.908410212784425      -0.67092899635711445     
   32.914950039933224      -0.67123143819318953     
   32.921489867082030      -0.67153320879782641     
   32.928029694230837      -0.67183430786925469     
   32.934569521379643      -0.67213473510637489     
   32.941109348528443      -0.67243449020876001     
   32.947649175677249      -0.67273357287665492     
   32.954189002826055      -0.67303198281097709     
   32.960728829974855      -0.67332971971331623     
   32.967268657123661      -0.67362678328593573     
   32.973808484272467      -0.67392317323177209     
   32.980348311421274      -0.67421888925443507     
   32.986888138570073      -0.67451393105820889     
   32.993427965718880      -0.67480829834805167     
   32.999967792867686      -0.67510199082959610     
   33.006507620016492      -0.67539500820914966     
   33.013047447165292      -0.67568735019369497     
   33.019587274314098      -0.67597901649089009     
   33.026127101462905      -0.67627000680906879     
   33.032666928611711      -0.67656032085724060     
   33.039206755760510      -0.67684995834509165     
   33.045746582909317      -0.67713891898298428     
   33.052286410058123      -0.67742720248195809     
   33.058826237206929      -0.67771480855372934     
   33.065366064355729      -0.67800173691069210     
   33.071905891504535      -0.67828798726591799     
   33.078445718653342      -0.67857355933315655     
   33.084985545802141      -0.67885845282683577     
   33.091525372950947      -0.67914266746206209     
   33.098065200099754      -0.67942620295462097     
   33.104605027248560      -0.67970905902097689     
   33.111144854397359      -0.67999123537827377     
   33.117684681546166      -0.68027273174433522     
   33.124224508694972      -0.68055354783766508     
   33.130764335843779      -0.68083368337744699     
   33.137304162992578      -0.68111313808354546     
   33.143843990141384      -0.68139191167650592     
   33.150383817290191      -0.68167000387755461     
   33.156923644438997      -0.68194741440859952     
   33.163463471587797      -0.68222414299223000     
   33.170003298736603      -0.68250018935171741     
   33.176543125885409      -0.68277555321101557     
   33.183082953034216      -0.68305023429476042     
   33.189622780183015      -0.68332423232827100     
   33.196162607331821      -0.68359754703754927     
   33.202702434480628      -0.68387017814928053     
   33.209242261629427      -0.68414212539083363     
   33.215782088778234      -0.68441338849026145     
   33.222321915927040      -0.68468396717630065     
   33.228861743075846      -0.68495386117837276     
   33.235401570224646      -0.68522307022658369     
   33.241941397373452      -0.68549159405172433     
   33.248481224522259      -0.68575943238527093     
   33.255021051671065      -0.68602658495938518     
   33.261560878819864      -0.68629305150691433     
   33.268100705968671      -0.68655883176139210     
   33.274640533117477      -0.68682392545703808     
   33.281180360266283      -0.68708833232875854     
   33.287720187415083      -0.68735205211214667     
   33.294260014563889      -0.68761508454348264     
   33.300799841712696      -0.68787742935973417     
   33.307339668861495      -0.68813908629855636     
   33.313879496010301      -0.68840005509829216     
   33.320419323159108      -0.68866033549797290     
   33.326959150307914      -0.68891992723731810     
   33.333498977456713      -0.68917883005673619     
   33.340038804605520      -0.68943704369732417     
   33.346578631754326      -0.68969456790086847     
   33.353118458903133      -0.68995140240984498     
   33.359658286051932      -0.69020754696741893     
   33.366198113200738      -0.69046300131744598     
   33.372737940349545      -0.69071776520447170     
   33.379277767498351      -0.69097183837373222     
   33.385817594647150      -0.69122522057115432     
   33.392357421795957      -0.69147791154335603     
   33.398897248944763      -0.69172991103764603     
   33.405437076093570      -0.69198121880202512     
   33.411976903242369      -0.69223183458518522     
   33.418516730391175      -0.69248175813651081     
   33.425056557539982      -0.69273098920607823     
   33.431596384688781      -0.69297952754465642     
   33.438136211837588      -0.69322737290370706     
   33.444676038986394      -0.69347452503538487     
   33.451215866135200      -0.69372098369253754     
   33.457755693284000      -0.69396674862870655     
   33.464295520432806      -0.69421181959812683     
   33.470835347581612      -0.69445619635572764     
   33.477375174730419      -0.69469987865713201     
   33.483915001879218      -0.69494286625865787     
   33.490454829028025      -0.69518515891731736     
   33.496994656176831      -0.69542675639081797     
   33.503534483325637      -0.69566765843756218     
   33.510074310474437      -0.69590786481664779     
   33.516614137623243      -0.69614737528786863     
   33.523153964772050      -0.69638618961171428     
   33.529693791920856      -0.69662430754937021     
   33.536233619069655      -0.69686172886271858     
   33.542773446218462      -0.69709845331433806     
   33.549313273367268      -0.69733448066750436     
   33.555853100516067      -0.69756981068618995     
   33.562392927664874      -0.69780444313506473     
   33.568932754813680      -0.69803837777949640     
   33.575472581962487      -0.69827161438555030     
   33.582012409111286      -0.69850415271998989     
   33.588552236260092      -0.69873599255027663     
   33.595092063408899      -0.69896713364457086     
   33.601631890557705      -0.69919757577173147     
   33.608171717706504      -0.69942731870131625     
   33.614711544855311      -0.69965636220358240     
   33.621251372004117      -0.69988470604948638     
   33.627791199152924      -0.70011235001068428     
   33.634331026301723      -0.70033929385953220     
   33.640870853450529      -0.70056553736908622     
   33.647410680599336      -0.70079108031310278     
   33.653950507748142      -0.70101592246603917     
   33.660490334896942      -0.70124006360305302     
   33.667030162045748      -0.70146350350000342     
   33.673569989194554      -0.70168624193345008     
   33.680109816343354      -0.70190827868065497     
   33.686649643492160      -0.70212961351958125     
   33.693189470640966      -0.70235024622889386     
   33.699729297789773      -0.70257017658796039     
   33.706269124938572      -0.70278940437685022     
   33.712808952087379      -0.70300792937633572     
   33.719348779236185      -0.70322575136789178     
   33.725888606384991      -0.70344287013369666     
   33.732428433533791      -0.70365928545663115     
   33.738968260682597      -0.70387499712028023     
   33.745508087831404      -0.70409000490893237     
   33.752047914980210      -0.70430430860757953     
   33.758587742129009      -0.70451790800191794     
   33.765127569277816      -0.70473080287834844     
   33.771667396426622      -0.70494299302397601     
   33.778207223575428      -0.70515447822661059     
   33.784747050724228      -0.70536525827476704     
   33.791286877873034      -0.70557533295766506     
   33.797826705021841      -0.70578470206523025     
   33.804366532170640      -0.70599336538809332     
   33.810906359319446      -0.70620132271759084     
   33.817446186468253      -0.70640857384576572     
   33.823986013617059      -0.70661511856536685     
   33.830525840765858      -0.70682095666984923     
   33.837065667914665      -0.70702608795337507     
   33.843605495063471      -0.70723051221081290     
   33.850145322212278      -0.70743422923773858     
   33.856685149361077      -0.70763723883043494     
   33.863224976509883      -0.70783954078589251     
   33.869764803658690      -0.70804113490180931     
   33.876304630807496      -0.70824202097659128     
   33.882844457956296      -0.70844219880935222     
   33.889384285105102      -0.70864166819991437     
   33.895924112253908      -0.70884042894880828     
   33.902463939402708      -0.70903848085727328     
   33.909003766551514      -0.70923582372725746     
   33.915543593700320      -0.70943245736141791     
   33.922083420849127      -0.70962838156312091     
   33.928623247997926      -0.70982359613644253     
   33.935163075146733      -0.71001810088616790     
   33.941702902295539      -0.71021189561779241     
   33.948242729444345      -0.71040498013752140     
   33.954782556593145      -0.71059735425227000     
   33.961322383741951      -0.71078901776966452     
   33.967862210890758      -0.71097997049804118     
   33.974402038039564      -0.71117021224644750     
   33.980941865188363      -0.71135974282464143     
   33.987481692337170      -0.71154856204309269     
   33.994021519485976      -0.71173666971298188     
   34.000561346634782      -0.71192406564620125     
   34.007101173783582      -0.71211074965535515     
   34.013641000932388      -0.71229672155375945     
   34.020180828081195      -0.71248198115544203     
   34.026720655229994      -0.71266652827514354     
   34.033260482378800      -0.71285036272831659     
   34.039800309527607      -0.71303348433112701     
   34.046340136676413      -0.71321589290045306     
   34.052879963825212      -0.71339758825388633     
   34.059419790974019      -0.71357857020973126     
   34.065959618122825      -0.71375883858700595     
   34.072499445271632      -0.71393839320544228     
   34.079039272420431      -0.71411723388548531     
   34.085579099569237      -0.71429536044829445     
   34.092118926718044      -0.71447277271574317     
   34.098658753866850      -0.71464947051041916     
   34.105198581015649      -0.71482545365562467     
   34.111738408164456      -0.71500072197537667     
   34.118278235313262      -0.71517527529440661     
   34.124818062462069      -0.71534911343816121     
   34.131357889610868      -0.71552223623280242     
   34.137897716759674      -0.71569464350520740     
   34.144437543908481      -0.71586633508296882     
   34.150977371057280      -0.71603731079439537     
   34.157517198206087      -0.71620757046851091     
   34.164057025354893      -0.71637711393505610     
   34.170596852503699      -0.71654594102448743     
   34.177136679652499      -0.71671405156797774     
   34.183676506801305      -0.71688144539741638     
   34.190216333950112      -0.71704812234540971     
   34.196756161098918      -0.71721408224528060     
   34.203295988247717      -0.71737932493106926     
   34.209835815396524      -0.71754385023753298     
   34.216375642545330      -0.71770765800014646     
   34.222915469694136      -0.71787074805510187     
   34.229455296842936      -0.71803312023930932     
   34.235995123991742      -0.71819477439039647     
   34.242534951140549      -0.71835571034670909     
   34.249074778289355      -0.71851592794731145     
   34.255614605438154      -0.71867542703198584     
   34.262154432586961      -0.71883420744123327     
   34.268694259735767      -0.71899226901627322     
   34.275234086884566      -0.71914961159904400     
   34.281773914033373      -0.71930623503220337     
   34.288313741182179      -0.71946213915912771     
   34.294853568330986      -0.71961732382391286     
   34.301393395479785      -0.71977178887137416     
   34.307933222628591      -0.71992553414704674     
   34.314473049777398      -0.72007855949718502     
   34.321012876926204      -0.72023086476876386     
   34.327552704075003      -0.72038244980947796     
   34.334092531223810      -0.72053331446774216     
   34.340632358372616      -0.72068345859269201     
   34.347172185521423      -0.72083288203418328     
   34.353712012670222      -0.72098158464279238     
   34.360251839819028      -0.72112956626981695     
   34.366791666967835      -0.72127682676727523     
   34.373331494116634      -0.72142336598790668     
   34.379871321265441      -0.72156918378517210     
   34.386411148414247      -0.72171428001325388     
   34.392950975563053      -0.72185865452705555     
   34.399490802711853      -0.72200230718220282     
   34.406030629860659      -0.72214523783504270     
   34.412570457009465      -0.72228744634264486     
   34.419110284158272      -0.72242893256280072     
   34.425650111307071      -0.72256969635402413     
   34.432189938455878      -0.72270973757555101     
   34.438729765604684      -0.72284905608734040     
   34.445269592753490      -0.72298765175007373     
   34.451809419902290      -0.72312552442515510     
   34.458349247051096      -0.72326267397471233     
   34.464889074199903      -0.72339910026159548     
   34.471428901348709      -0.72353480314937846     
   34.477968728497508      -0.72366978250235814     
   34.484508555646315      -0.72380403818555539     
   34.491048382795121      -0.72393757006471449     
   34.497588209943920      -0.72407037800630347     
   34.504128037092727      -0.72420246187751458     
   34.510667864241533      -0.72433382154626369     
   34.517207691390340      -0.72446445688119132     
   34.523747518539139      -0.72459436775166197     
   34.530287345687945      -0.72472355402776489     
   34.536827172836752      -0.72485201558031376     
   34.543366999985558      -0.72497975228084710     
   34.549906827134357      -0.72510676400162810     
   34.556446654283164      -0.72523305061564514     
   34.562986481431970      -0.72535861199661167     
   34.569526308580777      -0.72548344801896603     
   34.576066135729576      -0.72560755855787240     
   34.582605962878382      -0.72573094348922018     
   34.589145790027189      -0.72585360268962462     
   34.595685617175995      -0.72597553603642628     
   34.602225444324795      -0.72609674340769181     
   34.608765271473601      -0.72621722468221406     
   34.615305098622407      -0.72633697973951150     
   34.621844925771207      -0.72645600845982927     
   34.628384752920013      -0.72657431072413869     
   34.634924580068819      -0.72669188641413729     
   34.641464407217626      -0.72680873541224955     
   34.648004234366425      -0.72692485760162640     
   34.654544061515232      -0.72704025286614571     
   34.661083888664038      -0.72715492109041202     
   34.667623715812844      -0.72726886215975728     
   34.674163542961644      -0.72738207596024040     
   34.680703370110450      -0.72749456237864762     
   34.687243197259257      -0.72760632130249225     
   34.693783024408063      -0.72771735262001580     
   34.700322851556862      -0.72782765622018653     
   34.706862678705669      -0.72793723199270111     
   34.713402505854475      -0.72804607982798375     
   34.719942333003281      -0.72815419961718642     
   34.726482160152081      -0.72826159125218959     
   34.733021987300887      -0.72836825462560140     
   34.739561814449694      -0.72847418963075872     
   34.746101641598493      -0.72857939616172629     
   34.752641468747299      -0.72868387411329782     
   34.759181295896106      -0.72878762338099523     
   34.765721123044912      -0.72889064386106917     
   34.772260950193711      -0.72899293545049937     
   34.778800777342518      -0.72909449804699411     
   34.785340604491324      -0.72919533154899074     
   34.791880431640131      -0.72929543585565593     
   34.798420258788930      -0.72939481086688518     
   34.804960085937736      -0.72949345648330355     
   34.811499913086543      -0.72959137260626550     
   34.818039740235349      -0.72968855913785491     
   34.824579567384149      -0.72978501598088519     
   34.831119394532955      -0.72988074303889949     
   34.837659221681761      -0.72997574021617062     
   34.844199048830568      -0.73007000741770156     
   34.850738875979367      -0.73016354454922516     
   34.857278703128173      -0.73025635151720403     
   34.863818530276980      -0.73034842822883139     
   34.870358357425779      -0.73043977459203058     
   34.876898184574586      -0.73053039051545510     
   34.883438011723392      -0.73062027590848921     
   34.889977838872198      -0.73070943068124738     
   34.896517666020998      -0.73079785474457493     
   34.903057493169804      -0.73088554801004768     
   34.909597320318611      -0.73097251038997235     
   34.916137147467417      -0.73105874179738672     
   34.922676974616216      -0.73114424214605933     
   34.929216801765023      -0.73122901135048968     
   34.935756628913829      -0.73131304932590868     
   34.942296456062635      -0.73139635598827846     
   34.948836283211435      -0.73147893125429220     
   34.955376110360241      -0.73156077504137462     
   34.961915937509048      -0.73164188726768198     
   34.968455764657847      -0.73172226785210215     
   34.974995591806653      -0.73180191671425443     
   34.981535418955460      -0.73188083377448998     
   34.988075246104266      -0.73195901895389170     
   34.994615073253065      -0.73203647217427448     
   35.001154900401872      -0.73211319335818514     
   35.007694727550678      -0.73218918242890241     
   35.014234554699485      -0.73226443931043728     
   35.020774381848284      -0.73233896392753284     
   35.027314208997090      -0.73241275620566437     
   35.033854036145897      -0.73248581607103980     
   35.040393863294703      -0.73255814345059911     
   35.046933690443502      -0.73262973827201494     
   35.053473517592309      -0.73270060046369245     
   35.060013344741115      -0.73277072995476955     
   35.066553171889922      -0.73284012667511678     
   35.073092999038721      -0.73290879055533720     
   35.079632826187527      -0.73297672152676707     
   35.086172653336334      -0.73304391952147552     
   35.092712480485133      -0.73311038447226429     
   35.099252307633940      -0.73317611631266866     
   35.105792134782746      -0.73324111497695665     
   35.112331961931552      -0.73330538040012971     
   35.118871789080352      -0.73336891251792236     
   35.125411616229158      -0.73343171126680240     
   35.131951443377964      -0.73349377658397119     
   35.138491270526771      -0.73355510840736338     
   35.145031097675570      -0.73361570667564724     
   35.151570924824377      -0.73367557132822436     
   35.158110751973183      -0.73373470230523019     
   35.164650579121989      -0.73379309954753369     
   35.171190406270789      -0.73385076299673768     
   35.177730233419595      -0.73390769259517852     
   35.184270060568402      -0.73396388828592685     
   35.190809887717208      -0.73401935001278695     
   35.197349714866007      -0.73407407772029709     
   35.203889542014814      -0.73412807135372937     
   35.210429369163620      -0.73418133085909043     
   35.216969196312419      -0.73423385618312065     
   35.223509023461226      -0.73428564727329471     
   35.230048850610032      -0.73433670407782148     
   35.236588677758839      -0.73438702654564414     
   35.243128504907638      -0.73443661462644039     
   35.249668332056444      -0.73448546827062178     
   35.256208159205251      -0.73453358742933506     
   35.262747986354057      -0.73458097205446082     
   35.269287813502856      -0.73462762209861454     
   35.275827640651663      -0.73467353751514619     
   35.282367467800469      -0.73471871825814039     
   35.288907294949276      -0.73476316428241617     
   35.295447122098075      -0.73480687554352775     
   35.301986949246881      -0.73484985199776376     
   35.308526776395688      -0.73489209360214780     
   35.315066603544494      -0.73493360031443833     
   35.321606430693294      -0.73497437209312844     
   35.328146257842100      -0.73501440889744640     
   35.334686084990906      -0.73505371068735548     
   35.341225912139706      -0.73509227742355387     
   35.347765739288512      -0.73513010906747489     
   35.354305566437318      -0.73516720558128679     
   35.360845393586125      -0.73520356692789313     
   35.367385220734924      -0.73523919307093255     
   35.373925047883731      -0.73527408397477878     
   35.380464875032537      -0.73530823960454117     
   35.387004702181343      -0.73534165992606382     
   35.393544529330143      -0.73537434490592668     
   35.400084356478949      -0.73540629451144446     
   35.406624183627756      -0.73543750871066782     
   35.413164010776562      -0.73546798747238240     
   35.419703837925361      -0.73549773076610958     
   35.426243665074168      -0.73552673856210593     
   35.432783492222974      -0.73555501083136376     
   35.439323319371780      -0.73558254754561081     
   35.445863146520580      -0.73560934867731009     
   35.452402973669386      -0.73563541419966094     
   35.458942800818193      -0.73566074408659754     
   35.465482627966992      -0.73568533831279004     
   35.472022455115798      -0.73570919685364411     
   35.478562282264605      -0.73573231968530139     
   35.485102109413411      -0.73575470678463895     
   35.491641936562210      -0.73577635812926978     
   35.498181763711017      -0.73579727369754244     
   35.504721590859823      -0.73581745346854144     
   35.511261418008630      -0.73583689742208702     
   35.517801245157429      -0.73585560553873508     
   35.524341072306235      -0.73587357779977769     
   35.530880899455042      -0.73589081418724245     
   35.537420726603848      -0.73590731468389303     
   35.543960553752648      -0.73592307927322909     
   35.550500380901454      -0.73593810793948577     
   35.557040208050260      -0.73595240066763457     
   35.563580035199060      -0.73596595744338267     
   35.570119862347866      -0.73597877825317337     
   35.576659689496672      -0.73599086308418582     
   35.583199516645479      -0.73600221192433513     
   35.589739343794278      -0.73601282476227248     
   35.596279170943085      -0.73602270158738503     
   35.602818998091891      -0.73603184238979613     
   35.609358825240697      -0.73604024716036476     
   35.615898652389497      -0.73604791589068619     
   35.622438479538303      -0.73605484857309189     
   35.628978306687110      -0.73606104520064886     
   35.635518133835916      -0.73606650576716059     
   35.642057960984715      -0.73607123026716659     
   35.648597788133522      -0.73607521869594239     
   35.655137615282328      -0.73607847104949942     
   35.661677442431134      -0.73608098732458549     
   35.668217269579934      -0.73608276751868418     
   35.674757096728740      -0.73608381163001535     
   35.681296923877547      -0.73608411965753495     
   35.687836751026346      -0.73608369160093479     
   35.694376578175152      -0.73608252746064318     
   35.700916405323959      -0.73608062723782397     
   35.707456232472765      -0.73607799093437754     
   35.713996059621564      -0.73607461855294010     
   35.720535886770371      -0.73607051009688418     
   35.727075713919177      -0.73606566557031805     
   35.733615541067984      -0.73606008497808639     
   35.740155368216783      -0.73605376832576974     
   35.746695195365589      -0.73604671561968482     
   35.753235022514396      -0.73603892686688432     
   35.759774849663202      -0.73603040207515680     
   35.766314676812001      -0.73602114125302731     
   35.772854503960808      -0.73601114440975657     
   35.779394331109614      -0.73600041155534135     
   35.785934158258421      -0.73598894270051474     
   35.792473985407220      -0.73597673785674533     
   35.799013812556026      -0.73596379703623804     
   35.805553639704833      -0.73595012025193363     
   35.812093466853632      -0.73593570751750903     
   35.818633294002439      -0.73592055884737695     
   35.825173121151245      -0.73590467425668593     
   35.831712948300051      -0.73588805376132060     
   35.838252775448851      -0.73587069737790167     
   35.844792602597657      -0.73585260512378525     
   35.851332429746464      -0.73583377701706376     
   35.857872256895270      -0.73581421307656525     
   35.864412084044069      -0.73579391332185362     
   35.870951911192876      -0.73577287777322875     
   35.877491738341682      -0.73575110645172603     
   35.884031565490488      -0.73572859937911694     
   35.890571392639288      -0.73570535657790848     
   35.897111219788094      -0.73568137807134337     
   35.903651046936901      -0.73565666388340034     
   35.910190874085707      -0.73563121403879328     
   35.916730701234506      -0.73560502856297227     
   35.923270528383313      -0.73557810748212260     
   35.929810355532119      -0.73555045082316550     
   35.936350182680918      -0.73552205861375752     
   35.942890009829725      -0.73549293088229095     
   35.949429836978531      -0.73546306765789349     
   35.955969664127338      -0.73543246897042835     
   35.962509491276137      -0.73540113485049430     
   35.969049318424943      -0.73536906532942525     
   35.975589145573750      -0.73533626043929090     
   35.982128972722556      -0.73530272021289611     
   35.988668799871355      -0.73526844468378116     
   35.995208627020162      -0.73523343388622142     
   36.001748454168968      -0.73519768785522788     
   36.008288281317775      -0.73516120662654638     
   36.014828108466574      -0.73512399023665831     
   36.021367935615380      -0.73508603872278011     
   36.027907762764187      -0.73504735212286310     
   36.034447589912986      -0.73500793047559398     
   36.040987417061793      -0.73496777382039435     
   36.047527244210599      -0.73492688219742097     
   36.054067071359405      -0.73488525564756535     
   36.060606898508205      -0.73484289421245397     
   36.067146725657011      -0.73479979793444838     
   36.073686552805817      -0.73475596685664490     
   36.080226379954624      -0.73471140102287458     
   36.086766207103423      -0.73466610047770309     
   36.093306034252230      -0.73462006526643131     
   36.099845861401036      -0.73457329543509420     
   36.106385688549842      -0.73452579103046156     
   36.112925515698642      -0.73447755210003807     
   36.119465342847448      -0.73442857869206246     
   36.126005169996255      -0.73437887085550813     
   36.132544997145061      -0.73432842864008285     
   36.139084824293860      -0.73427725209622896     
   36.145624651442667      -0.73422534127512307     
   36.152164478591473      -0.73417269622867587     
   36.158704305740272      -0.73411931700953248     
   36.165244132889079      -0.73406520367107198     
   36.171783960037885      -0.73401035626740796     
   36.178323787186692      -0.73395477485338756     
   36.184863614335491      -0.73389845948459242     
   36.191403441484297      -0.73384141021733762     
   36.197943268633104      -0.73378362710867273     
   36.204483095781910      -0.73372511021638065     
   36.211022922930709      -0.73366585959897834     
   36.217562750079516      -0.73360587531571642     
   36.224102577228322      -0.73354515742657911     
   36.230642404377129      -0.73348370599228452     
   36.237182231525928      -0.73342152107428382     
   36.243722058674734      -0.73335860273476217     
   36.250261885823541      -0.73329495103663767     
   36.256801712972347      -0.73323056604356218     
   36.263341540121147      -0.73316544781992055     
   36.269881367269953      -0.73309959643083122     
   36.276421194418759      -0.73303301194214532     
   36.282961021567559      -0.73296569442044768     
   36.289500848716365      -0.73289764393305545     
   36.296040675865171      -0.73282886054801932     
   36.302580503013978      -0.73275934433412260     
   36.309120330162777      -0.73268909536088156     
   36.315660157311584      -0.73261811369854513     
   36.322199984460390      -0.73254639941809507     
   36.328739811609196      -0.73247395259124559     
   36.335279638757996      -0.73240077329044362     
   36.341819465906802      -0.73232686158886828     
   36.348359293055609      -0.73225221756043146     
   36.354899120204415      -0.73217684127977711     
   36.361438947353214      -0.73210073282228127     
   36.367978774502021      -0.73202389226405284     
   36.374518601650827      -0.73194631968193202     
   36.381058428799633      -0.73186801515349142     
   36.387598255948433      -0.73178897875703586     
   36.394138083097239      -0.73170921057160143     
   36.400677910246046      -0.73162871067695656     
   36.407217737394845      -0.73154747915360085     
   36.413757564543651      -0.73146551608276611     
   36.420297391692458      -0.73138282154641510     
   36.426837218841264      -0.73129939562724267     
   36.433377045990063      -0.73121523840867453     
   36.439916873138870      -0.73113034997486803     
   36.446456700287676      -0.73104473041071139     
   36.452996527436483      -0.73095837980182443     
   36.459536354585282      -0.73087129823455765     
   36.466076181734088      -0.73078348579599262     
   36.472616008882895      -0.73069494257394185     
   36.479155836031701      -0.73060566865694854     
   36.485695663180501      -0.73051566413428648     
   36.492235490329307      -0.73042492909596035     
   36.498775317478113      -0.73033346363270513     
   36.505315144626920      -0.73024126783598631     
   36.511854971775719      -0.73014834179799948     
   36.518394798924525      -0.73005468561167097     
   36.524934626073332      -0.72996029937065676     
   36.531474453222131      -0.72986518316934312     
   36.538014280370938      -0.72976933710284642     
   36.544554107519744      -0.72967276126701253     
   36.551093934668550      -0.72957545575841753     
   36.557633761817350      -0.72947742067436661     
   36.564173588966156      -0.72937865611289510     
   36.570713416114963      -0.72927916217276767     
   36.577253243263769      -0.72917893895347785     
   36.583793070412568      -0.72907798655524914     
   36.590332897561375      -0.72897630507903388     
   36.596872724710181      -0.72887389462651353     
   36.603412551858987      -0.72877075530009849     
   36.609952379007787      -0.72866688720292827     
   36.616492206156593      -0.72856229043887066     
   36.623032033305400      -0.72845696511252267     
   36.629571860454199      -0.72835091132920959     
   36.636111687603005      -0.72824412919498516     
   36.642651514751812      -0.72813661881663161     
   36.649191341900618      -0.72802838030165917     
   36.655731169049417      -0.72791941375830649     
   36.662270996198224      -0.72780971929554006     
   36.668810823347030      -0.72769929702305436     
   36.675350650495837      -0.72758814705127162     
   36.681890477644636      -0.72747626949134181     
   36.688430304793442      -0.72736366445514267     
   36.694970131942249      -0.72725033205527889     
   36.701509959091055      -0.72713627240508327     
   36.708049786239854      -0.72702148561861524     
   36.714589613388661      -0.72690597181066152     
   36.721129440537467      -0.72678973109673606     
   36.727669267686274      -0.72667276359307953     
   36.734209094835073      -0.72655506941665937     
   36.740748921983879      -0.72643664868516977     
   36.747288749132686      -0.72631750151703145     
   36.753828576281485      -0.72619762803139165     
   36.760368403430292      -0.72607702834812371     
   36.766908230579098      -0.72595570258782760     
   36.773448057727904      -0.72583365087182883     
   36.779987884876704      -0.72571087332217932     
   36.786527712025510      -0.72558737006165630     
   36.793067539174316      -0.72546314121376343     
   36.799607366323123      -0.72533818690272922     
   36.806147193471922      -0.72521250725350817     
   36.812687020620729      -0.72508610239177984     
   36.819226847769535      -0.72495897244394902     
   36.825766674918341      -0.72483111753714580     
   36.832306502067141      -0.72470253779922511     
   36.838846329215947      -0.72457323335876656     
   36.845386156364754      -0.72444320434507459     
   36.851925983513560      -0.72431245088817831     
   36.858465810662359      -0.72418097311883123     
   36.865005637811166      -0.72404877116851085     
   36.871545464959972      -0.72391584516941931     
   36.878085292108771      -0.72378219525448273     
   36.884625119257578      -0.72364782155735086     
   36.891164946406384      -0.72351272421239743     
   36.897704773555191      -0.72337690335471982     
   36.904244600703990      -0.72324035912013884     
   36.910784427852796      -0.72310309164519881     
   36.917324255001603      -0.72296510106716705     
   36.923864082150409      -0.72282638752403428     
   36.930403909299208      -0.72268695115451398     
   36.936943736448015      -0.72254679209804240     
   36.943483563596821      -0.72240591049477876     
   36.950023390745628      -0.72226430648560469     
   36.956563217894427      -0.72212198021212415     
   36.963103045043233      -0.72197893181666351     
   36.969642872192040      -0.72183516144227089     
   36.976182699340846      -0.72169066923271685     
   36.982722526489646      -0.72154545533249348     
   36.989262353638452      -0.72139951988681483     
   36.995802180787258      -0.72125286304161640     
   37.002342007936058      -0.72110548494355475     
   37.008881835084864      -0.72095738574000823     
   37.015421662233670      -0.72080856557907602     
   37.021961489382477      -0.72065902460957820     
   37.028501316531276      -0.72050876298105571     
   37.035041143680083      -0.72035778084377033     
   37.041580970828889      -0.72020607834870409     
   37.048120797977695      -0.72005365564755952     
   37.054660625126495      -0.71990051289275936     
   37.061200452275301      -0.71974665023744611     
   37.067740279424108      -0.71959206783548280     
   37.074280106572914      -0.71943676584145144     
   37.080819933721713      -0.71928074441065426     
   37.087359760870520      -0.71912400369911278     
   37.093899588019326      -0.71896654386356762     
   37.100439415168125      -0.71880836506147849     
   37.106979242316932      -0.71864946745102443     
   37.113519069465738      -0.71848985119110298     
   37.120058896614545      -0.71832951644133014     
   37.126598723763344      -0.71816846336204099     
   37.133138550912150      -0.71800669211428858     
   37.139678378060957      -0.71784420285984396     
   37.146218205209763      -0.71768099576119648     
   37.152758032358562      -0.71751707098155304     
   37.159297859507369      -0.71735242868483895     
   37.165837686656175      -0.71718706903569607     
   37.172377513804982      -0.71702099219948412     
   37.178917340953781      -0.71685419834228004     
   37.185457168102587      -0.71668668763087762     
   37.191996995251394      -0.71651846023278754     
   37.198536822400200      -0.71634951631623722     
   37.205076649549000      -0.71617985605017065     
   37.211616476697806      -0.71600947960424788     
   37.218156303846612      -0.71583838714884562     
   37.224696130995412      -0.71566657885505625     
   37.231235958144218      -0.71549405489468798     
   37.237775785293024      -0.71532081544026471     
   37.244315612441831      -0.71514686066502609     
   37.250855439590630      -0.71497219074292673     
   37.257395266739437      -0.71479680584863681     
   37.263935093888243      -0.71462070615754081     
   37.270474921037049      -0.71444389184573875     
   37.277014748185849      -0.71426636309004488     
   37.283554575334655      -0.71408812006798794     
   37.290094402483462      -0.71390916295781082     
   37.296634229632268      -0.71372949193847068     
   37.303174056781067      -0.71354910718963871     
   37.309713883929874      -0.71336800889169960     
   37.316253711078680      -0.71318619722575149     
   37.322793538227486      -0.71300367237360618     
   37.329333365376286      -0.71282043451778843     
   37.335873192525092      -0.71263648384153622     
   37.342413019673899      -0.71245182052880018     
   37.348952846822698      -0.71226644476424350     
   37.355492673971504      -0.71208035673324221     
   37.362032501120311      -0.71189355662188414     
   37.368572328269117      -0.71170604461696940     
   37.375112155417916      -0.71151782090600990     
   37.381651982566723      -0.71132888567722974     
   37.388191809715529      -0.71113923911956378     
   37.394731636864336      -0.71094888142265877     
   37.401271464013135      -0.71075781277687222     
   37.407811291161941      -0.71056603337327306     
   37.414351118310748      -0.71037354340364034     
   37.420890945459554      -0.71018034306046429     
   37.427430772608353      -0.70998643253694527     
   37.433970599757160      -0.70979181202699360     
   37.440510426905966      -0.70959648172522993     
   37.447050254054773      -0.70940044182698458     
   37.453590081203572      -0.70920369252829740     
   37.460129908352378      -0.70900623402591778     
   37.466669735501185      -0.70880806651730399     
   37.473209562649984      -0.70860919020062374     
   37.479749389798791      -0.70840960527475327     
   37.486289216947597      -0.70820931193927761     
   37.492829044096403      -0.70800831039448986     
   37.499368871245203      -0.70780660084139180     
   37.505908698394009      -0.70760418348169285     
   37.512448525542816      -0.70740105851781043     
   37.518988352691622      -0.70719722615286951     
   37.525528179840421      -0.70699268659070247     
   37.532068006989228      -0.70678744003584870     
   37.538607834138034      -0.70658148669355503     
   37.545147661286840      -0.70637482676977470     
   37.551687488435640      -0.70616746047116752     
   37.558227315584446      -0.70595938800509994     
   37.564767142733253      -0.70575060957964431     
   37.571306969882059      -0.70554112540357905     
   37.577846797030858      -0.70533093568638849     
   37.584386624179665      -0.70512004063826217     
   37.590926451328471      -0.70490844047009527     
   37.597466278477270      -0.70469613539348797     
   37.604006105626077      -0.70448312562074522     
   37.610545932774883      -0.70426941136487686     
   37.617085759923690      -0.70405499283959727     
   37.623625587072489      -0.70383987025932471     
   37.630165414221295      -0.70362404383918187     
   37.636705241370102      -0.70340751379499522     
   37.643245068518908      -0.70319028034329467     
   37.649784895667707      -0.70297234370131378     
   37.656324722816514      -0.70275370408698923     
   37.662864549965320      -0.70253436171896055     
   37.669404377114127      -0.70231431681657019     
   37.675944204262926      -0.70209356959986302     
   37.682484031411732      -0.70187212028958634     
   37.689023858560539      -0.70164996910718946     
   37.695563685709338      -0.70142711627482335     
   37.702103512858145      -0.70120356201534084     
   37.708643340006951      -0.70097930655229657     
   37.715183167155757      -0.70075435010994558     
   37.721722994304557      -0.70052869291324449     
   37.728262821453363      -0.70030233518785046     
   37.734802648602169      -0.70007527716012130     
   37.741342475750976      -0.69984751905711495     
   37.747882302899775      -0.69961906110658956     
   37.754422130048582      -0.69938990353700303     
   37.760961957197388      -0.69916004657751296     
   37.767501784346194      -0.69892949045797625     
   37.774041611494994      -0.69869823540894904     
   37.780581438643800      -0.69846628166168645     
   37.787121265792607      -0.69823362944814216     
   37.793661092941413      -0.69800027900096850     
   37.800200920090212      -0.69776623055351572     
   37.806740747239019      -0.69753148433983247     
   37.813280574387825      -0.69729604059466477     
   37.819820401536624      -0.69705989955345660     
   37.826360228685431      -0.69682306145234885     
   37.832900055834237      -0.69658552652817962     
   37.839439882983044      -0.69634729501848391     
   37.845979710131843      -0.69610836716149316     
   37.852519537280649      -0.69586874319613534     
   37.859059364429456      -0.69562842336203434     
   37.865599191578262      -0.69538740789950992     
   37.872139018727061      -0.69514569704957763     
   37.878678845875868      -0.69490329105394844     
   37.885218673024674      -0.69466019015502811     
   37.891758500173481      -0.69441639459591764     
   37.898298327322280      -0.69417190462041245     
   37.904838154471086      -0.69392672047300274     
   37.911377981619893      -0.69368084239887262     
   37.917917808768699      -0.69343427064389995     
   37.924457635917499      -0.69318700545465672     
   37.930997463066305      -0.69293904707840803     
   37.937537290215111      -0.69269039576311220     
   37.944077117363911      -0.69244105175742066     
   37.950616944512717      -0.69219101531067728     
   37.957156771661523      -0.69194028667291863     
   37.963696598810330      -0.69168886609487323     
   37.970236425959129      -0.69143675382796177     
   37.976776253107936      -0.69118395012429634     
   37.983316080256742      -0.69093045523668095     
   37.989855907405548      -0.69067626941861027     
   37.996395734554348      -0.69042139292427018     
   38.002935561703154      -0.69016582600853715     
   38.009475388851961      -0.68990956892697808     
   38.016015216000767      -0.68965262193585020     
   38.022555043149566      -0.68939498529210030     
   38.029094870298373      -0.68913665925336509     
   38.035634697447179      -0.68887764407797070     
   38.042174524595985      -0.68861794002493226     
   38.048714351744785      -0.68835754735395382     
   38.055254178893591      -0.68809646632542798     
   38.061794006042398      -0.68783469720043589     
   38.068333833191197      -0.68757224024074659     
   38.074873660340003      -0.68730909570881693     
   38.081413487488810      -0.68704526386779163     
   38.087953314637616      -0.68678074498150243     
   38.094493141786415      -0.68651553931446829     
   38.101032968935222      -0.68624964713189485     
   38.107572796084028      -0.68598306869967429     
   38.114112623232835      -0.68571580428438494     
   38.120652450381634      -0.68544785415329135     
   38.127192277530440      -0.68517921857434361     
   38.133732104679247      -0.68490989781617739     
   38.140271931828053      -0.68463989214811327     
   38.146811758976853      -0.68436920184015704     
   38.153351586125659      -0.68409782716299905     
   38.159891413274465      -0.68382576838801379     
   38.166431240423265      -0.68355302578726007     
   38.172971067572071      -0.68327959963348073     
   38.179510894720877      -0.68300549020010171     
   38.186050721869684      -0.68273069776123252     
   38.192590549018483      -0.68245522259166558     
   38.199130376167290      -0.68217906496687597     
   38.205670203316096      -0.68190222516302157     
   38.212210030464902      -0.68162470345694193     
   38.218749857613702      -0.68134650012615894     
   38.225289684762508      -0.68106761544887573     
   38.231829511911315      -0.68078804970397711     
   38.238369339060121      -0.68050780317102888     
   38.244909166208920      -0.68022687613027732     
   38.251448993357727      -0.67994526886264983     
   38.257988820506533      -0.67966298164975336     
   38.264528647655339      -0.67938001477387522     
   38.271068474804139      -0.67909636851798250     
   38.277608301952945      -0.67881204316572108     
   38.284148129101752      -0.67852703900141664     
   38.290687956250551      -0.67824135631007310     
   38.297227783399357      -0.67795499537737325     
   38.303767610548164      -0.67766795648967793     
   38.310307437696970      -0.67738023993402618     
   38.316847264845769      -0.67709184599813454     
   38.323387091994576      -0.67680277497039676     
   38.329926919143382      -0.67651302713988415     
   38.336466746292189      -0.67622260279634416     
   38.343006573440988      -0.67593150223020149     
   38.349546400589794      -0.67563972573255660     
   38.356086227738601      -0.67534727359518598     
   38.362626054887407      -0.67505414611054171     
   38.369165882036206      -0.67476034357175141     
   38.375705709185013      -0.67446586627261762     
   38.382245536333819      -0.67417071450761745     
   38.388785363482626      -0.67387488857190292     
   38.395325190631425      -0.67357838876129972     
   38.401865017780231      -0.67328121537230778     
   38.408404844929038      -0.67298336870210040     
   38.414944672077837      -0.67268484904852444     
   38.421484499226644      -0.67238565671009920     
   38.428024326375450      -0.67208579198601737     
   38.434564153524256      -0.67178525517614363     
   38.441103980673056      -0.67148404658101457     
   38.447643807821862      -0.67118216650183904     
   38.454183634970668      -0.67087961524049688     
   38.460723462119475      -0.67057639309953954     
   38.467263289268274      -0.67027250038218911     
   38.473803116417081      -0.66996793739233818     
   38.480342943565887      -0.66966270443455000     
   38.486882770714693      -0.66935680181405721     
   38.493422597863493      -0.66905022983676277     
   38.499962425012299      -0.66874298880923844     
   38.506502252161106      -0.66843507903872523     
   38.513042079309912      -0.66812650083313307     
   38.519581906458711      -0.66781725450104013     
   38.526121733607518      -0.66750734035169268     
   38.532661560756324      -0.66719675869500483     
   38.539201387905123      -0.66688550984155825     
   38.545741215053930      -0.66657359410260186     
   38.552281042202736      -0.66626101179005137     
   38.558820869351543      -0.66594776321648907     
   38.565360696500342      -0.66563384869516362     
   38.571900523649148      -0.66531926853998946     
   38.578440350797955      -0.66500402306554673     
   38.584980177946761      -0.66468811258708083     
   38.591520005095560      -0.66437153742050248     
   38.598059832244367      -0.66405429788238657     
   38.604599659393173      -0.66373639428997289     
   38.611139486541980      -0.66341782696116491     
   38.617679313690779      -0.66309859621452993     
   38.624219140839585      -0.66277870236929881     
   38.630758967988392      -0.66245814574536532     
   38.637298795137198      -0.66213692666328605     
   38.643838622285998      -0.66181504544428005     
   38.650378449434804      -0.66149250241022883     
   38.656918276583610      -0.66116929788367507     
   38.663458103732410      -0.66084543218782343     
   38.669997930881216      -0.66052090564653965     
   38.676537758030022      -0.66019571858435011     
   38.683077585178829      -0.65986987132644193     
   38.689617412327628      -0.65954336419866255     
   38.696157239476435      -0.65921619752751903     
   38.702697066625241      -0.65888837164017788     
   38.709236893774047      -0.65855988686446509     
   38.715776720922847      -0.65823074352886535     
   38.722316548071653      -0.65790094196252225     
   38.728856375220460      -0.65757048249523697     
   38.735396202369266      -0.65723936545746930     
   38.741936029518065      -0.65690759118033615     
   38.748475856666872      -0.65657515999561178     
   38.755015683815678      -0.65624207223572750     
   38.761555510964477      -0.65590832823377099     
   38.768095338113284      -0.65557392832348615     
   38.774635165262090      -0.65523887283927307     
   38.781174992410897      -0.65490316211618704     
   38.787714819559696      -0.65456679648993910     
   38.794254646708502      -0.65422977629689449     
   38.800794473857309      -0.65389210187407365     
   38.807334301006115      -0.65355377355915101     
   38.813874128154914      -0.65321479169045471     
   38.820413955303721      -0.65287515660696671     
   38.826953782452527      -0.65253486864832222     
   38.833493609601334      -0.65219392815480903     
   38.840033436750133      -0.65185233546736765     
   38.846573263898939      -0.65151009092759082     
   38.853113091047746      -0.65116719487772312     
   38.859652918196552      -0.65082364766066036     
   38.866192745345352      -0.65047944961995019     
   38.872732572494158      -0.65013460109979027     
   38.879272399642964      -0.64978910244502919     
   38.885812226791764      -0.64944295400116581     
   38.892352053940570      -0.64909615611434834     
   38.898891881089376      -0.64874870913137472     
   38.905431708238183      -0.64840061339969202     
   38.911971535386982      -0.64805186926739589     
   38.918511362535789      -0.64770247708323059     
   38.925051189684595      -0.64735243719658808     
   38.931591016833401      -0.64700174995750837     
   38.938130843982201      -0.64665041571667869     
   38.944670671131007      -0.64629843482543337     
   38.951210498279814      -0.64594580763575316     
   38.957750325428620      -0.64559253450026521     
   38.964290152577419      -0.64523861577224295     
   38.970829979726226      -0.64488405180560482     
   38.977369806875032      -0.64452884295491486     
   38.983909634023838      -0.64417298957538194     
   38.990449461172638      -0.64381649202285962     
   38.996989288321444      -0.64345935065384496     
   39.003529115470251      -0.64310156582547984     
   39.010068942619050      -0.64274313789554893     
   39.016608769767856      -0.64238406722248009     
   39.023148596916663      -0.64202435416534409     
   39.029688424065469      -0.64166399908385385     
   39.036228251214268      -0.64130300233836457     
   39.042768078363075      -0.64094136428987303     
   39.049307905511881      -0.64057908530001706     
   39.055847732660688      -0.64021616573107587     
   39.062387559809487      -0.63985260594596893     
   39.068927386958293      -0.63948840630825610     
   39.075467214107100      -0.63912356718213692     
   39.082007041255906      -0.63875808893245056     
   39.088546868404705      -0.63839197192467523     
   39.095086695553512      -0.63802521652492805     
   39.101626522702318      -0.63765782309996422     
   39.108166349851125      -0.63728979201717739     
   39.114706176999924      -0.63692112364459841     
   39.121246004148730      -0.63655181835089580     
   39.127785831297537      -0.63618187650537494     
   39.134325658446336      -0.63581129847797757     
   39.140865485595143      -0.63544008463928170     
   39.147405312743949      -0.63506823536050117     
   39.153945139892755      -0.63469575101348541     
   39.160484967041555      -0.63432263197071848     
   39.167024794190361      -0.63394887860531979     
   39.173564621339168      -0.63357449129104226     
   39.180104448487974      -0.63319947040227353     
   39.186644275636773      -0.63282381631403439     
   39.193184102785580      -0.63244752940197901     
   39.199723929934386      -0.63207061004239418     
   39.206263757083192      -0.63169305861219938     
   39.212803584231992      -0.63131487548894594     
   39.219343411380798      -0.63093606105081701     
   39.225883238529605      -0.63055661567662713     
   39.232423065678411      -0.63017653974582144     
   39.238962892827210      -0.62979583363847613     
   39.245502719976017      -0.62941449773529712     
   39.252042547124823      -0.62903253241762047     
   39.258582374273622      -0.62864993806741132     
   39.265122201422429      -0.62826671506726417     
   39.271662028571235      -0.62788286380040181     
   39.278201855720042      -0.62749838465067576     
   39.284741682868841      -0.62711327800256511     
   39.291281510017647      -0.62672754424117627     
   39.297821337166454      -0.62634118375224335     
   39.304361164315260      -0.62595419692212662     
   39.310900991464059      -0.62556658413781296     
   39.317440818612866      -0.62517834578691511     
   39.323980645761672      -0.62478948225767150     
   39.330520472910479      -0.62439999393894574     
   39.337060300059278      -0.62400988122022583     
   39.343600127208084      -0.62361914449162492     
   39.350139954356891      -0.62322778414387936     
   39.356679781505690      -0.62283580056834975     
   39.363219608654497      -0.62244319415701954     
   39.369759435803303      -0.62204996530249512     
   39.376299262952109      -0.62165611439800539     
   39.382839090100909      -0.62126164183740129     
   39.389378917249715      -0.62086654801515540     
   39.395918744398521      -0.62047083332636144     
   39.402458571547328      -0.62007449816673421     
   39.408998398696127      -0.61967754293260890     
   39.415538225844934      -0.61927996802094054     
   39.422078052993740      -0.61888177382930420     
   39.428617880142546      -0.61848296075589404     
   39.435157707291346      -0.61808352919952325     
   39.441697534440152      -0.61768347955962322     
   39.448237361588959      -0.61728281223624359     
   39.454777188737765      -0.61688152763005166     
   39.461317015886564      -0.61647962614233209     
   39.467856843035371      -0.61607710817498651     
   39.474396670184177      -0.61567397413053271     
   39.480936497332976      -0.61527022441210488     
   39.487476324481783      -0.61486585942345251     
   39.494016151630589      -0.61446087956894080     
   39.500555978779396      -0.61405528525354947     
   39.507095805928195      -0.61364907688287285     
   39.513635633077001      -0.61324225486311923     
   39.520175460225808      -0.61283481960111097     
   39.526715287374614      -0.61242677150428293     
   39.533255114523413      -0.61201811098068337     
   39.539794941672220      -0.61160883843897296     
   39.546334768821026      -0.61119895428842408     
   39.552874595969833      -0.61078845893892086     
   39.559414423118632      -0.61037735280095873     
   39.565954250267438      -0.60996563628564360     
   39.572494077416245      -0.60955330980469236     
   39.579033904565051      -0.60914037377043129     
   39.585573731713851      -0.60872682859579641     
   39.592113558862657      -0.60831267469433303     
   39.598653386011463      -0.60789791248019487     
   39.605193213160263      -0.60748254236814425     
   39.611733040309069      -0.60706656477355125     
   39.618272867457875      -0.60664998011239335     
   39.624812694606682      -0.60623278880125542     
   39.631352521755481      -0.60581499125732874     
   39.637892348904288      -0.60539658789841078     
   39.644432176053094      -0.60497757914290484     
   39.650972003201900      -0.60455796540981976     
   39.657511830350700      -0.60413774711876933     
   39.664051657499506      -0.60371692468997173     
   39.670591484648313      -0.60329549854424946     
   39.677131311797119      -0.60287346910302875     
   39.683671138945918      -0.60245083678833877     
   39.690210966094725      -0.60202760202281214     
   39.696750793243531      -0.60160376522968340     
   39.703290620392337      -0.60117932683278941     
   39.709830447541137      -0.60075428725656865     
   39.716370274689943      -0.60032864692606058     
   39.722910101838750      -0.59990240626690572     
   39.729449928987549      -0.59947556570534444     
   39.735989756136355      -0.59904812566821741     
   39.742529583285162      -0.59862008658296484     
   39.749069410433968      -0.59819144887762576     
   39.755609237582767      -0.59776221298083765     
   39.762149064731574      -0.59733237932183669     
   39.768688891880380      -0.59690194833045640     
   39.775228719029187      -0.59647092043712768     
   39.781768546177986      -0.59603929607287864     
   39.788308373326792      -0.59560707566933346     
   39.794848200475599      -0.59517425965871273     
   39.801388027624405      -0.59474084847383224     
   39.807927854773205      -0.59430684254810340     
   39.814467681922011      -0.59387224231553193     
   39.821007509070817      -0.59343704821071808     
   39.827547336219617      -0.59300126066885606     
   39.834087163368423      -0.59256488012573338     
   39.840626990517229      -0.59212790701773055     
   39.847166817666036      -0.59169034178182067     
   39.853706644814835      -0.59125218485556896     
   39.860246471963642      -0.59081343667713249     
   39.866786299112448      -0.59037409768525939     
   39.873326126261254      -0.58993416831928847     
   39.879865953410054      -0.58949364901914925     
   39.886405780558860      -0.58905254022536102     
   39.892945607707667      -0.58861084237903261     
   39.899485434856473      -0.58816855592186179     
   39.906025262005272      -0.58772568129613501     
   39.912565089154079      -0.58728221894472699     
   39.919104916302885      -0.58683816931110011     
   39.925644743451691      -0.58639353283930384     
   39.932184570600491      -0.58594830997397473     
   39.938724397749297      -0.58550250116033575     
   39.945264224898104      -0.58505610684419562     
   39.951804052046903      -0.58460912747194849     
   39.958343879195709      -0.58416156349057413     
   39.964883706344516      -0.58371341534763621     
   39.971423533493322      -0.58326468349128291     
   39.977963360642121      -0.58281536837024617     
   39.984503187790928      -0.58236547043384090     
   39.991043014939734      -0.58191499013196535     
   39.997582842088541      -0.58146392791509971     
   40.004122669237340      -0.58101228423430606     
   40.010662496386146      -0.58056005954122814     
   40.017202323534953      -0.58010725428809073     
   40.023742150683759      -0.57965386892769899     
   40.030281977832558      -0.57919990391343834     
   40.036821804981365      -0.57874535969927365     
   40.043361632130171      -0.57829023673974933     
   40.049901459278978      -0.57783453548998831     
   40.056441286427777      -0.57737825640569174     
   40.062981113576583      -0.57692139994313885     
   40.069520940725390      -0.57646396655918597     
   40.076060767874189      -0.57600595671126653     
   40.082600595022996      -0.57554737085739049     
   40.089140422171802      -0.57508820945614358     
   40.095680249320608      -0.57462847296668718     
   40.102220076469408      -0.57416816184875785     
   40.108759903618214      -0.57370727656266662     
   40.115299730767020      -0.57324581756929882     
   40.121839557915827      -0.57278378533011354     
   40.128379385064626      -0.57232118030714285     
   40.134919212213433      -0.57185800296299194     
   40.141459039362239      -0.57139425376083797     
   40.147998866511045      -0.57092993316443030     
   40.154538693659845      -0.57046504163808953     
   40.161078520808651      -0.56999957964670722     
   40.167618347957458      -0.56953354765574515     
   40.174158175106264      -0.56906694613123543     
   40.180698002255063      -0.56859977553977958     
   40.187237829403870      -0.56813203634854814     
   40.193777656552676      -0.56766372902528028     
   40.200317483701475      -0.56719485403828351     
   40.206857310850282      -0.56672541185643255     
   40.213397137999088      -0.56625540294916976     
   40.219936965147895      -0.56578482778650396     
   40.226476792296694      -0.56531368683901051     
   40.233016619445500      -0.56484198057783008     
   40.239556446594307      -0.56436970947466913     
   40.246096273743113      -0.56389687400179878     
   40.252636100891912      -0.56342347463205433     
   40.259175928040719      -0.56294951183883524     
   40.265715755189525      -0.56247498609610436     
   40.272255582338332      -0.56199989787838744     
   40.278795409487131      -0.56152424766077258     
   40.285335236635937      -0.56104803591891017     
   40.291875063784744      -0.56057126312901173     
   40.298414890933550      -0.56009392976785022     
   40.304954718082350      -0.55961603631275902     
   40.311494545231156      -0.55913758324163154     
   40.318034372379962      -0.55865857103292071     
   40.324574199528762      -0.55817900016563893     
   40.331114026677568      -0.55769887111935701     
   40.337653853826374      -0.55721818437420390     
   40.344193680975181      -0.55673694041086630     
   40.350733508123980      -0.55625513971058849     
   40.357273335272787      -0.55577278275517084     
   40.363813162421593      -0.55528987002697050     
   40.370352989570399      -0.55480640200890019     
   40.376892816719199      -0.55432237918442784     
   40.383432643868005      -0.55383780203757638     
   40.389972471016812      -0.55335267105292285     
   40.396512298165618      -0.55286698671559831     
   40.403052125314417      -0.55238074951128691     
   40.409591952463224      -0.55189395992622603     
   40.416131779612030      -0.55140661844720529     
   40.422671606760829      -0.55091872556156607     
   40.429211433909636      -0.55043028175720143     
   40.435751261058442      -0.54994128752255489     
   40.442291088207249      -0.54945174334662084     
   40.448830915356048      -0.54896164971894346     
   40.455370742504854      -0.54847100712961638     
   40.461910569653661      -0.54797981606928214     
   40.468450396802467      -0.54748807702913183     
   40.474990223951266      -0.54699579050090463     
   40.481530051100073      -0.54650295697688689     
   40.488069878248879      -0.54600957694991203     
   40.494609705397686      -0.54551565091336041     
   40.501149532546485      -0.54502117936115790     
   40.507689359695291      -0.54452616278777599     
   40.514229186844098      -0.54403060168823125     
   40.520769013992904      -0.54353449655808483     
   40.527308841141704      -0.54303784789344189     
   40.533848668290510      -0.54254065619095104     
   40.540388495439316      -0.54204292194780401     
   40.546928322588116      -0.54154464566173499     
   40.553468149736922      -0.54104582783102029     
   40.560007976885728      -0.54054646895447789     
   40.566547804034535      -0.54004656953146635     
   40.573087631183334      -0.53954613006188545     
   40.579627458332141      -0.53904515104617434     
   40.586167285480947      -0.53854363298531227     
   40.592707112629753      -0.53804157638081718     
   40.599246939778553      -0.53753898173474568     
   40.605786766927359      -0.53703584954969252     
   40.612326594076166      -0.53653218032878969     
   40.618866421224972      -0.53602797457570650     
   40.625406248373771      -0.53552323279464886     
   40.631946075522578      -0.53501795549035813     
   40.638485902671384      -0.53451214316811224     
   40.645025729820190      -0.53400579633372303     
   40.651565556968990      -0.53349891549353745     
   40.658105384117796      -0.53299150115443650     
   40.664645211266603      -0.53248355382383439     
   40.671185038415402      -0.53197507400967847     
   40.677724865564208      -0.53146606222044845     
   40.684264692713015      -0.53095651896515639     
   40.690804519861821      -0.53044644475334524     
   40.697344347010620      -0.52993584009508943     
   40.703884174159427      -0.52942470550099352     
   40.710424001308233      -0.52891304148219209     
   40.716963828457040      -0.52840084855034919     
   40.723503655605839      -0.52788812721765777     
   40.730043482754645      -0.52737487799683913     
   40.736583309903452      -0.52686110140114251     
   40.743123137052258      -0.52634679794434436     
   40.749662964201057      -0.52583196814074840     
   40.756202791349864      -0.52531661250518435     
   40.762742618498670      -0.52480073155300766     
   40.769282445647477      -0.52428432580009943     
   40.775822272796276      -0.52376739576286535     
   40.782362099945082      -0.52324994195823560     
   40.788901927093889      -0.52273196490366380     
   40.795441754242688      -0.52221346511712718     
   40.801981581391495      -0.52169444311712543     
   40.808521408540301      -0.52117489942268047     
   40.815061235689107      -0.52065483455333605     
   40.821601062837907      -0.52013424902915717     
   40.828140889986713      -0.51961314337072917     
   40.834680717135520      -0.51909151809915777     
   40.841220544284326      -0.51856937373606826     
   40.847760371433125      -0.51804671080360509     
   40.854300198581932      -0.51752352982443106     
   40.860840025730738      -0.51699983132172711     
   40.867379852879544      -0.51647561581919188     
   40.873919680028344      -0.51595088384104082     
   40.880459507177150      -0.51542563591200596     
   40.886999334325957      -0.51489987255733527     
   40.893539161474756      -0.51437359430279195     
   40.900078988623562      -0.51384680167465424     
   40.906618815772369      -0.51331949519971498     
   40.913158642921175      -0.51279167540528048     
   40.919698470069974      -0.51226334281917052     
   40.926238297218781      -0.51173449796971793     
   40.932778124367587      -0.51120514138576723     
   40.939317951516394      -0.51067527359667531     
   40.945857778665193      -0.51014489513230965     
   40.952397605813999      -0.50961400652304889     
   40.958937432962806      -0.50908260829978147     
   40.965477260111612      -0.50855070099390598     
   40.972017087260411      -0.50801828513732938     
   40.978556914409218      -0.50748536126246768     
   40.985096741558024      -0.50695192990224480     
   40.991636568706831      -0.50641799159009204     
   40.998176395855630      -0.50588354685994752     
   41.004716223004436      -0.50534859624625639     
   41.011256050153243      -0.50481314028396884     
   41.017795877302042      -0.50427717950854101     
   41.024335704450849      -0.50374071445593371     
   41.030875531599655      -0.50320374566261195     
   41.037415358748461      -0.50266627366554462     
   41.043955185897261      -0.50212829900220346     
   41.050495013046067      -0.50158982221056347     
   41.057034840194873      -0.50105084382910126     
   41.063574667343680      -0.50051136439679511     
   41.070114494492479      -0.49997138445312467     
   41.076654321641286      -0.49943090453806976     
   41.083194148790092      -0.49888992519211028     
   41.089733975938898      -0.49834844695622571     
   41.096273803087698      -0.49780647037189413     
   41.102813630236504      -0.49726399598109222     
   41.109353457385311      -0.49672102432629434     
   41.115893284534117      -0.49617755595047214     
   41.122433111682916      -0.49563359139709406     
   41.128972938831723      -0.49508913121012460     
   41.135512765980529      -0.49454417593402383     
   41.142052593129328      -0.49399872611374718     
   41.148592420278135      -0.49345278229474443     
   41.155132247426941      -0.49290634502295932     
   41.161672074575748      -0.49235941484482926     
   41.168211901724547      -0.49181199230728440     
   41.174751728873353      -0.49126407795774729     
   41.181291556022160      -0.49071567234413216     
   41.187831383170966      -0.49016677601484471     
   41.194371210319765      -0.48961738951878125     
   41.200911037468572      -0.48906751340532822     
   41.207450864617378      -0.48851714822436187     
   41.213990691766185      -0.48796629452624729     
   41.220530518914984      -0.48741495286183817     
   41.227070346063790      -0.48686312378247615     
   41.233610173212597      -0.48631080783999037     
   41.240150000361403      -0.48575800558669679     
   41.246689827510203      -0.48520471757539757     
   41.253229654659009      -0.48465094435938078     
   41.259769481807815      -0.48409668649241960     
   41.266309308956615      -0.48354194452877203     
   41.272849136105421      -0.48298671902317980     
   41.279388963254227      -0.48243101053086851     
   41.285928790403034      -0.48187481960754674     
   41.292468617551833      -0.48131814680940538     
   41.299008444700640      -0.48076099269311706     
   41.305548271849446      -0.48020335781583612     
   41.312088098998252      -0.47964524273519726     
   41.318627926147052      -0.47908664800931572     
   41.325167753295858      -0.47852757419678615     
   41.331707580444665      -0.47796802185668236     
   41.338247407593471      -0.47740799154855668     
   41.344787234742270      -0.47684748383243958     
   41.351327061891077      -0.47628649926883848     
   41.357866889039883      -0.47572503841873820     
   41.364406716188689      -0.47516310184359944     
   41.370946543337489      -0.47460069010535882     
   41.377486370486295      -0.47403780376642812     
   41.384026197635102      -0.47347444338969358     
   41.390566024783901      -0.47291060953851571     
   41.397105851932707      -0.47234630277672829     
   41.403645679081514      -0.47178152366863807     
   41.410185506230320      -0.47121627277902417     
   41.416725333379119      -0.47065055067313738     
   41.423265160527926      -0.47008435791670000     
   41.429804987676732      -0.46951769507590468     
   41.436344814825539      -0.46895056271741431     
   41.442884641974338      -0.46838296140836111     
   41.449424469123144      -0.46781489171634660     
   41.455964296271951      -0.46724635420944033     
   41.462504123420757      -0.46667734945617978     
   41.469043950569557      -0.46610787802556980     
   41.475583777718363      -0.46553794048708180     
   41.482123604867169      -0.46496753741065322     
   41.488663432015969      -0.46439666936668733     
   41.495203259164775      -0.46382533692605188     
   41.501743086313581      -0.46325354066007968     
   41.508282913462388      -0.46268128114056667     
   41.514822740611187      -0.46210855893977265     
   41.521362567759994      -0.46153537463041966     
   41.527902394908800      -0.46096172878569197     
   41.534442222057606      -0.46038762197923561     
   41.540982049206406      -0.45981305478515710     
   41.547521876355212      -0.45923802777802386     
   41.554061703504019      -0.45866254153286284     
   41.560601530652825      -0.45808659662516021     
   41.567141357801624      -0.45751019363086110     
   41.573681184950431      -0.45693333312636830     
   41.580221012099237      -0.45635601568854234     
   41.586760839248043      -0.45577824189470068     
   41.593300666396843      -0.45520001232261714     
   41.599840493545649      -0.45462132755052131     
   41.606380320694456      -0.45404218815709790     
   41.612920147843255      -0.45346259472148637     
   41.619459974992061      -0.45288254782328013     
   41.625999802140868      -0.45230204804252611     
   41.632539629289674      -0.45172109595972398     
   41.639079456438473      -0.45113969215582594     
   41.645619283587280      -0.45055783721223569     
   41.652159110736086      -0.44997553171080829     
   41.658698937884893      -0.44939277623384916     
   41.665238765033692      -0.44880957136411376     
   41.671778592182498      -0.44822591768480702     
   41.678318419331305      -0.44764181577958251     
   41.684858246480111      -0.44705726623254227     
   41.691398073628910      -0.44647226962823577     
   41.697937900777717      -0.44588682655165962     
   41.704477727926523      -0.44530093758825701     
   41.711017555075330      -0.44471460332391677     
   41.717557382224129      -0.44412782434497322     
   41.724097209372935      -0.44354060123820527     
   41.730637036521742      -0.44295293459083607     
   41.737176863670541      -0.44236482499053237     
   41.743716690819348      -0.44177627302540357     
   41.750256517968154      -0.44118727928400181     
   41.756796345116960      -0.44059784435532079     
   41.763336172265760      -0.44000796882879539     
   41.769875999414566      -0.43941765329430116     
   41.776415826563372      -0.43882689834215366     
   41.782955653712179      -0.43823570456310784     
   41.789495480860978      -0.43764407254835747     
   41.796035308009785      -0.43705200288953450     
   41.802575135158591      -0.43645949617870861     
   41.809114962307397      -0.43586655300838661     
   41.815654789456197      -0.43527317397151161     
   41.822194616605003      -0.43467935966146259     
   41.828734443753810      -0.43408511067205396     
   41.835274270902616      -0.43349042759753459     
   41.841814098051415      -0.43289531103258766     
   41.848353925200222      -0.43229976157232963     
   41.854893752349028      -0.43170377981231012     
   41.861433579497827      -0.43110736634851071     
   41.867973406646634      -0.43051052177734500     
   41.874513233795440      -0.42991324669565756     
   41.881053060944247      -0.42931554170072334     
   41.887592888093046      -0.42871740739024738     
   41.894132715241852      -0.42811884436236408     
   41.900672542390659      -0.42751985321563646     
   41.907212369539465      -0.42692043454905565     
   41.913752196688264      -0.42632058896204028     
   41.920292023837071      -0.42572031705443586     
   41.926831850985877      -0.42511961942651455     
   41.933371678134684      -0.42451849667897368     
   41.939911505283483      -0.42391694941293617     
   41.946451332432289      -0.42331497822994923     
   41.952991159581096      -0.42271258373198406     
   41.959530986729895      -0.42210976652143517     
   41.966070813878702      -0.42150652720111970     
   41.972610641027508      -0.42090286637427698     
   41.979150468176314      -0.42029878464456799     
   41.985690295325114      -0.41969428261607428     
   41.992230122473920      -0.41908936089329801     
   41.998769949622726      -0.41848402008116081     
   42.005309776771533      -0.41787826078500362     
   42.011849603920332      -0.41727208361058560     
   42.018389431069139      -0.41666548916408397     
   42.024929258217945      -0.41605847805209317     
   42.031469085366751      -0.41545105088162421     
   42.038008912515551      -0.41484320826010446     
   42.044548739664357      -0.41423495079537631     
   42.051088566813164      -0.41362627909569744     
   42.057628393961970      -0.41301719376973950     
   42.064168221110769      -0.41240769542658773     
   42.070708048259576      -0.41179778467574069     
   42.077247875408382      -0.41118746212710883     
   42.083787702557181      -0.41057672839101494     
   42.090327529705988      -0.40996558407819272     
   42.096867356854794      -0.40935402979978641     
   42.103407184003601      -0.40874206616735020     
   42.109947011152400      -0.40812969379284786     
   42.116486838301206      -0.40751691328865175     
   42.123026665450013      -0.40690372526754232     
   42.129566492598819      -0.40629013034270756     
   42.136106319747618      -0.40567612912774248     
   42.142646146896425      -0.40506172223664827     
   42.149185974045231      -0.40444691028383184     
   42.155725801194038      -0.40383169388410517     
   42.162265628342837      -0.40321607365268453     
   42.168805455491643      -0.40260005020519035     
   42.175345282640450      -0.40198362415764588     
   42.181885109789256      -0.40136679612647724     
   42.188424936938056      -0.40074956672851242     
   42.194964764086862      -0.40013193658098095     
   42.201504591235668      -0.39951390630151290     
   42.208044418384468      -0.39889547650813850     
   42.214584245533274      -0.39827664781928757     
   42.221124072682080      -0.39765742085378880     
   42.227663899830887      -0.39703779623086916     
   42.234203726979686      -0.39641777457015331     
   42.240743554128493      -0.39579735649166292     
   42.247283381277299      -0.39517654261581592     
   42.253823208426105      -0.39455533356342642     
   42.260363035574905      -0.39393372995570325     
   42.266902862723711      -0.39331173241425010     
   42.273442689872518      -0.39268934156106461     
   42.279982517021324      -0.39206655801853757     
   42.286522344170123      -0.39144338240945242     
   42.293062171318930      -0.39081981535698501     
   42.299601998467736      -0.39019585748470215     
   42.306141825616542      -0.38957150941656188     
   42.312681652765342      -0.38894677177691223     
   42.319221479914148      -0.38832164519049078     
   42.325761307062955      -0.38769613028242417     
   42.332301134211754      -0.38707022767822730     
   42.338840961360560      -0.38644393800380261     
   42.345380788509367      -0.38581726188544002     
   42.351920615658173      -0.38519019994981551     
   42.358460442806972      -0.38456275282399099     
   42.365000269955779      -0.38393492113541372     
   42.371540097104585      -0.38330670551191531     
   42.378079924253392      -0.38267810658171136     
   42.384619751402191      -0.38204912497340082     
   42.391159578550997      -0.38141976131596533     
   42.397699405699804      -0.38079001623876846     
   42.404239232848610      -0.38015989037155534     
   42.410779059997409      -0.37952938434445188     
   42.417318887146216      -0.37889849878796400     
   42.423858714295022      -0.37826723433297738     
   42.430398541443829      -0.37763559161075633     
   42.436938368592628      -0.37700357125294376     
   42.443478195741434      -0.37637117389155994     
   42.450018022890241      -0.37573840015900217     
   42.456557850039040      -0.37510525068804418     
   42.463097677187847      -0.37447172611183555     
   42.469637504336653      -0.37383782706390078     
   42.476177331485459      -0.37320355417813889     
   42.482717158634259      -0.37256890808882287     
   42.489256985783065      -0.37193388943059874     
   42.495796812931872      -0.37129849883848515     
   42.502336640080678      -0.37066273694787272     
   42.508876467229477      -0.37002660439452334     
   42.515416294378284      -0.36939010181456960     
   42.521956121527090      -0.36875322984451397     
   42.528495948675896      -0.36811598912122856     
   42.535035775824696      -0.36747838028195401     
   42.541575602973502      -0.36684040396429918     
   42.548115430122309      -0.36620206080624035     
   42.554655257271108      -0.36556335144612079     
   42.561195084419914      -0.36492427652264975     
   42.567734911568721      -0.36428483667490219     
   42.574274738717527      -0.36364503254231795     
   42.580814565866326      -0.36300486476470117     
   42.587354393015133      -0.36236433398221962     
   42.593894220163939      -0.36172344083540414     
   42.600434047312746      -0.36108218596514785     
   42.606973874461545      -0.36044057001270557     
   42.613513701610351      -0.35979859361969330     
   42.620053528759158      -0.35915625742808738     
   42.626593355907964      -0.35851356208022406     
   42.633133183056763      -0.35787050821879857     
   42.639673010205570      -0.35722709648686496     
   42.646212837354376      -0.35658332752783478     
   42.652752664503183      -0.35593920198547713     
   42.659292491651982      -0.35529472050391753     
   42.665832318800788      -0.35464988372763739     
   42.672372145949595      -0.35400469230147347     
   42.678911973098394      -0.35335914687061726     
   42.685451800247201      -0.35271324808061416     
   42.691991627396007      -0.35206699657736301     
   42.698531454544813      -0.35142039300711525     
   42.705071281693613      -0.35077343801647454     
   42.711611108842419      -0.35012613225239581     
   42.718150935991225      -0.34947847636218476     
   42.724690763140032      -0.34883047099349734     
   42.731230590288831      -0.34818211679433902     
   42.737770417437638      -0.34753341441306379     
   42.744310244586444      -0.34688436449837418     
   42.750850071735250      -0.34623496769932011     
   42.757389898884050      -0.34558522466529829     
   42.763929726032856      -0.34493513604605175     
   42.770469553181663      -0.34428470249166926     
   42.777009380330469      -0.34363392465258419     
   42.783549207479268      -0.34298280317957452     
   42.790089034628075      -0.34233133872376170     
   42.796628861776881      -0.34167953193661005     
   42.803168688925680      -0.34102738346992656     
   42.809708516074487      -0.34037489397585957     
   42.816248343223293      -0.33972206410689865     
   42.822788170372100      -0.33906889451587352     
   42.829327997520899      -0.33841538585595393     
   42.835867824669705      -0.33776153878064846     
   42.842407651818512      -0.33710735394380420     
   42.848947478967318      -0.33645283199960602     
   42.855487306116117      -0.33579797360257579     
   42.862027133264924      -0.33514277940757198     
   42.868566960413730      -0.33448725006978874     
   42.875106787562537      -0.33383138624475550     
   42.881646614711336      -0.33317518858833595     
   42.888186441860142      -0.33251865775672784     
   42.894726269008949      -0.33186179440646196     
   42.901266096157755      -0.33120459919440165     
   42.907805923306555      -0.33054707277774215     
   42.914345750455361      -0.32988921581400987     
   42.920885577604167      -0.32923102896106177     
   42.927425404752967      -0.32857251287708478     
   42.933965231901773      -0.32791366822059487     
   42.940505059050579      -0.32725449565043674     
   42.947044886199386      -0.32659499582578300     
   42.953584713348185      -0.32593516940613337     
   42.960124540496992      -0.32527501705131434     
   42.966664367645798      -0.32461453942147828     
   42.973204194794604      -0.32395373717710280     
   42.979744021943404      -0.32329261097899015     
   42.986283849092210      -0.32263116148826654     
   42.992823676241017      -0.32196938936638142     
   42.999363503389823      -0.32130729527510693     
   43.005903330538622      -0.32064487987653717     
   43.012443157687429      -0.31998214383308754     
   43.018982984836235      -0.31931908780749407     
   43.025522811985034      -0.31865571246281277     
   43.032062639133841      -0.31799201846241909     
   43.038602466282647      -0.31732800647000686     
   43.045142293431454      -0.31666367714958815     
   43.051682120580253      -0.31599903116549233     
   43.058221947729059      -0.31533406918236540     
   43.064761774877866      -0.31466879186516922     
   43.071301602026672      -0.31400319987918118     
   43.077841429175471      -0.31333729388999326     
   43.084381256324278      -0.31267107456351145     
   43.090921083473084      -0.31200454256595517     
   43.097460910621891      -0.31133769856385624     
   43.104000737770690      -0.31067054322405879     
   43.110540564919496      -0.31000307721371806     
   43.117080392068303      -0.30933530120030012     
   43.123620219217109      -0.30866721585158102     
   43.130160046365908      -0.30799882183564609     
   43.136699873514715      -0.30733011982088926     
   43.143239700663521      -0.30666111047601263     
   43.149779527812321      -0.30599179447002556     
   43.156319354961127      -0.30532217247224397     
   43.162859182109933      -0.30465224515228995     
   43.169399009258740      -0.30398201318009072     
   43.175938836407539      -0.30331147722587831     
   43.182478663556346      -0.30264063796018875     
   43.189018490705152      -0.30196949605386114     
   43.195558317853958      -0.30129805217803751     
   43.202098145002758      -0.30062630700416171     
   43.208637972151564      -0.29995426120397889     
   43.215177799300371      -0.29928191544953492     
   43.221717626449177      -0.29860927041317548     
   43.228257453597976      -0.29793632676754556     
   43.234797280746783      -0.29726308518558892     
   43.241337107895589      -0.29658954634054713     
   43.247876935044395      -0.29591571090595897     
   43.254416762193195      -0.29524157955565988     
   43.260956589342001      -0.29456715296378128     
   43.267496416490808      -0.29389243180474972     
   43.274036243639607      -0.29321741675328628     
   43.280576070788413      -0.29254210848440609     
   43.287115897937220      -0.29186650767341749     
   43.293655725086026      -0.29119061499592114     
   43.300195552234825      -0.29051443112780978     
   43.306735379383632      -0.28983795674526736     
   43.313275206532438      -0.28916119252476818     
   43.319815033681245      -0.28848413914307652     
   43.326354860830044      -0.28780679727724567     
   43.332894687978850      -0.28712916760461760     
   43.339434515127657      -0.28645125080282186     
   43.345974342276463      -0.28577304754977534     
   43.352514169425262      -0.28509455852368126     
   43.359053996574069      -0.28441578440302867     
   43.365593823722875      -0.28373672586659165     
   43.372133650871682      -0.28305738359342880     
   43.378673478020481      -0.28237775826288231     
   43.385213305169287      -0.28169785055457758     
   43.391753132318094      -0.28101766114842236     
   43.398292959466893      -0.28033719072460589     
   43.404832786615700      -0.27965643996359879     
   43.411372613764506      -0.27897540954615158     
   43.417912440913312      -0.27829410015329487     
   43.424452268062112      -0.27761251246633806     
   43.430992095210918      -0.27693064716686866     
   43.437531922359724      -0.27624850493675218     
   43.444071749508531      -0.27556608645813069     
   43.450611576657330      -0.27488339241342280     
   43.457151403806137      -0.27420042348532253     
   43.463691230954943      -0.27351718035679873     
   43.470231058103749      -0.27283366371109458     
   43.476770885252549      -0.27214987423172671     
   43.483310712401355      -0.27146581260248459     
   43.489850539550162      -0.27078147950742981     
   43.496390366698968      -0.27009687563089557     
   43.502930193847767      -0.26941200165748569     
   43.509470020996574      -0.26872685827207410     
   43.516009848145380      -0.26804144615980424     
   43.522549675294179      -0.26735576600608824     
   43.529089502442986      -0.26666981849660626     
   43.535629329591792      -0.26598360431730572     
   43.542169156740599      -0.26529712415440088     
   43.548708983889398      -0.26461037869437187     
   43.555248811038204      -0.26392336862396415     
   43.561788638187011      -0.26323609463018782     
   43.568328465335817      -0.26254855740031691     
   43.574868292484616      -0.26186075762188848     
   43.581408119633423      -0.26117269598270249     
   43.587947946782229      -0.26048437317082046     
   43.594487773931036      -0.25979578987456531     
   43.601027601079835      -0.25910694678252033     
   43.607567428228641      -0.25841784458352851     
   43.614107255377448      -0.25772848396669212     
   43.620647082526247      -0.25703886562137179     
   43.627186909675054      -0.25634899023718583     
   43.633726736823860      -0.25565885850400971     
   43.640266563972666      -0.25496847111197501     
   43.646806391121466      -0.25427782875146926     
   43.653346218270272      -0.25358693211313471     
   43.659886045419078      -0.25289578188786810     
   43.666425872567885      -0.25220437876681956     
   43.672965699716684      -0.25151272344139225     
   43.679505526865491      -0.25082081660324151     
   43.686045354014297      -0.25012865894427422     
   43.692585181163103      -0.24943625115664797     
   43.699125008311903      -0.24874359393277057     
   43.705664835460709      -0.24805068796529922     
   43.712204662609516      -0.24735753394713994     
   43.718744489758322      -0.24666413257144673     
   43.725284316907121      -0.24597048453162096     
   43.731824144055928      -0.24527659052131068     
   43.738363971204734      -0.24458245123440986     
   43.744903798353533      -0.24388806736505783     
   43.751443625502340      -0.24319343960763837     
   43.757983452651146      -0.24249856865677938     
   43.764523279799953      -0.24180345520735169     
   43.771063106948752      -0.24110809995446877     
   43.777602934097558      -0.24041250359348593     
   43.784142761246365      -0.23971666681999954     
   43.790682588395171      -0.23902059032984629     
   43.797222415543970      -0.23832427481910270     
   43.803762242692777      -0.23762772098408430     
   43.810302069841583      -0.23693092952134490     
   43.816841896990390      -0.23623390112767600     
   43.823381724139189      -0.23553663650010595     
   43.829921551287995      -0.23483913633589940     
   43.836461378436802      -0.23414140133255654     
   43.843001205585608      -0.23344343218781230     
   43.849541032734408      -0.23274522959963587     
   43.856080859883214      -0.23204679426622984     
   43.862620687032020      -0.23134812688602957     
   43.869160514180820      -0.23064922815770236     
   43.875700341329626      -0.22995009878014699     
   43.882240168478432      -0.22925073945249286     
   43.888779995627239      -0.22855115087409930     
   43.895319822776038      -0.22785133374455488     
   43.901859649924845      -0.22715128876367666     
   43.908399477073651      -0.22645101663150977     
   43.914939304222457      -0.22575051804832616     
   43.921479131371257      -0.22504979371462455     
   43.928018958520063      -0.22434884433112917     
   43.934558785668870      -0.22364767059878951     
   43.941098612817676      -0.22294627321877922     
   43.947638439966475      -0.22224465289249573     
   43.954178267115282      -0.22154281032155934     
   43.960718094264088      -0.22084074620781263     
   43.967257921412894      -0.22013846125331971     
   43.973797748561694      -0.21943595616036560     
   43.980337575710500      -0.21873323163145525     
   43.986877402859307      -0.21803028836931332     
   43.993417230008106      -0.21732712707688304     
   43.999957057156912      -0.21662374845732571     
   44.006496884305719      -0.21592015321401989     
   44.013036711454525      -0.21521634205056089     
   44.019576538603324      -0.21451231567075985     
   44.026116365752131      -0.21380807477864311     
   44.032656192900937      -0.21310362007845166     
   44.039196020049744      -0.21239895227464006     
   44.045735847198543      -0.21169407207187615     
   44.052275674347349      -0.21098898017504017     
   44.058815501496156      -0.21028367728922406     
   44.065355328644962      -0.20957816411973065     
   44.071895155793761      -0.20887244137207309     
   44.078434982942568      -0.20816650975197418     
   44.084974810091374      -0.20746036996536546     
   44.091514637240181      -0.20675402271838680     
   44.098054464388980      -0.20604746871738544     
   44.104594291537786      -0.20534070866891529     
   44.111134118686593      -0.20463374327973652     
   44.117673945835392      -0.20392657325681454     
   44.124213772984199      -0.20321919930731921     
   44.130753600133005      -0.20251162213862461     
   44.137293427281811      -0.20180384245830793     
   44.143833254430611      -0.20109586097414875     
   44.150373081579417      -0.20038767839412860     
   44.156912908728223      -0.19967929542643006     
   44.163452735877030      -0.19897071277943612     
   44.169992563025829      -0.19826193116172938     
   44.176532390174636      -0.19755295128209152     
   44.183072217323442      -0.19684377384950236     
   44.189612044472248      -0.19613439957313936     
   44.196151871621048      -0.19542482916237677     
   44.202691698769854      -0.19471506332678501     
   44.209231525918661      -0.19400510277612992     
   44.215771353067460      -0.19329494822037210     
   44.222311180216266      -0.19258460036966604     
   44.228851007365073      -0.19187405993435960     
   44.235390834513879      -0.19116332762499327     
   44.241930661662678      -0.19045240415229928     
   44.248470488811485      -0.18974129022720113     
   44.255010315960291      -0.18902998656081274     
   44.261550143109098      -0.18831849386443783     
   44.268089970257897      -0.18760681284956901     
   44.274629797406703      -0.18689494422788736     
   44.281169624555510      -0.18618288871126146     
   44.287709451704316      -0.18547064701174681     
   44.294249278853115      -0.18475821984158519     
   44.300789106001922      -0.18404560791320371     
   44.307328933150728      -0.18333281193921433     
   44.313868760299535      -0.18261983263241299     
   44.320408587448334      -0.18190667070577907     
   44.326948414597140      -0.18119332687247441     
   44.333488241745947      -0.18047980184584289     
   44.340028068894746      -0.17976609633940954     
   44.346567896043553      -0.17905221106687985     
   44.353107723192359      -0.17833814674213908     
   44.359647550341165      -0.17762390407925160     
   44.366187377489965      -0.17690948379246002     
   44.372727204638771      -0.17619488659618468     
   44.379267031787577      -0.17548011320502274     
   44.385806858936384      -0.17476516433374761     
   44.392346686085183      -0.17405004069730812     
   44.398886513233990      -0.17333474301082796     
   44.405426340382796      -0.17261927198960475     
   44.411966167531602      -0.17190362834910961     
   44.418505994680402      -0.17118781280498607     
   44.425045821829208      -0.17047182607304975     
   44.431585648978015      -0.16975566886928734     
   44.438125476126821      -0.16903934190985609     
   44.444665303275620      -0.16832284591108290     
   44.451205130424427      -0.16760618158946380     
   44.457744957573233      -0.16688934966166311     
   44.464284784722032      -0.16617235084451276     
   44.470824611870839      -0.16545518585501154     
   44.477364439019645      -0.16473785541032449     
   44.483904266168452      -0.16402036022778202     
   44.490444093317251      -0.16330270102487932     
   44.496983920466057      -0.16258487851927558     
   44.503523747614864      -0.16186689342879332     
   44.510063574763670      -0.16114874647141766     
   44.516603401912469      -0.16043043836529552     
   44.523143229061276      -0.15971196982873501     
   44.529683056210082      -0.15899334158020467     
   44.536222883358889      -0.15827455433833276     
   44.542762710507688      -0.15755560882190653     
   44.549302537656494      -0.15683650574987146     
   44.555842364805301      -0.15611724584133066     
   44.562382191954107      -0.15539782981554404     
   44.568922019102907      -0.15467825839192756     
   44.575461846251713      -0.15395853229005271     
   44.582001673400519      -0.15323865222964558     
   44.588541500549319      -0.15251861893058621     
   44.595081327698125      -0.15179843311290792     
   44.601621154846931      -0.15107809549679649     
   44.608160981995738      -0.15035760680258958     
   44.614700809144537      -0.14963696775077590     
   44.621240636293344      -0.14891617906199442     
   44.627780463442150      -0.14819524145703392     
   44.634320290590956      -0.14747415565683195     
   44.640860117739756      -0.14675292238247434     
   44.647399944888562      -0.14603154235519436     
   44.653939772037369      -0.14531001629637200     
   44.660479599186175      -0.14458834492753336     
   44.667019426334974      -0.14386652897034979     
   44.673559253483781      -0.14314456914663726     
   44.680099080632587      -0.14242246617835558     
   44.686638907781386      -0.14170022078760769     
   44.693178734930193      -0.14097783369663902     
   44.699718562078999      -0.14025530562783670     
   44.706258389227806      -0.13953263730372872     
   44.712798216376605      -0.13880982944698345     
   44.719338043525411      -0.13808688278040870     
   44.725877870674218      -0.13736379802695123     
   44.732417697823024      -0.13664057590969569     
   44.738957524971823      -0.13591721715186431     
   44.745497352120630      -0.13519372247681571     
   44.752037179269436      -0.13447009260804466     
   44.758577006418243      -0.13374632826918101     
   44.765116833567042      -0.13302243018398907     
   44.771656660715848      -0.13229839907636695     
   44.778196487864655      -0.13157423567034576     
   44.784736315013461      -0.13084994069008890     
   44.791276142162260      -0.13012551485989132     
   44.797815969311067      -0.12940095890417891     
   44.804355796459873      -0.12867627354750760     
   44.810895623608673      -0.12795145951456274     
   44.817435450757479      -0.12722651753015837     
   44.823975277906285      -0.12650144831923646     
   44.830515105055092      -0.12577625260686623     
   44.837054932203891      -0.12505093111824339     
   44.843594759352698      -0.12432548457868944     
   44.850134586501504      -0.12359991371365092     
   44.856674413650310      -0.12287421924869868     
   44.863214240799110      -0.12214840190952719     
   44.869754067947916      -0.12142246242195380     
   44.876293895096723      -0.12069640151191798     
   44.882833722245529      -0.11997021990548062     
   44.889373549394328      -0.11924391832882338     
   44.895913376543135      -0.11851749750824782     
   44.902453203691941      -0.11779095817017474     
   44.908993030840747      -0.11706430104114349     
   44.915532857989547      -0.11633752684781119     
   44.922072685138353      -0.11561063631695205     
   44.928612512287160      -0.11488363017545661     
   44.935152339435959      -0.11415650915033097     
   44.941692166584765      -0.11342927396869620     
   44.948231993733572      -0.11270192535778746     
   44.954771820882378      -0.11197446404495338     
   44.961311648031177      -0.11124689075765525     
   44.967851475179984      -0.11051920622346637     
   44.974391302328790      -0.10979141117007127     
   44.980931129477597      -0.10906350632526499     
   44.987470956626396      -0.10833549241695239     
   44.994010783775202      -0.10760737017314738     
   45.000550610924009      -0.10687914032197220     
   45.007090438072815      -0.10615080359165670     
   45.013630265221614      -0.10542236071053759     
   45.020170092370421      -0.10469381240705779     
   45.026709919519227      -0.10396515940976558     
   45.033249746668034      -0.10323640244731395     
   45.039789573816833      -0.10250754224845988     
   45.046329400965639      -0.10177857954206354     
   45.052869228114446      -0.10104951505708767     
   45.059409055263245      -0.10032034952259673     
   45.065948882412052       -9.9591083667756278E-002
   45.072488709560858       -9.8861718221832165E-002
   45.079028536709664       -9.8132253914189838E-002
   45.085568363858464       -9.7402691474293604E-002
   45.092108191007270       -9.6673031631705875E-002
   45.098648018156076       -9.5943275116086538E-002
   45.105187845304883       -9.5213422657192084E-002
   45.111727672453682       -9.4483474984874971E-002
   45.118267499602489       -9.3753432829082883E-002
   45.124807326751295       -9.3023296919857931E-002
   45.131347153900101       -9.2293067987336080E-002
   45.137886981048901       -9.1562746761746236E-002
   45.144426808197707       -9.0832333973409632E-002
   45.150966635346514       -9.0101830352739054E-002
   45.157506462495320       -8.9371236630238132E-002
   45.164046289644119       -8.8640553536500563E-002
   45.170586116792926       -8.7909781802209472E-002
   45.177125943941732       -8.7178922158136579E-002
   45.183665771090531       -8.6447975335141522E-002
   45.190205598239338       -8.5716942064171145E-002
   45.196745425388144       -8.4985823076258696E-002
   45.203285252536951       -8.4254619102523173E-002
   45.209825079685750       -8.3523330874168550E-002
   45.216364906834556       -8.2791959122483036E-002
   45.222904733983363       -8.2060504578838400E-002
   45.229444561132169       -8.1328967974689192E-002
   45.235984388280968       -8.0597350041572008E-002
   45.242524215429775       -7.9865651511104765E-002
   45.249064042578581       -7.9133873114986028E-002
   45.255603869727388       -7.8402015584994170E-002
   45.262143696876187       -7.7670079652986737E-002
   45.268683524024993       -7.6938066050899631E-002
   45.275223351173800       -7.6205975510746496E-002
   45.281763178322599       -7.5473808764617831E-002
   45.288303005471406       -7.4741566544680407E-002
   45.294842832620212       -7.4009249583176437E-002
   45.301382659769018       -7.3276858612422877E-002
   45.307922486917818       -7.2544394364810721E-002
   45.314462314066624       -7.1811857572804200E-002
   45.321002141215430       -7.1079248968940106E-002
   45.327541968364237       -7.0346569285827040E-002
   45.334081795513036       -6.9613819256144696E-002
   45.340621622661843       -6.8880999612643101E-002
   45.347161449810649       -6.8148111088141880E-002
   45.353701276959455       -6.7415154415529574E-002
   45.360241104108255       -6.6682130327762865E-002
   45.366780931257061       -6.5949039557865810E-002
   45.373320758405868       -6.5215882838929207E-002
   45.379860585554674       -6.4482660904109770E-002
   45.386400412703473       -6.3749374486629429E-002
   45.392940239852280       -6.3016024319774600E-002
   45.399480067001086       -6.2282611136895434E-002
   45.406019894149885       -6.1549135671405145E-002
   45.412559721298692       -6.0815598656779192E-002
   45.419099548447498       -6.0082000826554571E-002
   45.425639375596305       -5.9348342914329118E-002
   45.432179202745104       -5.8614625653760757E-002
   45.438719029893910       -5.7880849778566723E-002
   45.445258857042717       -5.7147016022522923E-002
   45.451798684191523       -5.6413125119463087E-002
   45.458338511340322       -5.5679177803278142E-002
   45.464878338489129       -5.4945174807915380E-002
   45.471418165637935       -5.4211116867377805E-002
   45.477957992786742       -5.3477004715723378E-002
   45.484497819935541       -5.2742839087064224E-002
   45.491037647084347       -5.2008620715565973E-002
   45.497577474233154       -5.1274350335447028E-002
   45.504117301381960       -5.0540028680977740E-002
   45.510657128530760       -4.9805656486479763E-002
   45.517196955679566       -4.9071234486325312E-002
   45.523736782828372       -4.8336763414936375E-002
   45.530276609977172       -4.7602244006784013E-002
   45.536816437125978       -4.6867676996387657E-002
   45.543356264274784       -4.6133063118314298E-002
   45.549896091423591       -4.5398403107177826E-002
   45.556435918572390       -4.4663697697638248E-002
   45.562975745721197       -4.3928947624400971E-002
   45.569515572870003       -4.3194153622216069E-002
   45.576055400018809       -4.2459316425877545E-002
   45.582595227167609       -4.1724436770222598E-002
   45.589135054316415       -4.0989515390130876E-002
   45.595674881465222       -4.0254553020523762E-002
   45.602214708614028       -3.9519550396363637E-002
   45.608754535762827       -3.8784508252653109E-002
   45.615294362911634       -3.8049427324434330E-002
   45.621834190060440       -3.7314308346788227E-002
   45.628374017209246       -3.6579152054833787E-002
   45.634913844358046       -3.5843959183727285E-002
   45.641453671506852       -3.5108730468661600E-002
   45.647993498655659       -3.4373466644865451E-002
   45.654533325804458       -3.3638168447602652E-002
   45.661073152953264       -3.2902836612171409E-002
   45.667612980102071       -3.2167471873903557E-002
   45.674152807250877       -3.1432074968163824E-002
   45.680692634399676       -3.0696646630349128E-002
   45.687232461548483       -2.9961187595887801E-002
   45.693772288697289       -2.9225698600238874E-002
   45.700312115846096       -2.8490180378891346E-002
   45.706851942994895       -2.7754633667363440E-002
   45.713391770143701       -2.7019059201201869E-002
   45.719931597292508       -2.6283457715981097E-002
   45.726471424441314       -2.5547829947302602E-002
   45.733011251590113       -2.4812176630794162E-002
   45.739551078738920       -2.4076498502109092E-002
   45.746090905887726       -2.3340796296925519E-002
   45.752630733036526       -2.2605070750945644E-002
   45.759170560185332       -2.1869322599895023E-002
   45.765710387334138       -2.1133552579521798E-002
   45.772250214482945       -2.0397761425595996E-002
   45.778790041631744       -1.9661949873908766E-002
   45.785329868780551       -1.8926118660271662E-002
   45.791869695929357       -1.8190268520515900E-002
   45.798409523078163       -1.7454400190491614E-002
   45.804949350226963       -1.6718514406067142E-002
   45.811489177375769       -1.5982611903128264E-002
   45.818029004524575       -1.5246693417577482E-002
   45.824568831673382       -1.4510759685333283E-002
   45.831108658822181       -1.3774811442329398E-002
   45.837648485970988       -1.3038849424514073E-002
   45.844188313119794       -1.2302874367849326E-002
   45.850728140268600       -1.1566887008310210E-002
   45.857267967417400       -1.0830888081884083E-002
   45.863807794566206       -1.0094878324569876E-002
   45.870347621715013       -9.3588584723773433E-003
   45.876887448863812       -8.6228292613263410E-003
   45.883427276012618       -7.8867914274460740E-003
   45.889967103161425       -7.1507457067743821E-003
   45.896506930310231       -6.4146928353569820E-003
   45.903046757459030       -5.6786335492467459E-003
   45.909586584607837       -4.9425685845029613E-003
   45.916126411756643       -4.2064986771905922E-003
   45.922666238905450       -3.4704245633795459E-003
   45.929206066054249       -2.7343469791439364E-003
   45.935745893203055       -1.9982666605613477E-003
   45.942285720351862       -1.2621843437120982E-003
   45.948825547500668       -5.2610076467850535E-004
   45.955365374649467        2.0998334045585230E-004
   45.961905201798274        9.4606723560686961E-004
   45.968445028947080        1.6821501846906511E-003
   45.974984856095887        2.4182314516242483E-003
   45.981524683244686        3.1543103003263935E-003
   45.988064510393492        3.8903859947182393E-003
   45.994604337542299        4.6264577987240900E-003
   46.001144164691098        5.3625249762721417E-003
   46.007683991839905        6.0985867912952164E-003
   46.014223818988711        6.8346425077315002E-003
   46.020763646137517        7.5706913895252758E-003
   46.027303473286317        8.3067327006276608E-003
   46.033843300435123        9.0427657049973447E-003
   46.040383127583929        9.7787896666013240E-003
   46.046922954732736        1.0514803849415635E-002
   46.053462781881535        1.1250807517426098E-002
   46.060002609030342        1.1986799934629044E-002
   46.066542436179148        1.2722780365032054E-002
   46.073082263327954        1.3458748072654696E-002
   46.079622090476754        1.4194702321529265E-002
   46.086161917625560        1.4930642375701516E-002
   46.092701744774367        1.5666567499231388E-002
   46.099241571923173        1.6402476956193762E-002
   46.105781399071972        1.7138370010679183E-002
   46.112321226220779        1.7874245926794589E-002
   46.118861053369585        1.8610103968664072E-002
   46.125400880518384        1.9345943400429583E-002
   46.131940707667191        2.0081763486251694E-002
   46.138480534815997        2.0817563490310317E-002
   46.145020361964804        2.1553342676805452E-002
   46.151560189113603        2.2289100309957909E-002
   46.158100016262409        2.3024835654010058E-002
   46.164639843411216        2.3760547973226551E-002
   46.171179670560022        2.4496236531895071E-002
   46.177719497708821        2.5231900594327058E-002
   46.184259324857628        2.5967539424858459E-002
   46.190799152006434        2.6703152287850432E-002
   46.197338979155241        2.7438738447690115E-002
   46.203878806304040        2.8174297168791353E-002
   46.210418633452846        2.8909827715595419E-002
   46.216958460601653        2.9645329352571772E-002
   46.223498287750459        3.0380801344218774E-002
   46.230038114899259        3.1116242955064426E-002
   46.236577942048065        3.1851653449667124E-002
   46.243117769196871        3.2587032092616375E-002
   46.249657596345671        3.3322378148533525E-002
   46.256197423494477        3.4057690882072535E-002
   46.262737250643283        3.4792969557920654E-002
   46.269277077792090        3.5528213440799220E-002
   46.275816904940889        3.6263421795464344E-002
   46.282356732089696        3.6998593886707676E-002
   46.288896559238502        3.7733728979357117E-002
   46.295436386387308        3.8468826338277577E-002
   46.301976213536108        3.9203885228371704E-002
   46.308516040684914        3.9938904914580603E-002
   46.315055867833721        4.0673884661884582E-002
   46.321595694982527        4.1408823735303912E-002
   46.328135522131326        4.2143721399899498E-002
   46.334675349280133        4.2878576920773688E-002
   46.341215176428939        4.3613389563070946E-002
   46.347755003577738        4.4348158591978652E-002
   46.354294830726545        4.5082883272727761E-002
   46.360834657875351        4.5817562870593589E-002
   46.367374485024158        4.6552196650896556E-002
   46.373914312172957        4.7286783879002876E-002
   46.380454139321763        4.8021323820325305E-002
   46.386993966470570        4.8755815740323914E-002
   46.393533793619376        4.9490258904506784E-002
   46.400073620768175        5.0224652578430742E-002
   46.406613447916982        5.0958996027702125E-002
   46.413153275065788        5.1693288517977477E-002
   46.419693102214595        5.2427529314964305E-002
   46.426232929363394        5.3161717684421822E-002
   46.432772756512200        5.3895852892161651E-002
   46.439312583661007        5.4629934204048596E-002
   46.445852410809813        5.5363960886001318E-002
   46.452392237958612        5.6097932203993173E-002
   46.458932065107419        5.6831847424052825E-002
   46.465471892256225        5.7565705812265042E-002
   46.472011719405025        5.8299506634771452E-002
   46.478551546553831        5.9033249157771223E-002
   46.485091373702637        5.9766932647521843E-002
   46.491631200851444        6.0500556370339818E-002
   46.498171028000243        6.1234119592601423E-002
   46.504710855149050        6.1967621580743440E-002
   46.511250682297856        6.2701061601263874E-002
   46.517790509446662        6.3434438920722702E-002
   46.524330336595462        6.4167752805742606E-002
   46.530870163744268        6.4901002523009718E-002
   46.537409990893075        6.5634187339274314E-002
   46.543949818041881        6.6367306521351574E-002
   46.550489645190680        6.7100359336122309E-002
   46.557029472339487        6.7833345050533719E-002
   46.563569299488293        6.8566262931600064E-002
   46.570109126637099        6.9299112246403477E-002
   46.576648953785899        7.0031892262094650E-002
   46.583188780934705        7.0764602245893551E-002
   46.589728608083512        7.1497241465090219E-002
   46.596268435232311        7.2229809187045413E-002
   46.602808262381117        7.2962304679191431E-002
   46.609348089529924        7.3694727209032765E-002
   46.615887916678730        7.4427076044146875E-002
   46.622427743827529        7.5159350452184942E-002
   46.628967570976336        7.5891549700872571E-002
   46.635507398125142        7.6623673058010489E-002
   46.642047225273949        7.7355719791475347E-002
   46.648587052422748        7.8087689169220403E-002
   46.655126879571554        7.8819580459276312E-002
   46.661666706720361        7.9551392929751746E-002
   46.668206533869167        8.0283125848834264E-002
   46.674746361017966        8.1014778484790911E-002
   46.681286188166773        8.1746350105969090E-002
   46.687826015315579        8.2477839980797163E-002
   46.694365842464386        8.3209247377785248E-002
   46.700905669613185        8.3940571565525965E-002
   46.707445496761991        8.4671811812695119E-002
   46.713985323910798        8.5402967388052461E-002
   46.720525151059597        8.6134037560442411E-002
   46.727064978208404        8.6865021598794806E-002
   46.733604805357210        8.7595918772125594E-002
   46.740144632506016        8.8326728349537600E-002
   46.746684459654816        8.9057449600221272E-002
   46.753224286803622        8.9788081793455321E-002
   46.759764113952428        9.0518624198607595E-002
   46.766303941101235        9.1249076085135675E-002
   46.772843768250034        9.1979436722587668E-002
   46.779383595398841        9.2709705380602941E-002
   46.785923422547647        9.3439881328912830E-002
   46.792463249696453        9.4169963837341386E-002
   46.799003076845253        9.4899952175806115E-002
   46.805542903994059        9.5629845614318670E-002
   46.812082731142866        9.6359643422985586E-002
   46.818622558291665        9.7089344872009112E-002
   46.825162385440471        9.7818949231687768E-002
   46.831702212589278        9.8548455772417207E-002
   46.838242039738084        9.9277863764690846E-002
   46.844781866886883       0.10000717247910074     
   46.851321694035690       0.10073638118633814     
   46.857861521184496       0.10146548915719436     
   46.864401348333303       0.10219449566256142     
   46.870941175482102       0.10292339997343282     
   46.877481002630908       0.10365220136090424     
   46.884020829779715       0.10438089909617428     
   46.890560656928521       0.10510949245054525     
   46.897100484077320       0.10583798069542376     
   46.903640311226127       0.10656636310232158     
   46.910180138374933       0.10729463894285626     
   46.916719965523740       0.10802280748875201     
   46.923259792672539       0.10875086801184029     
   46.929799619821345       0.10947881978406056     
   46.936339446970152       0.11020666207746103     
   46.942879274118951       0.11093439416419942     
   46.949419101267758       0.11166201531654367     
   46.955958928416564       0.11238952480687260     
   46.962498755565370       0.11311692190767673     
   46.969038582714170       0.11384420589155896     
   46.975578409862976       0.11457137603123529     
   46.982118237011782       0.11529843159953558     
   46.988658064160589       0.11602537186940430     
   46.995197891309388       0.11675219611390114     
   47.001737718458195       0.11747890360620190     
   47.008277545607001       0.11820549361959903     
   47.014817372755807       0.11893196542750253     
   47.021357199904607       0.11965831830344063     
   47.027897027053413       0.12038455152106042     
   47.034436854202220       0.12111066435412871     
   47.040976681351026       0.12183665607653260     
   47.047516508499825       0.12256252596228043     
   47.054056335648632       0.12328827328550229     
   47.060596162797438       0.12401389732045089     
   47.067135989946237       0.12473939734150218     
   47.073675817095044       0.12546477262315608     
   47.080215644243850       0.12619002244003741     
   47.086755471392657       0.12691514606689627     
   47.093295298541456       0.12764014277860908     
   47.099835125690262       0.12836501185017912     
   47.106374952839069       0.12908975255673730     
   47.112914779987875       0.12981436417354292     
   47.119454607136674       0.13053884597598436     
   47.125994434285481       0.13126319723957983     
   47.132534261434287       0.13198741723997806     
   47.139074088583094       0.13271150525295905     
   47.145613915731893       0.13343546055443478     
   47.152153742880699       0.13415928242044997     
   47.158693570029506       0.13488297012718273     
   47.165233397178312       0.13560652295094536     
   47.171773224327112       0.13632994016818503     
   47.178313051475918       0.13705322105548456     
   47.184852878624724       0.13777636488956302     
   47.191392705773524       0.13849937094727660     
   47.197932532922330       0.13922223850561924     
   47.204472360071136       0.13994496684172336     
   47.211012187219943       0.14066755523286062     
   47.217552014368742       0.14139000295644266     
   47.224091841517549       0.14211230929002175     
   47.230631668666355       0.14283447351129153     
   47.237171495815161       0.14355649489808778     
   47.243711322963961       0.14427837272838914     
   47.250251150112767       0.14500010628031776     
   47.256790977261574       0.14572169483214009     
   47.263330804410380       0.14644313766226760     
   47.269870631559179       0.14716443404925744     
   47.276410458707986       0.14788558327181325     
   47.282950285856792       0.14860658460878579     
   47.289490113005598       0.14932743733917370     
   47.296029940154398       0.15004814074212428     
   47.302569767303204       0.15076869409693411     
   47.309109594452011       0.15148909668304986     
   47.315649421600810       0.15220934778006892     
   47.322189248749616       0.15292944666774019     
   47.328729075898423       0.15364939262596480     
   47.335268903047229       0.15436918493479676     
   47.341808730196028       0.15508882287444381     
   47.348348557344835       0.15580830572526799     
   47.354888384493641       0.15652763276778645     
   47.361428211642448       0.15724680328267210     
   47.367968038791247       0.15796581655075451     
   47.374507865940053       0.15868467185302032     
   47.381047693088860       0.15940336847061432     
   47.387587520237666       0.16012190568483983     
   47.394127347386465       0.16084028277715967     
   47.400667174535272       0.16155849902919675     
   47.407207001684078       0.16227655372273478     
   47.413746828832878       0.16299444613971911     
   47.420286655981684       0.16371217556225728     
   47.426826483130490       0.16442974127261992     
   47.433366310279297       0.16514714255324126     
   47.439906137428096       0.16586437868672005     
   47.446445964576903       0.16658144895582017     
   47.452985791725709       0.16729835264347132     
   47.459525618874515       0.16801508903276979     
   47.466065446023315       0.16873165740697926     
   47.472605273172121       0.16944805704953131     
   47.479145100320927       0.17016428724402632     
   47.485684927469734       0.17088034727423410     
   47.492224754618533       0.17159623642409455     
   47.498764581767340       0.17231195397771865     
   47.505304408916146       0.17302749921938876     
   47.511844236064952       0.17374287143355960     
   47.518384063213752       0.17445806990485904     
   47.524923890362558       0.17517309391808858     
   47.531463717511365       0.17588794275822420     
   47.538003544660164       0.17660261571041705     
   47.544543371808970       0.17731711205999420     
   47.551083198957777       0.17803143109245928     
   47.557623026106583       0.17874557209349329     
   47.564162853255382       0.17945953434895515     
   47.570702680404189       0.18017331714488269     
   47.577242507552995       0.18088691976749308     
   47.583782334701802       0.18160034150318369     
   47.590322161850601       0.18231358163853278     
   47.596861988999407       0.18302663946030026     
   47.603401816148214       0.18373951425542828     
   47.609941643297020       0.18445220531104201     
   47.616481470445819       0.18516471191445044     
   47.623021297594626       0.18587703335314695     
   47.629561124743432       0.18658916891481012     
   47.636100951892239       0.18730111788730439     
   47.642640779041038       0.18801287955868076     
   47.649180606189844       0.18872445321717760     
   47.655720433338651       0.18943583815122123     
   47.662260260487450       0.19014703364942673     
   47.668800087636257       0.19085803900059861     
   47.675339914785063       0.19156885349373148     
   47.681879741933869       0.19227947641801088     
   47.688419569082669       0.19298990706281385     
   47.694959396231475       0.19370014471770974     
   47.701499223380281       0.19441018867246096     
   47.708039050529088       0.19512003821702351     
   47.714578877677887       0.19582969264154781     
   47.721118704826694       0.19653915123637949     
   47.727658531975500       0.19724841329205992     
   47.734198359124306       0.19795747809932701     
   47.740738186273106       0.19866634494911609     
   47.747278013421912       0.19937501313256017     
   47.753817840570719       0.20008348194099113     
   47.760357667719525       0.20079175066594013     
   47.766897494868324       0.20149981859913849     
   47.773437322017131       0.20220768503251824     
   47.779977149165937       0.20291534925821295     
   47.786516976314736       0.20362281056855838     
   47.793056803463543       0.20433006825609329     
   47.799596630612349       0.20503712161355989     
   47.806136457761156       0.20574396993390492     
   47.812676284909955       0.20645061251028002     
   47.819216112058761       0.20715704863604262     
   47.825755939207568       0.20786327760475659     
   47.832295766356374       0.20856929871019297     
   47.838835593505173       0.20927511124633061     
   47.845375420653980       0.20998071450735703     
   47.851915247802786       0.21068610778766894     
   47.858455074951593       0.21139129038187307     
   47.864994902100392       0.21209626158478678     
   47.871534729249198       0.21280102069143889     
   47.878074556398005       0.21350556699707035     
   47.884614383546811       0.21420989979713478     
   47.891154210695611       0.21491401838729945     
   47.897694037844417       0.21561792206344571     
   47.904233864993223       0.21632161012166992     
   47.910773692142023       0.21702508185828401     
   47.917313519290829       0.21772833656981630     
   47.923853346439635       0.21843137355301198     
   47.930393173588442       0.21913419210483415     
   47.936933000737241       0.21983679152246419     
   47.943472827886048       0.22053917110330271     
   47.950012655034854       0.22124133014497016     
   47.956552482183660       0.22194326794530742     
   47.963092309332460       0.22264498380237674     
   47.969632136481266       0.22334647701446225     
   47.976171963630073       0.22404774688007079     
   47.982711790778879       0.22474879269793238     
   47.989251617927678       0.22544961376700132     
   47.995791445076485       0.22615020938645641     
   48.002331272225291       0.22685057885570215     
   48.008871099374090       0.22755072147436903     
   48.015410926522897       0.22825063654231445     
   48.021950753671703       0.22895032335962331     
   48.028490580820510       0.22964978122660884     
   48.035030407969309       0.23034900944381315     
   48.041570235118115       0.23104800731200803     
   48.048110062266922       0.23174677413219558     
   48.054649889415728       0.23244530920560905     
   48.061189716564527       0.23314361183371324     
   48.067729543713334       0.23384168131820568     
   48.074269370862140       0.23453951696101680     
   48.080809198010947       0.23523711806431094     
   48.087349025159746       0.23593448393048702     
   48.093888852308552       0.23663161386217918     
   48.100428679457359       0.23732850716225751     
   48.106968506606165       0.23802516313382865     
   48.113508333754964       0.23872158108023669     
   48.120048160903771       0.23941776030506368     
   48.126587988052577       0.24011370011213032     
   48.133127815201377       0.24080939980549682     
   48.139667642350183       0.24150485868946350     
   48.146207469498989       0.24220007606857150     
   48.152747296647796       0.24289505124760341     
   48.159287123796595       0.24358978353158414     
   48.165826950945402       0.24428427222578128     
   48.172366778094208       0.24497851663570624     
   48.178906605243014       0.24567251606711452     
   48.185446432391814       0.24636626982600673     
   48.191986259540620       0.24705977721862907     
   48.198526086689427       0.24775303755147424     
   48.205065913838233       0.24844605013128182     
   48.211605740987032       0.24913881426503928     
   48.218145568135839       0.24983132925998250     
   48.224685395284645       0.25052359442359640     
   48.231225222433451       0.25121560906361595     
   48.237765049582251       0.25190737248802642     
   48.244304876731057       0.25259888400506442     
   48.250844703879864       0.25329014292321844     
   48.257384531028663       0.25398114855122955     
   48.263924358177469       0.25467190019809210     
   48.270464185326276       0.25536239717305448     
   48.277004012475082       0.25605263878561962     
   48.283543839623881       0.25674262434554601     
   48.290083666772688       0.25743235316284807     
   48.296623493921494       0.25812182454779697     
   48.303163321070301       0.25881103781092135     
   48.309703148219100       0.25949999226300791     
   48.316242975367906       0.26018868721510224     
   48.322782802516713       0.26087712197850937     
   48.329322629665519       0.26156529586479449     
   48.335862456814318       0.26225320818578374     
   48.342402283963125       0.26294085825356478     
   48.348942111111931       0.26362824538048762     
   48.355481938260738       0.26431536887916512     
   48.362021765409537       0.26500222806247370     
   48.368561592558343       0.26568882224355422     
   48.375101419707150       0.26637515073581253     
   48.381641246855949       0.26706121285292012     
   48.388181074004756       0.26774700790881484     
   48.394720901153562       0.26843253521770166     
   48.401260728302368       0.26911779409405329     
   48.407800555451168       0.26980278385261086     
   48.414340382599974       0.27048750380838449     
   48.420880209748780       0.27117195327665433     
   48.427420036897587       0.27185613157297095     
   48.433959864046386       0.27254003801315596     
   48.440499691195193       0.27322367191330299     
   48.447039518343999       0.27390703258977805     
   48.453579345492805       0.27459011935922056     
   48.460119172641605       0.27527293153854365     
   48.466658999790411       0.27595546844493524     
   48.473198826939218       0.27663772939585840     
   48.479738654088017       0.27731971370905212     
   48.486278481236823       0.27800142070253220     
   48.492818308385630       0.27868284969459156     
   48.499358135534436       0.27936400000380124     
   48.505897962683235       0.28004487094901087     
   48.512437789832042       0.28072546184934960     
   48.518977616980848       0.28140577202422651     
   48.525517444129655       0.28208580079333140     
   48.532057271278454       0.28276554747663540     
   48.538597098427260       0.28344501139439199     
   48.545136925576067       0.28412419186713722     
   48.551676752724873       0.28480308821569050     
   48.558216579873672       0.28548169976115562     
   48.564756407022479       0.28616002582492095     
   48.571296234171285       0.28683806572866050     
   48.577836061320092       0.28751581879433424     
   48.584375888468891       0.28819328434418923     
   48.590915715617697       0.28887046170075986     
   48.597455542766504       0.28954735018686878     
   48.603995369915303       0.29022394912562754     
   48.610535197064110       0.29090025784043716     
   48.617075024212916       0.29157627565498889     
   48.623614851361722       0.29225200189326506     
   48.630154678510522       0.29292743587953929     
   48.636694505659328       0.29360257693837766     
   48.643234332808134       0.29427742439463905     
   48.649774159956941       0.29495197757347608     
   48.656313987105740       0.29562623580033554     
   48.662853814254547       0.29630019840095917     
   48.669393641403353       0.29697386470138443     
   48.675933468552159       0.29764723402794491     
   48.682473295700959       0.29832030570727142     
   48.689013122849765       0.29899307906629219     
   48.695552949998572       0.29966555343223394     
   48.702092777147378       0.30033772813262227     
   48.708632604296177       0.30100960249528236     
   48.715172431444984       0.30168117584834003     
   48.721712258593790       0.30235244752022183     
   48.728252085742589       0.30302341683965606     
   48.734791912891396       0.30369408313567348     
   48.741331740040202       0.30436444573760774     
   48.747871567189009       0.30503450397509624     
   48.754411394337808       0.30570425717808081     
   48.760951221486614       0.30637370467680819     
   48.767491048635421       0.30704284580183083     
   48.774030875784227       0.30771167988400777     
   48.780570702933026       0.30838020625450469     
   48.787110530081833       0.30904842424479545     
   48.793650357230639       0.30971633318666197     
   48.800190184379446       0.31038393241219520     
   48.806730011528245       0.31105122125379608     
   48.813269838677051       0.31171819904417569     
   48.819809665825858       0.31238486511635627     
   48.826349492974664       0.31305121880367165     
   48.832889320123464       0.31371725943976830     
   48.839429147272270       0.31438298635860557     
   48.845968974421076       0.31504839889445641     
   48.852508801569876       0.31571349638190832     
   48.859048628718682       0.31637827815586389     
   48.865588455867488       0.31704274355154127     
   48.872128283016295       0.31770689190447504     
   48.878668110165094       0.31837072255051696     
   48.885207937313901       0.31903423482583637     
   48.891747764462707       0.31969742806692097     
   48.898287591611513       0.32036030161057744     
   48.904827418760313       0.32102285479393233     
   48.911367245909119       0.32168508695443238     
   48.917907073057926       0.32234699742984552     
   48.924446900206732       0.32300858555826123     
   48.930986727355531       0.32366985067809140     
   48.937526554504338       0.32433079212807087     
   48.944066381653144       0.32499140924725822     
   48.950606208801950       0.32565170137503630     
   48.957146035950750       0.32631166785111299     
   48.963685863099556       0.32697130801552188     
   48.970225690248363       0.32763062120862274     
   48.976765517397162       0.32828960677110236     
   48.983305344545968       0.32894826404397526     
   48.989845171694775       0.32960659236858408     
   48.996384998843581       0.33026459108660056     
   49.002924825992380       0.33092225954002591     
   49.009464653141187       0.33157959707119172     
   49.016004480289993       0.33223660302276048     
   49.022544307438800       0.33289327673772623     
   49.029084134587599       0.33354961755941526     
   49.035623961736405       0.33420562483148669     
   49.042163788885212       0.33486129789793329     
   49.048703616034018       0.33551663610308208     
   49.055243443182817       0.33617163879159462     
   49.061783270331624       0.33682630530846847     
   49.068323097480430       0.33748063499903697     
   49.074862924629230       0.33813462720897047     
   49.081402751778036       0.33878828128427674     
   49.087942578926842       0.33944159657130174     
   49.094482406075649       0.34009457241673013     
   49.101022233224448       0.34074720816758614     
   49.107562060373255       0.34139950317123396     
   49.114101887522061       0.34205145677537857     
   49.120641714670867       0.34270306832806646     
   49.127181541819667       0.34335433717768604     
   49.133721368968473       0.34400526267296844     
   49.140261196117279       0.34465584416298817     
   49.146801023266086       0.34530608099716370     
   49.153340850414885       0.34595597252525828     
   49.159880677563692       0.34660551809738033     
   49.166420504712498       0.34725471706398425     
   49.172960331861304       0.34790356877587109     
   49.179500159010104       0.34855207258418919     
   49.186039986158910       0.34920022784043464     
   49.192579813307717       0.34984803389645230     
   49.199119640456516       0.35049549010443604     
   49.205659467605322       0.35114259581692975     
   49.212199294754129       0.35178935038682757     
   49.218739121902935       0.35243575316737508     
   49.225278949051734       0.35308180351216945     
   49.231818776200541       0.35372750077516030     
   49.238358603349347       0.35437284431065030     
   49.244898430498154       0.35501783347329607     
   49.251438257646953       0.35566246761810832     
   49.257978084795759       0.35630674610045293     
   49.264517911944566       0.35695066827605143     
   49.271057739093372       0.35759423350098168     
   49.277597566242171       0.35823744113167844     
   49.284137393390978       0.35888029052493409     
   49.290677220539784       0.35952278103789920     
   49.297217047688591       0.36016491202808332     
   49.303756874837390       0.36080668285335532     
   49.310296701986196       0.36144809287194463     
   49.316836529135003       0.36208914144244098     
   49.323376356283802       0.36272982792379588     
   49.329916183432609       0.36337015167532283     
   49.336456010581415       0.36401011205669814     
   49.342995837730221       0.36464970842796146     
   49.349535664879021       0.36528894014951629     
   49.356075492027827       0.36592780658213098     
   49.362615319176633       0.36656630708693910     
   49.369155146325440       0.36720444102544014     
   49.375694973474239       0.36784220775950016     
   49.382234800623046       0.36847960665135238     
   49.388774627771852       0.36911663706359793     
   49.395314454920658       0.36975329835920645     
   49.401854282069458       0.37038958990151660     
   49.408394109218264       0.37102551105423687     
   49.414933936367071       0.37166106118144610     
   49.421473763515877       0.37229623964759412     
   49.428013590664676       0.37293104581750247     
   49.434553417813483       0.37356547905636506     
   49.441093244962289       0.37419953872974859     
   49.447633072111088       0.37483322420359344     
   49.454172899259895       0.37546653484421399     
   49.460712726408701       0.37609947001829980     
   49.467252553557508       0.37673202909291564     
   49.473792380706307       0.37736421143550236     
   49.480332207855113       0.37799601641387770     
   49.486872035003920       0.37862744339623672     
   49.493411862152726       0.37925849175115223     
   49.499951689301525       0.37988916084757607     
   49.506491516450332       0.38051945005483906     
   49.513031343599138       0.38114935874265199     
   49.519571170747945       0.38177888628110618     
   49.526110997896744       0.38240803204067408     
   49.532650825045550       0.38303679539220997     
   49.539190652194357       0.38366517570695047     
   49.545730479343156       0.38429317235651528     
   49.552270306491963       0.38492078471290769     
   49.558810133640769       0.38554801214851553     
   49.565349960789575       0.38617485403611118     
   49.571889787938375       0.38680130974885291     
   49.578429615087181       0.38742737866028476     
   49.584969442235987       0.38805306014433805     
   49.591509269384794       0.38867835357533115     
   49.598049096533593       0.38930325832797064     
   49.604588923682400       0.38992777377735194     
   49.611128750831206       0.39055189929895934     
   49.617668577980012       0.39117563426866747     
   49.624208405128812       0.39179897806274128     
   49.630748232277618       0.39242193005783710     
   49.637288059426425       0.39304448963100280     
   49.643827886575231       0.39366665615967894     
   49.650367713724030       0.39428842902169886     
   49.656907540872837       0.39490980759528976     
   49.663447368021643       0.39553079125907303     
   49.669987195170442       0.39615137939206507     
   49.676527022319249       0.39677157137367774     
   49.683066849468055       0.39739136658371904     
   49.689606676616862       0.39801076440239380     
   49.696146503765661       0.39862976421030405     
   49.702686330914467       0.39924836538845010     
   49.709226158063274       0.39986656731823073     
   49.715765985212080       0.40048436938144416     
   49.722305812360879       0.40110177096028821     
   49.728845639509686       0.40171877143736129     
   49.735385466658492       0.40233537019566290     
   49.741925293807299       0.40295156661859433     
   49.748465120956098       0.40356736008995908     
   49.755004948104904       0.40418274999396386     
   49.761544775253711       0.40479773571521849     
   49.768084602402517       0.40541231663873750     
   49.774624429551316       0.40602649214993985     
   49.781164256700123       0.40664026163465006     
   49.787704083848929       0.40725362447909863     
   49.794243910997729       0.40786658006992277     
   49.800783738146535       0.40847912779416690     
   49.807323565295341       0.40909126703928317     
   49.813863392444148       0.40970299719313230     
   49.820403219592947       0.41031431764398435     
   49.826943046741754       0.41092522778051871     
   49.833482873890560       0.41153572699182539     
   49.840022701039366       0.41214581466740496     
   49.846562528188166       0.41275549019716989     
   49.853102355336972       0.41336475297144465     
   49.859642182485779       0.41397360238096642     
   49.866182009634585       0.41458203781688580     
   49.872721836783384       0.41519005867076736     
   49.879261663932191       0.41579766433459031     
   49.885801491080997       0.41640485420074896     
   49.892341318229803       0.41701162766205341     
   49.898881145378603       0.41761798411173023     
   49.905420972527409       0.41822392294342287     
   49.911960799676216       0.41882944355119262     
   49.918500626825015       0.41943454532951879     
   49.925040453973821       0.42003922767329976     
   49.931580281122628       0.42064348997785289     
   49.938120108271434       0.42124733163891614     
   49.944659935420233       0.42185075205264772     
   49.951199762569040       0.42245375061562729     
   49.957739589717846       0.42305632672485616     
   49.964279416866653       0.42365847977775839     
   49.970819244015452       0.42426020917218077     
   49.977359071164258       0.42486151430639407     
   49.983898898313065       0.42546239457909307     
   49.990438725461871       0.42606284938939754     
   49.996978552610670       0.42666287813685266     
   50.003518379759477       0.42726248022142949     
   50.010058206908283       0.42786165504352625     
   50.016598034057090       0.42846040200396784     
   50.023137861205889       0.42905872050400751     
   50.029677688354695       0.42965660994532651     
   50.036217515503502       0.43025406973003560     
   50.042757342652301       0.43085109926067500     
   50.049297169801108       0.43144769794021504     
   50.055836996949914       0.43204386517205723     
   50.062376824098720       0.43263960036003429     
   50.068916651247520       0.43323490290841093     
   50.075456478396326       0.43382977222188462     
   50.081996305545132       0.43442420770558610     
   50.088536132693939       0.43501820876507979     
   50.095075959842738       0.43561177480636482     
   50.101615786991545       0.43620490523587491     
   50.108155614140351       0.43679759946047969     
   50.114695441289157       0.43738985688748516     
   50.121235268437957       0.43798167692463369     
   50.127775095586763       0.43857305898010535     
   50.134314922735570       0.43916400246251802     
   50.140854749884369       0.43975450678092826     
   50.147394577033175       0.44034457134483168     
   50.153934404181982       0.44093419556416369     
   50.160474231330788       0.44152337884930015     
   50.167014058479587       0.44211212061105776     
   50.173553885628394       0.44270042026069467     
   50.180093712777200       0.44328827720991137     
   50.186633539926007       0.44387569087085077     
   50.193173367074806       0.44446266065609941     
   50.199713194223612       0.44504918597868742     
   50.206253021372419       0.44563526625208932     
   50.212792848521225       0.44622090089022504     
   50.219332675670024       0.44680608930745980     
   50.225872502818831       0.44739083091860526     
   50.232412329967637       0.44797512513891991     
   50.238952157116444       0.44855897138410922     
   50.245491984265243       0.44914236907032734     
   50.252031811414049       0.44972531761417628     
   50.258571638562856       0.45030781643270762     
   50.265111465711655       0.45088986494342254     
   50.271651292860462       0.45147146256427240     
   50.278191120009268       0.45205260871365976     
   50.284730947158074       0.45263330281043845     
   50.291270774306874       0.45321354427391441     
   50.297810601455680       0.45379333252384602     
   50.304350428604486       0.45437266698044509     
   50.310890255753293       0.45495154706437718     
   50.317430082902092       0.45552997219676217     
   50.323969910050899       0.45610794179917497     
   50.330509737199705       0.45668545529364590     
   50.337049564348511       0.45726251210266156     
   50.343589391497311       0.45783911164916519     
   50.350129218646117       0.45841525335655708     
   50.356669045794924       0.45899093664869567     
   50.363208872943730       0.45956616094989744     
   50.369748700092529       0.46014092568493847     
   50.376288527241336       0.46071523027905376     
   50.382828354390142       0.46128907415793874     
   50.389368181538941       0.46186245674774956     
   50.395908008687748       0.46243537747510360     
   50.402447835836554       0.46300783576708021     
   50.408987662985361       0.46357983105122103     
   50.415527490134160       0.46415136275553076     
   50.422067317282966       0.46472243030847776     
   50.428607144431773       0.46529303313899439     
   50.435146971580579       0.46586317067647792     
   50.441686798729378       0.46643284235079091     
   50.448226625878185       0.46700204759226138     
   50.454766453026991       0.46757078583168432     
   50.461306280175798       0.46813905650032145     
   50.467846107324597       0.46870685902990200     
   50.474385934473403       0.46927419285262356     
   50.480925761622210       0.46984105740115223     
   50.487465588771016       0.47040745210862356     
   50.494005415919816       0.47097337640864279     
   50.500545243068622       0.47153882973528555     
   50.507085070217428       0.47210381152309860     
   50.513624897366228       0.47266832120710017     
   50.520164724515034       0.47323235822278054     
   50.526704551663840       0.47379592200610265     
   50.533244378812647       0.47435901199350278     
   50.539784205961446       0.47492162762189094     
   50.546324033110253       0.47548376832865141     
   50.552863860259059       0.47604543355164369     
   50.559403687407865       0.47660662272920229     
   50.565943514556665       0.47716733530013816     
   50.572483341705471       0.47772757070373872     
   50.579023168854278       0.47828732837976867     
   50.585562996003084       0.47884660776847016     
   50.592102823151883       0.47940540831056383     
   50.598642650300690       0.47996372944724924     
   50.605182477449496       0.48052157062020506     
   50.611722304598295       0.48107893127159046     
   50.618262131747102       0.48163581084404444     
   50.624801958895908       0.48219220878068758     
   50.631341786044715       0.48274812452512200     
   50.637881613193514       0.48330355752143184     
   50.644421440342320       0.48385850721418416     
   50.650961267491127       0.48441297304842923     
   50.657501094639933       0.48496695446970128     
   50.664040921788732       0.48552045092401891     
   50.670580748937539       0.48607346185788564     
   50.677120576086345       0.48662598671829044     
   50.683660403235152       0.48717802495270857     
   50.690200230383951       0.48772957600910177     
   50.696740057532757       0.48828063933591903     
   50.703279884681564       0.48883121438209687     
   50.709819711830370       0.48938130059706031     
   50.716359538979169       0.48993089743072321     
   50.722899366127976       0.49048000433348871     
   50.729439193276782       0.49102862075624981     
   50.735979020425582       0.49157674615039021     
   50.742518847574388       0.49212437996778452     
   50.749058674723194       0.49267152166079875     
   50.755598501872001       0.49321817068229135     
   50.762138329020800       0.49376432648561319     
   50.768678156169607       0.49430998852460861     
   50.775217983318413       0.49485515625361559     
   50.781757810467219       0.49539982912746616     
   50.788297637616019       0.49594400660148763     
   50.794837464764825       0.49648768813150257     
   50.801377291913631       0.49703087317382932     
   50.807917119062438       0.49757356118528295     
   50.814456946211237       0.49811575162317540     
   50.820996773360044       0.49865744394531625     
   50.827536600508850       0.49919863761001310     
   50.834076427657656       0.49973933207607241     
   50.840616254806456       0.50027952680279963     
   50.847156081955262       0.50081922125000000     
   50.853695909104069       0.50135841487797916     
   50.860235736252868       0.50189710714754354     
   50.866775563401674       0.50243529752000060     
   50.873315390550481       0.50297298545716018     
   50.879855217699287       0.50351017042133428     
   50.886395044848086       0.50404685187533804     
   50.892934871996893       0.50458302928248977     
   50.899474699145699       0.50511870210661225     
   50.906014526294506       0.50565386981203264     
   50.912554353443305       0.50618853186358315     
   50.919094180592111       0.50672268772660189     
   50.925634007740918       0.50725633686693283     
   50.932173834889724       0.50778947875092695     
   50.938713662038523       0.50832211284544226     
   50.945253489187330       0.50885423861784473     
   50.951793316336136       0.50938585553600868     
   50.958333143484943       0.50991696306831702     
   50.964872970633742       0.51044756068366226     
   50.971412797782548       0.51097764785144684     
   50.977952624931355       0.51150722404158366     
   50.984492452080154       0.51203628872449636     
   50.991032279228961       0.51256484137112046     
   50.997572106377767       0.51309288145290299     
   51.004111933526573       0.51362040844180423     
   51.010651760675373       0.51414742181029693     
   51.017191587824179       0.51467392103136778     
   51.023731414972985       0.51519990557851769     
   51.030271242121792       0.51572537492576198     
   51.036811069270591       0.51625032854763142     
   51.043350896419398       0.51677476591917215     
   51.049890723568204       0.51729868651594713     
   51.056430550717010       0.51782208981403555     
   51.062970377865810       0.51834497529003420     
   51.069510205014616       0.51886734242105748     
   51.076050032163423       0.51938919068473832     
   51.082589859312229       0.51991051955922851     
   51.089129686461028       0.52043132852319907     
   51.095669513609835       0.52095161705584137     
   51.102209340758641       0.52147138463686649     
   51.108749167907440       0.52199063074650687     
   51.115288995056247       0.52250935486551664     
   51.121828822205053       0.52302755647517152     
   51.128368649353860       0.52354523505726991     
   51.134908476502659       0.52406239009413325     
   51.141448303651465       0.52457902106860643     
   51.147988130800272       0.52509512746405851     
   51.154527957949078       0.52561070876438298     
   51.161067785097877       0.52612576445399883     
   51.167607612246684       0.52664029401785017     
   51.174147439395490       0.52715429694140747     
   51.180687266544297       0.52766777271066778     
   51.187227093693096       0.52818072081215550     
   51.193766920841902       0.52869314073292228     
   51.200306747990709       0.52920503196054836     
   51.206846575139508       0.52971639398314241     
   51.213386402288315       0.53022722628934260     
   51.219926229437121       0.53073752836831634     
   51.226466056585927       0.53124729970976181     
   51.233005883734727       0.53175653980390758     
   51.239545710883533       0.53226524814151366     
   51.246085538032339       0.53277342421387142     
   51.252625365181146       0.53328106751280502     
   51.259165192329945       0.53378817753067109     
   51.265705019478752       0.53429475376035951     
   51.272244846627558       0.53480079569529426     
   51.278784673776364       0.53530630282943326     
   51.285324500925164       0.53581127465726952     
   51.291864328073970       0.53631571067383099     
   51.298404155222777       0.53681961037468184     
   51.304943982371583       0.53732297325592226     
   51.311483809520382       0.53782579881418946     
   51.318023636669189       0.53832808654665787     
   51.324563463817995       0.53882983595103973     
   51.331103290966794       0.53933104652558572     
   51.337643118115601       0.53983171776908501     
   51.344182945264407       0.54033184918086674     
   51.350722772413214       0.54083144026079921     
   51.357262599562013       0.54133049050929138     
   51.363802426710819       0.54182899942729301     
   51.370342253859626       0.54232696651629531     
   51.376882081008432       0.54282439127833093     
   51.383421908157231       0.54332127321597545     
   51.389961735306038       0.54381761183234656     
   51.396501562454844       0.54431340663110594     
   51.403041389603651       0.54480865711645865     
   51.409581216752450       0.54530336279315428     
   51.416121043901256       0.54579752316648722     
   51.422660871050063       0.54629113774229676     
   51.429200698198869       0.54678420602696876     
   51.435740525347668       0.54727672752743473     
   51.442280352496475       0.54776870175117309     
   51.448820179645281       0.54826012820620973     
   51.455360006794081       0.54875100640111818     
   51.461899833942887       0.54924133584502022     
   51.468439661091693       0.54973111604758651     
   51.474979488240500       0.55022034651903662     
   51.481519315389299       0.55070902677014022     
   51.488059142538106       0.55119715631221711     
   51.494598969686912       0.55168473465713774     
   51.501138796835718       0.55217176131732360     
   51.507678623984518       0.55265823580574813     
   51.514218451133324       0.55314415763593705     
   51.520758278282131       0.55362952632196816     
   51.527298105430937       0.55411434137847304     
   51.533837932579736       0.55459860232063640     
   51.540377759728543       0.55508230866419761     
   51.546917586877349       0.55556545992545014     
   51.553457414026155       0.55604805562124271     
   51.559997241174955       0.55653009526897956     
   51.566537068323761       0.55701157838662130     
   51.573076895472568       0.55749250449268450     
   51.579616722621367       0.55797287310624322     
   51.586156549770173       0.55845268374692891     
   51.592696376918980       0.55893193593493085     
   51.599236204067786       0.55941062919099671     
   51.605776031216585       0.55988876303643342     
   51.612315858365392       0.56036633699310712     
   51.618855685514198       0.56084335058344370     
   51.625395512663005       0.56131980333042986     
   51.631935339811804       0.56179569475761248     
   51.638475166960610       0.56227102438910048     
   51.645014994109417       0.56274579174956396     
   51.651554821258223       0.56321999636423581     
   51.658094648407022       0.56369363775891124     
   51.664634475555829       0.56416671545994890     
   51.671174302704635       0.56463922899427121     
   51.677714129853442       0.56511117788936449     
   51.684253957002241       0.56558256167327992     
   51.690793784151047       0.56605337987463367     
   51.697333611299854       0.56652363202260758     
   51.703873438448653       0.56699331764694938     
   51.710413265597460       0.56746243627797355     
   51.716953092746266       0.56793098744656156     
   51.723492919895072       0.56839897068416201     
   51.730032747043872       0.56886638552279178     
   51.736572574192678       0.56933323149503612     
   51.743112401341484       0.56979950813404889     
   51.749652228490291       0.57026521497355354     
   51.756192055639090       0.57073035154784324     
   51.762731882787897       0.57119491739178130     
   51.769271709936703       0.57165891204080199     
   51.775811537085509       0.57212233503091070     
   51.782351364234309       0.57258518589868446     
   51.788891191383115       0.57304746418127217     
   51.795431018531922       0.57350916941639563     
   51.801970845680721       0.57397030114234981     
   51.808510672829527       0.57443085889800283     
   51.815050499978334       0.57489084222279696     
   51.821590327127140       0.57535025065674883     
   51.828130154275939       0.57580908374044992     
   51.834669981424746       0.57626734101506738     
   51.841209808573552       0.57672502202234377     
   51.847749635722359       0.57718212630459820     
   51.854289462871158       0.57763865340472631     
   51.860829290019964       0.57809460286620096     
   51.867369117168771       0.57854997423307286     
   51.873908944317577       0.57900476704997050     
   51.880448771466376       0.57945898086210113     
   51.886988598615183       0.57991261521525095     
   51.893528425763989       0.58036566965578551     
   51.900068252912796       0.58081814373065044     
   51.906608080061595       0.58127003698737156     
   51.913147907210401       0.58172134897405581     
   51.919687734359208       0.58217207923939096     
   51.926227561508007       0.58262222733264701     
   51.932767388656814       0.58307179280367549     
   51.939307215805620       0.58352077520291135     
   51.945847042954426       0.58396917408137206     
   51.952386870103226       0.58441698899065853     
   51.958926697252032       0.58486421948295608     
   51.965466524400838       0.58531086511103414     
   51.972006351549645       0.58575692542824698     
   51.978546178698444       0.58620239998853452     
   51.985086005847251       0.58664728834642199     
   51.991625832996057       0.58709159005702105     
   51.998165660144863       0.58753530467603010     
   52.004705487293663       0.58797843175973452     
   52.011245314442469       0.58842097086500722     
   52.017785141591276       0.58886292154930886     
   52.024324968740082       0.58930428337068919     
   52.030864795888881       0.58974505588778603     
   52.037404623037688       0.59018523865982686     
   52.043944450186494       0.59062483124662912     
   52.050484277335293       0.59106383320860012     
   52.057024104484100       0.59150224410673791     
   52.063563931632906       0.59194006350263162     
   52.070103758781713       0.59237729095846181     
   52.076643585930512       0.59281392603700089     
   52.083183413079318       0.59324996830161403     
   52.089723240228125       0.59368541731625890     
   52.096263067376931       0.59412027264548650     
   52.102802894525730       0.59455453385444146     
   52.109342721674537       0.59498820050886236     
   52.115882548823343       0.59542127217508278     
   52.122422375972150       0.59585374842003114     
   52.128962203120949       0.59628562881123093     
   52.135502030269755       0.59671691291680196     
   52.142041857418562       0.59714760030546010     
   52.148581684567368       0.59757769054651799     
   52.155121511716168       0.59800718320988533     
   52.161661338864974       0.59843607786606945     
   52.168201166013780       0.59886437408617554     
   52.174740993162580       0.59929207144190766     
   52.181280820311386       0.59971916950556836     
   52.187820647460192       0.60014566785005952     
   52.194360474608999       0.60057156604888284     
   52.200900301757798       0.60099686367614014     
   52.207440128906605       0.60142156030653371     
   52.213979956055411       0.60184565551536706     
   52.220519783204217       0.60226914887854488     
   52.227059610353017       0.60269203997257370     
   52.233599437501823       0.60311432837456258     
   52.240139264650630       0.60353601366222309     
   52.246679091799436       0.60395709541386999     
   52.253218918948235       0.60437757320842145     
   52.259758746097042       0.60479744662539969     
   52.266298573245848       0.60521671524493137     
   52.272838400394647       0.60563537864774775     
   52.279378227543454       0.60605343641518539     
   52.285918054692260       0.60647088812918670     
   52.292457881841067       0.60688773337229984     
   52.298997708989866       0.60730397172767969     
   52.305537536138672       0.60771960277908765     
   52.312077363287479       0.60813462611089297     
   52.318617190436285       0.60854904130807230     
