   0.0000000000000000        0.0000000000000000     
   6.5398271488045353E-003   3.3201129376370579E-003
   1.3079654297609071E-002   6.6399754436552204E-003
   1.9619481446413605E-002   9.9593371341182724E-003
   2.6159308595218141E-002   1.3277947720438938E-002
   3.2699135744022674E-002   1.6595557057012284E-002
   3.9238962892827210E-002   1.9911915188799881E-002
   4.5778790041631746E-002   2.3226772398848364E-002
   5.2318617190436283E-002   2.6539879255725967E-002
   5.8858444339240819E-002   2.9850986660860890E-002
   6.5398271488045348E-002   3.3159845895765053E-002
   7.1938098636849884E-002   3.6466208669127254E-002
   7.8477925785654420E-002   3.9769827163759444E-002
   8.5017752934458957E-002   4.3070454083380165E-002
   9.1557580083263493E-002   4.6367842699219189E-002
   9.8097407232068029E-002   4.9661746896427460E-002
  0.10463723438087257        5.2951921220276636E-002
  0.11117706152967710        5.6238120922132491E-002
  0.11771688867848164        5.9520102005186704E-002
  0.12425671582728617        6.2797621269931631E-002
  0.13079654297609070        6.6070436359362814E-002
  0.13733637012489525        6.9338305803893871E-002
  0.14387619727369977        7.2600989065969179E-002
  0.15041602442250432        7.5858246584359162E-002
  0.15695585157130884        7.9109839818123640E-002
  0.16349567872011339        8.2355531290228851E-002
  0.17003550586891791        8.5595084630803703E-002
  0.17657533301772246        8.8828264620021039E-002
  0.18311516016652699        9.2054837230590311E-002
  0.18965498731533154        9.5274569669847639E-002
  0.19619481446413606        9.8487230421429636E-002
  0.20273464161294061       0.10169258928651800     
  0.20927446876174513       0.10489041742464172     
  0.21581429591054965       0.10808048739402359     
  0.22235412305935420       0.11126257319145888     
  0.22889395020815873       0.11443645029171387     
  0.23543377735696328       0.11760189568643109     
  0.24197360450576780       0.12075868792253082     
  0.24851343165457235       0.12390660714009588     
  0.25505325880337687       0.12704543510972918     
  0.26159308595218139       0.13017495526937234     
  0.26813291310098597       0.13329495276057468     
  0.27467274024979049       0.13640521446420245     
  0.28121256739859501       0.13950552903557684     
  0.28775239454739954       0.14259568693903232     
  0.29429222169620411       0.14567548048188367     
  0.30083204884500864       0.14874470384779431     
  0.30737187599381316       0.15180315312953474     
  0.31391170314261768       0.15485062636112393     
  0.32045153029142220       0.15788692354934383     
  0.32699135744022678       0.16091184670461961     
  0.33353118458903130       0.16392519987125692     
  0.34007101173783583       0.16692678915702924     
  0.34661083888664035       0.16991642276210747     
  0.35315066603544493       0.17289391100732485     
  0.35969049318424945       0.17585906636177087     
  0.36623032033305397       0.17881170346970698     
  0.37277014748185849       0.18175163917679890     
  0.37930997463066307       0.18467869255565922     
  0.38584980177946759       0.18759268493069503     
  0.39238962892827212       0.19049343990225551     
  0.39892945607707664       0.19338078337007483     
  0.40546928322588122       0.19625454355600527     
  0.41200911037468574       0.19911455102603740     
  0.41854893752349026       0.20196063871160269     
  0.42508876467229478       0.20479264193015573     
  0.43162859182109931       0.20761039840503201     
  0.43816841896990388       0.21041374828457957     
  0.44470824611870841       0.21320253416056101     
  0.45124807326751293       0.21597660108582439     
  0.45778790041631745       0.21873579659124071     
  0.46432772756512203       0.22147997070190653     
  0.47086755471392655       0.22420897595261077     
  0.47740738186273107       0.22692266740256448     
  0.48394720901153560       0.22962090264939303     
  0.49048703616034017       0.23230354184239058     
  0.49702686330914470       0.23497044769503722     
  0.50356669045794922       0.23762148549677795     
  0.51010651760675374       0.24025652312406551     
  0.51664634475555826       0.24287543105066775     
  0.52318617190436278       0.24547808235723956     
  0.52972599905316731       0.24806435274016309     
  0.53626582620197194       0.25063412051965600     
  0.54280565335077646       0.25318726664715147     
  0.54934548049958098       0.25572367471195145     
  0.55588530764838551       0.25824323094715657     
  0.56242513479719003       0.26074582423487530     
  0.56896496194599455       0.26323134611071536     
  0.57550478909479907       0.26569969076756234     
  0.58204461624360360       0.26815075505864716     
  0.58858444339240823       0.27058443849990926     
  0.59512427054121275       0.27300064327165691     
  0.60166409769001727       0.27539927421953186     
  0.60820392483882180       0.27778023885478142     
  0.61474375198762632       0.28014344735384422     
  0.62128357913643084       0.28248881255725433     
  0.62782340628523536       0.28481624996787031     
  0.63436323343403989       0.28712567774843334     
  0.64090306058284441       0.28941701671846248     
  0.64744288773164904       0.29169019035049221     
  0.65398271488045356       0.29394512476565876     
  0.66052254202925809       0.29618174872864278     
  0.66706236917806261       0.29839999364197445     
  0.67360219632686713       0.30059979353970862     
  0.68014202347567165       0.30278108508047674     
  0.68668185062447618       0.30494380753992512     
  0.69322167777328070       0.30708790280254339     
  0.69976150492208533       0.30921331535289598     
  0.70630133207088985       0.31131999226625989     
  0.71284115921969438       0.31340788319868140     
  0.71938098636849890       0.31547694037645568     
  0.72592081351730342       0.31752711858504257     
  0.73246064066610794       0.31955837515742280     
  0.73900046781491247       0.32157066996190747     
  0.74554029496371699       0.32356396538940602     
  0.75208012211252151       0.32553822634016544     
  0.75861994926132614       0.32749342020998751     
  0.76515977641013067       0.32942951687593386     
  0.77169960355893519       0.33134648868152938     
  0.77823943070773971       0.33324431042147312     
  0.78477925785654423       0.33512295932586500     
  0.79131908500534875       0.33698241504396109     
  0.79785891215415328       0.33882265962746433     
  0.80439873930295780       0.34064367751336216     
  0.81093856645176243       0.34244545550632161     
  0.81747839360056695       0.34422798276065081     
  0.82401822074937148       0.34599125076183762     
  0.83055804789817600       0.34773525330767630     
  0.83709787504698052       0.34945998648899107     
  0.84363770219578504       0.35116544866996835     
  0.85017752934458957       0.35285164046810780     
  0.85671735649339409       0.35451856473380178     
  0.86325718364219861       0.35616622652955438     
  0.86979701079100324       0.35779463310885140     
  0.87633683793980777       0.35940379389468974     
  0.88287666508861229       0.36099372045777861     
  0.88941649223741681       0.36256442649442244     
  0.89595631938622133       0.36411592780409585     
  0.90249614653502586       0.36564824226672149     
  0.90903597368383038       0.36716138981966218     
  0.91557580083263490       0.36865539243443546     
  0.92211562798143953       0.37013027409316435     
  0.92865545513024406       0.37158606076477213     
  0.93519528227904858       0.37302278038093362     
  0.94173510942785310       0.37444046281179133     
  0.94827493657665762       0.37583913984145001     
  0.95481476372546215       0.37721884514325554     
  0.96135459087426667       0.37857961425487430     
  0.96789441802307119       0.37992148455317726     
  0.97443424517187571       0.38124449522894344     
  0.98097407232068035       0.38254868726139202     
  0.98751389946948487       0.38383410339255103     
  0.99405372661828939       0.38510078810147530     
   1.0005935537670938       0.38634878757832319     
   1.0071333809158984       0.38757814969830073     
   1.0136732080647031       0.38878892399548448     
   1.0202130352135075       0.38998116163653190     
   1.0267528623623121       0.39115491539428987     
   1.0332926895111165       0.39231023962130995     
   1.0398325166599212       0.39344719022328067     
   1.0463723438087256       0.39456582463238610     
   1.0529121709575302       0.39566620178059952     
   1.0594519981063346       0.39674838207292284     
   1.0659918252551392       0.39781242736057876     
   1.0725316524039439       0.39885840091416652     
   1.0790714795527483       0.39988636739678957     
   1.0856113067015529       0.40089639283716355     
   1.0921511338503573       0.40188854460271400     
   1.0986909609991620       0.40286289137267139     
   1.1052307881479664       0.40381950311117371     
   1.1117706152967710       0.40475845104038238     
   1.1183104424455756       0.40567980761362216     
   1.1248502695943801       0.40658364648855155     
   1.1313900967431847       0.40747004250037289     
   1.1379299238919891       0.40833907163508809     
   1.1444697510407937       0.40919081100281013     
   1.1510095781895981       0.41002533881113640     
   1.1575494053384028       0.41084273433859070     
   1.1640892324872072       0.41164307790814397     
   1.1706290596360118       0.41242645086081653     
   1.1771688867848165       0.41319293552937442     
   1.1837087139336209       0.41394261521212089     
   1.1902485410824255       0.41467557414679473     
   1.1967883682312299       0.41539189748457878     
   1.2033281953800345       0.41609167126422636     
   1.2098680225288390       0.41677498238631272     
   1.2164078496776436       0.41744191858761598     
   1.2229476768264480       0.41809256841563458     
   1.2294875039752526       0.41872702120324734     
   1.2360273311240573       0.41934536704352171     
   1.2425671582728617       0.41994769676467530     
   1.2491069854216663       0.42053410190519641     
   1.2556468125704707       0.42110467468912954     
   1.2621866397192754       0.42165950800153135     
   1.2687264668680798       0.42219869536409849     
   1.2752662940168844       0.42272233091097833     
   1.2818061211656888       0.42323050936476247     
   1.2883459483144934       0.42372332601266854     
   1.2948857754632981       0.42420087668291706     
   1.3014256026121025       0.42466325772130487     
   1.3079654297609071       0.42511056596798047     
   1.3145052569097115       0.42554289873442613     
   1.3210450840585162       0.42596035378064884     
   1.3275849112073206       0.42636302929258540     
   1.3341247383561252       0.42675102385972463     
   1.3406645655049299       0.42712443645295028     
   1.3472043926537343       0.42748336640260726     
   1.3537442198025389       0.42782791337679638     
   1.3602840469513433       0.42815817735989797     
   1.3668238741001479       0.42847425863132954     
   1.3733637012489524       0.42877625774453842     
   1.3799035283977570       0.42906427550623477     
   1.3864433555465614       0.42933841295586334     
   1.3929831826953660       0.42959877134532082     
   1.3995230098441707       0.42984545211891728     
   1.4060628369929751       0.43007855689358732     
   1.4126026641417797       0.43029818743934911     
   1.4191424912905841       0.43050444566001672     
   1.4256823184393888       0.43069743357416523     
   1.4322221455881932       0.43087725329635124     
   1.4387619727369978       0.43104400701858964     
   1.4453017998858022       0.43119779699208999     
   1.4518416270346068       0.43133872550924918     
   1.4583814541834115       0.43146689488590823     
   1.4649212813322159       0.43158240744386739     
   1.4714611084810205       0.43168536549366604     
   1.4780009356298249       0.43177587131762474     
   1.4845407627786296       0.43185402715315074     
   1.4910805899274340       0.43191993517630983     
   1.4976204170762386       0.43197369748566161     
   1.5041602442250430       0.43201541608636063     
   1.5107000713738477       0.43204519287452353     
   1.5172398985226523       0.43206312962186239     
   1.5237797256714567       0.43206932796058328     
   1.5303195528202613       0.43206388936855122     
   1.5368593799690657       0.43204691515472099     
   1.5433992071178704       0.43201850644483408     
   1.5499390342666748       0.43197876416738012     
   1.5564788614154794       0.43192778903982376     
   1.5630186885642841       0.43186568155509669     
   1.5695585157130885       0.43179254196835271     
   1.5760983428618931       0.43170847028398629     
   1.5826381700106975       0.43161356624291458     
   1.5891779971595021       0.43150792931012028     
   1.5957178243083066       0.43139165866245599     
   1.6022576514571112       0.43126485317670821     
   1.6087974786059156       0.43112761141792105     
   1.6153373057547202       0.43098003162797649     
   1.6218771329035249       0.43082221171443297     
   1.6284169600523293       0.43065424923961731     
   1.6349567872011339       0.43047624140997331     
   1.6414966143499383       0.43028828506566108     
   1.6480364414987430       0.43009047667040851     
   1.6545762686475474       0.42988291230161274     
   1.6611160957963520       0.42966568764068902     
   1.6676559229451564       0.42943889796366785     
   1.6741957500939610       0.42920263813203502     
   1.6807355772427657       0.42895700258381703     
   1.6872754043915701       0.42870208532490611     
   1.6938152315403747       0.42843797992062649     
   1.7003550586891791       0.42816477948753701     
   1.7068948858379838       0.42788257668547136     
   1.7134347129867882       0.42759146370981010     
   1.7199745401355928       0.42729153228398647     
   1.7265143672843972       0.42698287365222098     
   1.7330541944332019       0.42666557857248388     
   1.7395940215820065       0.42633973730968405     
   1.7461338487308109       0.42600543962908000     
   1.7526736758796155       0.42566277478991327     
   1.7592135030284199       0.42531183153926044     
   1.7657533301772246       0.42495269810610192     
   1.7722931573260290       0.42458546219560545     
   1.7788329844748336       0.42421021098362105     
   1.7853728116236380       0.42382703111138698     
   1.7919126387724427       0.42343600868044196     
   1.7984524659212473       0.42303722924774290     
   1.8049922930700517       0.42263077782098601     
   1.8115321202188563       0.42221673885412642     
   1.8180719473676608       0.42179519624309708     
   1.8246117745164654       0.42136623332172207     
   1.8311516016652698       0.42092993285782287     
   1.8376914288140744       0.42048637704951536     
   1.8442312559628791       0.42003564752169337     
   1.8507710831116835       0.41957782532269833     
   1.8573109102604881       0.41911299092117194     
   1.8638507374092925       0.41864122420308730     
   1.8703905645580972       0.41816260446895975     
   1.8769303917069016       0.41767721043123024     
   1.8834702188557062       0.41718512021182319     
   1.8900100460045106       0.41668641133987266     
   1.8965498731533152       0.41618116074961697     
   1.9030897003021199       0.41566944477845641     
   1.9096295274509243       0.41515133916517399     
   1.9161693545997289       0.41462691904831583     
   1.9227091817485333       0.41409625896472685     
   1.9292490088973380       0.41355943284824248     
   1.9357888360461424       0.41301651402853118     
   1.9423286631949470       0.41246757523008531     
   1.9488684903437514       0.41191268857135993     
   1.9554083174925561       0.41135192556405387     
   1.9619481446413607       0.41078535711253367     
   1.9684879717901651       0.41021305351339438     
   1.9750277989389697       0.40963508445515884     
   1.9815676260877741       0.40905151901810821     
   1.9881074532365788       0.40846242567424534     
   1.9946472803853832       0.40786787228738536     
   2.0011871075341876       0.40726792611337398     
   2.0077269346829922       0.40666265380042688     
   2.0142667618317969       0.40605212138959262     
   2.0208065889806015       0.40543639431533218     
   2.0273464161294061       0.40481553740621568     
   2.0338862432782103       0.40418961488573213     
   2.0404260704270150       0.40355869037321046     
   2.0469658975758196       0.40292282688484976     
   2.0535057247246242       0.40228208683485456     
   2.0600455518734284       0.40163653203667593     
   2.0665853790222330       0.40098622370435211     
   2.0731252061710377       0.40033122245394986     
   2.0796650333198423       0.39967158830510213     
   2.0862048604686469       0.39900738068263958     
   2.0927446876174511       0.39833865841831606     
   2.0992845147662558       0.39766547975262173     
   2.1058243419150604       0.39698790233668585     
   2.1123641690638650       0.39630598323426391     
   2.1189039962126692       0.39561977892380823     
   2.1254438233614739       0.39492934530061979     
   2.1319836505102785       0.39423473767907868     
   2.1385234776590831       0.39353601079495093     
   2.1450633048078878       0.39283321880777039     
   2.1516031319566919       0.39212641530329273     
   2.1581429591054966       0.39141565329602029     
   2.1646827862543012       0.39070098523179375     
   2.1712226134031058       0.38998246299045214     
   2.1777624405519105       0.38926013788855479     
   2.1843022677007147       0.38853406068216761     
   2.1908420948495193       0.38780428156970759     
   2.1973819219983239       0.38707085019484744     
   2.2039217491471286       0.38633381564947478     
   2.2104615762959328       0.38559322647670724     
   2.2170014034447374       0.38484913067395893     
   2.2235412305935420       0.38410157569605874     
   2.2300810577423467       0.38335060845841668     
   2.2366208848911513       0.38259627534023716     
   2.2431607120399555       0.38183862218777859     
   2.2497005391887601       0.38107769431765559     
   2.2562403663375648       0.38031353652018274     
   2.2627801934863694       0.37954619306275972     
   2.2693200206351736       0.37877570769329361     
   2.2758598477839782       0.37800212364365815     
   2.2823996749327828       0.37722548363318920     
   2.2889395020815875       0.37644582987221165     
   2.2954793292303921       0.37566320406560083     
   2.3020191563791963       0.37487764741637197     
   2.3085589835280009       0.37408920062929979     
   2.3150988106768056       0.37329790391456530     
   2.3216386378256102       0.37250379699142799     
   2.3281784649744144       0.37170691909192310     
   2.3347182921232190       0.37090730896458118     
   2.3412581192720237       0.37010500487816944     
   2.3477979464208283       0.36930004462545396     
   2.3543377735696329       0.36849246552697934     
   2.3608776007184371       0.36768230443486727     
   2.3674174278672417       0.36686959773663008     
   2.3739572550160464       0.36605438135900020     
   2.3804970821648510       0.36523669077177268     
   2.3870369093136552       0.36441656099166020     
   2.3935767364624598       0.36359402658615914     
   2.4001165636112645       0.36276912167742592     
   2.4066563907600691       0.36194187994616234     
   2.4131962179088737       0.36111233463550757     
   2.4197360450576779       0.36028051855493831     
   2.4262758722064826       0.35944646408417286     
   2.4328156993552872       0.35861020317708076     
   2.4393555265040918       0.35777176736559513     
   2.4458953536528960       0.35693118776362709     
   2.4524351808017006       0.35608849507098267     
   2.4589750079505053       0.35524371957727874     
   2.4655148350993099       0.35439689116585882     
   2.4720546622481145       0.35354803931770773     
   2.4785944893969187       0.35269719311536268     
   2.4851343165457234       0.35184438124682238     
   2.4916741436945280       0.35098963200945049     
   2.4982139708433326       0.35013297331387516     
   2.5047537979921368       0.34927443268788144     
   2.5112936251409415       0.34841403728029802     
   2.5178334522897461       0.34755181386487566     
   2.5243732794385507       0.34668778884415741     
   2.5309131065873554       0.34582198825334021     
   2.5374529337361595       0.34495443776412615     
   2.5439927608849642       0.34408516268856321     
   2.5505325880337688       0.34321418798287517     
   2.5570724151825734       0.34234153825127894     
   2.5636122423313776       0.34146723774979015     
   2.5701520694801823       0.34059131039001506     
   2.5766918966289869       0.33971377974292849     
   2.5832317237777915       0.33883466904263759     
   2.5897715509265962       0.33795400119013075     
   2.5963113780754004       0.33707179875701043     
   2.6028512052242050       0.33618808398921024     
   2.6093910323730096       0.33530287881069548     
   2.6159308595218143       0.33441620482714601     
   2.6224706866706184       0.33352808332962192     
   2.6290105138194231       0.33263853529821064     
   2.6355503409682277       0.33174758140565591     
   2.6420901681170323       0.33085524202096722     
   2.6486299952658370       0.32996153721301008     
   2.6551698224146412       0.32906648675407585     
   2.6617096495634458       0.32817011012343211     
   2.6682494767122504       0.32727242651085142     
   2.6747893038610551       0.32637345482011959     
   2.6813291310098597       0.32547321367252208     
   2.6878689581586639       0.32457172141030904     
   2.6944087853074685       0.32366899610013777     
   2.7009486124562732       0.32276505553649298     
   2.7074884396050778       0.32185991724508456     
   2.7140282667538820       0.32095359848622146     
   2.7205680939026866       0.32004611625816337     
   2.7271079210514912       0.31913748730044816     
   2.7336477482002959       0.31822772809719535     
   2.7401875753491005       0.31731685488038597     
   2.7467274024979047       0.31640488363311786     
   2.7532672296467093       0.31549183009283643     
   2.7598070567955140       0.31457770975454125     
   2.7663468839443186       0.31366253787396653     
   2.7728867110931228       0.31274632947073810     
   2.7794265382419274       0.31182909933150355     
   2.7859663653907321       0.31091086201303830     
   2.7925061925395367       0.30999163184532547     
   2.7990460196883413       0.30907142293460971     
   2.8055858468371455       0.30815024916642608     
   2.8121256739859501       0.30722812420860240     
   2.8186655011347548       0.30630506151423564     
   2.8252053282835594       0.30538107432464245     
   2.8317451554323636       0.30445617567228295     
   2.8382849825811682       0.30353037838365871     
   2.8448248097299729       0.30260369508218449     
   2.8513646368787775       0.30167613819103239     
   2.8579044640275821       0.30074771993595129     
   2.8644442911763863       0.29981845234805826     
   2.8709841183251910       0.29888834726660435     
   2.8775239454739956       0.29795741634171291     
   2.8840637726228002       0.29702567103709271     
   2.8906035997716044       0.29609312263272264     
   2.8971434269204090       0.29515978222751105     
   2.9036832540692137       0.29422566074192880     
   2.9102230812180183       0.29329076892061368     
   2.9167629083668229       0.29235511733495106     
   2.9233027355156271       0.29141871638562561     
   2.9298425626644318       0.29048157630514765     
   2.9363823898132364       0.28954370716035288     
   2.9429222169620410       0.28860511885487561     
   2.9494620441108452       0.28766582113159528     
   2.9560018712596499       0.28672582357505705     
   2.9625416984084545       0.28578513561386604     
   2.9690815255572591       0.28484376652305504     
   2.9756213527060638       0.28390172542642678     
   2.9821611798548679       0.28295902129886902     
   2.9887010070036726       0.28201566296864483     
   2.9952408341524772       0.28107165911965648     
   3.0017806613012818       0.28012701829368325     
   3.0083204884500860       0.27918174889259390     
   3.0148603155988907       0.27823585918053362     
   3.0214001427476953       0.27728935728608545     
   3.0279399698964999       0.27634225120440559     
   3.0344797970453046       0.27539454879933495     
   3.0410196241941088       0.27444625780548393     
   3.0475594513429134       0.27349738583029354     
   3.0540992784917180       0.27254794035607049     
   3.0606391056405227       0.27159792874199862     
   3.0671789327893269       0.27064735822612462     
   3.0737187599381315       0.26969623592732006     
   3.0802585870869361       0.26874456884721876     
   3.0867984142357408       0.26779236387212990     
   3.0933382413845454       0.26683962777492720     
   3.0998780685333496       0.26588636721691433     
   3.1064178956821542       0.26493258874966608     
   3.1129577228309588       0.26397829881684642     
   3.1194975499797635       0.26302350375600281     
   3.1260373771285681       0.26206820980033740     
   3.1325772042773723       0.26111242308045507     
   3.1391170314261769       0.26015614962608841     
   3.1456568585749816       0.25919939536779996     
   3.1521966857237862       0.25824216613866191     
   3.1587365128725904       0.25728446767591329     
   3.1652763400213950       0.25632630562259462     
   3.1718161671701997       0.25536768552916100     
   3.1783559943190043       0.25440861285507294     
   3.1848958214678089       0.25344909297036511     
   3.1914356486166131       0.25248913115719407     
   3.1979754757654177       0.25152873261136455     
   3.2045153029142224       0.25056790244383376     
   3.2110551300630270       0.24960664568219584     
   3.2175949572118312       0.24864496727214450     
   3.2241347843606358       0.24768287207891515     
   3.2306746115094405       0.24672036488870736     
   3.2372144386582451       0.24575745041008551     
   3.2437542658070497       0.24479413327536081     
   3.2502940929558539       0.24383041804195241     
   3.2568339201046586       0.24286630919372926     
   3.2633737472534632       0.24190181114233228     
   3.2699135744022678       0.24093692822847695     
   3.2764534015510720       0.23997166472323700     
   3.2829932286998766       0.23900602482930910     
   3.2895330558486813       0.23804001268225858     
   3.2960728829974859       0.23707363235174650     
   3.3026127101462905       0.23610688784273864     
   3.3091525372950947       0.23513978309669589     
   3.3156923644438994       0.23417232199274660     
   3.3222321915927040       0.23320450834884154     
   3.3287720187415086       0.23223634592289047     
   3.3353118458903128       0.23126783841388204     
   3.3418516730391175       0.23029898946298552     
   3.3483915001879221       0.22932980265463618     
   3.3549313273367267       0.22836028151760349     
   3.3614711544855314       0.22739042952604244     
   3.3680109816343355       0.22642025010052855     
   3.3745508087831402       0.22544974660907646     
   3.3810906359319448       0.22447892236814215     
   3.3876304630807494       0.22350778064360971     
   3.3941702902295536       0.22253632465176162     
   3.4007101173783583       0.22156455756023419     
   3.4072499445271629       0.22059248248895680     
   3.4137897716759675       0.21962010251107655     
   3.4203295988247722       0.21864742065386761     
   3.4268694259735764       0.21767443989962534     
   3.4334092531223810       0.21670116318654659     
   3.4399490802711856       0.21572759340959455     
   3.4464889074199903       0.21475373342134982     
   3.4530287345687944       0.21377958603284736     
   3.4595685617175991       0.21280515401439884     
   3.4661083888664037       0.21183044009640234     
   3.4726482160152083       0.21085544697013703     
   3.4791880431640130       0.20988017728854583     
   3.4857278703128172       0.20890463366700338     
   3.4922676974616218       0.20792881868407212     
   3.4988075246104264       0.20695273488224486     
   3.5053473517592311       0.20597638476867455     
   3.5118871789080353       0.20499977081589155     
   3.5184270060568399       0.20402289546250890     
   3.5249668332056445       0.20304576111391448     
   3.5315066603544492       0.20206837014295184     
   3.5380464875032538       0.20109072489058885     
   3.5445863146520580       0.20011282766657446     
   3.5511261418008626       0.19913468075008400     
   3.5576659689496672       0.19815628639035321     
   3.5642057960984719       0.19717764680730063     
   3.5707456232472761       0.19619876419213902     
   3.5772854503960807       0.19521964070797621     
   3.5838252775448853       0.19424027849040443     
   3.5903651046936900       0.19326067964807955     
   3.5969049318424946       0.19228084626328962     
   3.6034447589912988       0.19130078039251308     
   3.6099845861401034       0.19032048406696678     
   3.6165244132889081       0.18933995929314409     
   3.6230642404377127       0.18835920805334294     
   3.6296040675865173       0.18737823230618394     
   3.6361438947353215       0.18639703398711949     
   3.6426837218841261       0.18541561500893286     
   3.6492235490329308       0.18443397726222832     
   3.6557633761817354       0.18345212261591168     
   3.6623032033305396       0.18247005291766227     
   3.6688430304793442       0.18148776999439589     
   3.6753828576281489       0.18050527565271862     
   3.6819226847769535       0.17952257167937252     
   3.6884625119257581       0.17853965984167255     
   3.6950023390745623       0.17755654188793532     
   3.7015421662233670       0.17657321954789931     
   3.7080819933721716       0.17558969453313730     
   3.7146218205209762       0.17460596853746060     
   3.7211616476697804       0.17362204323731581     
   3.7277014748185850       0.17263792029217323     
   3.7342413019673897       0.17165360134490840     
   3.7407811291161943       0.17066908802217551     
   3.7473209562649989       0.16968438193477411     
   3.7538607834138031       0.16869948467800785     
   3.7604006105626078       0.16771439783203693     
   3.7669404377114124       0.16672912296222278     
   3.7734802648602170       0.16574366161946649     
   3.7800200920090212       0.16475801534054005     
   3.7865599191578259       0.16377218564841120     
   3.7930997463066305       0.16278617405256152     
   3.7996395734554351       0.16179998204929846     
   3.8061794006042398       0.16081361112206036     
   3.8127192277530439       0.15982706274171615     
   3.8192590549018486       0.15884033836685832     
   3.8257988820506532       0.15785343944409008     
   3.8323387091994578       0.15686636740830648     
   3.8388785363482620       0.15587912368297013     
   3.8454183634970667       0.15489170968038066     
   3.8519581906458713       0.15390412680193913     
   3.8584980177946759       0.15291637643840650     
   3.8650378449434806       0.15192845997015711     
   3.8715776720922848       0.15094037876742639     
   3.8781174992410894       0.14995213419055381     
   3.8846573263898940       0.14896372759022036     
   3.8911971535386987       0.14797516030768137     
   3.8977369806875029       0.14698643367499384     
   3.9042768078363075       0.14599754901523959     
   3.9108166349851121       0.14500850764274312     
   3.9173564621339168       0.14401931086328504     
   3.9238962892827214       0.14302995997431103     
   3.9304361164315256       0.14204045626513587     
   3.9369759435803302       0.14105080101714351     
   3.9435157707291348       0.14006099550398249     
   3.9500555978779395       0.13907104099175741     
   3.9565954250267437       0.13808093873921576     
   3.9631352521755483       0.13709068999793123     
   3.9696750793243529       0.13610029601248233     
   3.9762149064731576       0.13510975802062788     
   3.9827547336219622       0.13411907725347769     
   3.9892945607707664       0.13312825493566036     
   3.9958343879195710       0.13213729228548657     
   4.0023742150683752       0.13114619051510923     
   4.0089140422171798       0.13015495083067979     
   4.0154538693659845       0.12916357443250140     
   4.0219936965147891       0.12817206251517782     
   4.0285335236635937       0.12718041626775997     
   4.0350733508123984       0.12618863687388845     
   4.0416131779612030       0.12519672551193292     
   4.0481530051100076       0.12420468335512864     
   4.0546928322588123       0.12321251157170957     
   4.0612326594076160       0.12222021132503834     
   4.0677724865564207       0.12122778377373361     
   4.0743123137052253       0.12023523007179399     
   4.0808521408540299       0.11924255136871953     
   4.0873919680028346       0.11824974880963021     
   4.0939317951516392       0.11725682353538142     
   4.1004716223004438       0.11626377668267721     
   4.1070114494492485       0.11527060938418045     
   4.1135512765980531       0.11427732276862072     
   4.1200911037468568       0.11328391796089934     
   4.1266309308956615       0.11229039608219218     
   4.1331707580444661       0.11129675825004991     
   4.1397105851932707       0.11030300557849576     
   4.1462504123420754       0.10930913917812110     
   4.1527902394908800       0.10831516015617870     
   4.1593300666396846       0.10732106961667365     
   4.1658698937884893       0.10632686866045198     
   4.1724097209372939       0.10533255838528759     
   4.1789495480860976       0.10433813988596656     
   4.1854893752349023       0.10334361425436954     
   4.1920292023837069       0.10234898257955230     
   4.1985690295325115       0.10135424594782415     
   4.2051088566813162       0.10035940544282435     
   4.2116486838301208        9.9364462145596896E-002
   4.2181885109789254        9.8369417134663115E-002
   4.2247283381277301        9.7374271486092734E-002
   4.2312681652765347        9.6379026273573018E-002
   4.2378079924253385        9.5383682568476208E-002
   4.2443478195741431        9.4388241439925274E-002
   4.2508876467229477        9.3392703954858006E-002
   4.2574274738717524        9.2397071178089499E-002
   4.2639673010205570        9.1401344172373056E-002
   4.2705071281693616        9.0405523998459414E-002
   4.2770469553181663        8.9409611715154658E-002
   4.2835867824669709        8.8413608379376479E-002
   4.2901266096157755        8.7417515046209107E-002
   4.2966664367645793        8.6421332768956763E-002
   4.3032062639133839        8.5425062599195634E-002
   4.3097460910621885        8.4428705586824762E-002
   4.3162859182109932        8.3432262780115299E-002
   4.3228257453597978        8.2435735225758658E-002
   4.3293655725086024        8.1439123968913354E-002
   4.3359053996574071        8.0442430053250594E-002
   4.3424452268062117        7.9445654520998651E-002
   4.3489850539550163        7.8448798412986132E-002
   4.3555248811038210        7.7451862768683974E-002
   4.3620647082526247        7.6454848626246408E-002
   4.3686045354014293        7.5457757022550837E-002
   4.3751443625502340        7.4460588993236515E-002
   4.3816841896990386        7.3463345572742353E-002
   4.3882240168478432        7.2466027794343510E-002
   4.3947638439966479        7.1468636690187187E-002
   4.4013036711454525        7.0471173291327238E-002
   4.4078434982942571        6.9473638627758058E-002
   4.4143833254430618        6.8476033728447280E-002
   4.4209231525918655        6.7478359621367778E-002
   4.4274629797406702        6.6480617333528738E-002
   4.4340028068894748        6.5482807891005662E-002
   4.4405426340382794        6.4484932318969929E-002
   4.4470824611870841        6.3486991641717117E-002
   4.4536222883358887        6.2488986882694796E-002
   4.4601621154846933        6.1490919064529366E-002
   4.4667019426334980        6.0492789209052288E-002
   4.4732417697823026        5.9494598337325420E-002
   4.4797815969311063        5.8496347469665790E-002
   4.4863214240799110        5.7498037625669407E-002
   4.4928612512287156        5.6499669824234655E-002
   4.4994010783775202        5.5501245083584887E-002
   4.5059409055263249        5.4502764421290269E-002
   4.5124807326751295        5.3504228854289140E-002
   4.5190205598239341        5.2505639398908684E-002
   4.5255603869727388        5.1506997070884998E-002
   4.5321002141215434        5.0508302885382488E-002
   4.5386400412703471        4.9509557857012811E-002
   4.5451798684191518        4.8510762999853185E-002
   4.5517196955679564        4.7511919327464118E-002
   4.5582595227167610        4.6513027852906681E-002
   4.5647993498655657        4.5514089588759174E-002
   4.5713391770143703        4.4515105547133380E-002
   4.5778790041631749        4.3516076739690157E-002
   4.5844188313119796        4.2517004177654777E-002
   4.5909586584607842        4.1517888871831561E-002
   4.5974984856095880        4.0518731832618247E-002
   4.6040383127583926        3.9519534070019770E-002
   4.6105781399071972        3.8520296593661664E-002
   4.6171179670560019        3.7521020412803079E-002
   4.6236577942048065        3.6521706536349299E-002
   4.6301976213536111        3.5522355972863948E-002
   4.6367374485024158        3.4522969730580715E-002
   4.6432772756512204        3.3523548817414775E-002
   4.6498171028000250        3.2524094240973744E-002
   4.6563569299488288        3.1524607008568462E-002
   4.6628967570976334        3.0525088127223158E-002
   4.6694365842464380        2.9525538603685519E-002
   4.6759764113952427        2.8525959444436231E-002
   4.6825162385440473        2.7526351655698382E-002
   4.6890560656928519        2.6526716243446366E-002
   4.6955958928416566        2.5527054213414613E-002
   4.7021357199904612        2.4527366571105991E-002
   4.7086755471392658        2.3527654321799870E-002
   4.7152153742880696        2.2527918470559939E-002
   4.7217552014368742        2.1528160022241786E-002
   4.7282950285856788        2.0528379981500137E-002
   4.7348348557344835        1.9528579352795894E-002
   4.7413746828832881        1.8528759140402872E-002
   4.7479145100320927        1.7528920348414360E-002
   4.7544543371808974        1.6529063980749378E-002
   4.7609941643297020        1.5529191041158727E-002
   4.7675339914785066        1.4529302533230825E-002
   4.7740738186273104        1.3529399460397315E-002
   4.7806136457761150        1.2529482825938456E-002
   4.7871534729249197        1.1529553632988316E-002
   4.7936933000737243        1.0529612884539765E-002
   4.8002331272225289        9.5296615834492577E-003
   4.8067729543713336        8.5297007324414628E-003
   4.8133127815201382        7.5297313341136643E-003
   4.8198526086689428        6.5297543909400213E-003
   4.8263924358177475        5.5297709052756364E-003
   4.8329322629665512        4.5297818793604535E-003
   4.8394720901153558        3.5297883153230128E-003
   4.8460119172641605        2.5297912151840238E-003
   4.8525517444129651        1.5297915808597984E-003
   4.8590915715617697        5.2979041416553545E-004
   4.8656313987105744        4.7021128318154663E-004
   4.8721712258593790        1.4702125095592106E-003
   4.8787110530081836        2.4702122634373408E-003
   4.8852508801569883        3.4702095433752156E-003
   4.8917907073057920        4.4702033480189026E-003
   4.8983305344545967        5.4701926760987885E-003
   4.9048703616034013        6.4701765264272163E-003
   4.9114101887522059        7.4701538978962515E-003
   4.9179500159010106        8.4701237894755487E-003
   4.9244898430498152        9.4700852002103392E-003
   4.9310296701986198        1.0470037129219524E-002
   4.9375694973474245        1.1469978575693859E-002
   4.9441093244962291        1.2469908538894254E-002
   4.9506491516450328        1.3469826018150149E-002
   4.9571889787938375        1.4469730012858012E-002
   4.9637288059426421        1.5469619522479909E-002
   4.9702686330914467        1.6469493546542157E-002
   4.9768084602402514        1.7469351084634072E-002
   4.9833482873890560        1.8469191136406812E-002
   4.9898881145378606        1.9469012701572266E-002
   4.9964279416866653        2.0468814779902051E-002
   5.0029677688354699        2.1468596371226573E-002
   5.0095075959842736        2.2468356475434152E-002
   5.0160474231330783        2.3468094092470242E-002
   5.0225872502818829        2.4467808222336671E-002
   5.0291270774306875        2.5467497865091025E-002
   5.0356669045794922        2.6467162020845987E-002
   5.0422067317282968        2.7466799689768853E-002
   5.0487465588771014        2.8466409872081034E-002
   5.0552863860259061        2.9465991568057605E-002
   5.0618262131747107        3.0465543778026995E-002
   5.0683660403235145        3.1465065502370618E-002
   5.0749058674723191        3.2464555741522662E-002
   5.0814456946211237        3.3464013495969815E-002
   5.0879855217699284        3.4463437766251187E-002
   5.0945253489187330        3.5462827552958112E-002
   5.1010651760675376        3.6462181856734131E-002
   5.1076050032163423        3.7461499678274938E-002
   5.1141448303651469        3.8460780018328401E-002
   5.1206846575139515        3.9460021877694623E-002
   5.1272244846627553        4.0459224257226041E-002
   5.1337643118115599        4.1458386157827536E-002
   5.1403041389603645        4.2457506580456633E-002
   5.1468439661091692        4.3456584526123679E-002
   5.1533837932579738        4.4455618995892107E-002
   5.1599236204067784        4.5454608990878678E-002
   5.1664634475555831        4.6453553512253817E-002
   5.1730032747043877        4.7452451561241921E-002
   5.1795431018531923        4.8451302139121716E-002
   5.1860829290019961        4.9450104247226678E-002
   5.1926227561508007        5.0448856886945462E-002
   5.1991625832996053        5.1447559059722273E-002
   5.2057024104484100        5.2446209767057418E-002
   5.2122422375972146        5.3444808010507744E-002
   5.2187820647460192        5.4443352791687216E-002
   5.2253218918948239        5.5441843112267380E-002
   5.2318617190436285        5.6440277973978034E-002
   5.2384015461924331        5.7438656378607678E-002
   5.2449413733412369        5.8436977328004215E-002
   5.2514812004900415        5.9435239824075545E-002
   5.2580210276388462        6.0433442868790224E-002
   5.2645608547876508        6.1431585464178075E-002
   5.2711006819364554        6.2429666612330917E-002
   5.2776405090852601        6.3427685315403243E-002
   5.2841803362340647        6.4425640575612966E-002
   5.2907201633828693        6.5423531395241985E-002
   5.2972599905316740        6.6421356776637172E-002
   5.3037998176804786        6.7419115722210959E-002
   5.3103396448292823        6.8416807234442101E-002
   5.3168794719780870        6.9414430315876574E-002
   5.3234192991268916        7.0411983969128233E-002
   5.3299591262756962        7.1409467196879711E-002
   5.3364989534245009        7.2406879001883209E-002
   5.3430387805733055        7.3404218386961276E-002
   5.3495786077221101        7.4401484355007694E-002
   5.3561184348709148        7.5398675908988355E-002
   5.3626582620197194        7.6395792051942066E-002
   5.3691980891685231        7.7392831786981447E-002
   5.3757379163173278        7.8389794117293715E-002
   5.3822777434661324        7.9386678046141718E-002
   5.3888175706149370        8.0383482576864757E-002
   5.3953573977637417        8.1380206712879433E-002
   5.4018972249125463        8.2376849457680576E-002
   5.4084370520613509        8.3373409814842300E-002
   5.4149768792101556        8.4369886788018697E-002
   5.4215167063589602        8.5366279380944904E-002
   5.4280565335077640        8.6362586597438021E-002
   5.4345963606565686        8.7358807441398012E-002
   5.4411361878053732        8.8354940916808677E-002
   5.4476760149541779        8.9350986027738583E-002
   5.4542158421029825        9.0346941778342071E-002
   5.4607556692517871        9.1342807172860169E-002
   5.4672954964005918        9.2338581215621510E-002
   5.4738353235493964        9.3334262911043381E-002
   5.4803751506982010        9.4329851263632664E-002
   5.4869149778470048        9.5325345277986792E-002
   5.4934548049958094        9.6320743958794780E-002
   5.4999946321446140        9.7316046310838164E-002
   5.5065344592934187        9.8311251338992017E-002
   5.5130742864422233        9.9306358048225865E-002
   5.5196141135910279       0.10030136544360478     
   5.5261539407398326       0.10129627253029032     
   5.5326937678886372       0.10229107831354152     
   5.5392335950374418       0.10328578179871591     
   5.5457734221862456       0.10428038199127054     
   5.5523132493350502       0.10527487789676290     
   5.5588530764838548       0.10626926852085207     
   5.5653929036326595       0.10726355286929956     
   5.5719327307814641       0.10825772994797041     
   5.5784725579302687       0.10925179876283425     
   5.5850123850790734       0.11024575831996618     
   5.5915522122278780       0.11123960762554795     
   5.5980920393766826       0.11223334568586875     
   5.6046318665254864       0.11322697150732648     
   5.6111716936742910       0.11422048409642860     
   5.6177115208230957       0.11521388245979318     
   5.6242513479719003       0.11620716560415000     
   5.6307911751207049       0.11720033253634141     
   5.6373310022695096       0.11819338226332352     
   5.6438708294183142       0.11918631379216717     
   5.6504106565671188       0.12017912613005888     
   5.6569504837159235       0.12117181828430187     
   5.6634903108647272       0.12216438926231730     
   5.6700301380135318       0.12315683807164497     
   5.6765699651623365       0.12414916371994458     
   5.6831097923111411       0.12514136521499664     
   5.6896496194599457       0.12613344156470363     
   5.6961894466087504       0.12712539177709084     
   5.7027292737575550       0.12811721486030750     
   5.7092691009063596       0.12910890982262777     
   5.7158089280551643       0.13010047567245187     
   5.7223487552039680       0.13109191141830695     
   5.7288885823527727       0.13208321606884815     
   5.7354284095015773       0.13307438863285978     
   5.7419682366503819       0.13406542811925615     
   5.7485080637991866       0.13505633353708263     
   5.7550478909479912       0.13604710389551677     
   5.7615877180967958       0.13703773820386925     
   5.7681275452456005       0.13802823547158491     
   5.7746673723944051       0.13901859470824388     
   5.7812071995432088       0.14000881492356235     
   5.7877470266920135       0.14099889512739391     
   5.7942868538408181       0.14198883432973025     
   5.8008266809896227       0.14297863154070251     
   5.8073665081384274       0.14396828577058202     
   5.8139063352872320       0.14495779602978151     
   5.8204461624360366       0.14594716132885599     
   5.8269859895848413       0.14693638067850401     
   5.8335258167336459       0.14792545308956831     
   5.8400656438824496       0.14891437757303713     
   5.8466054710312543       0.14990315314004518     
   5.8531452981800589       0.15089177880187460     
   5.8596851253288635       0.15188025356995599     
   5.8662249524776682       0.15286857645586940     
   5.8727647796264728       0.15385674647134545     
   5.8793046067752774       0.15484476262826630     
   5.8858444339240821       0.15583262393866654     
   5.8923842610728867       0.15682032941473442     
   5.8989240882216905       0.15780787806881280     
   5.9054639153704951       0.15879526891339993     
   5.9120037425192997       0.15978250096115090     
   5.9185435696681044       0.16076957322487823     
   5.9250833968169090       0.16175648471755316     
   5.9316232239657136       0.16274323445230654     
   5.9381630511145183       0.16372982144242998     
   5.9447028782633229       0.16471624470137652     
   5.9512427054121275       0.16570250324276209     
   5.9577825325609313       0.16668859608036624     
   5.9643223597097359       0.16767452222813312     
   5.9708621868585405       0.16866028070017275     
   5.9774020140073452       0.16964587051076180     
   5.9839418411561498       0.17063129067434457     
   5.9904816683049544       0.17161654020553421     
   5.9970214954537591       0.17260161811911354     
   6.0035613226025637       0.17358652343003614     
   6.0101011497513683       0.17457125515342739     
   6.0166409769001721       0.17555581230458528     
   6.0231808040489767       0.17654019389898176     
   6.0297206311977813       0.17752439895226335     
   6.0362604583465860       0.17850842648025245     
   6.0428002854953906       0.17949227549894822     
   6.0493401126441952       0.18047594502452757     
   6.0558799397929999       0.18145943407334619     
   6.0624197669418045       0.18244274166193958     
   6.0689595940906091       0.18342586680702391     
   6.0754994212394129       0.18440880852549721     
   6.0820392483882175       0.18539156583444033     
   6.0885790755370222       0.18637413775111775     
   6.0951189026858268       0.18735652329297894     
   6.1016587298346314       0.18833872147765895     
   6.1081985569834361       0.18932073132297964     
   6.1147383841322407       0.19030255184695069     
   6.1212782112810453       0.19128418206777062     
   6.1278180384298500       0.19226562100382746     
   6.1343578655786537       0.19324686767370025     
   6.1408976927274583       0.19422792109615963     
   6.1474375198762630       0.19520878029016908     
   6.1539773470250676       0.19618944427488583     
   6.1605171741738722       0.19716991206966170     
   6.1670570013226769       0.19815018269404436     
   6.1735968284714815       0.19913025516777821     
   6.1801366556202861       0.20011012851080531     
   6.1866764827690908       0.20108980174326649     
   6.1932163099178945       0.20206927388550208     
   6.1997561370666991       0.20304854395805341     
   6.2062959642155038       0.20402761098166325     
   6.2128357913643084       0.20500647397727711     
   6.2193756185131130       0.20598513196604412     
   6.2259154456619177       0.20696358396931816     
   6.2324552728107223       0.20794182900865862     
   6.2389950999595269       0.20891986610583160     
   6.2455349271083316       0.20989769428281074     
   6.2520747542571362       0.21087531256177838     
   6.2586145814059400       0.21185271996512625     
   6.2651544085547446       0.21282991551545688     
   6.2716942357035492       0.21380689823558424     
   6.2782340628523539       0.21478366714853483     
   6.2847738900011585       0.21576022127754876     
   6.2913137171499631       0.21673655964608046     
   6.2978535442987678       0.21771268127780011     
   6.3043933714475724       0.21868858519659423     
   6.3109331985963770       0.21966427042656678     
   6.3174730257451808       0.22063973599204018     
   6.3240128528939854       0.22161498091755641     
   6.3305526800427900       0.22259000422787767     
   6.3370925071915947       0.22356480494798767     
   6.3436323343403993       0.22453938210309243     
   6.3501721614892039       0.22551373471862138     
   6.3567119886380086       0.22648786182022823     
   6.3632518157868132       0.22746176243379204     
   6.3697916429356178       0.22843543558541823     
   6.3763314700844216       0.22940888030143938     
   6.3828712972332262       0.23038209560841633     
   6.3894111243820308       0.23135508053313925     
   6.3959509515308355       0.23232783410262844     
   6.4024907786796401       0.23330035534413546     
   6.4090306058284447       0.23427264328514402     
   6.4155704329772494       0.23524469695337080     
   6.4221102601260540       0.23621651537676688     
   6.4286500872748586       0.23718809758351836     
   6.4351899144236624       0.23815944260204716     
   6.4417297415724670       0.23913054946101264     
   6.4482695687212717       0.24010141718931191     
   6.4548093958700763       0.24107204481608122     
   6.4613492230188809       0.24204243137069664     
   6.4678890501676856       0.24301257588277544     
   6.4744288773164902       0.24398247738217657     
   6.4809687044652948       0.24495213489900197     
   6.4875085316140995       0.24592154746359757     
   6.4940483587629032       0.24689071410655394     
   6.5005881859117078       0.24785963385870757     
   6.5071280130605125       0.24882830575114173     
   6.5136678402093171       0.24979672881518744     
   6.5202076673581217       0.25076490208242441     
   6.5267474945069264       0.25173282458468232     
   6.5332873216557310       0.25270049535404110     
   6.5398271488045356       0.25366791342283257     
   6.5463669759533403       0.25463507782364114     
   6.5529068031021440       0.25560198758930486     
   6.5594466302509487       0.25656864175291627     
   6.5659864573997533       0.25753503934782351     
   6.5725262845485579       0.25850117940763101     
   6.5790661116973626       0.25946706096620076     
   6.5856059388461672       0.26043268305765332     
   6.5921457659949718       0.26139804471636868     
   6.5986855931437765       0.26236314497698682     
   6.6052254202925811       0.26332798287440951     
   6.6117652474413848       0.26429255744380054     
   6.6183050745901895       0.26525686772058693     
   6.6248449017389941       0.26622091274046028     
   6.6313847288877987       0.26718469153937702     
   6.6379245560366034       0.26814820315355992     
   6.6444643831854080       0.26911144661949876     
   6.6510042103342126       0.27007442097395173     
   6.6575440374830173       0.27103712525394563     
   6.6640838646318219       0.27199955849677765     
   6.6706236917806256       0.27296171974001576     
   6.6771635189294303       0.27392360802150012     
   6.6837033460782349       0.27488522237934354     
   6.6902431732270395       0.27584656185193290     
   6.6967830003758442       0.27680762547792975     
   6.7033228275246488       0.27776841229627158     
   6.7098626546734534       0.27872892134617278     
   6.7164024818222581       0.27968915166712505     
   6.7229423089710627       0.28064910229889928     
   6.7294821361198665       0.28160877228154568     
   6.7360219632686711       0.28256816065539514     
   6.7425617904174757       0.28352726646106030     
   6.7491016175662804       0.28448608873943609     
   6.7556414447150850       0.28544462653170116     
   6.7621812718638896       0.28640287887931848     
   6.7687210990126943       0.28736084482403640     
   6.7752609261614989       0.28831852340788972     
   6.7818007533103035       0.28927591367320066     
   6.7883405804591073       0.29023301466257961     
   6.7948804076079119       0.29118982541892624     
   6.8014202347567165       0.29214634498543046     
   6.8079600619055212       0.29310257240557325     
   6.8144998890543258       0.29405850672312789     
   6.8210397162031304       0.29501414698216061     
   6.8275795433519351       0.29596949222703162     
   6.8341193705007397       0.29692454150239622     
   6.8406591976495443       0.29787929385320577     
   6.8471990247983481       0.29883374832470838     
   6.8537388519471527       0.29978790396244998     
   6.8602786790959573       0.30074175981227552     
   6.8668185062447620       0.30169531492032942     
   6.8733583333935666       0.30264856833305714     
   6.8798981605423712       0.30360151909720567     
   6.8864379876911759       0.30455416625982457     
   6.8929778148399805       0.30550650886826725     
   6.8995176419887851       0.30645854597019118     
   6.9060574691375889       0.30741027661355996     
   6.9125972962863935       0.30836169984664308     
   6.9191371234351982       0.30931281471801769     
   6.9256769505840028       0.31026362027656923     
   6.9322167777328074       0.31121411557149248     
   6.9387566048816121       0.31216429965229242     
   6.9452964320304167       0.31311417156878524     
   6.9518362591792213       0.31406373037109936     
   6.9583760863280260       0.31501297510967624     
   6.9649159134768297       0.31596190483527131     
   6.9714557406256343       0.31691051859895514     
   6.9779955677744390       0.31785881545211431     
   6.9845353949232436       0.31880679444645216     
   6.9910752220720482       0.31975445463398977     
   6.9976150492208529       0.32070179506706731     
   7.0041548763696575       0.32164881479834467     
   7.0106947035184621       0.32259551288080202     
   7.0172345306672668       0.32354188836774156     
   7.0237743578160705       0.32448794031278821     
   7.0303141849648751       0.32543366776988991     
   7.0368540121136798       0.32637906979331960     
   7.0433938392624844       0.32732414543767524     
   7.0499336664112890       0.32826889375788137     
   7.0564734935600937       0.32921331380918989     
   7.0630133207088983       0.33015740464718096     
   7.0695531478577029       0.33110116532776385     
   7.0760929750065076       0.33204459490717786     
   7.0826328021553113       0.33298769244199378     
   7.0891726293041160       0.33393045698911383     
   7.0957124564529206       0.33487288760577405     
   7.1022522836017252       0.33581498334954374     
   7.1087921107505299       0.33675674327832716     
   7.1153319378993345       0.33769816645036466     
   7.1218717650481391       0.33863925192423305     
   7.1284115921969438       0.33957999875884703     
   7.1349514193457484       0.34052040601345979     
   7.1414912464945521       0.34146047274766428     
   7.1480310736433568       0.34240019802139371     
   7.1545709007921614       0.34333958089492300     
   7.1611107279409660       0.34427862042886942     
   7.1676505550897707       0.34521731568419334     
   7.1741903822385753       0.34615566572219969     
   7.1807302093873799       0.34709366960453847     
   7.1872700365361846       0.34803132639320589     
   7.1938098636849892       0.34896863515054521     
   7.2003496908337938       0.34990559493924783     
   7.2068895179825976       0.35084220482235395     
   7.2134293451314022       0.35177846386325362     
   7.2199691722802068       0.35271437112568804     
   7.2265089994290115       0.35364992567374998     
   7.2330488265778161       0.35458512657188490     
   7.2395886537266207       0.35551997288489201     
   7.2461284808754254       0.35645446367792499     
   7.2526683080242300       0.35738859801649303     
   7.2592081351730346       0.35832237496646208     
   7.2657479623218384       0.35925579359405491     
   7.2722877894706430       0.36018885296585323     
   7.2788276166194477       0.36112155214879754     
   7.2853674437682523       0.36205389021018880     
   7.2919072709170569       0.36298586621768886     
   7.2984470980658616       0.36391747923932183     
   7.3049869252146662       0.36484872834347465     
   7.3115267523634708       0.36577961259889841     
   7.3180665795122755       0.36671013107470873     
   7.3246064066610792       0.36764028284038730     
   7.3311462338098838       0.36857006696578226     
   7.3376860609586885       0.36949948252110959     
   7.3442258881074931       0.37042852857695380     
   7.3507657152562977       0.37135720420426871     
   7.3573055424051024       0.37228550847437891     
   7.3638453695539070       0.37321344045898003     
   7.3703851967027116       0.37414099923014005     
   7.3769250238515163       0.37506818386030044     
   7.3834648510003200       0.37599499342227638     
   7.3900046781491247       0.37692142698925851     
   7.3965445052979293       0.37784748363481307     
   7.4030843324467339       0.37877316243288356     
   7.4096241595955386       0.37969846245779121     
   7.4161639867443432       0.38062338278423596     
   7.4227038138931478       0.38154792248729752     
   7.4292436410419525       0.38247208064243615     
   7.4357834681907571       0.38339585632549383     
   7.4423232953395608       0.38431924861269484     
   7.4488631224883655       0.38524225658064681     
   7.4554029496371701       0.38616487930634191     
   7.4619427767859747       0.38708711586715733     
   7.4684826039347794       0.38800896534085666     
   7.4750224310835840       0.38893042680559037     
   7.4815622582323886       0.38985149933989688     
   7.4881020853811933       0.39077218202270386     
   7.4946419125299979       0.39169247393332862     
   7.5011817396788016       0.39261237415147915     
   7.5077215668276063       0.39353188175725534     
   7.5142613939764109       0.39445099583114940     
   7.5208012211252155       0.39536971545404753     
   7.5273410482740202       0.39628803970722998     
   7.5338808754228248       0.39720596767237248     
   7.5404207025716294       0.39812349843154721     
   7.5469605297204341       0.39904063106722326     
   7.5535003568692387       0.39995736466226806     
   7.5600401840180425       0.40087369829994801     
   7.5665800111668471       0.40178963106392956     
   7.5731198383156517       0.40270516203827988     
   7.5796596654644564       0.40362029030746804     
   7.5861994926132610       0.40453501495636573     
   7.5927393197620656       0.40544933507024838     
   7.5992791469108703       0.40636324973479582     
   7.6058189740596749       0.40727675803609348     
   7.6123588012084795       0.40818985906063288     
   7.6188986283572833       0.40910255189531314     
   7.6254384555060879       0.41001483562744140     
   7.6319782826548925       0.41092670934473396     
   7.6385181098036972       0.41183817213531704     
   7.6450579369525018       0.41274922308772793     
   7.6515977641013064       0.41365986129091564     
   7.6581375912501111       0.41457008583424199     
   7.6646774183989157       0.41547989580748240     
   7.6712172455477203       0.41638929030082683     
   7.6777570726965241       0.41729826840488105     
   7.6842968998453287       0.41820682921066671     
   7.6908367269941333       0.41911497180962298     
   7.6973765541429380       0.42002269529360742     
   7.7039163812917426       0.42092999875489662     
   7.7104562084405472       0.42183688128618690     
   7.7169960355893519       0.42274334198059582     
   7.7235358627381565       0.42364937993166274     
   7.7300756898869611       0.42455499423334964     
   7.7366155170357649       0.42546018398004226     
   7.7431553441845695       0.42636494826655091     
   7.7496951713333742       0.42726928618811111     
   7.7562349984821788       0.42817319684038513     
   7.7627748256309834       0.42907667931946236     
   7.7693146527797881       0.42997973272186019     
   7.7758544799285927       0.43088235614452536     
   7.7823943070773973       0.43178454868483424     
   7.7889341342262020       0.43268630944059439     
   7.7954739613750057       0.43358763751004509     
   7.8020137885238103       0.43448853199185822     
   7.8085536156726150       0.43538899198513936     
   7.8150934428214196       0.43628901658942848     
   7.8216332699702242       0.43718860490470091     
   7.8281730971190289       0.43808775603136846     
   7.8347129242678335       0.43898646907027988     
   7.8412527514166381       0.43988474312272224     
   7.8477925785654428       0.44078257729042153     
   7.8543324057142465       0.44167997067554332     
   7.8608722328630511       0.44257692238069463     
   7.8674120600118558       0.44347343150892332     
   7.8739518871606604       0.44436949716372065     
   7.8804917143094650       0.44526511844902067     
   7.8870315414582697       0.44616029446920225     
   7.8935713686070743       0.44705502432908945     
   7.9001111957558789       0.44794930713395220     
   7.9066510229046836       0.44884314198950781     
   7.9131908500534873       0.44973652800192138     
   7.9197306772022920       0.45062946427780692     
   7.9262705043510966       0.45152194992422817     
   7.9328103314999012       0.45241398404869948     
   7.9393501586487059       0.45330556575918668     
   7.9458899857975105       0.45419669416410818     
   7.9524298129463151       0.45508736837233549     
   7.9589696400951198       0.45597758749319445     
   7.9655094672439244       0.45686735063646583     
   7.9720492943927281       0.45775665691238665     
   7.9785891215415328       0.45864550543165039     
   7.9851289486903374       0.45953389530540883     
   7.9916687758391420       0.46042182564527184     
   7.9982086029879467       0.46130929556330919     
   8.0047484301367504       0.46219630417205093     
   8.0112882572855550       0.46308285058448850     
   8.0178280844343597       0.46396893391407551     
   8.0243679115831643       0.46485455327472852     
   8.0309077387319689       0.46573970778082835     
   8.0374475658807736       0.46662439654722032     
   8.0439873930295782       0.46750861868921584     
   8.0505272201783828       0.46839237332259248     
   8.0570670473271875       0.46927565956359596     
   8.0636068744759921       0.47015847652893966     
   8.0701467016247967       0.47104082333580699     
   8.0766865287736014       0.47192269910185092     
   8.0832263559224060       0.47280410294519576     
   8.0897661830712106       0.47368503398443756     
   8.0963060102200153       0.47456549133864545     
   8.1028458373688199       0.47544547412736193     
   8.1093856645176245       0.47632498147060431     
   8.1159254916664292       0.47720401248886529     
   8.1224653188152320       0.47808256630311374     
   8.1290051459640367       0.47896064203479594     
   8.1355449731128413       0.47983823880583604     
   8.1420848002616459       0.48071535573863738     
   8.1486246274104506       0.48159199195608282     
   8.1551644545592552       0.48246814658153642     
   8.1617042817080598       0.48334381873884341     
   8.1682441088568645       0.48421900755233166     
   8.1747839360056691       0.48509371214681229     
   8.1813237631544737       0.48596793164758090     
   8.1878635903032784       0.48684166518041766     
   8.1944034174520830       0.48771491187158938     
   8.2009432446008876       0.48858767084784921     
   8.2074830717496923       0.48945994123643816     
   8.2140228988984969       0.49033172216508591     
   8.2205627260473015       0.49120301276201145     
   8.2271025531961062       0.49207381215592427     
   8.2336423803449108       0.49294411947602490     
   8.2401822074937137       0.49381393385200606     
   8.2467220346425183       0.49468325441405342     
   8.2532618617913229       0.49555208029284636     
   8.2598016889401276       0.49642041061955899     
   8.2663415160889322       0.49728824452586101     
   8.2728813432377368       0.49815558114391845     
   8.2794211703865415       0.49902241960639482     
   8.2859609975353461       0.49988875904645153     
   8.2925008246841507       0.50075459859774929     
   8.2990406518329554       0.50161993739444843     
   8.3055804789817600       0.50248477457121021     
   8.3121203061305646       0.50334910926319743     
   8.3186601332793693       0.50421294060607524     
   8.3251999604281739       0.50507626773601266     
   8.3317397875769785       0.50593908978968216     
   8.3382796147257832       0.50680140590426193     
   8.3448194418745878       0.50766321521743585     
   8.3513592690233924       0.50852451686739453     
   8.3578990961721953       0.50938530999283627     
   8.3644389233209999       0.51024559373296818     
   8.3709787504698046       0.51110536722750632     
   8.3775185776186092       0.51196462961667721     
   8.3840584047674138       0.51282338004121863     
   8.3905982319162185       0.51368161764237996     
   8.3971380590650231       0.51453934156192360     
   8.4036778862138277       0.51539655094212566     
   8.4102177133626324       0.51625324492577684     
   8.4167575405114370       0.51710942265618309     
   8.4232973676602416       0.51796508327716673     
   8.4298371948090463       0.51882022593306709     
   8.4363770219578509       0.51967484976874134     
   8.4429168491066555       0.52052895392956611     
   8.4494566762554602       0.52138253756143671     
   8.4559965034042648       0.52223559981076972     
   8.4625363305530694       0.52308813982450308     
   8.4690761577018741       0.52394015675009653     
   8.4756159848506769       0.52479164973553327     
   8.4821558119994815       0.52564261792932032     
   8.4886956391482862       0.52649306048048927     
   8.4952354662970908       0.52734297653859796     
   8.5017752934458954       0.52819236525373015     
   8.5083151205947001       0.52904122577649693     
   8.5148549477435047       0.52988955725803788     
   8.5213947748923093       0.53073735885002160     
   8.5279346020411140       0.53158462970464659     
   8.5344744291899186       0.53243136897464194     
   8.5410142563387232       0.53327757581326807     
   8.5475540834875279       0.53412324937431843     
   8.5540939106363325       0.53496838881211939     
   8.5606337377851371       0.53581299328153165     
   8.5671735649339418       0.53665706193795037     
   8.5737133920827464       0.53750059393730731     
   8.5802532192315510       0.53834358843607022     
   8.5867930463803557       0.53918604459124475     
   8.5933328735291585       0.54002796156037469     
   8.5998727006779632       0.54086933850154295     
   8.6064125278267678       0.54171017457337278     
   8.6129523549755724       0.54255046893502801     
   8.6194921821243771       0.54339022074621446     
   8.6260320092731817       0.54422942916717987     
   8.6325718364219863       0.54506809335871631     
   8.6391116635707910       0.54590621248215943     
   8.6456514907195956       0.54674378569938986     
   8.6521913178684002       0.54758081217283472     
   8.6587311450172049       0.54841729106546733     
   8.6652709721660095       0.54925322154080880     
   8.6718107993148141       0.55008860276292881     
   8.6783506264636188       0.55092343389644616     
   8.6848904536124234       0.55175771410652952     
   8.6914302807612280       0.55259144255889880     
   8.6979701079100327       0.55342461841982549     
   8.7045099350588373       0.55425724085613359     
   8.7110497622076419       0.55508930903520104     
   8.7175895893564448       0.55592082212495952     
   8.7241294165052494       0.55675177929389574     
   8.7306692436540541       0.55758217971105262     
   8.7372090708028587       0.55841202254602973     
   8.7437488979516633       0.55924130696898433     
   8.7502887251004680       0.56007003215063200     
   8.7568285522492726       0.56089819726224743     
   8.7633683793980772       0.56172580147566553     
   8.7699082065468819       0.56255284396328220     
   8.7764480336956865       0.56337932389805501     
   8.7829878608444911       0.56420524045350373     
   8.7895276879932958       0.56503059280371204     
   8.7960675151421004       0.56585538012332759     
   8.8026073422909050       0.56667960158756292     
   8.8091471694397097       0.56750325637219678     
   8.8156869965885143       0.56832634365357426     
   8.8222268237373189       0.56914886260860797     
   8.8287666508861236       0.56997081241477898     
   8.8353064780349264       0.57079219225013778     
   8.8418463051837310       0.57161300129330439     
   8.8483861323325357       0.57243323872346952     
   8.8549259594813403       0.57325290372039606     
   8.8614657866301449       0.57407199546441889     
   8.8680056137789496       0.57489051313644624     
   8.8745454409277542       0.57570845591796038     
   8.8810852680765588       0.57652582299101873     
   8.8876250952253635       0.57734261353825389     
   8.8941649223741681       0.57815882674287555     
   8.9007047495229727       0.57897446178867062     
   8.9072445766717774       0.57978951786000388     
   8.9137844038205820       0.58060399414181929     
   8.9203242309693866       0.58141788981964060     
   8.9268640581181913       0.58223120407957196     
   8.9334038852669959       0.58304393610829941     
   8.9399437124158005       0.58385608509309073     
   8.9464835395646052       0.58466765022179679     
   8.9530233667134080       0.58547863068285289     
   8.9595631938622127       0.58628902566527819     
   8.9661030210110173       0.58709883435867782     
   8.9726428481598219       0.58790805595324325     
   8.9791826753086266       0.58871668963975265     
   8.9857225024574312       0.58952473460957233     
   8.9922623296062358       0.59033219005465754     
   8.9988021567550405       0.59113905516755261     
   9.0053419839038451       0.59194532914139253     
   9.0118818110526497       0.59275101116990336     
   9.0184216382014544       0.59355610044740303     
   9.0249614653502590       0.59436059616880221     
   9.0315012924990636       0.59516449752960532     
   9.0380411196478683       0.59596780372591063     
   9.0445809467966729       0.59677051395441238     
   9.0511207739454775       0.59757262741240014     
   9.0576606010942822       0.59837414329776051     
   9.0642004282430868       0.59917506080897764     
   9.0707402553918897       0.59997537914513399     
   9.0772800825406943       0.60077509750591118     
   9.0838199096894989       0.60157421509159092     
   9.0903597368383036       0.60237273110305545     
   9.0968995639871082       0.60317064474178883     
   9.1034393911359128       0.60396795520987745     
   9.1099792182847175       0.60476466171001086     
   9.1165190454335221       0.60556076344548260     
   9.1230588725823267       0.60635625962019091     
   9.1295986997311314       0.60715114943863957     
   9.1361385268799360       0.60794543210593877     
   9.1426783540287406       0.60873910682780596     
   9.1492181811775453       0.60953217281056649     
   9.1557580083263499       0.61032462926115405     
   9.1622978354751545       0.61111647538711245     
   9.1688376626239592       0.61190771039659542     
   9.1753774897727638       0.61269833349836811     
   9.1819173169215684       0.61348834390180729     
   9.1884571440703713       0.61427774081690256     
   9.1949969712191759       0.61506652345425705     
   9.2015367983679806       0.61585469102508816     
   9.2080766255167852       0.61664224274122825     
   9.2146164526655898       0.61742917781512552     
   9.2211562798143945       0.61821549545984500     
   9.2276961069631991       0.61900119488906902     
   9.2342359341120037       0.61978627531709807     
   9.2407757612608084       0.62057073595885193     
   9.2473155884096130       0.62135457602986999     
   9.2538554155584176       0.62213779474631170     
   9.2603952427072223       0.62292039132495880     
   9.2669350698560269       0.62370236498321452     
   9.2734748970048315       0.62448371493910526     
   9.2800147241536362       0.62526444041128104     
   9.2865545513024408       0.62604454061901627     
   9.2930943784512454       0.62682401478221106     
   9.2996342056000501       0.62760286212139094     
   9.3061740327488529       0.62838108185770858     
   9.3127138598976575       0.62915867321294450     
   9.3192536870464622       0.62993563540950714     
   9.3257935141952668       0.63071196767043447     
   9.3323333413440714       0.63148766921939403     
   9.3388731684928761       0.63226273928068444     
   9.3454129956416807       0.63303717707923535     
   9.3519528227904853       0.63381098184060958     
   9.3584926499392900       0.63458415279100167     
   9.3650324770880946       0.63535668915724097     
   9.3715723042368992       0.63612859016679135     
   9.3781121313857039       0.63689985504775148     
   9.3846519585345085       0.63767048302885665     
   9.3911917856833131       0.63844047333947873     
   9.3977316128321178       0.63920982520962755     
   9.4042714399809224       0.63997853786995118     
   9.4108112671297270       0.64074661055173687     
   9.4173510942785317       0.64151404248691202     
   9.4238909214273345       0.64228083290804472     
   9.4304307485761392       0.64304698104834446     
   9.4369705757249438       0.64381248614166320     
   9.4435104028737484       0.64457734742249573     
   9.4500502300225531       0.64534156412598087     
   9.4565900571713577       0.64610513548790194     
   9.4631298843201623       0.64686806074468728     
   9.4696697114689670       0.64763033913341195     
   9.4762095386177716       0.64839196989179770     
   9.4827493657665762       0.64915295225821334     
   9.4892891929153809       0.64991328547167682     
   9.4958290200641855       0.65067296877185477     
   9.5023688472129901       0.65143200139906399     
   9.5089086743617948       0.65219038259427187     
   9.5154485015105994       0.65294811159909694     
   9.5219883286594040       0.65370518765581065     
   9.5285281558082087       0.65446161000733660     
   9.5350679829570133       0.65521737789725265     
   9.5416078101058162       0.65597249056979068     
   9.5481476372546208       0.65672694726983816     
   9.5546874644034254       0.65748074724293848     
   9.5612272915522301       0.65823388973529140     
   9.5677671187010347       0.65898637399375470     
   9.5743069458498393       0.65973819926584398     
   9.5808467729986440       0.66048936479973397     
   9.5873866001474486       0.66123986984425920     
   9.5939264272962532       0.66198971364891457     
   9.6004662544450579       0.66273889546385634     
   9.6070060815938625       0.66348741453990268     
   9.6135459087426671       0.66423527012853445     
   9.6200857358914718       0.66498246148189599     
   9.6266255630402764       0.66572898785279599     
   9.6331653901890810       0.66647484849470828     
   9.6397052173378857       0.66722004266177193     
   9.6462450444866903       0.66796456960879280     
   9.6527848716354949       0.66870842859124424     
   9.6593246987842996       0.66945161886526716     
   9.6658645259331024       0.67019413968767116     
   9.6724043530819070       0.67093599031593554     
   9.6789441802307117       0.67167717000820948     
   9.6854840073795163       0.67241767802331343     
   9.6920238345283209       0.67315751362073928     
   9.6985636616771256       0.67389667606065151     
   9.7051034888259302       0.67463516460388762     
   9.7116433159747348       0.67537297851195921     
   9.7181831431235395       0.67611011704705226     
   9.7247229702723441       0.67684657947202820     
   9.7312627974211487       0.67758236505042480     
   9.7378026245699534       0.67831747304645618     
   9.7443424517187580       0.67905190272501448     
   9.7508822788675626       0.67978565335167018     
   9.7574221060163673       0.68051872419267245     
   9.7639619331651719       0.68125111451495046     
   9.7705017603139765       0.68198282358611417     
   9.7770415874627812       0.68271385067445411     
   9.7835814146115840       0.68344419504894349     
   9.7901212417603887       0.68417385597923774     
   9.7966610689091933       0.68490283273567609     
   9.8032008960579979       0.68563112458928155     
   9.8097407232068026       0.68635873081176246     
   9.8162805503556072       0.68708565067551264     
   9.8228203775044118       0.68781188345361199     
   9.8293602046532165       0.68853742841982790     
   9.8359000318020211       0.68926228484861540     
   9.8424398589508257       0.68998645201511810     
   9.8489796860996304       0.69070992919516883     
   9.8555195132484350       0.69143271566529030     
   9.8620593403972396       0.69215481070269602     
   9.8685991675460443       0.69287621358529117     
   9.8751389946948489       0.69359692359167269     
   9.8816788218436535       0.69431694000113064     
   9.8882186489924582       0.69503626209364855     
   9.8947584761412628       0.69575488914990435     
   9.9012983032900657       0.69647282045127112     
   9.9078381304388703       0.69719005527981726     
   9.9143779575876749       0.69790659291830814     
   9.9209177847364796       0.69862243265020618     
   9.9274576118852842       0.69933757375967154     
   9.9339974390340888       0.70005201553156315     
   9.9405372661828935       0.70076575725143919     
   9.9470770933316981       0.70147879820555792     
   9.9536169204805027       0.70219113768087849     
   9.9601567476293074       0.70290277496506137     
   9.9666965747781120       0.70361370934646927     
   9.9732364019269166       0.70432394011416788     
   9.9797762290757213       0.70503346655792642     
   9.9863160562245259       0.70574228796821825     
   9.9928558833733305       0.70645040363622214     
   9.9993957105221352       0.70715781285382240     
   10.005935537670940       0.70786451491360980     
   10.012475364819744       0.70857050910888242     
   10.019015191968547       0.70927579473364588     
   10.025555019117352       0.70998037108261458     
   10.032094846266157       0.71068423745121223     
   10.038634673414961       0.71138739313557231     
   10.045174500563766       0.71208983743253917     
   10.051714327712570       0.71279156963966883     
   10.058254154861375       0.71349258905522872     
   10.064793982010180       0.71419289497819949     
   10.071333809158984       0.71489248670827532     
   10.077873636307789       0.71559136354586439     
   10.084413463456594       0.71628952479209007     
   10.090953290605398       0.71698696974879084     
   10.097493117754203       0.71768369771852181     
   10.104032944903008       0.71837970800455520     
   10.110572772051812       0.71907499991088042     
   10.117112599200617       0.71976957274220588     
   10.123652426349421       0.72046342580395839     
   10.130192253498226       0.72115655840228532     
   10.136732080647029       0.72184896984405367     
   10.143271907795834       0.72254065943685220     
   10.149811734944638       0.72323162648899142     
   10.156351562093443       0.72392187030950383     
   10.162891389242247       0.72461139020814624     
   10.169431216391052       0.72530018549539821     
   10.175971043539857       0.72598825548246482     
   10.182510870688661       0.72667559948127591     
   10.189050697837466       0.72736221680448743     
   10.195590524986271       0.72804810676548226     
   10.202130352135075       0.72873326867837040     
   10.208670179283880       0.72941770185798971     
   10.215210006432685       0.73010140561990722     
   10.221749833581489       0.73078437928041917     
   10.228289660730294       0.73146662215655178     
   10.234829487879098       0.73214813356606234     
   10.241369315027903       0.73282891282743934     
   10.247909142176708       0.73350895925990345     
   10.254448969325511       0.73418827218340832     
   10.260988796474315       0.73486685091864101     
   10.267528623623120       0.73554469478702278     
   10.274068450771924       0.73622180311070973     
   10.280608277920729       0.73689817521259371     
   10.287148105069534       0.73757381041630232     
   10.293687932218338       0.73824870804620069     
   10.300227759367143       0.73892286742739099     
   10.306767586515948       0.73959628788571374     
   10.313307413664752       0.74026896874774872     
   10.319847240813557       0.74094090934081491     
   10.326387067962361       0.74161210899297170     
   10.332926895111166       0.74228256703301954     
   10.339466722259971       0.74295228279050041     
   10.346006549408775       0.74362125559569836     
   10.352546376557580       0.74428948477964085     
   10.359086203706385       0.74495696967409863     
   10.365626030855189       0.74562370961158653     
   10.372165858003992       0.74628970392536487     
   10.378705685152797       0.74695495194943928     
   10.385245512301601       0.74761945301856181     
   10.391785339450406       0.74828320646823121     
   10.398325166599211       0.74894621163469410     
   10.404864993748015       0.74960846785494550     
   10.411404820896820       0.75026997446672883     
   10.417944648045625       0.75093073080853778     
   10.424484475194429       0.75159073621961614     
   10.431024302343234       0.75224999003995807     
   10.437564129492038       0.75290849161030993     
   10.444103956640843       0.75356624027217023     
   10.450643783789648       0.75422323536779035     
   10.457183610938452       0.75487947624017482     
   10.463723438087257       0.75553496223308325     
   10.470263265236062       0.75618969269102920     
   10.476803092384866       0.75684366695928262     
   10.483342919533671       0.75749688438386908     
   10.489882746682474       0.75814934431157111     
   10.496422573831278       0.75880104608992882     
   10.502962400980083       0.75945198906724043     
   10.509502228128888       0.76010217259256296     
   10.516042055277692       0.76075159601571296     
   10.522581882426497       0.76140025868726702     
   10.529121709575302       0.76204815995856234     
   10.535661536724106       0.76269529918169776     
   10.542201363872911       0.76334167570953404     
   10.548741191021715       0.76398728889569467     
   10.555281018170520       0.76463213809456632     
   10.561820845319325       0.76527622266129980     
   10.568360672468129       0.76591954195181067     
   10.574900499616934       0.76656209532277952     
   10.581440326765739       0.76720388213165325     
   10.587980153914543       0.76784490173664477     
   10.594519981063348       0.76848515349673463     
   10.601059808212153       0.76912463677167087     
   10.607599635360957       0.76976335092197035     
   10.614139462509760       0.77040129530891899     
   10.620679289658565       0.77103846929457243     
   10.627219116807369       0.77167487224175635     
   10.633758943956174       0.77231050351406816     
   10.640298771104979       0.77294536247587653     
   10.646838598253783       0.77357944849232241     
   10.653378425402588       0.77421276092931968     
   10.659918252551392       0.77484529915355593     
   10.666458079700197       0.77547706253249316     
   10.672997906849002       0.77610805043436781     
   10.679537733997806       0.77673826222819198     
   10.686077561146611       0.77736769728375399     
   10.692617388295416       0.77799635497161879     
   10.699157215444220       0.77862423466312858     
   10.705697042593025       0.77925133573040373     
   10.712236869741830       0.77987765754634286     
   10.718776696890634       0.78050319948462477     
   10.725316524039439       0.78112796091970704     
   10.731856351188242       0.78175194122682834     
   10.738396178337046       0.78237513978200857     
   10.744936005485851       0.78299755596204890     
   10.751475832634656       0.78361918914453343     
   10.758015659783460       0.78424003870782866     
   10.764555486932265       0.78486010403108530     
   10.771095314081069       0.78547938449423793     
   10.777635141229874       0.78609787947800613     
   10.784174968378679       0.78671558836389455     
   10.790714795527483       0.78733251053419495     
   10.797254622676288       0.78794864537198483     
   10.803794449825093       0.78856399226112905     
   10.810334276973897       0.78917855058628128     
   10.816874104122702       0.78979231973288289     
   10.823413931271507       0.79040529908716473     
   10.829953758420311       0.79101748803614746     
   10.836493585569116       0.79162888596764225     
   10.843033412717920       0.79223949227025092     
   10.849573239866723       0.79284930633336748     
   10.856113067015528       0.79345832754717782     
   10.862652894164333       0.79406655530266046     
   10.869192721313137       0.79467398899158792     
   10.875732548461942       0.79528062800652632     
   10.882272375610746       0.79588647174083671     
   10.888812202759551       0.79649151958867537     
   10.895352029908356       0.79709577094499451     
   10.901891857057160       0.79769922520554259     
   10.908431684205965       0.79830188176686523     
   10.914971511354770       0.79890374002630637     
   10.921511338503574       0.79950479938200725     
   10.928051165652379       0.80010505923290887     
   10.934590992801184       0.80070451897875117     
   10.941130819949988       0.80130317802007467     
   10.947670647098793       0.80190103575822003     
   10.954210474247597       0.80249809159532959     
   10.960750301396402       0.80309434493434773     
   10.967290128545205       0.80368979517902084     
   10.973829955694010       0.80428444173389879     
   10.980369782842814       0.80487828400433492     
   10.986909609991619       0.80547132139648714     
   10.993449437140423       0.80606355331731794     
   10.999989264289228       0.80665497917459550     
   11.006529091438033       0.80724559837689391     
   11.013068918586837       0.80783541033359385     
   11.019608745735642       0.80842441445488356     
   11.026148572884447       0.80901261015175874     
   11.032688400033251       0.80959999683602379     
   11.039228227182056       0.81018657392029214     
   11.045768054330861       0.81077234081798644     
   11.052307881479665       0.81135729694334002     
   11.058847708628470       0.81194144171139659     
   11.065387535777274       0.81252477453801142     
   11.071927362926079       0.81310729483985178     
   11.078467190074884       0.81368900203439720     
   11.085007017223687       0.81426989553994056     
   11.091546844372491       0.81484997477558863     
   11.098086671521296       0.81542923916126153     
   11.104626498670100       0.81600768811769542     
   11.111166325818905       0.81658532106644122     
   11.117706152967710       0.81716213742986588     
   11.124245980116514       0.81773813663115302     
   11.130785807265319       0.81831331809430374     
   11.137325634414124       0.81888768124413636     
   11.143865461562928       0.81946122550628775     
   11.150405288711733       0.82003395030721360     
   11.156945115860537       0.82060585507418893     
   11.163484943009342       0.82117693923530943     
   11.170024770158147       0.82174720221949060     
   11.176564597306951       0.82231664345646971     
   11.183104424455756       0.82288526237680526     
   11.189644251604561       0.82345305841187844     
   11.196184078753365       0.82402003099389320     
   11.202723905902168       0.82458617955587710     
   11.209263733050973       0.82515150353168121     
   11.215803560199777       0.82571600235598186     
   11.222343387348582       0.82627967546428016     
   11.228883214497387       0.82684252229290311     
   11.235423041646191       0.82740454227900362     
   11.241962868794996       0.82796573486056202     
   11.248502695943801       0.82852609947638556     
   11.255042523092605       0.82908563556610948     
   11.261582350241410       0.82964434257019792     
   11.268122177390214       0.83020221992994381     
   11.274662004539019       0.83075926708746961     
   11.281201831687824       0.83131548348572837     
   11.287741658836628       0.83187086856850367     
   11.294281485985433       0.83242542178041046     
   11.300821313134238       0.83297914256689554     
   11.307361140283042       0.83353203037423784     
   11.313900967431847       0.83408408464954986     
   11.320440794580650       0.83463530484077719     
   11.326980621729454       0.83518569039669976     
   11.333520448878259       0.83573524076693195     
   11.340060276027064       0.83628395540192324     
   11.346600103175868       0.83683183375295922     
   11.353139930324673       0.83737887527216148     
   11.359679757473478       0.83792507941248850     
   11.366219584622282       0.83847044562773609     
   11.372759411771087       0.83901497337253816     
   11.379299238919891       0.83955866210236674     
   11.385839066068696       0.84010151127353316     
   11.392378893217501       0.84064352034318834     
   11.398918720366305       0.84118468876932329     
   11.405458547515110       0.84172501601076932     
   11.411998374663915       0.84226450152719945     
   11.418538201812719       0.84280314477912799     
   11.425078028961524       0.84334094522791170     
   11.431617856110329       0.84387790233575022     
   11.438157683259131       0.84441401556568640     
   11.444697510407936       0.84494928438160710     
   11.451237337556741       0.84548370824824337     
   11.457777164705545       0.84601728663117148     
   11.464316991854350       0.84655001899681293     
   11.470856819003155       0.84708190481243539     
   11.477396646151959       0.84761294354615302     
   11.483936473300764       0.84814313466692715     
   11.490476300449568       0.84867247764456666     
   11.497016127598373       0.84920097194972832     
   11.503555954747178       0.84972861705391833     
   11.510095781895982       0.85025541242949099     
   11.516635609044787       0.85078135754965134     
   11.523175436193592       0.85130645188845411     
   11.529715263342396       0.85183069492080499     
   11.536255090491201       0.85235408612246100     
   11.542794917640006       0.85287662497003069     
   11.549334744788810       0.85339831094097551     
   11.555874571937615       0.85391914351360931     
   11.562414399086418       0.85443912216709961     
   11.568954226235222       0.85495824638146800     
   11.575494053384027       0.85547651563758986     
   11.582033880532832       0.85599392941719588     
   11.588573707681636       0.85651048720287271     
   11.595113534830441       0.85702618847806222     
   11.601653361979245       0.85754103272706328     
   11.608193189128050       0.85805501943503171     
   11.614733016276855       0.85856814808798054     
   11.621272843425659       0.85908041817278125     
   11.627812670574464       0.85959182917716381     
   11.634352497723269       0.86010238058971711     
   11.640892324872073       0.86061207189988975     
   11.647432152020878       0.86112090259799057     
   11.653971979169683       0.86162887217518869     
   11.660511806318487       0.86213598012351478     
   11.667051633467292       0.86264222593586060     
   11.673591460616096       0.86314760910598054     
   11.680131287764899       0.86365212912849132     
   11.686671114913704       0.86415578549887306     
   11.693210942062509       0.86465857771346943     
   11.699750769211313       0.86516050526948785     
   11.706290596360118       0.86566156766500113     
   11.712830423508922       0.86616176439894643     
   11.719370250657727       0.86666109497112764     
   11.725910077806532       0.86715955888221385     
   11.732449904955336       0.86765715563374113     
   11.738989732104141       0.86815388472811283     
   11.745529559252946       0.86864974566859976     
   11.752069386401750       0.86914473795934100     
   11.758609213550555       0.86963886110534427     
   11.765149040699360       0.87013211461248641     
   11.771688867848164       0.87062449798751396     
   11.778228694996969       0.87111601073804346     
   11.784768522145773       0.87160665237256219     
   11.791308349294578       0.87209642240042873     
   11.797848176443381       0.87258532033187275     
   11.804388003592186       0.87307334567799666     
   11.810927830740990       0.87356049795077473     
   11.817467657889795       0.87404677666305475     
   11.824007485038599       0.87453218132855814     
   11.830547312187404       0.87501671146188031     
   11.837087139336209       0.87550036657849095     
   11.843626966485013       0.87598314619473483     
   11.850166793633818       0.87646504982783269     
   11.856706620782623       0.87694607699588067     
   11.863246447931427       0.87742622721785168     
   11.869786275080232       0.87790550001359557     
   11.876326102229037       0.87838389490383928     
   11.882865929377841       0.87886141141018825     
   11.889405756526646       0.87933804905512580     
   11.895945583675450       0.87981380736201420     
   11.902485410824255       0.88028868585509523     
   11.909025237973060       0.88076268405949032     
   11.915565065121863       0.88123580150120151     
   11.922104892270667       0.88170803770711104     
   11.928644719419472       0.88217939220498298     
   11.935184546568276       0.88264986452346250     
   11.941724373717081       0.88311945419207771     
   11.948264200865886       0.88358816074123858     
   11.954804028014690       0.88405598370223881     
   11.961343855163495       0.88452292260725540     
   11.967883682312300       0.88498897698934920     
   11.974423509461104       0.88545414638246600     
   11.980963336609909       0.88591843032143647     
   11.987503163758713       0.88638182834197654     
   11.994042990907518       0.88684433998068835     
   12.000582818056323       0.88730596477505996     
   12.007122645205127       0.88776670226346699     
   12.013662472353932       0.88822655198517164     
   12.020202299502737       0.88868551348032432     
   12.026742126651541       0.88914358628996337     
   12.033281953800344       0.88960076995601634     
   12.039821780949149       0.89005706402129925     
   12.046361608097953       0.89051246802951822     
   12.052901435246758       0.89096698152526910     
   12.059441262395563       0.89142060405403856     
   12.065981089544367       0.89187333516220391     
   12.072520916693172       0.89232517439703407     
   12.079060743841977       0.89277612130668993     
   12.085600570990781       0.89322617544022442     
   12.092140398139586       0.89367533634758345     
   12.098680225288390       0.89412360357960619     
   12.105220052437195       0.89457097668802521     
   12.111759879586000       0.89501745522546783     
   12.118299706734804       0.89546303874545508     
   12.124839533883609       0.89590772680240360     
   12.131379361032414       0.89635151895162535     
   12.137919188181218       0.89679441474932797     
   12.144459015330023       0.89723641375261598     
   12.150998842478826       0.89767751551949038     
   12.157538669627630       0.89811771960884890     
   12.164078496776435       0.89855702558048800     
   12.170618323925240       0.89899543299510143     
   12.177158151074044       0.89943294141428198     
   12.183697978222849       0.89986955040052108     
   12.190237805371654       0.90030525951720985     
   12.196777632520458       0.90074006832863895     
   12.203317459669263       0.90117397639999985     
   12.209857286818067       0.90160698329738442     
   12.216397113966872       0.90203908858778559     
   12.222936941115677       0.90247029183909810     
   12.229476768264481       0.90290059262011879     
   12.236016595413286       0.90332999050054685     
   12.242556422562091       0.90375848505098444     
   12.249096249710895       0.90418607584293698     
   12.255636076859700       0.90461276244881361     
   12.262175904008505       0.90503854444192788     
   12.268715731157307       0.90546342139649760     
   12.275255558306112       0.90588739288764597     
   12.281795385454917       0.90631045849140135     
   12.288335212603721       0.90673261778469827     
   12.294875039752526       0.90715387034537731     
   12.301414866901331       0.90757421575218600     
   12.307954694050135       0.90799365358477913     
   12.314494521198940       0.90841218342371843     
   12.321034348347744       0.90882980485047449     
   12.327574175496549       0.90924651744742557     
   12.334114002645354       0.90966232079785936     
   12.340653829794158       0.91007721448597223     
   12.347193656942963       0.91049119809687062     
   12.353733484091768       0.91090427121657103     
   12.360273311240572       0.91131643343200008     
   12.366813138389377       0.91172768433099582     
   12.373352965538182       0.91213802350230710     
   12.379892792686986       0.91254745053559505     
   12.386432619835789       0.91295596502143228     
   12.392972446984594       0.91336356655130468     
   12.399512274133398       0.91377025471761031     
   12.406052101282203       0.91417602911366147     
   12.412591928431008       0.91458088933368353     
   12.419131755579812       0.91498483497281613     
   12.425671582728617       0.91538786562711372     
   12.432211409877421       0.91578998089354569     
   12.438751237026226       0.91619118036999692     
   12.445291064175031       0.91659146365526767     
   12.451830891323835       0.91699083034907469     
   12.458370718472640       0.91738928005205145     
   12.464910545621445       0.91778681236574811     
   12.471450372770249       0.91818342689263255     
   12.477990199919054       0.91857912323609014     
   12.484530027067859       0.91897390100042442     
   12.491069854216663       0.91936775979085783     
   12.497609681365468       0.91976069921353132     
   12.504149508514272       0.92015271887550565     
   12.510689335663075       0.92054381838476107     
   12.517229162811880       0.92093399735019810     
   12.523768989960685       0.92132325538163795     
   12.530308817109489       0.92171159208982234     
   12.536848644258294       0.92209900708641435     
   12.543388471407098       0.92248549998399965     
   12.549928298555903       0.92287107039608485     
   12.556468125704708       0.92325571793709948     
   12.563007952853512       0.92363944222239658     
   12.569547780002317       0.92402224286825119     
   12.576087607151122       0.92440411949186319     
   12.582627434299926       0.92478507171135538     
   12.589167261448731       0.92516509914577605     
   12.595707088597536       0.92554420141509752     
   12.602246915746340       0.92592237814021749     
   12.608786742895145       0.92629962894295947     
   12.615326570043949       0.92667595344607234     
   12.621866397192754       0.92705135127323179     
   12.628406224341557       0.92742582204903989     
   12.634946051490362       0.92779936539902608     
   12.641485878639166       0.92817198094964692     
   12.648025705787971       0.92854366832828694     
   12.654565532936775       0.92891442716325845     
   12.661105360085580       0.92928425708380269     
   12.667645187234385       0.92965315772009005     
   12.674185014383189       0.93002112870321940     
   12.680724841531994       0.93038816966522009     
   12.687264668680799       0.93075428023905138     
   12.693804495829603       0.93111946005860213     
   12.700344322978408       0.93148370875869302     
   12.706884150127213       0.93184702597507496     
   12.713423977276017       0.93220941134443114     
   12.719963804424822       0.93257086450437587     
   12.726503631573626       0.93293138509345619     
   12.733043458722431       0.93329097275115147     
   12.739583285871236       0.93364962711787380     
   12.746123113020039       0.93400734783496908     
   12.752662940168843       0.93436413454471656     
   12.759202767317648       0.93471998689032965     
   12.765742594466452       0.93507490451595565     
   12.772282421615257       0.93542888706667726     
   12.778822248764062       0.93578193418851163     
   12.785362075912866       0.93613404552841206     
   12.791901903061671       0.93648522073426665     
   12.798441730210476       0.93683545945490054     
   12.804981557359280       0.93718476134007511     
   12.811521384508085       0.93753312604048833     
   12.818061211656889       0.93788055320777530     
   12.824601038805694       0.93822704249450928     
   12.831140865954499       0.93857259355420075     
   12.837680693103303       0.93891720604129869     
   12.844220520252108       0.93926087961119042     
   12.850760347400913       0.93960361392020253     
   12.857300174549717       0.93994540862560083     
   12.863840001698520       0.94028626338559063     
   12.870379828847325       0.94062617785931679     
   12.876919655996129       0.94096515170686523     
   12.883459483144934       0.94130318458926188     
   12.889999310293739       0.94164027616847379     
   12.896539137442543       0.94197642610740984     
   12.903078964591348       0.94231163406991969     
   12.909618791740153       0.94264589972079527     
   12.916158618888957       0.94297922272577128     
   12.922698446037762       0.94331160275152448     
   12.929238273186566       0.94364303946567496     
   12.935778100335371       0.94397353253678584     
   12.942317927484176       0.94430308163436427     
   12.948857754632980       0.94463168642886108     
   12.955397581781785       0.94495934659167147     
   12.961937408930590       0.94528606179513519     
   12.968477236079394       0.94561183171253704     
   12.975017063228199       0.94593665601810717     
   12.981556890377002       0.94626053438702140     
   12.988096717525806       0.94658346649540115     
   12.994636544674611       0.94690545202031429     
   13.001176371823416       0.94722649063977560     
   13.007716198972220       0.94754658203274611     
   13.014256026121025       0.94786572587913465     
   13.020795853269830       0.94818392185979739     
   13.027335680418634       0.94850116965653819     
   13.033875507567439       0.94881746895210928     
   13.040415334716243       0.94913281943021133     
   13.046955161865048       0.94944722077549393     
   13.053494989013853       0.94976067267355591     
   13.060034816162657       0.95007317481094511     
   13.066574643311462       0.95038472687515962     
   13.073114470460267       0.95069532855464733     
   13.079654297609071       0.95100497953880636     
   13.086194124757876       0.95131367951798584     
   13.092733951906681       0.95162142818348583     
   13.099273779055483       0.95192822522755760     
   13.105813606204288       0.95223407034340402     
   13.112353433353093       0.95253896322518028     
   13.118893260501897       0.95284290356799339     
   13.125433087650702       0.95314589106790271     
   13.131972914799507       0.95344792542192103     
   13.138512741948311       0.95374900632801385     
   13.145052569097116       0.95404913348510056     
   13.151592396245920       0.95434830659305381     
   13.158132223394725       0.95464652535270045     
   13.164672050543530       0.95494378946582170     
   13.171211877692334       0.95524009863515369     
   13.177751704841139       0.95553545256438677     
   13.184291531989944       0.95582985095816730     
   13.190831359138748       0.95612329352209702     
   13.197371186287553       0.95641577996273330     
   13.203911013436358       0.95670730998758946     
   13.210450840585162       0.95699788330513569     
   13.216990667733965       0.95728749962479842     
   13.223530494882770       0.95757615865696166     
   13.230070322031574       0.95786386011296631     
   13.236610149180379       0.95815060370511074     
   13.243149976329184       0.95843638914665130     
   13.249689803477988       0.95872121615180295     
   13.256229630626793       0.95900508443573862     
   13.262769457775597       0.95928799371458950     
   13.269309284924402       0.95956994370544679     
   13.275849112073207       0.95985093412636047     
   13.282388939222011       0.96013096469633985     
   13.288928766370816       0.96041003513535461     
   13.295468593519621       0.96068814516433443     
   13.302008420668425       0.96096529450516888     
   13.308548247817230       0.96124148288070888     
   13.315088074966035       0.96151671001476613     
   13.321627902114839       0.96179097563211313     
   13.328167729263644       0.96206427945848472     
   13.334707556412447       0.96233662122057684     
   13.341247383561251       0.96260800064604757     
   13.347787210710056       0.96287841746351777     
   13.354327037858861       0.96314787140257052     
   13.360866865007665       0.96341636219375193     
   13.367406692156470       0.96368388956857121     
   13.373946519305274       0.96395045325950091     
   13.380486346454079       0.96421605299997726     
   13.387026173602884       0.96448068852440072     
   13.393566000751688       0.96474435956813565     
   13.400105827900493       0.96500706586751095     
   13.406645655049298       0.96526880715982055     
   13.413185482198102       0.96552958318332283     
   13.419725309346907       0.96578939367724193     
   13.426265136495712       0.96604823838176757     
   13.432804963644516       0.96630611703805480     
   13.439344790793321       0.96656302938822491     
   13.445884617942125       0.96681897517536564     
   13.452424445090930       0.96707395414353126     
   13.458964272239733       0.96732796603774285     
   13.465504099388538       0.96758101060398827     
   13.472043926537342       0.96783308758922315     
   13.478583753686147       0.96808419674137036     
   13.485123580834951       0.96833433780932088     
   13.491663407983756       0.96858351054293357     
   13.498203235132561       0.96883171469303564     
   13.504743062281365       0.96907895001142330     
   13.511282889430170       0.96932521625086066     
   13.517822716578975       0.96957051316508180     
   13.524362543727779       0.96981484050878985     
   13.530902370876584       0.97005819803765747     
   13.537442198025389       0.97030058550832698     
   13.543982025174193       0.97054200267841106     
   13.550521852322998       0.97078244930649249     
   13.557061679471802       0.97102192515212438     
   13.563601506620607       0.97126042997583140     
   13.570141333769412       0.97149796353910844     
   13.576681160918215       0.97173452560442164     
   13.583220988067019       0.97197011593520943     
   13.589760815215824       0.97220473429588139     
   13.596300642364628       0.97243838045181885     
   13.602840469513433       0.97267105416937583     
   13.609380296662238       0.97290275521587877     
   13.615920123811042       0.97313348335962646     
   13.622459950959847       0.97336323836989080     
   13.628999778108652       0.97359202001691669     
   13.635539605257456       0.97381982807192269     
   13.642079432406261       0.97404666230710046     
   13.648619259555065       0.97427252249561591     
   13.655159086703870       0.97449740841160892     
   13.661698913852675       0.97472131983019361     
   13.668238741001479       0.97494425652745842     
   13.674778568150284       0.97516621828046679     
   13.681318395299089       0.97538720486725683     
   13.687858222447893       0.97560721606684198     
   13.694398049596696       0.97582625165921100     
   13.700937876745501       0.97604431142532844     
   13.707477703894305       0.97626139514713428     
   13.714017531043110       0.97647750260754518     
   13.720557358191915       0.97669263359045333     
   13.727097185340719       0.97690678788072782     
   13.733637012489524       0.97711996526421452     
   13.740176839638329       0.97733216552773594     
   13.746716666787133       0.97754338845909194     
   13.753256493935938       0.97775363384705938     
   13.759796321084742       0.97796290148139298     
   13.766336148233547       0.97817119115282514     
   13.772875975382352       0.97837850265306614     
   13.779415802531156       0.97858483577480437     
   13.785955629679961       0.97879019031170689     
   13.792495456828766       0.97899456605841928     
   13.799035283977570       0.97919796281056548     
   13.805575111126375       0.97940038036474897     
   13.812114938275178       0.97960181851855199     
   13.818654765423982       0.97980227707053658     
   13.825194592572787       0.98000175582024396     
   13.831734419721592       0.98020025456819559     
   13.838274246870396       0.98039777311589271     
   13.844814074019201       0.98059431126581653     
   13.851353901168006       0.98078986882142916     
   13.857893728316810       0.98098444558717302     
   13.864433555465615       0.98117804136847120     
   13.870973382614419       0.98137065597172790     
   13.877513209763224       0.98156228920432886     
   13.884053036912029       0.98175294087464049     
   13.890592864060833       0.98194261079201139     
   13.897132691209638       0.98213129876677141     
   13.903672518358443       0.98231900461023269     
   13.910212345507247       0.98250572813468928     
   13.916752172656052       0.98269146915341776     
   13.923291999804857       0.98287622748067693     
   13.929831826953659       0.98306000293170881     
   13.936371654102464       0.98324279532273784     
   13.942911481251269       0.98342460447097124     
   13.949451308400073       0.98360543019460023     
   13.955991135548878       0.98378527231279933     
   13.962530962697683       0.98396413064572574     
   13.969070789846487       0.98414200501452165     
   13.975610616995292       0.98431889524131255     
   13.982150444144096       0.98449480114920840     
   13.988690271292901       0.98466972256230301     
   13.995230098441706       0.98484365930567497     
   14.001769925590510       0.98501661120538775     
   14.008309752739315       0.98518857808848925     
   14.014849579888120       0.98535955978301260     
   14.021389407036924       0.98552955611797610     
   14.027929234185729       0.98569856692338376     
   14.034469061334534       0.98586659203022409     
   14.041008888483338       0.98603363127047272     
   14.047548715632141       0.98619968447708994     
   14.054088542780946       0.98636475148402258     
   14.060628369929750       0.98652883212620401     
   14.067168197078555       0.98669192623955315     
   14.073708024227360       0.98685403366097590     
   14.080247851376164       0.98701515422836517     
   14.086787678524969       0.98717528778060015     
   14.093327505673773       0.98733443415754729     
   14.099867332822578       0.98749259320006033     
   14.106407159971383       0.98764976474998001     
   14.112946987120187       0.98780594865013516     
   14.119486814268992       0.98796114474434160     
   14.126026641417797       0.98811535287740337     
   14.132566468566601       0.98826857289511216     
   14.139106295715406       0.98842080464424820     
   14.145646122864211       0.98857204797257969     
   14.152185950013015       0.98872230272886319     
   14.158725777161820       0.98887156876284388     
   14.165265604310623       0.98901984592525605     
   14.171805431459427       0.98916713406782220     
   14.178345258608232       0.98931343304325425     
   14.184885085757037       0.98945874270525336     
   14.191424912905841       0.98960306290850963     
   14.197964740054646       0.98974639350870319     
   14.204504567203450       0.98988873436250302     
   14.211044394352255       0.99003008532756864     
   14.217584221501060       0.99017044626254880     
   14.224124048649864       0.99030981702708287     
   14.230663875798669       0.99044819748179991     
   14.237203702947474       0.99058558748831926     
   14.243743530096278       0.99072198690925117     
   14.250283357245083       0.99085739560819619     
   14.256823184393888       0.99099181344974563     
   14.263363011542692       0.99112524029948157     
   14.269902838691497       0.99125767602397719     
   14.276442665840301       0.99138912049079664     
   14.282982492989104       0.99151957356849574     
   14.289522320137909       0.99164903512662128     
   14.296062147286714       0.99177750503571149     
   14.302601974435518       0.99190498316729658     
   14.309141801584323       0.99203146939389864     
   14.315681628733127       0.99215696358903138     
   14.322221455881932       0.99228146562720043     
   14.328761283030737       0.99240497538390393     
   14.335301110179541       0.99252749273563201     
   14.341840937328346       0.99264901755986745     
   14.348380764477151       0.99276954973508535     
   14.354920591625955       0.99288908914075358     
   14.361460418774760       0.99300763565733274     
   14.368000245923565       0.99312518916627601     
   14.374540073072369       0.99324174955003020     
   14.381079900221174       0.99335731669203475     
   14.387619727369978       0.99347189047672280     
   14.394159554518783       0.99358547078952009     
   14.400699381667588       0.99369805751684659     
   14.407239208816391       0.99380965054611570     
   14.413779035965195       0.99392024976573412     
   14.420318863114000       0.99402985506510277     
   14.426858690262804       0.99413846633461644     
   14.433398517411609       0.99424608346566357     
   14.439938344560414       0.99435270635062745     
   14.446478171709218       0.99445833488288482     
   14.453017998858023       0.99456296895680740     
   14.459557826006828       0.99466660846776100     
   14.466097653155632       0.99476925331210608     
   14.472637480304437       0.99487090338719797     
   14.479177307453241       0.99497155859138653     
   14.485717134602046       0.99507121882401639     
   14.492256961750851       0.99516988398542749     
   14.498796788899655       0.99526755397695454     
   14.505336616048460       0.99536422870092767     
   14.511876443197265       0.99545990806067197     
   14.518416270346069       0.99555459196050811     
   14.524956097494872       0.99564828030575248     
   14.531495924643677       0.99574097300271647     
   14.538035751792481       0.99583266995870745     
   14.544575578941286       0.99592337108202833     
   14.551115406090091       0.99601307628197822     
   14.557655233238895       0.99610178546885186     
   14.564195060387700       0.99618949855394012     
   14.570734887536505       0.99627621544952971     
   14.577274714685309       0.99636193606890389     
   14.583814541834114       0.99644666032634222     
   14.590354368982918       0.99653038813712003     
   14.596894196131723       0.99661311941750985     
   14.603434023280528       0.99669485408478009     
   14.609973850429332       0.99677559205719646     
   14.616513677578137       0.99685533325402065     
   14.623053504726942       0.99693407759551145     
   14.629593331875746       0.99701182500292473     
   14.636133159024551       0.99708857539851314     
   14.642672986173354       0.99716432870552607     
   14.649212813322158       0.99723908484821044     
   14.655752640470963       0.99731284375180984     
   14.662292467619768       0.99738560534256548     
   14.668832294768572       0.99745736954771591     
   14.675372121917377       0.99752813629549675     
   14.681911949066182       0.99759790551514116     
   14.688451776214986       0.99766667713688018     
   14.694991603363791       0.99773445109194214     
   14.701531430512595       0.99780122731255272     
   14.708071257661400       0.99786700573193621     
   14.714611084810205       0.99793178628431400     
   14.721150911959009       0.99799556890490548     
   14.727690739107814       0.99805835352992789     
   14.734230566256619       0.99812014009659689     
   14.740770393405423       0.99818092854312590     
   14.747310220554228       0.99824071880872622     
   14.753850047703033       0.99829951083360768     
   14.760389874851835       0.99835730455897853     
   14.766929702000640       0.99841409992704477     
   14.773469529149445       0.99846989688101107     
   14.780009356298249       0.99852469536508059     
   14.786549183447054       0.99857849532445464     
   14.793089010595859       0.99863129670533346     
   14.799628837744663       0.99868309945491562     
   14.806168664893468       0.99873390352139824     
   14.812708492042272       0.99878370885397727     
   14.819248319191077       0.99883251540284745     
   14.825788146339882       0.99888032311920227     
   14.832327973488686       0.99892713195523397     
   14.838867800637491       0.99897294186413366     
   14.845407627786296       0.99901775280009153     
   14.851947454935100       0.99906156471829666     
   14.858487282083905       0.99910437757493686     
   14.865027109232710       0.99914619132719962     
   14.871566936381514       0.99918700593327114     
   14.878106763530317       0.99922682135233687     
   14.884646590679122       0.99926563754458098     
   14.891186417827926       0.99930345447118762     
   14.897726244976731       0.99934027209433984     
   14.904266072125536       0.99937609037721997     
   14.910805899274340       0.99941090928400966     
   14.917345726423145       0.99944472877988999     
   14.923885553571949       0.99947754883104156     
   14.930425380720754       0.99950936940464441     
   14.936965207869559       0.99954019046887777     
   14.943505035018363       0.99957001199292062     
   14.950044862167168       0.99959883394695148     
   14.956584689315973       0.99962665630214853     
   14.963124516464777       0.99965347903068935     
   14.969664343613582       0.99967930210575107     
   14.976204170762387       0.99970412550151055     
   14.982743997911191       0.99972794919314456     
   14.989283825059996       0.99975077315682959     
   14.995823652208799       0.99977259736974133     
   15.002363479357603       0.99979342181005559     
   15.008903306506408       0.99981324645694836     
   15.015443133655213       0.99983207129059459     
   15.021982960804017       0.99984989629216958     
   15.028522787952822       0.99986672144384825     
   15.035062615101626       0.99988254672880550     
   15.041602442250431       0.99989737213121621     
   15.048142269399236       0.99991119763625469     
   15.054682096548040       0.99992402323009544     
   15.061221923696845       0.99993584889991305     
   15.067761750845650       0.99994667463388165     
   15.074301577994454       0.99995650042117568     
   15.080841405143259       0.99996532625196932     
   15.087381232292064       0.99997315211743676     
   15.093921059440868       0.99997997800975202     
   15.100460886589673       0.99998580392208913     
   15.107000713738477       0.99999062984862241     
   15.113540540887280       0.99999445578452606     
   15.120080368036085       0.99999728172597380     
   15.126620195184890       0.99999910767013989     
   15.133160022333694       0.99999993361519812     
   15.139699849482499       0.99999975956032305     
   15.146239676631303       0.99999858550568843     
   15.152779503780108       0.99999641145246831     
   15.159319330928913       0.99999323740283674     
   15.165859158077717       0.99998906335996773     
   15.172398985226522       0.99998388932803539     
   15.178938812375327       0.99997771531221369     
   15.185478639524131       0.99997054131867669     
   15.192018466672936       0.99996236735459831     
   15.198558293821741       0.99995319342815259     
   15.205098120970545       0.99994301954851350     
   15.211637948119350       0.99993184572585492     
   15.218177775268154       0.99991967197135057     
   15.224717602416959       0.99990649829717426     
   15.231257429565762       0.99989232471649969     
   15.237797256714567       0.99987715124350041     
   15.244337083863371       0.99986097789334971     
   15.250876911012176       0.99984380468222123     
   15.257416738160980       0.99982563162728810     
   15.263956565309785       0.99980645874672336     
   15.270496392458590       0.99978628605969977     
   15.277036219607394       0.99976511358639009     
   15.283576046756199       0.99974294134796682     
   15.290115873905004       0.99971976936660212     
   15.296655701053808       0.99969559766546801     
   15.303195528202613       0.99967042626873637     
   15.309735355351417       0.99964425520157829     
   15.316275182500222       0.99961708449016506     
   15.322815009649027       0.99958891416166740     
   15.329354836797831       0.99955974424425553     
   15.335894663946636       0.99952957476709947     
   15.342434491095441       0.99949840576036864     
   15.348974318244245       0.99946623725523187     
   15.355514145393048       0.99943306928385811     
   15.362053972541853       0.99939890187941494     
   15.368593799690657       0.99936373507607001     
   15.375133626839462       0.99932756890898999     
   15.381673453988267       0.99929040341434094     
   15.388213281137071       0.99925223862928880     
   15.394753108285876       0.99921307459199760     
   15.401292935434681       0.99917291134163211     
   15.407832762583485       0.99913174891835521     
   15.414372589732290       0.99908958736332942     
   15.420912416881094       0.99904642671871635     
   15.427452244029899       0.99900226702767658     
   15.433992071178704       0.99895710833436979     
   15.440531898327508       0.99891095068395463     
   15.447071725476313       0.99886379412258897     
   15.453611552625118       0.99881563869742906     
   15.460151379773922       0.99876648445663052     
   15.466691206922727       0.99871633144934757     
   15.473231034071530       0.99866517972573321     
   15.479770861220334       0.99861302933693896     
   15.486310688369139       0.99855988033511556     
   15.492850515517944       0.99850573277341170     
   15.499390342666748       0.99845058670597508     
   15.505930169815553       0.99839444218795170     
   15.512469996964358       0.99833729927548587     
   15.519009824113162       0.99827915802572109     
   15.525549651261967       0.99822001849679820     
   15.532089478410771       0.99815988074785689     
   15.538629305559576       0.99809874483903493     
   15.545169132708381       0.99803661083146800     
   15.551708959857185       0.99797347878729015     
   15.558248787005990       0.99790934876963366     
   15.564788614154795       0.99784422084262825     
   15.571328441303599       0.99777809507140225     
   15.577868268452404       0.99771097152208088     
   15.584408095601209       0.99764285026178823     
   15.590947922750011       0.99757373135864524     
   15.597487749898816       0.99750361488177086     
   15.604027577047621       0.99743250090128155     
   15.610567404196425       0.99736038948829142     
   15.617107231345230       0.99728728071491168     
   15.623647058494035       0.99721317465425119     
   15.630186885642839       0.99713807138041588     
   15.636726712791644       0.99706197096850935     
   15.643266539940448       0.99698487349463161     
   15.649806367089253       0.99690677903588054     
   15.656346194238058       0.99682768767035035     
   15.662886021386862       0.99674759947713232     
   15.669425848535667       0.99666651453631483     
   15.675965675684472       0.99658443292898302     
   15.682505502833276       0.99650135473721813     
   15.689045329982081       0.99641728004409846     
   15.695585157130886       0.99633220893369867     
   15.702124984279690       0.99624614149109014     
   15.708664811428493       0.99615907780234025     
   15.715204638577298       0.99607101795451225     
   15.721744465726102       0.99598196203566658     
   15.728284292874907       0.99589191013485856     
   15.734824120023712       0.99580086234214038     
   15.741363947172516       0.99570881874856010     
   15.747903774321321       0.99561577944616109     
   15.754443601470125       0.99552174452798237     
   15.760983428618930       0.99542671408805938     
   15.767523255767735       0.99533068822142201     
   15.774063082916539       0.99523366702409666     
   15.780602910065344       0.99513565059310416     
   15.787142737214149       0.99503663902646111     
   15.793682564362953       0.99493663242317887     
   15.800222391511758       0.99483563088326443     
   15.806762218660563       0.99473363450771901     
   15.813302045809367       0.99463064339853902     
   15.819841872958172       0.99452665765871562     
   15.826381700106975       0.99442167739223475     
   15.832921527255779       0.99431570270407643     
   15.839461354404584       0.99420873370021534     
   15.846001181553389       0.99410077048762058     
   15.852541008702193       0.99399181317425533     
   15.859080835850998       0.99388186186907679     
   15.865620662999802       0.99377091668203654     
   15.872160490148607       0.99365897772407963     
   15.878700317297412       0.99354604510714495     
   15.885240144446216       0.99343211894416517     
   15.891779971595021       0.99331719934906637     
   15.898319798743826       0.99320128643676842     
   15.904859625892630       0.99308438032318391     
   15.911399453041435       0.99296648112521890     
   15.917939280190240       0.99284758896077308     
   15.924479107339044       0.99272770394873799     
   15.931018934487849       0.99260682620899909     
   15.937558761636653       0.99248495586243390     
   15.944098588785456       0.99236209303091283     
   15.950638415934261       0.99223823783729870     
   15.957178243083066       0.99211339040544666     
   15.963718070231870       0.99198755086020418     
   15.970257897380675       0.99186071932741093     
   15.976797724529479       0.99173289593389824     
   15.983337551678284       0.99160408080748963     
   15.989877378827089       0.99147427407700006     
   15.996417205975893       0.99134347587223659     
   16.002957033124698       0.99121168632399714     
   16.009496860273501       0.99107890556407119     
   16.016036687422307       0.99094513372524007     
   16.022576514571110       0.99081037094127489     
   16.029116341719917       0.99067461734693885     
   16.035656168868719       0.99053787307798558     
   16.042195996017526       0.99040013827115925     
   16.048735823166329       0.99026141306419446     
   16.055275650315135       0.99012169759581670     
   16.061815477463938       0.98998099200574119     
   16.068355304612744       0.98983929643467372     
   16.074895131761547       0.98969661102430984     
   16.081434958910354       0.98955293591733473     
   16.087974786059156       0.98940827125742392     
   16.094514613207963       0.98926261718924202     
   16.101054440356766       0.98911597385844274     
   16.107594267505572       0.98896834141166967     
   16.114134094654375       0.98881971999655516     
   16.120673921803178       0.98867010976172087     
   16.127213748951984       0.98851951085677658     
   16.133753576100787       0.98836792343232172     
   16.140293403249593       0.98821534763994323     
   16.146833230398396       0.98806178363221697     
   16.153373057547203       0.98790723156270721     
   16.159912884696006       0.98775169158596576     
   16.166452711844812       0.98759516385753277     
   16.172992538993615       0.98743764853393601     
   16.179532366142421       0.98727914577269082     
   16.186072193291224       0.98711965573229965     
   16.192612020440031       0.98695917857225279     
   16.199151847588833       0.98679771445302744     
   16.205691674737640       0.98663526353608755     
   16.212231501886443       0.98647182598388405     
   16.218771329035249       0.98630740195985467     
   16.225311156184052       0.98614199162842331     
   16.231850983332858       0.98597559515500033     
   16.238390810481661       0.98580821270598229     
   16.244930637630464       0.98563984444875152     
   16.251470464779270       0.98547049055167624     
   16.258010291928073       0.98530015118411041     
   16.264550119076880       0.98512882651639355     
   16.271089946225683       0.98495651671985018     
   16.277629773374489       0.98478322196679002     
   16.284169600523292       0.98460894243050778     
   16.290709427672098       0.98443367828528328     
   16.297249254820901       0.98425742970638030     
   16.303789081969708       0.98408019687004766     
   16.310328909118510       0.98390197995351825     
   16.316868736267317       0.98372277913500861     
   16.323408563416120       0.98354259459372007     
   16.329948390564926       0.98336142650983682     
   16.336488217713729       0.98317927506452718     
   16.343028044862535       0.98299614043994243     
   16.349567872011338       0.98281202281921742     
   16.356107699160145       0.98262692238646931     
   16.362647526308947       0.98244083932679893     
   16.369187353457750       0.98225377382628909     
   16.375727180606557       0.98206572607200560     
   16.382267007755360       0.98187669625199592     
   16.388806834904166       0.98168668455528996     
   16.395346662052969       0.98149569117189950     
   16.401886489201775       0.98130371629281776     
   16.408426316350578       0.98111076011001985     
   16.414966143499385       0.98091682281646164     
   16.421505970648187       0.98072190460608066     
   16.428045797796994       0.98052600567379522     
   16.434585624945797       0.98032912621550394     
   16.441125452094603       0.98013126642808646     
   16.447665279243406       0.97993242650940282     
   16.454205106392212       0.97973260665829243     
   16.460744933541015       0.97953180707457543     
   16.467284760689822       0.97933002795905111     
   16.473824587838624       0.97912726951349915     
   16.480364414987427       0.97892353194067749     
   16.486904242136234       0.97871881544432393     
   16.493444069285037       0.97851312022915482     
   16.499983896433843       0.97830644650086551     
   16.506523723582646       0.97809879446612980     
   16.513063550731452       0.97789016433259945     
   16.519603377880255       0.97768055630890482     
   16.526143205029062       0.97746997060465401     
   16.532683032177864       0.97725840743043246     
   16.539222859326671       0.97704586699780360     
   16.545762686475474       0.97683234951930775     
   16.552302513624280       0.97661785520846245     
   16.558842340773083       0.97640238427976189     
   16.565382167921889       0.97618593694867717     
   16.571921995070692       0.97596851343165536     
   16.578461822219499       0.97575011394612021     
   16.585001649368301       0.97553073871047091     
   16.591541476517108       0.97531038794408320     
   16.598081303665911       0.97508906186730726     
   16.604621130814714       0.97486676070146960     
   16.611160957963520       0.97464348466887119     
   16.617700785112323       0.97441923399278807     
   16.624240612261129       0.97419400889747088     
   16.630780439409932       0.97396780960814489     
   16.637320266558739       0.97374063635100916     
   16.643860093707541       0.97351248935323720     
   16.650399920856348       0.97328336884297595     
   16.656939748005151       0.97305327504934569     
   16.663479575153957       0.97282220820244047     
   16.670019402302760       0.97259016853332692     
   16.676559229451566       0.97235715627404506     
   16.683099056600369       0.97212317165760675     
   16.689638883749176       0.97188821491799693     
   16.696178710897978       0.97165228629017220     
   16.702718538046785       0.97141538601006117     
   16.709258365195588       0.97117751431456401     
   16.715798192344391       0.97093867144155266     
   16.722338019493197       0.97069885762986974     
   16.728877846642000       0.97045807311932941     
   16.735417673790806       0.97021631815071574     
   16.741957500939609       0.96997359296578389     
   16.748497328088416       0.96972989780725916     
   16.755037155237218       0.96948523291883648     
   16.761576982386025       0.96923959854518116     
   16.768116809534828       0.96899299493192703     
   16.774656636683634       0.96874542232567795     
   16.781196463832437       0.96849688097400666     
   16.787736290981243       0.96824737112545423     
   16.794276118130046       0.96799689302953085     
   16.800815945278853       0.96774544693671427     
   16.807355772427655       0.96749303309845081     
   16.813895599576462       0.96723965176715432     
   16.820435426725265       0.96698530319620590     
   16.826975253874071       0.96672998763995444     
   16.833515081022874       0.96647370535371524     
   16.840054908171677       0.96621645659377076     
   16.846594735320483       0.96595824161736976     
   16.853134562469286       0.96569906068272715     
   16.859674389618093       0.96543891404902382     
   16.866214216766895       0.96517780197640646     
   16.872754043915702       0.96491572472598730     
   16.879293871064505       0.96465268255984316     
   16.885833698213311       0.96438867574101672     
   16.892373525362114       0.96412370453351448     
   16.898913352510920       0.96385776920230770     
   16.905453179659723       0.96359087001333177     
   16.911993006808530       0.96332300723348574     
   16.918532833957332       0.96305418113063257     
   16.925072661106139       0.96278439197359822     
   16.931612488254942       0.96251364003217199     
   16.938152315403748       0.96224192557710575     
   16.944692142552551       0.96196924888011370     
   16.951231969701354       0.96169561021387284     
   16.957771796850160       0.96142100985202184     
   16.964311623998963       0.96114544806916102     
   16.970851451147769       0.96086892514085198     
   16.977391278296572       0.96059144134361807     
   16.983931105445379       0.96031299695494243     
   16.990470932594182       0.96003359225327012     
   16.997010759742988       0.95975322751800540     
   17.003550586891791       0.95947190302951324     
   17.010090414040597       0.95918961906911804     
   17.016630241189400       0.95890637591910377     
   17.023170068338207       0.95862217386271342     
   17.029709895487009       0.95833701318414921     
   17.036249722635816       0.95805089416857203     
   17.042789549784619       0.95776381710210068     
   17.049329376933425       0.95747578227181229     
   17.055869204082228       0.95718678996574147     
   17.062409031231034       0.95689684047288082     
   17.068948858379837       0.95660593408317962     
   17.075488685528640       0.95631407108754440     
   17.082028512677446       0.95602125177783814     
   17.088568339826249       0.95572747644687983     
   17.095108166975056       0.95543274538844536     
   17.101647994123859       0.95513705889726530     
   17.108187821272665       0.95484041726902658     
   17.114727648421468       0.95454282080037034     
   17.121267475570274       0.95424426978889354     
   17.127807302719077       0.95394476453314681     
   17.134347129867884       0.95364430533263544     
   17.140886957016686       0.95334289248781900     
   17.147426784165493       0.95304052630010994     
   17.153966611314296       0.95273720707187459     
   17.160506438463102       0.95243293510643223     
   17.167046265611905       0.95212771070805458     
   17.173586092760711       0.95182153418196636     
   17.180125919909514       0.95151440583434399     
   17.186665747058317       0.95120632597231569     
   17.193205574207123       0.95089729490396147     
   17.199745401355926       0.95058731293831222     
   17.206285228504733       0.95027638038535001     
   17.212825055653536       0.94996449755600765     
   17.219364882802342       0.94965166476216767     
   17.225904709951145       0.94933788231666272     
   17.232444537099951       0.94902315053327546     
   17.238984364248754       0.94870746972673781     
   17.245524191397561       0.94839084021273024     
   17.252064018546363       0.94807326230788258     
   17.258603845695170       0.94775473632977258     
   17.265143672843973       0.94743526259692634     
   17.271683499992779       0.94711484142881741     
   17.278223327141582       0.94679347314586693     
   17.284763154290388       0.94647115806944360     
   17.291302981439191       0.94614789652186215     
   17.297842808587998       0.94582368882638401     
   17.304382635736800       0.94549853530721717     
   17.310922462885603       0.94517243628951508     
   17.317462290034410       0.94484539209937657     
   17.324002117183213       0.94451740306384613     
   17.330541944332019       0.94418846951091251     
   17.337081771480822       0.94385859176950948     
   17.343621598629628       0.94352777016951450     
   17.350161425778431       0.94319600504174950     
   17.356701252927238       0.94286329671797942     
   17.363241080076040       0.94252964553091267     
   17.369780907224847       0.94219505181420027     
   17.376320734373650       0.94185951590243622     
   17.382860561522456       0.94152303813115601     
   17.389400388671259       0.94118561883683771     
   17.395940215820065       0.94084725835690075     
   17.402480042968868       0.94050795702970535     
   17.409019870117675       0.94016771519455278     
   17.415559697266477       0.93982653319168519     
   17.422099524415284       0.93948441136228422     
   17.428639351564087       0.93914135004847199     
   17.435179178712890       0.93879734959330974     
   17.441719005861696       0.93845241034079807     
   17.448258833010499       0.93810653263587573     
   17.454798660159305       0.93775971682442083     
   17.461338487308108       0.93741196325324905     
   17.467878314456915       0.93706327227011432     
   17.474418141605717       0.93671364422370706     
   17.480957968754524       0.93636307946365571     
   17.487497795903327       0.93601157834052484     
   17.494037623052133       0.93565914120581573     
   17.500577450200936       0.93530576841196544     
   17.507117277349742       0.93495146031234666     
   17.513657104498545       0.93459621726126751     
   17.520196931647352       0.93424003961397106     
   17.526736758796154       0.93388292772663506     
   17.533276585944961       0.93352488195637129     
   17.539816413093764       0.93316590266122557     
   17.546356240242567       0.93280599020017718     
   17.552896067391373       0.93244514493313868     
   17.559435894540176       0.93208336722095519     
   17.565975721688982       0.93172065742540433     
   17.572515548837785       0.93135701590919628     
   17.579055375986592       0.93099244303597206     
   17.585595203135394       0.93062693917030503     
   17.592135030284201       0.93026050467769861     
   17.598674857433004       0.92989313992458777     
   17.605214684581810       0.92952484527833679     
   17.611754511730613       0.92915562110724070     
   17.618294338879419       0.92878546778052351     
   17.624834166028222       0.92841438566833856     
   17.631373993177029       0.92804237514176779     
   17.637913820325831       0.92766943657282197     
   17.644453647474638       0.92729557033443966     
   17.650993474623441       0.92692077680048701     
   17.657533301772247       0.92654505634575757     
   17.664073128921050       0.92616840934597178     
   17.670612956069853       0.92579083617777658     
   17.677152783218659       0.92541233721874527     
   17.683692610367462       0.92503291284737699     
   17.690232437516269       0.92465256344309565     
   17.696772264665071       0.92427128938625103     
   17.703312091813878       0.92388909105811701     
   17.709851918962681       0.92350596884089198     
   17.716391746111487       0.92312192311769792     
   17.722931573260290       0.92273695427258096     
   17.729471400409096       0.92235106269050948     
   17.736011227557899       0.92196424875737548     
   17.742551054706706       0.92157651285999254     
   17.749090881855508       0.92118785538609682     
   17.755630709004315       0.92079827672434567     
   17.762170536153118       0.92040777726431777     
   17.768710363301924       0.92001635739651277     
   17.775250190450727       0.91962401751235012     
   17.781790017599530       0.91923075800416987     
   17.788329844748336       0.91883657926523188     
   17.794869671897139       0.91844148168971451     
   17.801409499045945       0.91804546567271550     
   17.807949326194748       0.91764853161025084     
   17.814489153343555       0.91725067989925457     
   17.821028980492358       0.91685191093757834     
   17.827568807641164       0.91645222512399127     
   17.834108634789967       0.91605162285817909     
   17.840648461938773       0.91565010454074391     
   17.847188289087576       0.91524767057320411     
   17.853728116236383       0.91484432135799387     
   17.860267943385185       0.91444005729846234     
   17.866807770533992       0.91403487879887346     
   17.873347597682795       0.91362878626440580     
   17.879887424831601       0.91322178010115185     
   17.886427251980404       0.91281386071611792     
   17.892967079129210       0.91240502851722305     
   17.899506906278013       0.91199528391329965     
   17.906046733426816       0.91158462731409240     
   17.912586560575622       0.91117305913025781     
   17.919126387724425       0.91076057977336422     
   17.925666214873232       0.91034718965589068     
   17.932206042022035       0.90993288919122772     
   17.938745869170841       0.90951767879367540     
   17.945285696319644       0.90910155887844446     
   17.951825523468450       0.90868452986165449     
   17.958365350617253       0.90826659216033467     
   17.964905177766060       0.90784774619242270     
   17.971445004914862       0.90742799237676441     
   17.977984832063669       0.90700733113311394     
   17.984524659212472       0.90658576288213222     
   17.991064486361278       0.90616328804538793     
   17.997604313510081       0.90573990704535523     
   18.004144140658887       0.90531562030541546     
   18.010683967807690       0.90489042824985566     
   18.017223794956493       0.90446433130386739     
   18.023763622105299       0.90403732989354801     
   18.030303449254102       0.90360942444589876     
   18.036843276402909       0.90318061538882477     
   18.043383103551712       0.90275090315113560     
   18.049922930700518       0.90232028816254306     
   18.056462757849321       0.90188877085366248     
   18.063002584998127       0.90145635165601090     
   18.069542412146930       0.90102303100200787     
   18.076082239295737       0.90058880932497365     
   18.082622066444539       0.90015368705913013     
   18.089161893593346       0.89971766463959979     
   18.095701720742149       0.89928074250240464     
   18.102241547890955       0.89884292108446717     
   18.108781375039758       0.89840420082360850     
   18.115321202188564       0.89796458215854902     
   18.121861029337367       0.89752406552890751     
   18.128400856486174       0.89708265137520049     
   18.134940683634976       0.89664034013884197     
   18.141480510783779       0.89619713226214337     
   18.148020337932586       0.89575302818831237     
   18.154560165081389       0.89530802836145340     
   18.161099992230195       0.89486213322656594     
   18.167639819378998       0.89441534322954541     
   18.174179646527804       0.89396765881718154     
   18.180719473676607       0.89351908043715900     
   18.187259300825414       0.89306960853805584     
   18.193799127974216       0.89261924356934419     
   18.200338955123023       0.89216798598138891     
   18.206878782271826       0.89171583622544770     
   18.213418609420632       0.89126279475367021     
   18.219958436569435       0.89080886201909792     
   18.226498263718241       0.89035403847566363     
   18.233038090867044       0.88989832457819096     
   18.239577918015851       0.88944172078239359     
   18.246117745164653       0.88898422754487572     
   18.252657572313460       0.88852584532312995     
   18.259197399462263       0.88806657457553895     
   18.265737226611066       0.88760641576137345     
   18.272277053759872       0.88714536934079224     
   18.278816880908675       0.88668343577484154     
   18.285356708057481       0.88622061552545506     
   18.291896535206284       0.88575690905545301     
   18.298436362355091       0.88529231682854204     
   18.304976189503893       0.88482683930931416     
   18.311516016652700       0.88436047696324693     
   18.318055843801503       0.88389323025670274     
   18.324595670950309       0.88342509965692828     
   18.331135498099112       0.88295608563205430     
   18.337675325247918       0.88248618865109463     
   18.344215152396721       0.88201540918394639     
   18.350754979545528       0.88154374770138899     
   18.357294806694330       0.88107120467508393     
   18.363834633843137       0.88059778057757432     
   18.370374460991940       0.88012347588228390     
   18.376914288140743       0.87964829106351772     
   18.383454115289549       0.87917222659646055     
   18.389993942438352       0.87869528295717658     
   18.396533769587158       0.87821746062260986     
   18.403073596735961       0.87773876007058249     
   18.409613423884768       0.87725918177979501     
   18.416153251033570       0.87677872622982578     
   18.422693078182377       0.87629739390113037     
   18.429232905331180       0.87581518527504099     
   18.435772732479986       0.87533210083376634     
   18.442312559628789       0.87484814106039099     
   18.448852386777595       0.87436330643887439     
   18.455392213926398       0.87387759745405147     
   18.461932041075205       0.87339101459163104     
   18.468471868224007       0.87290355833819600     
   18.475011695372814       0.87241522918120251     
   18.481551522521617       0.87192602760897997     
   18.488091349670423       0.87143595411072983     
   18.494631176819226       0.87094500917652551     
   18.501171003968029       0.87045319329731186     
   18.507710831116835       0.86996050696490512     
   18.514250658265638       0.86946695067199131     
   18.520790485414445       0.86897252491212695     
   18.527330312563247       0.86847723017973788     
   18.533870139712054       0.86798106697011834     
   18.540409966860857       0.86748403577943178     
   18.546949794009663       0.86698613710470962     
   18.553489621158466       0.86648737144385024     
   18.560029448307272       0.86598773929561945     
   18.566569275456075       0.86548724115964926     
   18.573109102604882       0.86498587753643785     
   18.579648929753684       0.86448364892734897     
   18.586188756902491       0.86398055583461131     
   18.592728584051294       0.86347659876131766     
   18.599268411200100       0.86297177821142523     
   18.605808238348903       0.86246609468975477     
   18.612348065497706       0.86195954870198943     
   18.618887892646512       0.86145214075467558     
   18.625427719795315       0.86094387135522077     
   18.631967546944121       0.86043474101189454     
   18.638507374092924       0.85992475023382764     
   18.645047201241731       0.85941389953101011     
   18.651587028390534       0.85890218941429330     
   18.658126855539340       0.85838962039538691     
   18.664666682688143       0.85787619298686024     
   18.671206509836949       0.85736190770214049     
   18.677746336985752       0.85684676505551316     
   18.684286164134559       0.85633076556212062     
   18.690825991283361       0.85581390973796256     
   18.697365818432168       0.85529619809989477     
   18.703905645580971       0.85477763116562888     
   18.710445472729777       0.85425820945373188     
   18.716985299878580       0.85373793348362548     
   18.723525127027386       0.85321680377558551     
   18.730064954176189       0.85269482085074189     
   18.736604781324992       0.85217198523107718     
   18.743144608473798       0.85164829743942749     
   18.749684435622601       0.85112375799948026     
   18.756224262771408       0.85059836743577499     
   18.762764089920211       0.85007212627370243     
   18.769303917069017       0.84954503503950340     
   18.775843744217820       0.84901709426026950     
   18.782383571366626       0.84848830446394130     
   18.788923398515429       0.84795866617930860     
   18.795463225664236       0.84742817993600972     
   18.802003052813038       0.84689684626453077     
   18.808542879961845       0.84636466569620583     
   18.815082707110648       0.84583163876321499     
   18.821622534259454       0.84529776599858553     
   18.828162361408257       0.84476304793618995     
   18.834702188557063       0.84422748511074652     
   18.841242015705866       0.84369107805781807     
   18.847781842854669       0.84315382731381161     
   18.854321670003475       0.84261573341597773     
   18.860861497152278       0.84207679690241044     
   18.867401324301085       0.84153701831204619     
   18.873941151449888       0.84099639818466376     
   18.880480978598694       0.84045493706088314     
   18.887020805747497       0.83991263548216533     
   18.893560632896303       0.83936949399081218     
   18.900100460045106       0.83882551312996501     
   18.906640287193913       0.83828069344360479     
   18.913180114342715       0.83773503547655104     
   18.919719941491522       0.83718853977446173     
   18.926259768640325       0.83664120688383281     
   18.932799595789131       0.83609303735199703     
   18.939339422937934       0.83554403172712388     
   18.945879250086740       0.83499419055821911     
   18.952419077235543       0.83444351439512376     
   18.958958904384350       0.83389200378851402     
   18.965498731533152       0.83333965928990039     
   18.972038558681955       0.83278648145162759     
   18.978578385830762       0.83223247082687324     
   18.985118212979565       0.83167762796964828     
   18.991658040128371       0.83112195343479522     
   18.998197867277174       0.83056544777798869     
   19.004737694425980       0.83000811155573440     
   19.011277521574783       0.82944994532536864     
   19.017817348723590       0.82889094964505750     
   19.024357175872392       0.82833112507379669     
   19.030897003021199       0.82777047217141064     
   19.037436830170002       0.82720899149855265     
   19.043976657318808       0.82664668361670313     
   19.050516484467611       0.82608354908817005     
   19.057056311616417       0.82551958847608775     
   19.063596138765220       0.82495480234441709     
   19.070135965914027       0.82438919125794408     
   19.076675793062829       0.82382275578227970     
   19.083215620211632       0.82325549648385987     
   19.089755447360439       0.82268741392994305     
   19.096295274509242       0.82211850868861269     
   19.102835101658048       0.82154878132877351     
   19.109374928806851       0.82097823242015300     
   19.115914755955657       0.82040686253330009     
   19.122454583104460       0.81983467223958462     
   19.128994410253267       0.81926166211119689     
   19.135534237402069       0.81868783272114698     
   19.142074064550876       0.81811318464326444     
   19.148613891699679       0.81753771845219725     
   19.155153718848485       0.81696143472341165     
   19.161693545997288       0.81638433403319133     
   19.168233373146094       0.81580641695863698     
   19.174773200294897       0.81522768407766566     
   19.181313027443704       0.81464813596901020     
   19.187852854592506       0.81406777321221901     
   19.194392681741313       0.81348659638765441     
   19.200932508890116       0.81290460607649340     
   19.207472336038919       0.81232180286072642     
   19.214012163187725       0.81173818732315650     
   19.220551990336528       0.81115376004739925     
   19.227091817485334       0.81056852161788195     
   19.233631644634137       0.80998247261984313     
   19.240171471782944       0.80939561363933143     
   19.246711298931746       0.80880794526320632     
   19.253251126080553       0.80821946807913592     
   19.259790953229356       0.80763018267559739     
   19.266330780378162       0.80704008964187612     
   19.272870607526965       0.80644918956806533     
   19.279410434675771       0.80585748304506488     
   19.285950261824574       0.80526497066458125     
   19.292490088973381       0.80467165301912713     
   19.299029916122183       0.80407753070201982     
   19.305569743270990       0.80348260430738183     
   19.312109570419793       0.80288687443013940     
   19.318649397568599       0.80229034166602264     
   19.325189224717402       0.80169300661156417     
   19.331729051866205       0.80109486986409906     
   19.338268879015011       0.80049593202176417     
   19.344808706163814       0.79989619368349718     
   19.351348533312621       0.79929565544903680     
   19.357888360461423       0.79869431791892054     
   19.364428187610230       0.79809218169448670     
   19.370968014759033       0.79748924737787108     
   19.377507841907839       0.79688551557200804     
   19.384047669056642       0.79628098688062954     
   19.390587496205448       0.79567566190826411     
   19.397127323354251       0.79506954126023666     
   19.403667150503058       0.79446262554266811     
   19.410206977651860       0.79385491536247388     
   19.416746804800667       0.79324641132736429     
   19.423286631949470       0.79263711404584336     
   19.429826459098276       0.79202702412720849     
   19.436366286247079       0.79141614218154943     
   19.442906113395882       0.79080446881974820     
   19.449445940544688       0.79019200465347816     
   19.455985767693491       0.78957875029520352     
   19.462525594842297       0.78896470635817828     
   19.469065421991100       0.78834987345644691     
   19.475605249139907       0.78773425220484206     
   19.482145076288710       0.78711784321898481     
   19.488684903437516       0.78650064711528456     
   19.495224730586319       0.78588266451093713     
   19.501764557735125       0.78526389602392521     
   19.508304384883928       0.78464434227301705     
   19.514844212032735       0.78402400387776672     
   19.521384039181537       0.78340288145851256     
   19.527923866330344       0.78278097563637672     
   19.534463693479147       0.78215828703326551     
   19.541003520627953       0.78153481627186705     
   19.547543347776756       0.78091056397565239     
   19.554083174925562       0.78028553076887386     
   19.560623002074365       0.77965971727656447     
   19.567162829223168       0.77903312412453773     
   19.573702656371974       0.77840575193938710     
   19.580242483520777       0.77777760134848439     
   19.586782310669584       0.77714867297998025     
   19.593322137818387       0.77651896746280313     
   19.599861964967193       0.77588848542665856     
   19.606401792115996       0.77525722750202852     
   19.612941619264802       0.77462519432017107     
   19.619481446413605       0.77399238651311930     
   19.626021273562412       0.77335880471368090     
   19.632561100711214       0.77272444955543773     
   19.639100927860021       0.77208932167274513     
   19.645640755008824       0.77145342170073106     
   19.652180582157630       0.77081675027529506     
   19.658720409306433       0.77017930803310874     
   19.665260236455239       0.76954109561161455     
   19.671800063604042       0.76890211364902472     
   19.678339890752845       0.76826236278432125     
   19.684879717901651       0.76762184365725483     
   19.691419545050454       0.76698055690834477     
   19.697959372199261       0.76633850317887808     
   19.704499199348064       0.76569568311090808     
   19.711039026496870       0.76505209734725510     
   19.717578853645673       0.76440774653150467     
   19.724118680794479       0.76376263130800781     
   19.730658507943282       0.76311675232187959     
   19.737198335092089       0.76247011021899913     
   19.743738162240891       0.76182270564600840     
   19.750277989389698       0.76117453925031198     
   19.756817816538501       0.76052561168007649     
   19.763357643687307       0.75987592358422906     
   19.769897470836110       0.75922547561245823     
   19.776437297984916       0.75857426841521169     
   19.782977125133719       0.75792230264369675     
   19.789516952282526       0.75726957894987912     
   19.796056779431328       0.75661609798648277     
   19.802596606580131       0.75596186040698821     
   19.809136433728938       0.75530686686563320     
   19.815676260877741       0.75465111801741136     
   19.822216088026547       0.75399461451807148     
   19.828755915175350       0.75333735702411719     
   19.835295742324156       0.75267934619280585     
   19.841835569472959       0.75202058268214811     
   19.848375396621766       0.75136106715090778     
   19.854915223770568       0.75070080025860042     
   19.861455050919375       0.75003978266549276     
   19.867994878068178       0.74937801503260226     
   19.874534705216984       0.74871549802169701     
   19.881074532365787       0.74805223229529361     
   19.887614359514593       0.74738821851665804     
   19.894154186663396       0.74672345734980394     
   19.900694013812203       0.74605794945949244     
   19.907233840961005       0.74539169551123141     
   19.913773668109808       0.74472469617127490     
   19.920313495258615       0.74405695210662237     
   19.926853322407418       0.74338846398501746     
   19.933393149556224       0.74271923247494864     
   19.939932976705027       0.74204925824564738     
   19.946472803853833       0.74137854196708797     
   19.953012631002636       0.74070708430998644     
   19.959552458151443       0.74003488594580080     
   19.966092285300245       0.73936194754672913     
   19.972632112449052       0.73868826978570978     
   19.979171939597855       0.73801385333642089     
   19.985711766746661       0.73733869887327852     
   19.992251593895464       0.73666280707143728     
   19.998791421044270       0.73598617860678905     
   20.005331248193073       0.73530881415596216     
   20.011871075341880       0.73463071439632099     
   20.018410902490682       0.73395188000596567     
   20.024950729639489       0.73327231166373019     
   20.031490556788292       0.73259201004918306     
   20.038030383937095       0.73191097584262588     
   20.044570211085901       0.73122920972509287     
   20.051110038234704       0.73054671237835012     
   20.057649865383510       0.72986348448489502     
   20.064189692532313       0.72917952672795538     
   20.070729519681120       0.72849483979148921     
   20.077269346829922       0.72780942436018292     
   20.083809173978729       0.72712328111945257     
   20.090349001127532       0.72643641075544085     
   20.096888828276338       0.72574881395501867     
   20.103428655425141       0.72506049140578221     
   20.109968482573947       0.72437144379605456     
   20.116508309722750       0.72368167181488308     
   20.123048136871557       0.72299117615203978     
   20.129587964020359       0.72229995749802045     
   20.136127791169166       0.72160801654404350     
   20.142667618317969       0.72091535398204998     
   20.149207445466775       0.72022197050470249     
   20.155747272615578       0.71952786680538450     
   20.162287099764381       0.71883304357819966     
   20.168826926913187       0.71813750151797140     
   20.175366754061990       0.71744124132024145     
   20.181906581210797       0.71674426368127020     
   20.188446408359599       0.71604656929803534     
   20.194986235508406       0.71534815886823122     
   20.201526062657209       0.71464903309026817     
   20.208065889806015       0.71394919266327206     
   20.214605716954818       0.71324863828708340     
   20.221145544103624       0.71254737066225615     
   20.227685371252427       0.71184539049005857     
   20.234225198401234       0.71114269847247036     
   20.240765025550036       0.71043929531218364     
   20.247304852698843       0.70973518171260164     
   20.253844679847646       0.70903035837783790     
   20.260384506996452       0.70832482601271607     
   20.266924334145255       0.70761858532276789     
   20.273464161294058       0.70691163701423454     
   20.280003988442864       0.70620398179406407     
   20.286543815591667       0.70549562036991165     
   20.293083642740473       0.70478655345013907     
   20.299623469889276       0.70407678174381283     
   20.306163297038083       0.70336630596070504     
   20.312703124186886       0.70265512681129128     
   20.319242951335692       0.70194324500675054     
   20.325782778484495       0.70123066125896483     
   20.332322605633301       0.70051737628051791     
   20.338862432782104       0.69980339078469467     
   20.345402259930911       0.69908870548548063     
   20.351942087079713       0.69837332109756101     
   20.358481914228520       0.69765723833632021     
   20.365021741377323       0.69694045791784132     
   20.371561568526129       0.69622298055890430     
   20.378101395674932       0.69550480697698691     
   20.384641222823738       0.69478593789026233     
   20.391181049972541       0.69406637401760019     
   20.397720877121344       0.69334611607856378     
   20.404260704270150       0.69262516479341141     
   20.410800531418953       0.69190352088309426     
   20.417340358567760       0.69118118506925630     
   20.423880185716563       0.69045815807423316     
   20.430420012865369       0.68973444062105205     
   20.436959840014172       0.68901003343343026     
   20.443499667162978       0.68828493723577489     
   20.450039494311781       0.68755915275318247     
   20.456579321460588       0.68683268071143722     
   20.463119148609390       0.68610552183701123     
   20.469658975758197       0.68537767685706352     
   20.476198802907000       0.68464914649943887     
   20.482738630055806       0.68391993149266761     
   20.489278457204609       0.68319003256596500     
   20.495818284353415       0.68245945044922984     
   20.502358111502218       0.68172818587304418     
   20.508897938651021       0.68099623956867272     
   20.515437765799827       0.68026361226806165     
   20.521977592948630       0.67953030470383835     
   20.528517420097437       0.67879631760931025     
   20.535057247246240       0.67806165171846466     
   20.541597074395046       0.67732630776596736     
   20.548136901543849       0.67659028648716224     
   20.554676728692655       0.67585358861807077     
   20.561216555841458       0.67511621489539053     
   20.567756382990265       0.67437816605649537     
   20.574296210139067       0.67363944283943422     
   20.580836037287874       0.67290004598293029     
   20.587375864436677       0.67215997622638024     
   20.593915691585483       0.67141923430985417     
   20.600455518734286       0.67067782097409367     
   20.606995345883092       0.66993573696051201     
   20.613535173031895       0.66919298301119357     
   20.620075000180702       0.66844955986889198     
   20.626614827329504       0.66770546827703059     
   20.633154654478307       0.66696070897970106     
   20.639694481627114       0.66621528272166242     
   20.646234308775917       0.66546919024834106     
   20.652774135924723       0.66472243230582939     
   20.659313963073526       0.66397500964088552     
   20.665853790222332       0.66322692300093189     
   20.672393617371135       0.66247817313405533     
   20.678933444519942       0.66172876078900555     
   20.685473271668744       0.66097868671519489     
   20.692013098817551       0.66022795166269754     
   20.698552925966354       0.65947655638224845     
   20.705092753115160       0.65872450162524299     
   20.711632580263963       0.65797178814373591     
   20.718172407412769       0.65721841669044068     
   20.724712234561572       0.65646438801872875     
   20.731252061710379       0.65570970288262875     
   20.737791888859181       0.65495436203682589     
   20.744331716007984       0.65419836623666106     
   20.750871543156791       0.65344171623812985     
   20.757411370305594       0.65268441279788247     
   20.763951197454400       0.65192645667322224     
   20.770491024603203       0.65116784862210531     
   20.777030851752009       0.65040858940313973     
   20.783570678900812       0.64964867977558483     
   20.790110506049619       0.64888812049935007     
   20.796650333198421       0.64812691233499486     
   20.803190160347228       0.64736505604372718     
   20.809729987496031       0.64660255238740350     
   20.816269814644837       0.64583940212852742     
   20.822809641793640       0.64507560603024905     
   20.829349468942446       0.64431116485636486     
   20.835889296091249       0.64354607937131569     
   20.842429123240056       0.64278035034018721     
   20.848968950388858       0.64201397852870856     
   20.855508777537665       0.64124696470325127     
   20.862048604686468       0.64047930963082933     
   20.868588431835271       0.63971101407909792     
   20.875128258984077       0.63894207881635212     
   20.881668086132880       0.63817250461152775     
   20.888207913281686       0.63740229223419864     
   20.894747740430489       0.63663144245457737     
   20.901287567579296       0.63585995604351364     
   20.907827394728098       0.63508783377249389     
   20.914367221876905       0.63431507641364038     
   20.920907049025708       0.63354168473971040     
   20.927446876174514       0.63276765952409575     
   20.933986703323317       0.63199300154082139     
   20.940526530472123       0.63121771156454565     
   20.947066357620926       0.63044179037055825     
   20.953606184769733       0.62966523873478053     
   20.960146011918535       0.62888805743376397     
   20.966685839067342       0.62811024724469000     
   20.973225666216145       0.62733180894536889     
   20.979765493364948       0.62655274331423871     
   20.986305320513754       0.62577305113036530     
   20.992845147662557       0.62499273317344073     
   20.999384974811363       0.62421179022378293     
   21.005924801960166       0.62343022306233498     
   21.012464629108973       0.62264803247066403     
   21.019004456257775       0.62186521923096061     
   21.025544283406582       0.62108178412603798     
   21.032084110555385       0.62029772793933124     
   21.038623937704191       0.61951305145489644     
   21.045163764852994       0.61872775545741032     
   21.051703592001800       0.61794184073216873     
   21.058243419150603       0.61715530806508623     
   21.064783246299410       0.61636815824269586     
   21.071323073448212       0.61558039205214721     
   21.077862900597019       0.61479201028120645     
   21.084402727745822       0.61400301371825550     
   21.090942554894628       0.61321340315229078     
   21.097482382043431       0.61242317937292279     
   21.104022209192234       0.61163234317037563     
   21.110562036341040       0.61084089533548525     
   21.117101863489843       0.61004883665969956     
   21.123641690638649       0.60925616793507720     
   21.130181517787452       0.60846288995428699     
   21.136721344936259       0.60766900351060682     
   21.143261172085062       0.60687450939792309     
   21.149800999233868       0.60607940841073005     
   21.156340826382671       0.60528370134412846     
   21.162880653531477       0.60448738899382570     
   21.169420480680280       0.60369047215613392     
   21.175960307829087       0.60289295162796996     
   21.182500134977889       0.60209482820685445     
   21.189039962126696       0.60129610269091049     
   21.195579789275499       0.60049677587886419     
   21.202119616424305       0.59969684857004169     
   21.208659443573108       0.59889632156437067     
   21.215199270721914       0.59809519566237801     
   21.221739097870717       0.59729347166518965     
   21.228278925019520       0.59649115037452960     
   21.234818752168326       0.59568823259271930     
   21.241358579317129       0.59488471912267626     
   21.247898406465936       0.59408061076791407     
   21.254438233614739       0.59327590833254129     
   21.260978060763545       0.59247061262126000     
   21.267517887912348       0.59166472443936624     
   21.274057715061154       0.59085824459274794     
   21.280597542209957       0.59005117388788508     
   21.287137369358764       0.58924351313184820     
   21.293677196507566       0.58843526313229821     
   21.300217023656373       0.58762642469748505     
   21.306756850805176       0.58681699863624737     
   21.313296677953982       0.58600698575801102     
   21.319836505102785       0.58519638687278885     
   21.326376332251591       0.58438520279118000     
   21.332916159400394       0.58357343432436815     
   21.339455986549197       0.58276108228412216     
   21.345995813698003       0.58194814748279389     
   21.352535640846806       0.58113463073331817     
   21.359075467995613       0.58032053284921159     
   21.365615295144416       0.57950585464457238     
   21.372155122293222       0.57869059693407832     
   21.378694949442025       0.57787476053298747     
   21.385234776590831       0.57705834625713603     
   21.391774603739634       0.57624135492293815     
   21.398314430888441       0.57542378734738553     
   21.404854258037243       0.57460564434804540     
   21.411394085186050       0.57378692674306075     
   21.417933912334853       0.57296763535114970     
   21.424473739483659       0.57214777099160297     
   21.431013566632462       0.57132733448428552     
   21.437553393781268       0.57050632664963341     
   21.444093220930071       0.56968474830865490     
   21.450633048078878       0.56886260028292790     
   21.457172875227680       0.56803988339460065     
   21.463712702376483       0.56721659846638994     
   21.470252529525290       0.56639274632158076     
   21.476792356674093       0.56556832778402533     
   21.483332183822899       0.56474334367814216     
   21.489872010971702       0.56391779482891524     
   21.496411838120508       0.56309168206189375     
   21.502951665269311       0.56226500620318998     
   21.509491492418118       0.56143776807947998     
   21.516031319566920       0.56060996851800182     
   21.522571146715727       0.55978160834655522     
   21.529110973864530       0.55895268839350021     
   21.535650801013336       0.55812320948775684     
   21.542190628162139       0.55729317245880383     
   21.548730455310945       0.55646257813667843     
   21.555270282459748       0.55563142735197490     
   21.561810109608555       0.55479972093584407     
   21.568349936757357       0.55396745971999217     
   21.574889763906160       0.55313464453668071     
   21.581429591054967       0.55230127621872482     
   21.587969418203770       0.55146735559949245     
   21.594509245352576       0.55063288351290463     
   21.601049072501379       0.54979786079343329     
   21.607588899650185       0.54896228827610105     
   21.614128726798988       0.54812616679648041     
   21.620668553947795       0.54728949719069309     
   21.627208381096597       0.54645228029540838     
   21.633748208245404       0.54561451694784358     
   21.640288035394207       0.54477620798576176     
   21.646827862543013       0.54393735424747192     
   21.653367689691816       0.54309795657182791     
   21.659907516840622       0.54225801579822719     
   21.666447343989425       0.54141753276661075     
   21.672987171138232       0.54057650831746151     
   21.679526998287034       0.53973494329180394     
   21.686066825435841       0.53889283853120318     
   21.692606652584644       0.53805019487776373     
   21.699146479733447       0.53720701317412944     
   21.705686306882253       0.53636329426348206     
   21.712226134031056       0.53551903898954034     
   21.718765961179862       0.53467424819655962     
   21.725305788328665       0.53382892272933080     
   21.731845615477472       0.53298306343317925     
   21.738385442626274       0.53213667115396435     
   21.744925269775081       0.53128974673807827     
   21.751465096923884       0.53044229103244545     
   21.758004924072690       0.52959430488452153     
   21.764544751221493       0.52874578914229275     
   21.771084578370299       0.52789674465427483     
   21.777624405519102       0.52704717226951237     
   21.784164232667909       0.52619707283757755     
   21.790704059816711       0.52534644720857004     
   21.797243886965518       0.52449529623311519     
   21.803783714114321       0.52364362076236415     
   21.810323541263124       0.52279142164799219     
   21.816863368411930       0.52193869974219864     
   21.823403195560733       0.52108545589770539     
   21.829943022709539       0.52023169096775601     
   21.836482849858342       0.51937740580611591     
   21.843022677007149       0.51852260126706984     
   21.849562504155951       0.51766727820542269     
   21.856102331304758       0.51681143747649716     
   21.862642158453561       0.51595507993613432     
   21.869181985602367       0.51509820644069138     
   21.875721812751170       0.51424081784704212     
   21.882261639899976       0.51338291501257483     
   21.888801467048779       0.51252449879519257     
   21.895341294197586       0.51166557005331148     
   21.901881121346388       0.51080612964586036     
   21.908420948495195       0.50994617843227952     
   21.914960775643998       0.50908571727252039     
   21.921500602792804       0.50822474702704390     
   21.928040429941607       0.50736326855682035     
   21.934580257090410       0.50650128272332817     
   21.941120084239216       0.50563879038855331     
   21.947659911388019       0.50477579241498816     
   21.954199738536825       0.50391228966563051     
   21.960739565685628       0.50304828300398319     
   21.967279392834435       0.50218377329405295     
   21.973819219983238       0.50131876140034937     
   21.980359047132044       0.50045324818788428     
   21.986898874280847       0.49958723452217108     
   21.993438701429653       0.49872072126922329     
   21.999978528578456       0.49785370929555428     
   22.006518355727263       0.49698619946817590     
   22.013058182876065       0.49611819265459811     
   22.019598010024872       0.49524968972282762     
   22.026137837173675       0.49438069154136743     
   22.032677664322481       0.49351119897921558     
   22.039217491471284       0.49264121290586493     
   22.045757318620090       0.49177073419130124     
   22.052297145768893       0.49089976370600352     
   22.058836972917696       0.49002830232094191     
   22.065376800066502       0.48915635090757809     
   22.071916627215305       0.48828391033786334     
   22.078456454364112       0.48741098148423823     
   22.084996281512915       0.48653756521963165     
   22.091536108661721       0.48566366241745978     
   22.098075935810524       0.48478927395162558     
   22.104615762959330       0.48391440069651737     
   22.111155590108133       0.48303904352700849     
   22.117695417256940       0.48216320331845602     
   22.124235244405742       0.48128688094670025     
   22.130775071554549       0.48041007728806356     
   22.137314898703352       0.47953279321934961     
   22.143854725852158       0.47865502961784240     
   22.150394553000961       0.47777678736130558     
   22.156934380149767       0.47689806732798135     
   22.163474207298570       0.47601887039658985     
   22.170014034447373       0.47513919744632793     
   22.176553861596179       0.47425904935686863     
   22.183093688744982       0.47337842700835991     
   22.189633515893789       0.47249733128142413     
   22.196173343042592       0.47161576305715713     
   22.202713170191398       0.47073372321712709     
   22.209252997340201       0.46985121264337376     
   22.215792824489007       0.46896823221840794     
   22.222332651637810       0.46808478282520977     
   22.228872478786617       0.46720086534722888     
   22.235412305935419       0.46631648066838260     
   22.241952133084226       0.46543162967305562     
   22.248491960233029       0.46454631324609907     
   22.255031787381835       0.46366053227282922     
   22.261571614530638       0.46277428763902712     
   22.268111441679444       0.46188758023093740     
   22.274651268828247       0.46100041093526745     
   22.281191095977054       0.46011278063918659     
   22.287730923125856       0.45922469023032503     
   22.294270750274659       0.45833614059677336     
   22.300810577423466       0.45744713262708103     
   22.307350404572269       0.45655766721025609     
   22.313890231721075       0.45566774523576387     
   22.320430058869878       0.45477736759352649     
   22.326969886018684       0.45388653517392147     
   22.333509713167487       0.45299524886778136     
   22.340049540316294       0.45210350956639239     
   22.346589367465096       0.45121131816149379     
   22.353129194613903       0.45031867554527705     
   22.359669021762706       0.44942558261038468     
   22.366208848911512       0.44853204024990972     
   22.372748676060315       0.44763804935739465     
   22.379288503209121       0.44674361082683012     
   22.385828330357924       0.44584872555265476     
   22.392368157506731       0.44495339442975390     
   22.398907984655533       0.44405761835345864     
   22.405447811804336       0.44316139821954509     
   22.411987638953143       0.44226473492423324     
   22.418527466101946       0.44136762936418644     
   22.425067293250752       0.44047008243651037     
   22.431607120399555       0.43957209503875183     
   22.438146947548361       0.43867366806889824     
   22.444686774697164       0.43777480242537653     
   22.451226601845971       0.43687549900705247     
   22.457766428994773       0.43597575871322936     
   22.464306256143580       0.43507558244364752     
   22.470846083292383       0.43417497109848324     
   22.477385910441189       0.43327392557834787     
   22.483925737589992       0.43237244678428688     
   22.490465564738798       0.43147053561777915     
   22.497005391887601       0.43056819298073573     
   22.503545219036408       0.42966541977549938     
   22.510085046185210       0.42876221690484317     
   22.516624873334017       0.42785858527197018     
   22.523164700482820       0.42695452578051185     
   22.529704527631623       0.42605003933452773     
   22.536244354780429       0.42514512683850431     
   22.542784181929232       0.42423978919735400     
   22.549324009078038       0.42333402731641451     
   22.555863836226841       0.42242784210144774     
   22.562403663375648       0.42152123445863882     
   22.568943490524450       0.42061420529459542     
   22.575483317673257       0.41970675551634679     
   22.582023144822060       0.41879888603134258     
   22.588562971970866       0.41789059774745230     
   22.595102799119669       0.41698189157296434     
   22.601642626268475       0.41607276841658475     
   22.608182453417278       0.41516322918743676     
   22.614722280566085       0.41425327479505963     
   22.621262107714887       0.41334290614940772     
   22.627801934863694       0.41243212416084962     
   22.634341762012497       0.41152092974016730     
   22.640881589161300       0.41060932379855530     
   22.647421416310106       0.40969730724761949     
   22.653961243458909       0.40878488099937643     
   22.660501070607715       0.40787204596625232     
   22.667040897756518       0.40695880306108223     
   22.673580724905325       0.40604515319710915     
   22.680120552054127       0.40513109728798291     
   22.686660379202934       0.40421663624775933     
   22.693200206351737       0.40330177099089959     
   22.699740033500543       0.40238650243226881     
   22.706279860649346       0.40147083148713558     
   22.712819687798152       0.40055475907117088     
   22.719359514946955       0.39963828610044710     
   22.725899342095762       0.39872141349143719     
   22.732439169244564       0.39780414216101384     
   22.738978996393371       0.39688647302644831     
   22.745518823542174       0.39596840700540969     
   22.752058650690980       0.39504994501596413     
   22.758598477839783       0.39413108797657354     
   22.765138304988586       0.39321183680609495     
   22.771678132137392       0.39229219242377961     
   22.778217959286195       0.39137215574927181     
   22.784757786435001       0.39045172770260828     
   22.791297613583804       0.38953090920421712     
   22.797837440732611       0.38860970117491661     
   22.804377267881414       0.38768810453591501     
   22.810917095030220       0.38676612020880891     
   22.817456922179023       0.38584374911558250     
   22.823996749327829       0.38492099217860704     
   22.830536576476632       0.38399785032063932     
   22.837076403625439       0.38307432446482137     
   22.843616230774241       0.38215041553467888     
   22.850156057923048       0.38122612445412085     
   22.856695885071851       0.38030145214743832     
   22.863235712220657       0.37937639953930363     
   22.869775539369460       0.37845096755476942     
   22.876315366518263       0.37752515711926760     
   22.882855193667069       0.37659896915860869     
   22.889395020815872       0.37567240459898071     
   22.895934847964678       0.37474546436694800     
   22.902474675113481       0.37381814938945102     
   22.909014502262288       0.37289046059380460     
   22.915554329411091       0.37196239890769756     
   22.922094156559897       0.37103396525919169     
   22.928633983708700       0.37010516057672055     
   22.935173810857506       0.36917598578908889     
   22.941713638006309       0.36824644182547145     
   22.948253465155116       0.36731652961541211     
   22.954793292303918       0.36638625008882320     
   22.961333119452725       0.36545560417598422     
   22.967872946601528       0.36452459280754101     
   22.974412773750334       0.36359321691450502     
   22.980952600899137       0.36266147742825211     
   22.987492428047943       0.36172937528052174     
   22.994032255196746       0.36079691140341608     
   23.000572082345549       0.35986408672939907     
   23.007111909494355       0.35893090219129531     
   23.013651736643158       0.35799735872228938     
   23.020191563791965       0.35706345725592470     
   23.026731390940768       0.35612919872610271     
   23.033271218089574       0.35519458406708210     
   23.039811045238377       0.35425961421347740     
   23.046350872387183       0.35332429010025840     
   23.052890699535986       0.35238861266274935     
   23.059430526684793       0.35145258283662761     
   23.065970353833595       0.35051620155792307     
   23.072510180982402       0.34957946976301696     
   23.079050008131205       0.34864238838864109     
   23.085589835280011       0.34770495837187687     
   23.092129662428814       0.34676718065015427     
   23.098669489577620       0.34582905616125104     
   23.105209316726423       0.34489058584329163     
   23.111749143875230       0.34395177063474636     
   23.118288971024032       0.34301261147443046     
   23.124828798172835       0.34207310930150309     
   23.131368625321642       0.34113326505546637     
   23.137908452470445       0.34019307967616463     
   23.144448279619251       0.33925255410378330     
   23.150988106768054       0.33831168927884775     
   23.157527933916860       0.33737048614222304     
   23.164067761065663       0.33642894563511222     
   23.170607588214470       0.33548706869905565     
   23.177147415363272       0.33454485627593039     
   23.183687242512079       0.33360230930794887     
   23.190227069660882       0.33265942873765808     
   23.196766896809688       0.33171621550793851     
   23.203306723958491       0.33077267056200349     
   23.209846551107297       0.32982879484339783     
   23.216386378256100       0.32888458929599734     
   23.222926205404907       0.32794005486400757     
   23.229466032553709       0.32699519249196296     
   23.236005859702512       0.32605000312472582     
   23.242545686851319       0.32510448770748546     
   23.249085514000122       0.32415864718575749     
   23.255625341148928       0.32321248250538226     
   23.262165168297731       0.32226599461252453     
   23.268704995446537       0.32131918445367230     
   23.275244822595340       0.32037205297563548     
   23.281784649744147       0.31942460112554577     
   23.288324476892949       0.31847682985085490     
   23.294864304041756       0.31752874009933413     
   23.301404131190559       0.31658033281907327     
   23.307943958339365       0.31563160895847958     
   23.314483785488168       0.31468256946627693     
   23.321023612636974       0.31373321529150483     
   23.327563439785777       0.31278354738351744     
   23.334103266934584       0.31183356669198264     
   23.340643094083386       0.31088327416688111     
   23.347182921232193       0.30993267075850550     
   23.353722748380996       0.30898175741745904     
   23.360262575529799       0.30803053509465522     
   23.366802402678605       0.30707900474131627     
   23.373342229827408       0.30612716730897260     
   23.379882056976214       0.30517502374946165     
   23.386421884125017       0.30422257501492700     
   23.392961711273824       0.30326982205781727     
   23.399501538422626       0.30231676583088551     
   23.406041365571433       0.30136340728718791     
   23.412581192720236       0.30040974738008308     
   23.419121019869042       0.29945578706323089     
   23.425660847017845       0.29850152729059154     
   23.432200674166651       0.29754696901642502     
   23.438740501315454       0.29659211319528944     
   23.445280328464261       0.29563696078204071     
   23.451820155613063       0.29468151273183113     
   23.458359982761870       0.29372577000010891     
   23.464899809910673       0.29276973354261659     
   23.471439637059476       0.29181340431539077     
   23.477979464208282       0.29085678327476061     
   23.484519291357085       0.28989987137734718     
   23.491059118505891       0.28894266958006237     
   23.497598945654694       0.28798517884010799     
   23.504138772803501       0.28702740011497468     
   23.510678599952303       0.28606933436244136     
   23.517218427101110       0.28511098254057371     
   23.523758254249913       0.28415234560772340     
   23.530298081398719       0.28319342452252749     
   23.536837908547522       0.28223422024390710     
   23.543377735696328       0.28127473373106654     
   23.549917562845131       0.28031496594349209     
   23.556457389993938       0.27935491784095173     
   23.562997217142740       0.27839459038349351     
   23.569537044291547       0.27743398453144497     
   23.576076871440350       0.27647310124541186     
   23.582616698589156       0.27551194148627750     
   23.589156525737959       0.27455050621520172     
   23.595696352886762       0.27358879639361972     
   23.602236180035568       0.27262681298324121     
   23.608776007184371       0.27166455694604985     
   23.615315834333177       0.27070202924430142     
   23.621855661481980       0.26973923084052387     
   23.628395488630787       0.26877616269751547     
   23.634935315779590       0.26781282577834431     
   23.641475142928396       0.26684922104634745     
   23.648014970077199       0.26588534946512948     
   23.654554797226005       0.26492121199856206     
   23.661094624374808       0.26395680961078266     
   23.667634451523615       0.26299214326619363     
   23.674174278672417       0.26202721392946138     
   23.680714105821224       0.26106202256551519     
   23.687253932970027       0.26009657013954640     
   23.693793760118833       0.25913085761700755     
   23.700333587267636       0.25816488596361098     
   23.706873414416439       0.25719865614532850     
   23.713413241565245       0.25623216912838986     
   23.719953068714048       0.25526542587928208     
   23.726492895862854       0.25429842736474845     
   23.733032723011657       0.25333117455178750     
   23.739572550160464       0.25236366840765195     
   23.746112377309267       0.25139590989984800     
   23.752652204458073       0.25042789999613413     
   23.759192031606876       0.24945963966452031     
   23.765731858755682       0.24849112987326677     
   23.772271685904485       0.24752237159088339     
   23.778811513053292       0.24655336578612841     
   23.785351340202094       0.24558411342800765     
   23.791891167350901       0.24461461548577343     
   23.798430994499704       0.24364487292892376     
   23.804970821648510       0.24267488672720119     
   23.811510648797313       0.24170465785059184     
   23.818050475946119       0.24073418726932466     
   23.824590303094922       0.23976347595387021     
   23.831130130243725       0.23879252487493974     
   23.837669957392531       0.23782133500348443     
   23.844209784541334       0.23684990731069414     
   23.850749611690141       0.23587824276799652     
   23.857289438838944       0.23490634234705610     
   23.863829265987750       0.23393420701977338     
   23.870369093136553       0.23296183775828366     
   23.876908920285359       0.23198923553495615     
   23.883448747434162       0.23101640132239309     
   23.889988574582969       0.23004333609342875     
   23.896528401731771       0.22907004082112828     
   23.903068228880578       0.22809651647878701     
   23.909608056029381       0.22712276403992923     
   23.916147883178187       0.22614878447830744     
   23.922687710326990       0.22517457876790117     
   23.929227537475796       0.22420014788291615     
   23.935767364624599       0.22322549279778323     
   23.942307191773406       0.22225061448715749     
   23.948847018922208       0.22127551392591729     
   23.955386846071011       0.22030019208916315     
   23.961926673219818       0.21932464995221693     
   23.968466500368621       0.21834888849062073     
   23.975006327517427       0.21737290868013606     
   23.981546154666230       0.21639671149674272     
   23.988085981815036       0.21542029791663789     
   23.994625808963839       0.21444366891623509     
   24.001165636112646       0.21346682547216345     
   24.007705463261448       0.21248976856126631     
   24.014245290410255       0.21151249916060058     
   24.020785117559058       0.21053501824743570     
   24.027324944707864       0.20955732679925260     
   24.033864771856667       0.20857942579374272     
   24.040404599005473       0.20760131620880701     
   24.046944426154276       0.20662299902255515     
   24.053484253303083       0.20564447521330420     
   24.060024080451885       0.20466574575957808     
   24.066563907600688       0.20368681164010619     
   24.073103734749495       0.20270767383382265     
   24.079643561898298       0.20172833331986526     
   24.086183389047104       0.20074879107757457     
   24.092723216195907       0.19976904808649279     
   24.099263043344713       0.19878910532636290     
   24.105802870493516       0.19780896377712770     
   24.112342697642323       0.19682862441892873     
   24.118882524791125       0.19584808823210537     
   24.125422351939932       0.19486735619719375     
   24.131962179088735       0.19388642929492592     
   24.138502006237541       0.19290530850622881     
   24.145041833386344       0.19192399481222316     
   24.151581660535150       0.19094248919422271     
   24.158121487683953       0.18996079263373306     
   24.164661314832760       0.18897890611245083     
   24.171201141981562       0.18799683061226247     
   24.177740969130369       0.18701456711524347     
   24.184280796279172       0.18603211660365740     
   24.190820623427975       0.18504948005995478     
   24.197360450576781       0.18406665846677200     
   24.203900277725584       0.18308365280693081     
   24.210440104874390       0.18210046406343680     
   24.216979932023193       0.18111709321947869     
   24.223519759172000       0.18013354125842740     
   24.230059586320802       0.17914980916383480     
   24.236599413469609       0.17816589791943307     
   24.243139240618412       0.17718180850913340     
   24.249679067767218       0.17619754191702522     
   24.256218894916021       0.17521309912737512     
   24.262758722064827       0.17422848112462591     
   24.269298549213630       0.17324368889339559     
   24.275838376362437       0.17225872341847631     
   24.282378203511239       0.17127358568483364     
   24.288918030660046       0.17028827667760527     
   24.295457857808849       0.16930279738210022     
   24.301997684957652       0.16831714878379780     
   24.308537512106458       0.16733133186834662     
   24.315077339255261       0.16634534762156356     
   24.321617166404067       0.16535919702943286     
   24.328156993552870       0.16437288107810516     
   24.334696820701677       0.16338640075389635     
   24.341236647850479       0.16239975704328682     
   24.347776474999286       0.16141295093292024     
   24.354316302148089       0.16042598340960273     
   24.360856129296895       0.15943885546030181     
   24.367395956445698       0.15845156807214544     
   24.373935783594504       0.15746412223242098     
   24.380475610743307       0.15647651892857434     
   24.387015437892114       0.15548875914820873     
   24.393555265040916       0.15450084387908400     
   24.400095092189723       0.15351277410911537     
   24.406634919338526       0.15252455082637262     
   24.413174746487332       0.15153617501907904     
   24.419714573636135       0.15054764767561046     
   24.426254400784938       0.14955896978449421     
   24.432794227933744       0.14857014233440816     
   24.439334055082547       0.14758116631417981     
   24.445873882231353       0.14659204271278514     
   24.452413709380156       0.14560277251934775     
   24.458953536528963       0.14461335672313785     
   24.465493363677766       0.14362379631357125     
   24.472033190826572       0.14263409228020829     
   24.478573017975375       0.14164424561275310     
   24.485112845124181       0.14065425730105224     
   24.491652672272984       0.13966412833509409     
   24.498192499421791       0.13867385970500765     
   24.504732326570593       0.13768345240106145     
   24.511272153719400       0.13669290741366283     
   24.517811980868203       0.13570222573335683     
   24.524351808017009       0.13471140835082512     
   24.530891635165812       0.13372045625688503     
   24.537431462314615       0.13272937044248867     
   24.543971289463421       0.13173815189872190     
   24.550511116612224       0.13074680161680322     
   24.557050943761030       0.12975532058808290     
   24.563590770909833       0.12876370980404200     
   24.570130598058640       0.12777197025629133     
   24.576670425207443       0.12678010293657035     
   24.583210252356249       0.12578810883674646     
   24.589750079505052       0.12479598894881375     
   24.596289906653858       0.12380374426489205     
   24.602829733802661       0.12281137577722610     
   24.609369560951468       0.12181888447818438     
   24.615909388100270       0.12082627136025817     
   24.622449215249077       0.11983353741606061     
   24.628989042397880       0.11884068363832562     
   24.635528869546686       0.11784771101990701     
   24.642068696695489       0.11685462055377736     
   24.648608523844295       0.11586141323302716     
   24.655148350993098       0.11486809005086374     
   24.661688178141901       0.11387465200061025     
   24.668228005290707       0.11288110007570477     
   24.674767832439510       0.11188743526969921     
   24.681307659588317       0.11089365857625839     
   24.687847486737120       0.10989977098915898     
   24.694387313885926       0.10890577350228858     
   24.700927141034729       0.10791166710964469     
   24.707466968183535       0.10691745280533367     
   24.714006795332338       0.10592313158356985     
   24.720546622481145       0.10492870443867444     
   24.727086449629947       0.10393417236507460     
   24.733626276778754       0.10293953635730237     
   24.740166103927557       0.10194479740999382     
   24.746705931076363       0.10094995651788785     
   24.753245758225166        9.9955014675825335E-002
   24.759785585373972        9.8959972878748137E-002
   24.766325412522775        9.7964832121698098E-002
   24.772865239671578        9.6969593399815909E-002
   24.779405066820384        9.5974257708340324E-002
   24.785944893969187        9.4978826042607059E-002
   24.792484721117994        9.3983299398047712E-002
   24.799024548266797        9.2987678770189000E-002
   24.805564375415603        9.1991965154651523E-002
   24.812104202564406        9.0996159547148889E-002
   24.818644029713212        9.0000262943486717E-002
   24.825183856862015        8.9004276339561580E-002
   24.831723684010822        8.8008200731360106E-002
   24.838263511159624        8.7012037114957919E-002
   24.844803338308431        8.6015786486518614E-002
   24.851343165457234        8.5019449842292830E-002
   24.857882992606040        8.4023028178617204E-002
   24.864422819754843        8.3026522491913390E-002
   24.870962646903649        8.2029933778687086E-002
   24.877502474052452        8.1033263035527006E-002
   24.884042301201259        8.0036511259103896E-002
   24.890582128350061        7.9039679446169520E-002
   24.897121955498864        7.8042768593555689E-002
   24.903661782647671        7.7045779698173264E-002
   24.910201609796474        7.6048713757011138E-002
   24.916741436945280        7.5051571767135269E-002
   24.923281264094083        7.4054354725687638E-002
   24.929821091242889        7.3057063629885260E-002
   24.936360918391692        7.2059699477019276E-002
   24.942900745540499        7.1062263264453793E-002
   24.949440572689301        7.0064755989625055E-002
   24.955980399838108        6.9067178650040320E-002
   24.962520226986911        6.8069532243276942E-002
   24.969060054135717        6.7071817766981318E-002
   24.975599881284520        6.6074036218867926E-002
   24.982139708433326        6.5076188596718321E-002
   24.988679535582129        6.4078275898380138E-002
   24.995219362730936        6.3080299121766034E-002
   25.001759189879738        6.2082259264852821E-002
   25.008299017028545        6.1084157325680344E-002
   25.014838844177348        6.0085994302350530E-002
   25.021378671326151        5.9087771193026412E-002
   25.027918498474957        5.8089488995931110E-002
   25.034458325623760        5.7091148709346805E-002
   25.040998152772566        5.6092751331613802E-002
   25.047537979921369        5.5094297861129453E-002
   25.054077807070176        5.4095789296347258E-002
   25.060617634218978        5.3097226635775763E-002
   25.067157461367785        5.2098610877977639E-002
   25.073697288516588        5.1099943021568631E-002
   25.080237115665394        5.0101224065216603E-002
   25.086776942814197        4.9102455007640503E-002
   25.093316769963003        4.8103636847609398E-002
   25.099856597111806        4.7104770583941448E-002
   25.106396424260613        4.6105857215502921E-002
   25.112936251409415        4.5106897741207179E-002
   25.119476078558222        4.4107893160013685E-002
   25.126015905707025        4.3108844470927041E-002
   25.132555732855828        4.2109752672995909E-002
   25.139095560004634        4.1110618765312121E-002
   25.145635387153437        4.0111443747009555E-002
   25.152175214302243        3.9112228617263239E-002
   25.158715041451046        3.8112974375288315E-002
   25.165254868599853        3.7113682020339010E-002
   25.171794695748655        3.6114352551707696E-002
   25.178334522897462        3.5114986968723817E-002
   25.184874350046265        3.4115586270752972E-002
   25.191414177195071        3.3116151457195854E-002
   25.197954004343874        3.2116683527487290E-002
   25.204493831492680        3.1117183481095195E-002
   25.211033658641483        3.0117652317519616E-002
   25.217573485790290        2.9118091036291722E-002
   25.224113312939092        2.8118500636972792E-002
   25.230653140087899        2.7118882119153229E-002
   25.237192967236702        2.6119236482451541E-002
   25.243732794385508        2.5119564726513371E-002
   25.250272621534311        2.4119867851010474E-002
   25.256812448683114        2.3120146855639727E-002
   25.263352275831920        2.2120402740122128E-002
   25.269892102980723        2.1120636504201786E-002
   25.276431930129529        2.0120849147644938E-002
   25.282971757278332        1.9121041670238949E-002
   25.289511584427139        1.8121215071791284E-002
   25.296051411575942        1.7121370352128549E-002
   25.302591238724748        1.6121508511095468E-002
   25.309131065873551        1.5121630548553873E-002
   25.315670893022357        1.4121737464381726E-002
   25.322210720171160        1.3121830258472116E-002
   25.328750547319967        1.2121909930732250E-002
   25.335290374468769        1.1121977481082450E-002
   25.341830201617576        1.0122033909455168E-002
   25.348370028766379        9.1220802157939793E-003
   25.354909855915185        8.1221174000525743E-003
   25.361449683063988        7.1221464621937670E-003
   25.367989510212791        6.1221684021884968E-003
   25.374529337361597        5.1221842200148259E-003
   25.381069164510400        4.1221949156569340E-003
   25.387608991659206        3.1222014891041272E-003
   25.394148818808009        2.1222049403498305E-003
   25.400688645956816        1.1222062693905935E-003
   25.407228473105619        1.2220647622508731E-004
   25.413768300254425        8.7779343914689515E-004
   25.420308127403228        1.8777924767254385E-003
   25.426847954552034        2.8777896365115049E-003
   25.433387781700837        3.8777839185079347E-003
   25.439927608849644        4.8777743227204464E-003
   25.446467435998446        5.8777598491586338E-003
   25.453007263147253        6.8777394978369747E-003
   25.459547090296056        7.8777122687758161E-003
   25.466086917444862        8.8776771620023894E-003
   25.472626744593665        9.8776331775518034E-003
   25.479166571742471        1.0877579315468037E-002
   25.485706398891274        1.1877514575804958E-002
   25.492246226040077        1.2877437958627301E-002
   25.498786053188883        1.3877348464011686E-002
   25.505325880337686        1.4877245092047610E-002
   25.511865707486493        1.5877126842838440E-002
   25.518405534635296        1.6876992716502434E-002
   25.524945361784102        1.7876841713173709E-002
   25.531485188932905        1.8876672833003268E-002
   25.538025016081711        1.9876485076159994E-002
   25.544564843230514        2.0876277442831648E-002
   25.551104670379321        2.1876048933225856E-002
   25.557644497528123        2.2875798547571127E-002
   25.564184324676930        2.3875525286117850E-002
   25.570724151825733        2.4875228149139294E-002
   25.577263978974539        2.5874906136932579E-002
   25.583803806123342        2.6874558249819731E-002
   25.590343633272148        2.7874183488148636E-002
   25.596883460420951        2.8873780852294050E-002
   25.603423287569754        2.9873349342658614E-002
   25.609963114718560        3.0872887959673832E-002
   25.616502941867363        3.1872395703801092E-002
   25.623042769016170        3.2871871575532653E-002
   25.629582596164973        3.3871314575392636E-002
   25.636122423313779        3.4870723703938046E-002
   25.642662250462582        3.5870097961759745E-002
   25.649202077611388        3.6869436349483489E-002
   25.655741904760191        3.7868737867770882E-002
   25.662281731908998        3.8868001517320408E-002
   25.668821559057800        3.9867226298868422E-002
   25.675361386206607        4.0866411213190131E-002
   25.681901213355410        4.1865555261100619E-002
   25.688441040504216        4.2864657443455856E-002
   25.694980867653019        4.3863716761153644E-002
   25.701520694801825        4.4862732215134676E-002
   25.708060521950628        4.5861702806383485E-002
   25.714600349099435        4.6860627535929483E-002
   25.721140176248237        4.7859505404847957E-002
   25.727680003397040        4.8858335414261031E-002
   25.734219830545847        4.9857116565338679E-002
   25.740759657694650        5.0855847859299766E-002
   25.747299484843456        5.1854528297413001E-002
   25.753839311992259        5.2853156880997919E-002
   25.760379139141065        5.3851732611425965E-002
   25.766918966289868        5.4850254490121403E-002
   25.773458793438675        5.5848721518562343E-002
   25.779998620587477        5.6847132698281767E-002
   25.786538447736284        5.7845487030868489E-002
   25.793078274885087        5.8843783517968186E-002
   25.799618102033893        5.9842021161284370E-002
   25.806157929182696        6.0840198962579375E-002
   25.812697756331502        6.1838315923675446E-002
   25.819237583480305        6.2836371046455577E-002
   25.825777410629112        6.3834363332864658E-002
   25.832317237777914        6.4832291784910429E-002
   25.838857064926721        6.5830155404664401E-002
   25.845396892075524        6.6827953194262962E-002
   25.851936719224327        6.7825684155908325E-002
   25.858476546373133        6.8823347291869522E-002
   25.865016373521936        6.9820941604483447E-002
   25.871556200670742        7.0818466096155760E-002
   25.878096027819545        7.1815919769361997E-002
   25.884635854968352        7.2813301626648438E-002
   25.891175682117154        7.3810610670633256E-002
   25.897715509265961        7.4807845904007408E-002
   25.904255336414764        7.5805006329535657E-002
   25.910795163563570        7.6802090950057564E-002
   25.917334990712373        7.7799098768488548E-002
   25.923874817861179        7.8796028787820743E-002
   25.930414645009982        7.9792880011124154E-002
   25.936954472158789        8.0789651441547553E-002
   25.943494299307591        8.1786342082319496E-002
   25.950034126456398        8.2782950936749367E-002
   25.956573953605201        8.3779477008228284E-002
   25.963113780754004        8.4775919300230193E-002
   25.969653607902810        8.5772276816312817E-002
   25.976193435051613        8.6768548560118605E-002
   25.982733262200419        8.7764733535375825E-002
   25.989273089349222        8.8760830745899522E-002
   25.995812916498028        8.9756839195592478E-002
   26.002352743646831        9.0752757888446250E-002
   26.008892570795638        9.1748585828542131E-002
   26.015432397944441        9.2744322020052158E-002
   26.021972225093247        9.3739965467240213E-002
   26.028512052242050        9.4735515174462770E-002
   26.035051879390856        9.5730970146170158E-002
   26.041591706539659        9.6726329386907423E-002
   26.048131533688466        9.7721591901315269E-002
   26.054671360837268        9.8716756694131227E-002
   26.061211187986075        9.9711822770190472E-002
   26.067751015134878       0.10070678913442695     
   26.074290842283684       0.10170165479187428     
   26.080830669432487       0.10269641874766683     
   26.087370496581290       0.10369108000704064     
   26.093910323730096       0.10468563757533444     
   26.100450150878899       0.10568009045799068     
   26.106989978027705       0.10667443766055645     
   26.113529805176508       0.10766867818868456     
   26.120069632325315       0.10866281104813448     
   26.126609459474118       0.10965683524477338     
   26.133149286622924       0.11065074978457701     
   26.139689113771727       0.11164455367363085     
   26.146228940920533       0.11263824591813104     
   26.152768768069336       0.11363182552438529     
   26.159308595218143       0.11462529149881404     
   26.165848422366945       0.11561864284795124     
   26.172388249515752       0.11661187857844564     
   26.178928076664555       0.11760499769706144     
   26.185467903813361       0.11859799921067957     
   26.192007730962164       0.11959088212629845     
   26.198547558110967       0.12058364545103521     
   26.205087385259773       0.12157628819212653     
   26.211627212408576       0.12256880935692965     
   26.218167039557382       0.12356120795292340     
   26.224706866706185       0.12455348298770923     
   26.231246693854992       0.12554563346901204     
   26.237786521003795       0.12653765840468140     
   26.244326348152601       0.12752955680269235     
   26.250866175301404       0.12852132767114649     
   26.257406002450210       0.12951297001827300     
   26.263945829599013       0.13050448285242949     
   26.270485656747820       0.13149586518210310     
   26.277025483896622       0.13248711601591151     
   26.283565311045429       0.13347823436260389     
   26.290105138194232       0.13446921923106192     
   26.296644965343038       0.13546006963030072     
   26.303184792491841       0.13645078456946994     
   26.309724619640647       0.13744136305785451     
   26.316264446789450       0.13843180410487607     
   26.322804273938253       0.13942210672009350     
   26.329344101087059       0.14041226991320419     
   26.335883928235862       0.14140229269404495     
   26.342423755384669       0.14239217407259305     
   26.348963582533472       0.14338191305896705     
   26.355503409682278       0.14437150866342802     
   26.362043236831081       0.14536095989638029     
   26.368583063979887       0.14635026576837271     
   26.375122891128690       0.14733942529009933     
   26.381662718277497       0.14832843747240065     
   26.388202545426299       0.14931730132626453     
   26.394742372575106       0.15030601586282705     
   26.401282199723909       0.15129458009337371     
   26.407822026872715       0.15228299302934026     
   26.414361854021518       0.15327125368231378     
   26.420901681170324       0.15425936106403362     
   26.427441508319127       0.15524731418639237     
   26.433981335467930       0.15623511206143698     
   26.440521162616736       0.15722275370136946     
   26.447060989765539       0.15821023811854829     
   26.453600816914346       0.15919756432548898     
   26.460140644063149       0.16018473133486535     
   26.466680471211955       0.16117173815951036     
   26.473220298360758       0.16215858381241724     
   26.479760125509564       0.16314526730674031     
   26.486299952658367       0.16413178765579606     
   26.492839779807174       0.16511814387306414     
   26.499379606955976       0.16610433497218838     
   26.505919434104783       0.16709035996697763     
   26.512459261253586       0.16807621787140689     
   26.518999088402392       0.16906190769961832     
   26.525538915551195       0.17004742846592202     
   26.532078742700001       0.17103277918479723     
   26.538618569848804       0.17201795887089330     
   26.545158396997611       0.17300296653903047     
   26.551698224146413       0.17398780120420110     
   26.558238051295216       0.17497246188157048     
   26.564777878444023       0.17595694758647801     
   26.571317705592826       0.17694125733443794     
   26.577857532741632       0.17792539014114053     
   26.584397359890435       0.17890934502245293     
   26.590937187039241       0.17989312099442034     
   26.597477014188044       0.18087671707326677     
   26.604016841336851       0.18186013227539610     
   26.610556668485653       0.18284336561739317     
   26.617096495634460       0.18382641611602460     
   26.623636322783263       0.18480928278823994     
   26.630176149932069       0.18579196465117248     
   26.636715977080872       0.18677446072214035     
   26.643255804229678       0.18775677001864757     
   26.649795631378481       0.18873889155838472     
   26.656335458527288       0.18972082435923035     
   26.662875285676090       0.19070256743925160     
   26.669415112824893       0.19168411981670544     
   26.675954939973700       0.19266548051003946     
   26.682494767122503       0.19364664853789293     
   26.689034594271309       0.19462762291909785     
   26.695574421420112       0.19560840267267990     
   26.702114248568918       0.19658898681785927     
   26.708654075717721       0.19756937437405178     
   26.715193902866528       0.19854956436086996     
   26.721733730015330       0.19952955579812379     
   26.728273557164137       0.20050934770582182     
   26.734813384312940       0.20148893910417212     
   26.741353211461746       0.20246832901358336     
   26.747893038610549       0.20344751645466552     
   26.754432865759355       0.20442650044823130     
   26.760972692908158       0.20540528001529659     
   26.767512520056965       0.20638385417708188     
   26.774052347205767       0.20736222195501297     
   26.780592174354574       0.20834038237072211     
   26.787132001503377       0.20931833444604891     
   26.793671828652180       0.21029607720304122     
   26.800211655800986       0.21127360966395634     
   26.806751482949789       0.21225093085126182     
   26.813291310098595       0.21322803978763644     
   26.819831137247398       0.21420493549597133     
   26.826370964396204       0.21518161699937066     
   26.832910791545007       0.21615808332115302     
   26.839450618693814       0.21713433348485206     
   26.845990445842617       0.21811036651421761     
   26.852530272991423       0.21908618143321665     
   26.859070100140226       0.22006177726603424     
   26.865609927289032       0.22103715303707461     
   26.872149754437835       0.22201230777096190     
   26.878689581586642       0.22298724049254143     
   26.885229408735444       0.22396195022688048     
   26.891769235884251       0.22493643599926932     
   26.898309063033054       0.22591069683522214     
   26.904848890181860       0.22688473176047810     
   26.911388717330663       0.22785853980100237     
   26.917928544479466       0.22883211998298680     
   26.924468371628272       0.22980547133285126     
   26.931008198777075       0.23077859287724439     
   26.937548025925881       0.23175148364304463     
   26.944087853074684       0.23272414265736124     
   26.950627680223491       0.23369656894753518     
   26.957167507372294       0.23466876154114019     
   26.963707334521100       0.23564071946598364     
   26.970247161669903       0.23661244175010762     
   26.976786988818709       0.23758392742178991     
   26.983326815967512       0.23855517550954466     
   26.989866643116319       0.23952618504212395     
   26.996406470265121       0.24049695504851820     
   27.002946297413928       0.24146748455795738     
   27.009486124562731       0.24243777259991200     
   27.016025951711537       0.24340781820409405     
   27.022565778860340       0.24437762040045782     
   27.029105606009143       0.24534717821920127     
   27.035645433157949       0.24631649069076644     
   27.042185260306752       0.24728555684584097     
   27.048725087455558       0.24825437571535869     
   27.055264914604361       0.24922294633050063     
   27.061804741753168       0.25019126772269629     
   27.068344568901971       0.25115933892362424     
   27.074884396050777       0.25212715896521321     
   27.081424223199580       0.25309472687964329     
   27.087964050348386       0.25406204169934643     
   27.094503877497189       0.25502910245700794     
   27.101043704645996       0.25599590818556694     
   27.107583531794798       0.25696245791821776     
   27.114123358943605       0.25792875068841065     
   27.120663186092408       0.25889478552985296     
   27.127203013241214       0.25986056147650960     
   27.133742840390017       0.26082607756260484     
   27.140282667538823       0.26179133282262246     
   27.146822494687626       0.26275632629130724     
   27.153362321836429       0.26372105700366572     
   27.159902148985235       0.26468552399496720     
   27.166441976134038       0.26564972630074468     
   27.172981803282845       0.26661366295679595     
   27.179521630431648       0.26757733299918418     
   27.186061457580454       0.26854073546423940     
   27.192601284729257       0.26950386938855919     
   27.199141111878063       0.27046673380900960     
   27.205680939026866       0.27142932776272616     
   27.212220766175673       0.27239165028711498     
   27.218760593324475       0.27335370041985346     
   27.225300420473282       0.27431547719889154     
   27.231840247622085       0.27527697966245246     
   27.238380074770891       0.27623820684903372     
   27.244919901919694       0.27719915779740811     
   27.251459729068500       0.27815983154662471     
   27.257999556217303       0.27912022713600970     
   27.264539383366106       0.28008034360516759     
   27.271079210514912       0.28104017999398190     
   27.277619037663715       0.28199973534261619     
   27.284158864812522       0.28295900869151513     
   27.290698691961325       0.28391799908140541     
   27.297238519110131       0.28487670555329658     
   27.303778346258934       0.28583512714848225     
   27.310318173407740       0.28679326290854074     
   27.316858000556543       0.28775111187533631     
   27.323397827705350       0.28870867309101994     
   27.329937654854152       0.28966594559803061     
   27.336477482002959       0.29062292843909560     
   27.343017309151762       0.29157962065723225     
   27.349557136300568       0.29253602129574824     
   27.356096963449371       0.29349212939824287     
   27.362636790598177       0.29444794400860819     
   27.369176617746980       0.29540346417102947     
   27.375716444895787       0.29635868892998662     
   27.382256272044589       0.29731361733025485     
   27.388796099193392       0.29826824841690575     
   27.395335926342199       0.29922258123530820     
   27.401875753491002       0.30017661483112940     
   27.408415580639808       0.30113034825033574     
   27.414955407788611       0.30208378053919382     
   27.421495234937417       0.30303691074427136     
   27.428035062086220       0.30398973791243822     
   27.434574889235027       0.30494226109086708     
   27.441114716383829       0.30589447932703490     
   27.447654543532636       0.30684639166872335     
   27.454194370681439       0.30779799716402018     
   27.460734197830245       0.30874929486131980     
   27.467274024979048       0.30970028380932457     
   27.473813852127854       0.31065096305704554     
   27.480353679276657       0.31160133165380344     
   27.486893506425464       0.31255138864922966     
   27.493433333574266       0.31350113309326727     
   27.499973160723069       0.31445056403617183     
   27.506512987871876       0.31539968052851231     
   27.513052815020679       0.31634848162117218     
   27.519592642169485       0.31729696636535043     
   27.526132469318288       0.31824513381256231     
   27.532672296467094       0.31919298301464033     
   27.539212123615897       0.32014051302373531     
   27.545751950764704       0.32108772289231735     
   27.552291777913506       0.32203461167317643     
   27.558831605062313       0.32298117841942392     
   27.565371432211116       0.32392742218449289     
   27.571911259359922       0.32487334202213974     
   27.578451086508725       0.32581893698644460     
   27.584990913657531       0.32676420613181240     
   27.591530740806334       0.32770914851297406     
   27.598070567955141       0.32865376318498718     
   27.604610395103943       0.32959804920323715     
   27.611150222252750       0.33054200562343788     
   27.617690049401553       0.33148563150163290     
   27.624229876550356       0.33242892589419659     
   27.630769703699162       0.33337188785783428     
   27.637309530847965       0.33431451644958410     
   27.643849357996771       0.33525681072681757     
   27.650389185145574       0.33619876974724022     
   27.656929012294380       0.33714039256889317     
   27.663468839443183       0.33808167825015356     
   27.670008666591990       0.33902262584973558     
   27.676548493740793       0.33996323442669180     
   27.683088320889599       0.34090350304041361     
   27.689628148038402       0.34184343075063234     
   27.696167975187208       0.34278301661742033     
   27.702707802336011       0.34372225970119169     
   27.709247629484818       0.34466115906270334     
   27.715787456633620       0.34559971376305593     
   27.722327283782427       0.34653792286369467     
   27.728867110931230       0.34747578542641055     
   27.735406938080033       0.34841330051334107     
   27.741946765228839       0.34935046718697110     
   27.748486592377642       0.35028728451013386     
   27.755026419526448       0.35122375154601221     
   27.761566246675251       0.35215986735813892     
   27.768106073824057       0.35309563101039826     
   27.774645900972860       0.35403104156702658     
   27.781185728121667       0.35496609809261342     
   27.787725555270470       0.35590079965210208     
   27.794265382419276       0.35683514531079108     
   27.800805209568079       0.35776913413433475     
   27.807345036716885       0.35870276518874433     
   27.813884863865688       0.35963603754038870     
   27.820424691014495       0.36056895025599556     
   27.826964518163297       0.36150150240265211     
   27.833504345312104       0.36243369304780626     
   27.840044172460907       0.36336552125926735     
   27.846583999609713       0.36429698610520717     
   27.853123826758516       0.36522808665416084     
   27.859663653907319       0.36615882197502786     
   27.866203481056125       0.36708919113707289     
   27.872743308204928       0.36801919320992682     
   27.879283135353734       0.36894882726358752     
   27.885822962502537       0.36987809236842090     
   27.892362789651344       0.37080698759516195     
   27.898902616800147       0.37173551201491545     
   27.905442443948953       0.37266366469915685     
   27.911982271097756       0.37359144471973355     
   27.918522098246562       0.37451885114886552     
   27.925061925395365       0.37544588305914633     
   27.931601752544172       0.37637253952354416     
   27.938141579692974       0.37729881961540246     
   27.944681406841781       0.37822472240844118     
   27.951221233990584       0.37915024697675737     
   27.957761061139390       0.38007539239482668     
   27.964300888288193       0.38100015773750362     
   27.970840715436999       0.38192454208002274     
   27.977380542585802       0.38284854449799982     
   27.983920369734605       0.38377216406743242     
   27.990460196883411       0.38469539986470103     
   27.997000024032214       0.38561825096656965     
   28.003539851181021       0.38654071645018734     
   28.010079678329824       0.38746279539308848     
   28.016619505478630       0.38838448687319432     
   28.023159332627433       0.38930578996881332     
   28.029699159776239       0.39022670375864227     
   28.036238986925042       0.39114722732176738     
   28.042778814073849       0.39206735973766527     
   28.049318641222651       0.39298710008620352     
   28.055858468371458       0.39390644744764153     
   28.062398295520261       0.39482540090263207     
   28.068938122669067       0.39574395953222180     
   28.075477949817870       0.39666212241785193     
   28.082017776966676       0.39757988864135957     
   28.088557604115479       0.39849725728497859     
   28.095097431264282       0.39941422743134036     
   28.101637258413088       0.40033079816347467     
   28.108177085561891       0.40124696856481079     
   28.114716912710698       0.40216273771917832     
   28.121256739859501       0.40307810471080824     
   28.127796567008307       0.40399306862433337     
   28.134336394157110       0.40490762854478984     
   28.140876221305916       0.40582178355761783     
   28.147416048454719       0.40673553274866220     
   28.153955875603526       0.40764887520417392     
   28.160495702752328       0.40856181001081043     
   28.167035529901135       0.40947433625563689     
   28.173575357049938       0.41038645302612714     
   28.180115184198744       0.41129815941016434     
   28.186655011347547       0.41220945449604213     
   28.193194838496353       0.41312033737246551     
   28.199734665645156       0.41403080712855145     
   28.206274492793963       0.41494086285383031     
   28.212814319942765       0.41585050363824627     
   28.219354147091568       0.41675972857215859     
   28.225893974240375       0.41766853674634236     
   28.232433801389178       0.41857692725198942     
   28.238973628537984       0.41948489918070919     
   28.245513455686787       0.42039245162452976     
   28.252053282835593       0.42129958367589876     
   28.258593109984396       0.42220629442768415     
   28.265132937133203       0.42311258297317511     
   28.271672764282005       0.42401844840608299     
   28.278212591430812       0.42492388982054258     
   28.284752418579615       0.42582890631111231     
   28.291292245728421       0.42673349697277563     
   28.297832072877224       0.42763766090094207     
   28.304371900026030       0.42854139719144752     
   28.310911727174833       0.42944470494055575     
   28.317451554323640       0.43034758324495909     
   28.323991381472442       0.43125003120177918     
   28.330531208621245       0.43215204790856798     
   28.337071035770052       0.43305363246330897     
   28.343610862918855       0.43395478396441745     
   28.350150690067661       0.43485550151074198     
   28.356690517216464       0.43575578420156497     
   28.363230344365270       0.43665563113660388     
   28.369770171514073       0.43755504141601154     
   28.376309998662880       0.43845401414037777     
   28.382849825811682       0.43935254841072990     
   28.389389652960489       0.44025064332853364     
   28.395929480109292       0.44114829799569399     
   28.402469307258098       0.44204551151455646     
   28.409009134406901       0.44294228298790733     
   28.415548961555707       0.44383861151897525     
   28.422088788704510       0.44473449621143163     
   28.428628615853317       0.44562993616939178     
   28.435168443002119       0.44652493049741576     
   28.441708270150926       0.44741947830050927     
   28.448248097299729       0.44831357868412447     
   28.454787924448532       0.44920723075416097     
   28.461327751597338       0.45010043361696678     
   28.467867578746141       0.45099318637933888     
   28.474407405894947       0.45188548814852469     
   28.480947233043750       0.45277733803222231     
   28.487487060192556       0.45366873513858186     
   28.494026887341359       0.45455967857620633     
   28.500566714490166       0.45545016745415223     
   28.507106541638969       0.45634020088193072     
   28.513646368787775       0.45722977796950826     
   28.520186195936578       0.45811889782730786     
   28.526726023085384       0.45900755956620964     
   28.533265850234187       0.45989576229755186     
   28.539805677382994       0.46078350513313177     
   28.546345504531796       0.46167078718520654     
   28.552885331680603       0.46255760756649406     
   28.559425158829406       0.46344396539017402     
   28.565964985978209       0.46432985976988866     
   28.572504813127015       0.46521528981974347     
   28.579044640275818       0.46610025465430860     
   28.585584467424624       0.46698475338861895     
   28.592124294573427       0.46786878513817598     
   28.598664121722233       0.46875234901894780     
   28.605203948871036       0.46963544414737074     
   28.611743776019843       0.47051806964034937     
   28.618283603168646       0.47140022461525843     
   28.624823430317452       0.47228190818994281     
   28.631363257466255       0.47316311948271905     
   28.637903084615061       0.47404385761237583     
   28.644442911763864       0.47492412169817499     
   28.650982738912671       0.47580391085985246     
   28.657522566061473       0.47668322421761905     
   28.664062393210280       0.47756206089216147     
   28.670602220359083       0.47844042000464304     
   28.677142047507889       0.47931830067670456     
   28.683681874656692       0.48019570203046547     
   28.690221701805495       0.48107262318852428     
   28.696761528954301       0.48194906327395998     
   28.703301356103104       0.48282502141033240     
   28.709841183251910       0.48370049672168336     
   28.716381010400713       0.48457548833253766     
   28.722920837549520       0.48544999536790362     
   28.729460664698323       0.48632401695327410     
   28.736000491847129       0.48719755221462763     
   28.742540318995932       0.48807060027842902     
   28.749080146144738       0.48894316027163010     
   28.755619973293541       0.48981523132167093     
   28.762159800442348       0.49068681255648045     
   28.768699627591150       0.49155790310447733     
   28.775239454739957       0.49242850209457112     
   28.781779281888760       0.49329860865616276     
   28.788319109037566       0.49416822191914583     
   28.794858936186369       0.49503734101390695     
   28.801398763335175       0.49590596507132712     
   28.807938590483978       0.49677409322278215     
   28.814478417632781       0.49764172460014405     
   28.821018244781587       0.49850885833578135     
   28.827558071930390       0.49937549356256028     
   28.834097899079197       0.50024162941384565     
   28.840637726228000       0.50110726502350156     
   28.847177553376806       0.50197239952589245     
   28.853717380525609       0.50283703205588381     
   28.860257207674415       0.50370116174884316     
   28.866797034823218       0.50456478774064073     
   28.873336861972025       0.50542790916765057     
   28.879876689120827       0.50629052516675122     
   28.886416516269634       0.50715263487532669     
   28.892956343418437       0.50801423743126728     
   28.899496170567243       0.50887533197297041     
   28.906035997716046       0.50973591763934156     
   28.912575824864852       0.51059599356979513     
   28.919115652013655       0.51145555890425487     
   28.925655479162458       0.51231461278315593     
   28.932195306311264       0.51317315434744404     
   28.938735133460067       0.51403118273857784     
   28.945274960608874       0.51488869709852880     
   28.951814787757677       0.51574569656978275     
   28.958354614906483       0.51660218029534011     
   28.964894442055286       0.51745814741871732     
   28.971434269204092       0.51831359708394709     
   28.977974096352895       0.51916852843557981     
   28.984513923501702       0.52002294061868393     
   28.991053750650504       0.52087683277884755     
   28.997593577799311       0.52173020406217829     
   29.004133404948114       0.52258305361530488     
   29.010673232096920       0.52343538058537797     
   29.017213059245723       0.52428718412007058     
   29.023752886394529       0.52513846336757875     
   29.030292713543332       0.52598921747662364     
   29.036832540692139       0.52683944559645124     
   29.043372367840941       0.52768914687683310     
   29.049912194989744       0.52853832046806815     
   29.056452022138551       0.52938696552098263     
   29.062991849287354       0.53023508118693152     
   29.069531676436160       0.53108266661779924     
   29.076071503584963       0.53192972096600044     
   29.082611330733769       0.53277624338448060     
   29.089151157882572       0.53362223302671741     
   29.095690985031379       0.53446768904672115     
   29.102230812180181       0.53531261059903590     
   29.108770639328988       0.53615699683874007     
   29.115310466477791       0.53700084692144745     
   29.121850293626597       0.53784416000330781     
   29.128390120775400       0.53868693524100808     
   29.134929947924206       0.53952917179177318     
   29.141469775073009       0.54037086881336649     
   29.148009602221816       0.54121202546409097     
   29.154549429370618       0.54205264090278993     
   29.161089256519421       0.54289271428884800     
   29.167629083668228       0.54373224478219184     
   29.174168910817031       0.54457123154329090     
   29.180708737965837       0.54540967373315841     
   29.187248565114640       0.54624757051335227     
   29.193788392263446       0.54708492104597561     
   29.200328219412249       0.54792172449367782     
   29.206868046561056       0.54875798001965570     
   29.213407873709858       0.54959368678765352     
   29.219947700858665       0.55042884396196456     
   29.226487528007468       0.55126345070743177     
   29.233027355156274       0.55209750618944820     
   29.239567182305077       0.55293100957395835     
   29.246107009453883       0.55376396002745920     
   29.252646836602686       0.55459635671699981     
   29.259186663751493       0.55542819881018357     
   29.265726490900295       0.55625948547516857     
   29.272266318049102       0.55709021588066820     
   29.278806145197905       0.55792038919595177     
   29.285345972346708       0.55875000459084623     
   29.291885799495514       0.55957906123573609     
   29.298425626644317       0.56040755830156475     
   29.304965453793123       0.56123549495983505     
   29.311505280941926       0.56206287038261038     
   29.318045108090732       0.56288968374251513     
   29.324584935239535       0.56371593421273647     
   29.331124762388342       0.56454162096702332     
   29.337664589537145       0.56536674317968927     
   29.344204416685951       0.56619130002561213     
   29.350744243834754       0.56701529068023482     
   29.357284070983560       0.56783871431956701     
   29.363823898132363       0.56866157012018481     
   29.370363725281170       0.56948385725923256     
   29.376903552429972       0.57030557491442313     
   29.383443379578779       0.57112672226403860     
   29.389983206727582       0.57194729848693204     
   29.396523033876385       0.57276730276252696     
   29.403062861025191       0.57358673427081897     
   29.409602688173994       0.57440559219237675     
   29.416142515322800       0.57522387570834232     
   29.422682342471603       0.57604158400043215     
   29.429222169620409       0.57685871625093799     
   29.435761996769212       0.57767527164272758     
   29.442301823918019       0.57849124935924545     
   29.448841651066822       0.57930664858451397     
   29.455381478215628       0.58012146850313395     
   29.461921305364431       0.58093570830028529     
   29.468461132513237       0.58174936716172854     
   29.475000959662040       0.58256244427380444     
   29.481540786810847       0.58337493882343605     
   29.488080613959649       0.58418684999812898     
   29.494620441108456       0.58499817698597179     
   29.501160268257259       0.58580891897563769     
   29.507700095406065       0.58661907515638445     
   29.514239922554868       0.58742864471805623     
   29.520779749703671       0.58823762685108316     
   29.527319576852477       0.58904602074648316     
   29.533859404001280       0.58985382559586241     
   29.540399231150086       0.59066104059141611     
   29.546939058298889       0.59146766492592928     
   29.553478885447696       0.59227369779277728     
   29.560018712596499       0.59307913838592752     
   29.566558539745305       0.59388398589993951     
   29.573098366894108       0.59468823952996563     
   29.579638194042914       0.59549189847175221     
   29.586178021191717       0.59629496192164022     
   29.592717848340524       0.59709742907656627     
   29.599257675489326       0.59789929913406337     
   29.605797502638133       0.59870057129226117     
   29.612337329786936       0.59950124474988786     
   29.618877156935742       0.60030131870626979     
   29.625416984084545       0.60110079236133285     
   29.631956811233348       0.60189966491560354     
   29.638496638382154       0.60269793557020945     
   29.645036465530957       0.60349560352687970     
   29.651576292679763       0.60429266798794634     
   29.658116119828566       0.60508912815634508     
   29.664655946977373       0.60588498323561557     
   29.671195774126176       0.60668023242990288     
   29.677735601274982       0.60747487494395747     
   29.684275428423785       0.60826890998313732     
   29.690815255572591       0.60906233675340715     
   29.697355082721394       0.60985515446134020     
   29.703894909870201       0.61064736231411887     
   29.710434737019003       0.61143895951953497     
   29.716974564167810       0.61222994528599173     
   29.723514391316613       0.61302031882250319     
   29.730054218465419       0.61381007933869569     
   29.736594045614222       0.61459922604480888     
   29.743133872763028       0.61538775815169611     
   29.749673699911831       0.61617567487082514     
   29.756213527060634       0.61696297541427914     
   29.762753354209440       0.61774965899475787     
   29.769293181358243       0.61853572482557784     
   29.775833008507050       0.61932117212067272     
   29.782372835655853       0.62010600009459582     
   29.788912662804659       0.62089020796251870     
   29.795452489953462       0.62167379494023367     
   29.801992317102268       0.62245676024415353     
   29.808532144251071       0.62323910309131347     
   29.815071971399878       0.62402082269937009     
   29.821611798548680       0.62480191828660414     
   29.828151625697487       0.62558238907191976     
   29.834691452846290       0.62636223427484650     
   29.841231279995096       0.62714145311553882     
   29.847771107143899       0.62792004481477814     
   29.854310934292705       0.62869800859397251     
   29.860850761441508       0.62947534367515856     
   29.867390588590315       0.63025204928100076     
   29.873930415739117       0.63102812463479363     
   29.880470242887920       0.63180356896046186     
   29.887010070036727       0.63257838148256118     
   29.893549897185530       0.63335256142627894     
   29.900089724334336       0.63412610801743519     
   29.906629551483139       0.63489902048248359     
   29.913169378631945       0.63567129804851141     
   29.919709205780748       0.63644293994324108     
   29.926249032929555       0.63721394539503096     
   29.932788860078357       0.63798431363287567     
   29.939328687227164       0.63875404388640644     
   29.945868514375967       0.63952313538589345     
   29.952408341524773       0.64029158736224523     
   29.958948168673576       0.64105939904700959     
   29.965487995822382       0.64182656967237484     
   29.972027822971185       0.64259309847117041     
   29.978567650119992       0.64335898467686736     
   29.985107477268794       0.64412422752357967     
   29.991647304417597       0.64488882624606447     
   29.998187131566404       0.64565278007972293     
   30.004726958715207       0.64641608826060160     
   30.011266785864013       0.64717875002539182     
   30.017806613012816       0.64794076461143202     
   30.024346440161622       0.64870213125670750     
   30.030886267310425       0.64946284919985175     
   30.037426094459232       0.65022291768014684     
   30.043965921608034       0.65098233593752441     
   30.050505748756841       0.65174110321256595     
   30.057045575905644       0.65249921874650407     
   30.063585403054450       0.65325668178122354     
   30.070125230203253       0.65401349155926114     
   30.076665057352059       0.65476964732380727     
   30.083204884500862       0.65552514831870601     
   30.089744711649669       0.65627999378845636     
   30.096284538798471       0.65703418297821292     
   30.102824365947278       0.65778771513378664     
   30.109364193096081       0.65854058950164507     
   30.115904020244884       0.65929280532891410     
   30.122443847393690       0.66004436186337778     
   30.128983674542493       0.66079525835347963     
   30.135523501691299       0.66154549404832319     
   30.142063328840102       0.66229506819767259     
   30.148603155988908       0.66304398005195386     
   30.155142983137711       0.66379222886225508     
   30.161682810286518       0.66453981388032746     
   30.168222637435321       0.66528673435858587     
   30.174762464584127       0.66603298955011003     
   30.181302291732930       0.66677857870864465     
   30.187842118881736       0.66752350108860048     
   30.194381946030539       0.66826775594505516     
   30.200921773179346       0.66901134253375394     
   30.207461600328148       0.66975426011111017     
   30.214001427476955       0.67049650793420634     
   30.220541254625758       0.67123808526079454     
   30.227081081774561       0.67197899134929751     
   30.233620908923367       0.67271922545880902     
   30.240160736072170       0.67345878684909521     
   30.246700563220976       0.67419767478059445     
   30.253240390369779       0.67493588851441910     
   30.259780217518585       0.67567342731235513     
   30.266320044667388       0.67641029043686385     
   30.272859871816195       0.67714647715108212     
   30.279399698964998       0.67788198671882327     
   30.285939526113804       0.67861681840457777     
   30.292479353262607       0.67935097147351386     
   30.299019180411413       0.68008444519147826     
   30.305559007560216       0.68081723882499767     
   30.312098834709023       0.68154935164127817     
   30.318638661857825       0.68228078290820682     
   30.325178489006632       0.68301153189435271     
   30.331718316155435       0.68374159786896671     
   30.338258143304241       0.68447098010198293     
   30.344797970453044       0.68519967786401881     
   30.351337797601847       0.68592769042637691     
   30.357877624750653       0.68665501706104459     
   30.364417451899456       0.68738165704069532     
   30.370957279048262       0.68810760963868900     
   30.377497106197065       0.68883287412907301     
   30.384036933345872       0.68955744978658273     
   30.390576760494675       0.69028133588664287     
   30.397116587643481       0.69100453170536713     
   30.403656414792284       0.69172703651955947     
   30.410196241941090       0.69244884960671538     
   30.416736069089893       0.69316997024502169     
   30.423275896238700       0.69389039771335781     
   30.429815723387502       0.69461013129129612     
   30.436355550536309       0.69532917025910324     
   30.442895377685112       0.69604751389774000     
   30.449435204833918       0.69676516148886281     
   30.455975031982721       0.69748211231482427     
   30.462514859131524       0.69819836565867333     
   30.469054686280330       0.69891392080415671     
   30.475594513429133       0.69962877703571946     
   30.482134340577939       0.70034293363850497     
   30.488674167726742       0.70105638989835672     
   30.495213994875549       0.70176914510181887     
   30.501753822024352       0.70248119853613566     
   30.508293649173158       0.70319254948925403     
   30.514833476321961       0.70390319724982309     
   30.521373303470767       0.70461314110719475     
   30.527913130619570       0.70532238035142514     
   30.534452957768377       0.70603091427327525     
   30.540992784917179       0.70673874216421106     
   30.547532612065986       0.70744586331640491     
   30.554072439214789       0.70815227702273520     
   30.560612266363595       0.70885798257678856     
   30.567152093512398       0.70956297927285927     
   30.573691920661204       0.71026726640595073     
   30.580231747810007       0.71097084327177573     
   30.586771574958810       0.71167370916675743     
   30.593311402107616       0.71237586338803027     
   30.599851229256419       0.71307730523343948     
   30.606391056405226       0.71377803400154360     
   30.612930883554029       0.71447804899161360     
   30.619470710702835       0.71517734950363465     
   30.626010537851638       0.71587593483830614     
   30.632550365000444       0.71657380429704276     
   30.639090192149247       0.71727095718197531     
   30.645630019298054       0.71796739279595045     
   30.652169846446856       0.71866311044253284     
   30.658709673595663       0.71935810942600475     
   30.665249500744466       0.72005238905136748     
   30.671789327893272       0.72074594862434083     
   30.678329155042075       0.72143878745136569     
   30.684868982190881       0.72213090483960329     
   30.691408809339684       0.72282230009693593     
   30.697948636488491       0.72351297253196833     
   30.704488463637293       0.72420292145402843     
   30.711028290786096       0.72489214617316677     
   30.717568117934903       0.72558064600015926     
   30.724107945083706       0.72626842024650562     
   30.730647772232512       0.72695546822443180     
   30.737187599381315       0.72764178924688949     
   30.743727426530121       0.72832738262755825     
   30.750267253678924       0.72901224768084427     
   30.756807080827731       0.72969638372188284     
   30.763346907976533       0.73037979006653775     
   30.769886735125340       0.73106246603140246     
   30.776426562274143       0.73174441093380105     
   30.782966389422949       0.73242562409178891     
   30.789506216571752       0.73310610482415262     
   30.796046043720558       0.73378585245041150     
   30.802585870869361       0.73446486629081797     
   30.809125698018168       0.73514314566635808     
   30.815665525166970       0.73582068989875271     
   30.822205352315773       0.73649749831045719     
   30.828745179464580       0.73717357022466334     
   30.835285006613383       0.73784890496529942     
   30.841824833762189       0.73852350185703042     
   30.848364660910992       0.73919736022525961     
   30.854904488059798       0.73987047939612860     
   30.861444315208601       0.74054285869651804     
   30.867984142357408       0.74121449745404899     
   30.874523969506210       0.74188539499708250     
   30.881063796655017       0.74255555065472090     
   30.887603623803820       0.74322496375680880     
   30.894143450952626       0.74389363363393279     
   30.900683278101429       0.74456155961742321     
   30.907223105250235       0.74522874103935399     
   30.913762932399038       0.74589517723254362     
   30.920302759547845       0.74656086753055617     
   30.926842586696647       0.74722581126770116     
   30.933382413845454       0.74789000777903492     
   30.939922240994257       0.74855345640036086     
   30.946462068143060       0.74921615646823048     
   30.953001895291866       0.74987810731994364     
   30.959541722440669       0.75053930829354942     
   30.966081549589475       0.75119975872784694     
   30.972621376738278       0.75185945796238574     
   30.979161203887084       0.75251840533746650     
   30.985701031035887       0.75317660019414201     
   30.992240858184694       0.75383404187421732     
   30.998780685333497       0.75449072972025077     
   31.005320512482303       0.75514666307555456     
   31.011860339631106       0.75580184128419525     
   31.018400166779912       0.75645626369099461     
   31.024939993928715       0.75710992964153034     
   31.031479821077522       0.75776283848213644     
   31.038019648226324       0.75841498955990416     
   31.044559475375131       0.75906638222268219     
   31.051099302523934       0.75971701581907802     
   31.057639129672737       0.76036688969845834     
   31.064178956821543       0.76101600321094864     
   31.070718783970346       0.76166435570743596     
   31.077258611119152       0.76231194653956746     
   31.083798438267955       0.76295877505975263     
   31.090338265416761       0.76360484062116241     
   31.096878092565564       0.76425014257773183     
   31.103417919714371       0.76489468028415863     
   31.109957746863174       0.76553845309590518     
   31.116497574011980       0.76618146036919865     
   31.123037401160783       0.76682370146103174     
   31.129577228309589       0.76746517572916340     
   31.136117055458392       0.76810588253211920     
   31.142656882607199       0.76874582122919244     
   31.149196709756001       0.76938499118044457     
   31.155736536904808       0.77002339174670542     
   31.162276364053611       0.77066102228957456     
   31.168816191202417       0.77129788217142137     
   31.175356018351220       0.77193397075538617     
   31.181895845500023       0.77256928740538011     
   31.188435672648829       0.77320383148608662     
   31.194975499797632       0.77383760236296173     
   31.201515326946438       0.77447059940223428     
   31.208055154095241       0.77510282197090763     
   31.214594981244048       0.77573426943675916     
   31.221134808392851       0.77636494116834109     
   31.227674635541657       0.77699483653498180     
   31.234214462690460       0.77762395490678604     
   31.240754289839266       0.77825229565463538     
   31.247294116988069       0.77887985815018912     
   31.253833944136876       0.77950664176588447     
   31.260373771285678       0.78013264587493825     
   31.266913598434485       0.78075786985134610     
   31.273453425583288       0.78138231306988415     
   31.279993252732094       0.78200597490610890     
   31.286533079880897       0.78262885473635868     
   31.293072907029700       0.78325095193775385     
   31.299612734178506       0.78387226588819703     
   31.306152561327309       0.78449279596637433     
   31.312692388476115       0.78511254155175558     
   31.319232215624918       0.78573150202459530     
   31.325772042773725       0.78634967676593304     
   31.332311869922528       0.78696706515759396     
   31.338851697071334       0.78758366658218981     
   31.345391524220137       0.78819948042311894     
   31.351931351368943       0.78881450606456760     
   31.358471178517746       0.78942874289151033     
   31.365011005666553       0.79004219028971001     
   31.371550832815355       0.79065484764571969     
   31.378090659964162       0.79126671434688145     
   31.384630487112965       0.79187778978132906     
   31.391170314261771       0.79248807333798676     
   31.397710141410574       0.79309756440657131     
   31.404249968559380       0.79370626237759123     
   31.410789795708183       0.79431416664234888     
   31.417329622856986       0.79492127659293987     
   31.423869450005792       0.79552759162225428     
   31.430409277154595       0.79613311112397700     
   31.436949104303402       0.79673783449258861     
   31.443488931452205       0.79734176112336563     
   31.450028758601011       0.79794489041238148     
   31.456568585749814       0.79854722175650716     
   31.463108412898620       0.79914875455341083     
   31.469648240047423       0.79974948820156000     
   31.476188067196230       0.80034942210022098     
   31.482727894345032       0.80094855564945988     
   31.489267721493839       0.80154688825014309     
   31.495807548642642       0.80214441930393809     
   31.502347375791448       0.80274114821331377     
   31.508887202940251       0.80333707438154123     
   31.515427030089057       0.80393219721269427     
   31.521966857237860       0.80452651611165005     
   31.528506684386663       0.80512003048408964     
   31.535046511535469       0.80571273973649860     
   31.541586338684272       0.80630464327616802     
   31.548126165833079       0.80689574051119417     
   31.554665992981882       0.80748603085047976     
   31.561205820130688       0.80807551370373454     
   31.567745647279491       0.80866418848147548     
   31.574285474428297       0.80925205459502803     
   31.580825301577100       0.80983911145652598     
   31.587365128725907       0.81042535847891262     
   31.593904955874709       0.81101079507594054     
   31.600444783023516       0.81159542066217349     
   31.606984610172319       0.81217923465298580     
   31.613524437321125       0.81276223646456336     
   31.620064264469928       0.81334442551390462     
   31.626604091618734       0.81392580121882019     
   31.633143918767537       0.81450636299793455     
   31.639683745916344       0.81508611027068578     
   31.646223573065146       0.81566504245732696     
   31.652763400213949       0.81624315897892563     
   31.659303227362756       0.81682045925736513     
   31.665843054511559       0.81739694271534558     
   31.672382881660365       0.81797260877638323     
   31.678922708809168       0.81854745686481223     
   31.685462535957974       0.81912148640578419     
   31.692002363106777       0.81969469682526996     
   31.698542190255584       0.82026708755005884     
   31.705082017404386       0.82083865800776001     
   31.711621844553193       0.82140940762680337     
   31.718161671701996       0.82197933583643923     
   31.724701498850802       0.82254844206673916     
   31.731241325999605       0.82311672574859696     
   31.737781153148411       0.82368418631372908     
   31.744320980297214       0.82425082319467502     
   31.750860807446021       0.82481663582479758     
   31.757400634594823       0.82538162363828438     
   31.763940461743630       0.82594578607014757     
   31.770480288892433       0.82650912255622466     
   31.777020116041236       0.82707163253317928     
   31.783559943190042       0.82763331543850116     
   31.790099770338845       0.82819417071050772     
   31.796639597487651       0.82875419778834347     
   31.803179424636454       0.82931339611198152     
   31.809719251785260       0.82987176512222327     
   31.816259078934063       0.83042930426070005     
   31.822798906082870       0.83098601296987240     
   31.829338733231673       0.83154189069303197     
   31.835878560380479       0.83209693687430075     
   31.842418387529282       0.83265115095863274     
   31.848958214678088       0.83320453239181369     
   31.855498041826891       0.83375708062046228     
   31.862037868975698       0.83430879509203015     
   31.868577696124500       0.83485967525480309     
   31.875117523273307       0.83540972055790064     
   31.881657350422110       0.83595893045127778     
   31.888197177570913       0.83650730438572429     
   31.894737004719719       0.83705484181286660     
   31.901276831868522       0.83760154218516714     
   31.907816659017328       0.83814740495592521     
   31.914356486166131       0.83869242957927836     
   31.920896313314937       0.83923661551020212     
   31.927436140463740       0.83977996220451023     
   31.933975967612547       0.84032246911885633     
   31.940515794761350       0.84086413571073326     
   31.947055621910156       0.84140496143847443     
   31.953595449058959       0.84194494576125412     
   31.960135276207765       0.84248408813908804     
   31.966675103356568       0.84302238803283380     
   31.973214930505375       0.84355984490419156     
   31.979754757654177       0.84409645821570456     
   31.986294584802984       0.84463222743075905     
   31.992834411951787       0.84516715201358605     
   31.999374239100593       0.84570123142926112     
   32.005914066249396       0.84623446514370471     
   32.012453893398202       0.84676685262368334     
   32.018993720547002       0.84729839333680912     
   32.025533547695808       0.84782908675154167     
   32.032073374844614       0.84835893233718751     
   32.038613201993421       0.84888792956390091     
   32.045153029142220       0.84941607790268492     
   32.051692856291027       0.84994337682539078     
   32.058232683439833       0.85046982580471997     
   32.064772510588639       0.85099542431422337     
   32.071312337737439       0.85152017182830242     
   32.077852164886245       0.85204406782220965     
   32.084391992035052       0.85256711177204914     
   32.090931819183858       0.85308930315477660     
   32.097471646332657       0.85361064144820109     
   32.104011473481464       0.85413112613098396     
   32.110551300630270       0.85465075668264068     
   32.117091127779076       0.85516953258354067     
   32.123630954927876       0.85568745331490825     
   32.130170782076682       0.85620451835882239     
   32.136710609225489       0.85672072719821835     
   32.143250436374288       0.85723607931688706     
   32.149790263523094       0.85775057419947631     
   32.156330090671901       0.85826421133149144     
   32.162869917820707       0.85877699019929521     
   32.169409744969506       0.85928891029010879     
   32.175949572118313       0.85979997109201212     
   32.182489399267119       0.86031017209394423     
   32.189029226415926       0.86081951278570434     
   32.195569053564725       0.86132799265795146     
   32.202108880713531       0.86183561120220609     
   32.208648707862338       0.86234236791084951     
   32.215188535011144       0.86284826227712497     
   32.221728362159944       0.86335329379513814     
   32.228268189308750       0.86385746195985758     
   32.234808016457556       0.86436076626711500     
   32.241347843606356       0.86486320621360613     
   32.247887670755162       0.86536478129689109     
   32.254427497903968       0.86586549101539467     
   32.260967325052775       0.86636533486840739     
   32.267507152201574       0.86686431235608519     
   32.274046979350381       0.86736242297945054     
   32.280586806499187       0.86785966624039301     
   32.287126633647993       0.86835604164166924     
   32.293666460796793       0.86885154868690395     
   32.300206287945599       0.86934618688058984     
   32.306746115094406       0.86983995572808881     
   32.313285942243212       0.87033285473563204     
   32.319825769392011       0.87082488341032049     
   32.326365596540818       0.87131604126012585     
   32.332905423689624       0.87180632779388956     
   32.339445250838430       0.87229574252132558     
   32.345985077987230       0.87278428495301907     
   32.352524905136036       0.87327195460042750     
   32.359064732284843       0.87375875097588140     
   32.365604559433642       0.87424467359258440     
   32.372144386582448       0.87472972196461374     
   32.378684213731255       0.87521389560692109     
   32.385224040880061       0.87569719403533297     
   32.391763868028860       0.87617961676655087     
   32.398303695177667       0.87666116331815203     
   32.404843522326473       0.87714183320858963     
   32.411383349475280       0.87762162595719417     
   32.417923176624079       0.87810054108417279     
   32.424463003772885       0.87857857811061024     
   32.431002830921692       0.87905573655846958     
   32.437542658070498       0.87953201595059238     
   32.444082485219297       0.88000741581069908     
   32.450622312368104       0.88048193566339028     
   32.457162139516910       0.88095557503414568     
   32.463701966665717       0.88142833344932603     
   32.470241793814516       0.88190021043617284     
   32.476781620963322       0.88237120552280934     
   32.483321448112129       0.88284131823824030     
   32.489861275260928       0.88331054811235299     
   32.496401102409735       0.88377889467591764     
   32.502940929558541       0.88424635746058755     
   32.509480756707347       0.88471293599890000     
   32.516020583856147       0.88517862982427642     
   32.522560411004953       0.88564343847102300     
   32.529100238153760       0.88610736147433111     
   32.535640065302566       0.88657039837027785     
   32.542179892451365       0.88703254869582604     
   32.548719719600172       0.88749381198882560     
   32.555259546748978       0.88795418778801316     
   32.561799373897784       0.88841367563301299     
   32.568339201046584       0.88887227506433708     
   32.574879028195390       0.88932998562338605     
   32.581418855344197       0.88978680685244960     
   32.587958682493003       0.89024273829470613     
   32.594498509641802       0.89069777949422435     
   32.601038336790609       0.89115192999596315     
   32.607578163939415       0.89160518934577193     
   32.614117991088214       0.89205755709039147     
   32.620657818237021       0.89250903277745386     
   32.627197645385827       0.89295961595548345     
   32.633737472534634       0.89340930617389713     
   32.640277299683433       0.89385810298300461     
   32.646817126832239       0.89430600593400911     
   32.653356953981046       0.89475301457900780     
   32.659896781129852       0.89519912847099181     
   32.666436608278651       0.89564434716384722     
   32.672976435427458       0.89608867021235572     
   32.679516262576264       0.89653209717219373     
   32.686056089725071       0.89697462759993474     
   32.692595916873870       0.89741626105304806     
   32.699135744022676       0.89785699708990019     
   32.705675571171483       0.89829683526975534     
   32.712215398320289       0.89873577515277525     
   32.718755225469089       0.89917381630001980     
   32.725295052617895       0.89961095827344839     
   32.731834879766701       0.90004720063591848     
   32.738374706915501       0.90048254295118790     
   32.744914534064307       0.90091698478391435     
   32.751454361213113       0.90135052569965612     
   32.757994188361920       0.90178316526487223     
   32.764534015510719       0.90221490304692309     
   32.771073842659526       0.90264573861407083     
   32.777613669808332       0.90307567153548007     
   32.784153496957138       0.90350470138121763     
   32.790693324105938       0.90393282772225392     
   32.797233151254744       0.90436005013046250     
   32.803772978403551       0.90478636817862101     
   32.810312805552357       0.90521178144041115     
   32.816852632701156       0.90563628949041997     
   32.823392459849963       0.90605989190413927     
   32.829932286998769       0.90648258825796668     
   32.836472114147568       0.90690437812920599     
   32.843011941296375       0.90732526109606704     
   32.849551768445181       0.90774523673766694     
   32.856091595593988       0.90816430463403008     
   32.862631422742787       0.90858246436608869     
   32.869171249891593       0.90899971551568304     
   32.875711077040400       0.90941605766556177     
   32.882250904189206       0.90983149039938283     
   32.888790731338005       0.91024601330171351     
   32.895330558486812       0.91065962595803085     
   32.901870385635618       0.91107232795472226     
   32.908410212784425       0.91148411887908565     
   32.914950039933224       0.91189499831933030     
   32.921489867082030       0.91230496586457654     
   32.928029694230837       0.91271402110485711     
   32.934569521379643       0.91312216363111642     
   32.941109348528443       0.91352939303521208     
   32.947649175677249       0.91393570890991471     
   32.954189002826055       0.91434111084890857     
   32.960728829974855       0.91474559844679137     
   32.967268657123661       0.91514917129907580     
   32.973808484272467       0.91555182900218901     
   32.980348311421274       0.91595357115347320     
   32.986888138570073       0.91635439735118629     
   32.993427965718880       0.91675430719450202     
   32.999967792867686       0.91715330028351061     
   33.006507620016492       0.91755137621921878     
   33.013047447165292       0.91794853460355075     
   33.019587274314098       0.91834477503934819     
   33.026127101462905       0.91874009713037053     
   33.032666928611711       0.91913450048129575     
   33.039206755760510       0.91952798469772057     
   33.045746582909317       0.91992054938616052     
   33.052286410058123       0.92031219415405130     
   33.058826237206929       0.92070291860974796     
   33.065366064355729       0.92109272236252604     
   33.071905891504535       0.92148160502258181     
   33.078445718653342       0.92186956620103244     
   33.084985545802141       0.92225660550991684     
   33.091525372950947       0.92264272256219559     
   33.098065200099754       0.92302791697175202     
   33.104605027248560       0.92341218835339134     
   33.111144854397359       0.92379553632284228     
   33.117684681546166       0.92417796049675682     
   33.124224508694972       0.92455946049271098     
   33.130764335843779       0.92494003592920471     
   33.137304162992578       0.92531968642566231     
   33.143843990141384       0.92569841160243349     
   33.150383817290191       0.92607621108079308     
   33.156923644438997       0.92645308448294172     
   33.163463471587797       0.92682903143200579     
   33.170003298736603       0.92720405155203833     
   33.176543125885409       0.92757814446801945     
   33.183082953034216       0.92795130980585594     
   33.189622780183015       0.92832354719238275     
   33.196162607331821       0.92869485625536241     
   33.202702434480628       0.92906523662348572     
   33.209242261629427       0.92943468792637252     
   33.215782088778234       0.92980320979457143     
   33.222321915927040       0.93017080185956036     
   33.228861743075846       0.93053746375374768     
   33.235401570224646       0.93090319511047115     
   33.241941397373452       0.93126799556399942     
   33.248481224522259       0.93163186474953219     
   33.255021051671065       0.93199480230320020     
   33.261560878819864       0.93235680786206576     
   33.268100705968671       0.93271788106412368     
   33.274640533117477       0.93307802154830033     
   33.281180360266283       0.93343722895445547     
   33.287720187415083       0.93379550292338165     
   33.294260014563889       0.93415284309680491     
   33.300799841712696       0.93450924911738509     
   33.307339668861495       0.93486472062871617     
   33.313879496010301       0.93521925727532662     
   33.320419323159108       0.93557285870267970     
   33.326959150307914       0.93592552455717415     
   33.333498977456713       0.93627725448614418     
   33.340038804605520       0.93662804813785960     
   33.346578631754326       0.93697790516152690     
   33.353118458903133       0.93732682520728927     
   33.359658286051932       0.93767480792622615     
   33.366198113200738       0.93802185297035523     
   33.372737940349545       0.93836795999263134     
   33.379277767498351       0.93871312864694745     
   33.385817594647150       0.93905735858813488     
   33.392357421795957       0.93940064947196389     
   33.398897248944763       0.93974300095514329     
   33.405437076093570       0.94008441269532184     
   33.411976903242369       0.94042488435108751     
   33.418516730391175       0.94076441558196877     
   33.425056557539982       0.94110300604843455     
   33.431596384688781       0.94144065541189426     
   33.438136211837588       0.94177736333469853     
   33.444676038986394       0.94211312948013959     
   33.451215866135200       0.94244795351245092     
   33.457755693284000       0.94278183509680880     
   33.464295520432806       0.94311477389933152     
   33.470835347581612       0.94344676958708051     
   33.477375174730419       0.94377782182805969     
   33.483915001879218       0.94410793029121742     
   33.490454829028025       0.94443709464644454     
   33.496994656176831       0.94476531456457713     
   33.503534483325637       0.94509258971739518     
   33.510074310474437       0.94541891977762327     
   33.516614137623243       0.94574430441893165     
   33.523153964772050       0.94606874331593571     
   33.529693791920856       0.94639223614419632     
   33.536233619069655       0.94671478258022079     
   33.542773446218462       0.94703638230146270     
   33.549313273367268       0.94735703498632240     
   33.555853100516067       0.94767674031414695     
   33.562392927664874       0.94799549796523119     
   33.568932754813680       0.94831330762081745     
   33.575472581962487       0.94863016896309615     
   33.582012409111286       0.94894608167520589     
   33.588552236260092       0.94926104544123391     
   33.595092063408899       0.94957505994621649     
   33.601631890557705       0.94988812487613905     
   33.608171717706504       0.95020023991793678     
   33.614711544855311       0.95051140475949469     
   33.621251372004117       0.95082161908964780     
   33.627791199152924       0.95113088259818190     
   33.634331026301723       0.95143919497583329     
   33.640870853450529       0.95174655591428980     
   33.647410680599336       0.95205296510619009     
   33.653950507748142       0.95235842224512557     
   33.660490334896942       0.95266292702563871     
   33.667030162045748       0.95296647914322508     
   33.673569989194554       0.95326907829433194     
   33.680109816343354       0.95357072417636068     
   33.686649643492160       0.95387141648766549     
   33.693189470640966       0.95417115492755344     
   33.699729297789773       0.95446993919628664     
   33.706269124938572       0.95476776899508076     
   33.712808952087379       0.95506464402610569     
   33.719348779236185       0.95536056399248659     
   33.725888606384991       0.95565552859830372     
   33.732428433533791       0.95594953754859191     
   33.738968260682597       0.95624259054934269     
   33.745508087831404       0.95653468730750313     
   33.752047914980210       0.95682582753097611     
   33.758587742129009       0.95711601092862142     
   33.765127569277816       0.95740523721025583     
   33.771667396426622       0.95769350608665305     
   33.778207223575428       0.95798081726954420     
   33.784747050724228       0.95826717047161825     
   33.791286877873034       0.95855256540652156     
   33.797826705021841       0.95883700178885967     
   33.804366532170640       0.95912047933419597     
   33.810906359319446       0.95940299775905269     
   33.817446186468253       0.95968455678091169     
   33.823986013617059       0.95996515611821409     
   33.830525840765858       0.96024479549036013     
   33.837065667914665       0.96052347461771082     
   33.843605495063471       0.96080119322158686     
   33.850145322212278       0.96107795102426974     
   33.856685149361077       0.96135374774900151     
   33.863224976509883       0.96162858311998545     
   33.869764803658690       0.96190245686238640     
   33.876304630807496       0.96217536870233056     
   33.882844457956296       0.96244731836690600     
   33.889384285105102       0.96271830558416305     
   33.895924112253908       0.96298833008311446     
   33.902463939402708       0.96325739159373591     
   33.909003766551514       0.96352548984696573     
   33.915543593700320       0.96379262457470571     
   33.922083420849127       0.96405879550982099     
   33.928623247997926       0.96432400238614102     
   33.935163075146733       0.96458824493845852     
   33.941702902295539       0.96485152290253118     
   33.948242729444345       0.96511383601508105     
   33.954782556593145       0.96537518401379452     
   33.961322383741951       0.96563556663732419     
   33.967862210890758       0.96589498362528714     
   33.974402038039564       0.96615343471826665     
   33.980941865188363       0.96641091965781134     
   33.987481692337170       0.96666743818643641     
   33.994021519485976       0.96692299004762339     
   34.000561346634782       0.96717757498582013     
   34.007101173783582       0.96743119274644207     
   34.013641000932388       0.96768384307587141     
   34.020180828081195       0.96793552572145747     
   34.026720655229994       0.96818624043151791     
   34.033260482378800       0.96843598695533761     
   34.039800309527607       0.96868476504317058     
   34.046340136676413       0.96893257444623837     
   34.052879963825212       0.96917941491673187     
   34.059419790974019       0.96942528620781043     
   34.065959618122825       0.96967018807360272     
   34.072499445271632       0.96991412026920720     
   34.079039272420431       0.97015708255069122     
   34.085579099569237       0.97039907467509279     
   34.092118926718044       0.97064009640041971     
   34.098658753866850       0.97088014748565021     
   34.105198581015649       0.97111922769073322     
   34.111738408164456       0.97135733677658875     
   34.118278235313262       0.97159447450510739     
   34.124818062462069       0.97183064063915148     
   34.131357889610868       0.97206583494255494     
   34.137897716759674       0.97230005718012358     
   34.144437543908481       0.97253330711763486     
   34.150977371057280       0.97276558452183937     
   34.157517198206087       0.97299688916045912     
   34.164057025354893       0.97322722080218971     
   34.170596852503699       0.97345657921669970     
   34.177136679652499       0.97368496417463046     
   34.183676506801305       0.97391237544759690     
   34.190216333950112       0.97413881280818804     
   34.196756161098918       0.97436427602996623     
   34.203295988247717       0.97458876488746848     
   34.209835815396524       0.97481227915620572     
   34.216375642545330       0.97503481861266383     
   34.222915469694136       0.97525638303430318     
   34.229455296842936       0.97547697219955976     
   34.235995123991742       0.97569658588784391     
   34.242534951140549       0.97591522387954210     
   34.249074778289355       0.97613288595601655     
   34.255614605438154       0.97634957189960481     
   34.262154432586961       0.97656528149362154     
   34.268694259735767       0.97678001452235652     
   34.275234086884566       0.97699377077107685     
   34.281773914033373       0.97720655002602663     
   34.288313741182179       0.97741835207442640     
   34.294853568330986       0.97762917670447402     
   34.301393395479785       0.97783902370534503     
   34.307933222628591       0.97804789286719240     
   34.314473049777398       0.97825578398114676     
   34.321012876926204       0.97846269683931719     
   34.327552704075003       0.97866863123479086     
   34.334092531223810       0.97887358696163318     
   34.340632358372616       0.97907756381488864     
   34.347172185521423       0.97928056159058030     
   34.353712012670222       0.97948258008571021     
   34.360251839819028       0.97968361909826029     
   34.366791666967835       0.97988367842719104     
   34.373331494116634       0.98008275787244337     
   34.379871321265441       0.98028085723493785     
   34.386411148414247       0.98047797631657518     
   34.392950975563053       0.98067411492023615     
   34.399490802711853       0.98086927284978220     
   34.406030629860659       0.98106344991005534     
   34.412570457009465       0.98125664590687867     
   34.419110284158272       0.98144886064705616     
   34.425650111307071       0.98164009393837304     
   34.432189938455878       0.98183034558959581     
   34.438729765604684       0.98201961541047311     
   34.445269592753490       0.98220790321173501     
   34.451809419902290       0.98239520880509357     
   34.458349247051096       0.98258153200324350     
   34.464889074199903       0.98276687261986140     
   34.471428901348709       0.98295123046960675     
   34.477968728497508       0.98313460536812147     
   34.484508555646315       0.98331699713203091     
   34.491048382795121       0.98349840557894319     
   34.497588209943920       0.98367883052744987     
   34.504128037092727       0.98385827179712615     
   34.510667864241533       0.98403672920853069     
   34.517207691390340       0.98421420258320580     
   34.523747518539139       0.98439069174367844     
   34.530287345687945       0.98456619651345922     
   34.536827172836752       0.98474071671704355     
   34.543366999985558       0.98491425217991113     
   34.549906827134357       0.98508680272852656     
   34.556446654283164       0.98525836819033930     
   34.562986481431970       0.98542894839378392     
   34.569526308580777       0.98559854316827999     
   34.576066135729576       0.98576715234423284     
   34.582605962878382       0.98593477575303345     
   34.589145790027189       0.98610141322705835     
   34.595685617175995       0.98626706459966995     
   34.602225444324795       0.98643172970521686     
   34.608765271473601       0.98659540837903414     
   34.615305098622407       0.98675810045744305     
   34.621844925771207       0.98691980577775140     
   34.628384752920013       0.98708052417825420     
   34.634924580068819       0.98724025549823280     
   34.641464407217626       0.98739899957795585     
   34.648004234366425       0.98755675625867934     
   34.654544061515232       0.98771352538264678     
   34.661083888664038       0.98786930679308849     
   34.667623715812844       0.98802410033422361     
   34.674163542961644       0.98817790585125842     
   34.680703370110450       0.98833072319038739     
   34.687243197259257       0.98848255219879277     
   34.693783024408063       0.98863339272464634     
   34.700322851556862       0.98878324461710698     
   34.706862678705669       0.98893210772632312     
   34.713402505854475       0.98907998190343149     
   34.719942333003281       0.98922686700055784     
   34.726482160152081       0.98937276287081732     
   34.733021987300887       0.98951766936831376     
   34.739561814449694       0.98966158634814116     
   34.746101641598493       0.98980451366638189     
   34.752641468747299       0.98994645118010915     
   34.759181295896106       0.99008739874738527     
   34.765721123044912       0.99022735622726243     
   34.772260950193711       0.99036632347978371     
   34.778800777342518       0.99050430036598125     
   34.785340604491324       0.99064128674787855     
   34.791880431640131       0.99077728248848906     
   34.798420258788930       0.99091228745181714     
   34.804960085937736       0.99104630150285766     
   34.811499913086543       0.99117932450759683     
   34.818039740235349       0.99131135633301160     
   34.824579567384149       0.99144239684706992     
   34.831119394532955       0.99157244591873150     
   34.837659221681761       0.99170150341794694     
   34.844199048830568       0.99182956921565901     
   34.850738875979367       0.99195664318380194     
   34.857278703128173       0.99208272519530138     
   34.863818530276980       0.99220781512407574     
   34.870358357425779       0.99233191284503508     
   34.876898184574586       0.99245501823408133     
   34.883438011723392       0.99257713116810964     
   34.889977838872198       0.99269825152500668     
   34.896517666020998       0.99281837918365223     
   34.903057493169804       0.99293751402391861     
   34.909597320318611       0.99305565592667089     
   34.916137147467417       0.99317280477376724     
   34.922676974616216       0.99328896044805892     
   34.929216801765023       0.99340412283339008     
   34.935756628913829       0.99351829181459828     
   34.942296456062635       0.99363146727751483     
   34.948836283211435       0.99374364910896407     
   34.955376110360241       0.99385483719676415     
   34.961915937509048       0.99396503142972703     
   34.968455764657847       0.99407423169765852     
   34.974995591806653       0.99418243789135818     
   34.981535418955460       0.99428964990262003     
   34.988075246104266       0.99439586762423193     
   34.994615073253065       0.99450109094997619     
   35.001154900401872       0.99460531977462951     
   35.007694727550678       0.99470855399396307     
   35.014234554699485       0.99481079350474266     
   35.020774381848284       0.99491203820472873     
   35.027314208997090       0.99501228799267660     
   35.033854036145897       0.99511154276833647     
   35.040393863294703       0.99520980243245349     
   35.046933690443502       0.99530706688676807     
   35.053473517592309       0.99540333603401576     
   35.060013344741115       0.99549860977792737     
   35.066553171889922       0.99559288802322943     
   35.073092999038721       0.99568617067564325     
   35.079632826187527       0.99577845764188633     
   35.086172653336334       0.99586974882967205     
   35.092712480485133       0.99596004414770867     
   35.099252307633940       0.99604934350570118     
   35.105792134782746       0.99613764681435013     
   35.112331961931552       0.99622495398535238     
   35.118871789080352       0.99631126493140054     
   35.125411616229158       0.99639657956618366     
   35.131951443377964       0.99648089780438731     
   35.138491270526771       0.99656421956169305     
   35.145031097675570       0.99664654475477943     
   35.151570924824377       0.99672787330132095     
   35.158110751973183       0.99680820511998913     
   35.164650579121989       0.99688754013045222     
   35.171190406270789       0.99696587825337513     
   35.177730233419595       0.99704321941041973     
   35.184270060568402       0.99711956352424502     
   35.190809887717208       0.99719491051850673     
   35.197349714866007       0.99726926031785812     
   35.203889542014814       0.99734261284794901     
   35.210429369163620       0.99741496803542717     
   35.216969196312419       0.99748632580793728     
   35.223509023461226       0.99755668609412163     
   35.230048850610032       0.99762604882361994     
   35.236588677758839       0.99769441392706937     
   35.243128504907638       0.99776178133610494     
   35.249668332056444       0.99782815098335909     
   35.256208159205251       0.99789352280246224     
   35.262747986354057       0.99795789672804258     
   35.269287813502856       0.99802127269572627     
   35.275827640651663       0.99808365064213711     
   35.282367467800469       0.99814503050489745     
   35.288907294949276       0.99820541222262715     
   35.295447122098075       0.99826479573494475     
   35.301986949246881       0.99832318098246664     
   35.308526776395688       0.99838056790680740     
   35.315066603544494       0.99843695645058050     
   35.321606430693294       0.99849234655739694     
   35.328146257842100       0.99854673817186679     
   35.334686084990906       0.99860013123959845     
   35.341225912139706       0.99865252570719887     
   35.347765739288512       0.99870392152227372     
   35.354305566437318       0.99875431863342690     
   35.360845393586125       0.99880371699026149     
   35.367385220734924       0.99885211654337913     
   35.373925047883731       0.99889951724438020     
   35.380464875032537       0.99894591904586394     
   35.387004702181343       0.99899132190142870     
   35.393544529330143       0.99903572576567157     
   35.400084356478949       0.99907913059418851     
   35.406624183627756       0.99912153634357492     
   35.413164010776562       0.99916294297142494     
   35.419703837925361       0.99920335043633202     
   35.426243665074168       0.99924275869788870     
   35.432783492222974       0.99928116771668662     
   35.439323319371780       0.99931857745431696     
   35.445863146520580       0.99935498787336963     
   35.452402973669386       0.99939039893743453     
   35.458942800818193       0.99942481061110056     
   35.465482627966992       0.99945822285995600     
   35.472022455115798       0.99949063565058838     
   35.478562282264605       0.99952204895058516     
   35.485102109413411       0.99955246272853293     
   35.491641936562210       0.99958187695401812     
   35.498181763711017       0.99961029159762627     
   35.504721590859823       0.99963770663094287     
   35.511261418008630       0.99966412202655297     
   35.517801245157429       0.99968953775804081     
   35.524341072306235       0.99971395379999106     
   35.530880899455042       0.99973737012798747     
   35.537420726603848       0.99975978671861376     
   35.543960553752648       0.99978120354945332     
   35.550500380901454       0.99980162059908950     
   35.557040208050260       0.99982103784710497     
   35.563580035199060       0.99983945527408269     
   35.570119862347866       0.99985687286160518     
   35.576659689496672       0.99987329059225472     
   35.583199516645479       0.99988870844961364     
   35.589739343794278       0.99990312641826407     
   35.596279170943085       0.99991654448378797     
   35.602818998091891       0.99992896263276765     
   35.609358825240697       0.99994038085278458     
   35.615898652389497       0.99995079913242058     
   35.622438479538303       0.99996021746125763     
   35.628978306687110       0.99996863582987705     
   35.635518133835916       0.99997605422986058     
   35.642057960984715       0.99998247265378992     
   35.648597788133522       0.99998789109524677     
   35.655137615282328       0.99999230954881235     
   35.661677442431134       0.99999572801006842     
   35.668217269579934       0.99999814647559659     
   35.674757096728740       0.99999956494297826     
   35.681296923877547       0.99999998341079488     
   35.687836751026346       0.99999940187862801     
   35.694376578175152       0.99999782034705953     
   35.700916405323959       0.99999523881767061     
   35.707456232472765       0.99999165729304273     
   35.713996059621564       0.99998707577675749     
   35.720535886770371       0.99998149427339666     
   35.727075713919177       0.99997491278854134     
   35.733615541067984       0.99996733132877336     
   35.740155368216783       0.99995874990167399     
   35.746695195365589       0.99994916851582472     
   35.753235022514396       0.99993858718080697     
   35.759774849663202       0.99992700590720196     
   35.766314676812001       0.99991442470659109     
   35.772854503960808       0.99990084359155551     
   35.779394331109614       0.99988626257567637     
   35.785934158258421       0.99987068167353477     
   35.792473985407220       0.99985410090071136     
   35.799013812556026       0.99983652027378711     
   35.805553639704833       0.99981793981034239     
   35.812093466853632       0.99979835952895790     
   35.818633294002439       0.99977777944921398     
   35.825173121151245       0.99975619959169060     
   35.831712948300051       0.99973361997796739     
   35.838252775448851       0.99971004063062452     
   35.844792602597657       0.99968546157324079     
   35.851332429746464       0.99965988283039564     
   35.857872256895270       0.99963330442766762     
   35.864412084044069       0.99960572639163514     
   35.870951911192876       0.99957714874987635     
   35.877491738341682       0.99954757153096874     
   35.884031565490488       0.99951699476448963     
   35.890571392639288       0.99948541848101580     
   35.897111219788094       0.99945284271212331     
   35.903651046936901       0.99941926749038845     
   35.910190874085707       0.99938469284938591     
   35.916730701234506       0.99934911882369060     
   35.923270528383313       0.99931254544887638     
   35.929810355532119       0.99927497276151667     
   35.936350182680918       0.99923640079918419     
   35.942890009829725       0.99919682960045098     
   35.949429836978531       0.99915625920488804     
   35.955969664127338       0.99911468965306593     
   35.962509491276137       0.99907212098655418     
   35.969049318424943       0.99902855324792139     
   35.975589145573750       0.99898398648073539     
   35.982128972722556       0.99893842072956274     
   35.988668799871355       0.99889185603996955     
   35.995208627020162       0.99884429245852013     
   36.001748454168968       0.99879573003277844     
   36.008288281317775       0.99874616881130651     
   36.014828108466574       0.99869560884366593     
   36.021367935615380       0.99864405018041646     
   36.027907762764187       0.99859149287311677     
   36.034447589912986       0.99853793697432436     
   36.040987417061793       0.99848338253759494     
   36.047527244210599       0.99842782961748289     
   36.054067071359405       0.99837127826954120     
   36.060606898508205       0.99831372855032119     
   36.067146725657011       0.99825518051737261     
   36.073686552805817       0.99819563422924351     
   36.080226379954624       0.99813508974548026     
   36.086766207103423       0.99807354712662699     
   36.093306034252230       0.99801100643422691     
   36.099845861401036       0.99794746773082021     
   36.106385688549842       0.99788293107994586     
   36.112925515698642       0.99781739654614054     
   36.119465342847448       0.99775086419493864     
   36.126005169996255       0.99768333409287246     
   36.132544997145061       0.99761480630747212     
   36.139084824293860       0.99754528090726557     
   36.145624651442667       0.99747475796177820     
   36.152164478591473       0.99740323754153282     
   36.158704305740272       0.99733071971804999     
   36.165244132889079       0.99725720456384725     
   36.171783960037885       0.99718269215244015     
   36.178323787186692       0.99710718255834085     
   36.184863614335491       0.99703067585705896     
   36.191403441484297       0.99695317212510115     
   36.197943268633104       0.99687467143997122     
   36.204483095781910       0.99679517388016980     
   36.211022922930709       0.99671467952519455     
   36.217562750079516       0.99663318845553972     
   36.224102577228322       0.99655070075269636     
   36.230642404377129       0.99646721649915238     
   36.237182231525928       0.99638273577839176     
   36.243722058674734       0.99629725867489549     
   36.250261885823541       0.99621078527414053     
   36.256801712972347       0.99612331566260026     
   36.263341540121147       0.99603484992774427     
   36.269881367269953       0.99594538815803846     
   36.276421194418759       0.99585493044294426     
   36.282961021567559       0.99576347687291988     
   36.289500848716365       0.99567102753941850     
   36.296040675865171       0.99557758253488948     
   36.302580503013978       0.99548314195277809     
   36.309120330162777       0.99538770588752468     
   36.315660157311584       0.99529127443456522     
   36.322199984460390       0.99519384769033159     
   36.328739811609196       0.99509542575225007     
   36.335279638757996       0.99499600871874316     
   36.341819465906802       0.99489559668922722     
   36.348359293055609       0.99479418976411482     
   36.354899120204415       0.99469178804481273     
   36.361438947353214       0.99458839163372237     
   36.367978774502021       0.99448400063424047     
   36.374518601650827       0.99437861515075787     
   36.381058428799633       0.99427223528866016     
   36.387598255948433       0.99416486115432723     
   36.394138083097239       0.99405649285513298     
   36.400677910246046       0.99394713049944616     
   36.407217737394845       0.99383677419662853     
   36.413757564543651       0.99372542405703690     
   36.420297391692458       0.99361308019202099     
   36.426837218841264       0.99349974271392505     
   36.433377045990063       0.99338541173608630     
   36.439916873138870       0.99327008737283584     
   36.446456700287676       0.99315376973949787     
   36.452996527436483       0.99303645895239012     
   36.459536354585282       0.99291815512882353     
   36.466076181734088       0.99279885838710180     
   36.472616008882895       0.99267856884652161     
   36.479155836031701       0.99255728662737275     
   36.485695663180501       0.99243501185093719     
   36.492235490329307       0.99231174463948968     
   36.498775317478113       0.99218748511629762     
   36.505315144626920       0.99206223340562050     
   36.511854971775719       0.99193598963270979     
   36.518394798924525       0.99180875392380952     
   36.524934626073332       0.99168052640615523     
   36.531474453222131       0.99155130720797457     
   36.538014280370938       0.99142109645848664     
   36.544554107519744       0.99128989428790237     
   36.551093934668550       0.99115770082742383     
   36.557633761817350       0.99102451620924426     
   36.564173588966156       0.99089034056654868     
   36.570713416114963       0.99075517403351265     
   36.577253243263769       0.99061901674530251     
   36.583793070412568       0.99048186883807554     
   36.590332897561375       0.99034373044897994     
   36.596872724710181       0.99020460171615365     
   36.603412551858987       0.99006448277872572     
   36.609952379007787       0.98992337377681505     
   36.616492206156593       0.98978127485153033     
   36.623032033305400       0.98963818614497101     
   36.629571860454199       0.98949410780022540     
   36.636111687603005       0.98934903996137213     
   36.642651514751812       0.98920298277347884     
   36.649191341900618       0.98905593638260281     
   36.655731169049417       0.98890790093579040     
   36.662270996198224       0.98875887658107708     
   36.668810823347030       0.98860886346748722     
   36.675350650495837       0.98845786174503381     
   36.681890477644636       0.98830587156471872     
   36.688430304793442       0.98815289307853227     
   36.694970131942249       0.98799892643945242     
   36.701509959091055       0.98784397180144645     
   36.708049786239854       0.98768802931946875     
   36.714589613388661       0.98753109914946147     
   36.721129440537467       0.98737318144835529     
   36.727669267686274       0.98721427637406767     
   36.734209094835073       0.98705438408550361     
   36.740748921983879       0.98689350474255544     
   36.747288749132686       0.98673163850610246     
   36.753828576281485       0.98656878553801108     
   36.760368403430292       0.98640494600113393     
   36.766908230579098       0.98624012005931105     
   36.773448057727904       0.98607430787736805     
   36.779987884876704       0.98590750962111728     
   36.786527712025510       0.98573972545735666     
   36.793067539174316       0.98557095555387086     
   36.799607366323123       0.98540120007942944     
   36.806147193471922       0.98523045920378793     
   36.812687020620729       0.98505873309768721     
   36.819226847769535       0.98488602193285324     
   36.825766674918341       0.98471232588199731     
   36.832306502067141       0.98453764511881570     
   36.838846329215947       0.98436197981798890     
   36.845386156364754       0.98418533015518228     
   36.851925983513560       0.98400769630704543     
   36.858465810662359       0.98382907845121237     
   36.865005637811166       0.98364947676630055     
   36.871545464959972       0.98346889143191207     
   36.878085292108771       0.98328732262863239     
   36.884625119257578       0.98310477053802992     
   36.891164946406384       0.98292123534265707     
   36.897704773555191       0.98273671722604883     
   36.904244600703990       0.98255121637272336     
   36.910784427852796       0.98236473296818150     
   36.917324255001603       0.98217726719890663     
   36.923864082150409       0.98198881925236470     
   36.930403909299208       0.98179938931700339     
   36.936943736448015       0.98160897758225274     
   36.943483563596821       0.98141758423852454     
   36.950023390745628       0.98122520947721203     
   36.956563217894427       0.98103185349069011     
   36.963103045043233       0.98083751647231499     
   36.969642872192040       0.98064219861642310     
   36.976182699340846       0.98044590011833255     
   36.982722526489646       0.98024862117434186     
   36.989262353638452       0.98005036198173012     
   36.995802180787258       0.97985112273875641     
   37.002342007936058       0.97965090364465968     
   37.008881835084864       0.97944970489965955     
   37.015421662233670       0.97924752670495452     
   37.021961489382477       0.97904436926272276     
   37.028501316531276       0.97884023277612153     
   37.035041143680083       0.97863511744928777     
   37.041580970828889       0.97842902348733662     
   37.048120797977695       0.97822195109636190     
   37.054660625126495       0.97801390048343617     
   37.061200452275301       0.97780487185660969     
   37.067740279424108       0.97759486542491159     
   37.074280106572914       0.97738388139834786     
   37.080819933721713       0.97717191998790265     
   37.087359760870520       0.97695898140553761     
   37.093899588019326       0.97674506586419119     
   37.100439415168125       0.97653017357777883     
   37.106979242316932       0.97631430476119296     
   37.113519069465738       0.97609745963030248     
   37.120058896614545       0.97587963840195213     
   37.126598723763344       0.97566084129396358     
   37.133138550912150       0.97544106852513368     
   37.139678378060957       0.97522032031523531     
   37.146218205209763       0.97499859688501656     
   37.152758032358562       0.97477589845620072     
   37.159297859507369       0.97455222525148677     
   37.165837686656175       0.97432757749454757     
   37.172377513804982       0.97410195541003075     
   37.178917340953781       0.97387535922355861     
   37.185457168102587       0.97364778916172712     
   37.191996995251394       0.97341924545210667     
   37.198536822400200       0.97318972832324058     
   37.205076649549000       0.97295923800464634     
   37.211616476697806       0.97272777472681382     
   37.218156303846612       0.97249533872120686     
   37.224696130995412       0.97226193022026108     
   37.231235958144218       0.97202754945738512     
   37.237775785293024       0.97179219666695948     
   37.244315612441831       0.97155587208433747     
   37.250855439590630       0.97131857594584303     
   37.257395266739437       0.97108030848877303     
   37.263935093888243       0.97084106995139430     
   37.270474921037049       0.97060086057294570     
   37.277014748185849       0.97035968059363642     
   37.283554575334655       0.97011753025464664     
   37.290094402483462       0.96987440979812656     
   37.296634229632268       0.96963031946719658     
   37.303174056781067       0.96938525950594723     
   37.309713883929874       0.96913923015943837     
   37.316253711078680       0.96889223167369942     
   37.322793538227486       0.96864426429572859     
   37.329333365376286       0.96839532827349351     
   37.335873192525092       0.96814542385593017     
   37.342413019673899       0.96789455129294311     
   37.348952846822698       0.96764271083540443     
   37.355492673971504       0.96738990273515524     
   37.362032501120311       0.96713612724500320     
   37.368572328269117       0.96688138461872386     
   37.375112155417916       0.96662567511105979     
   37.381651982566723       0.96636899897772088     
   37.388191809715529       0.96611135647538282     
   37.394731636864336       0.96585274786168840     
   37.401271464013135       0.96559317339524586     
   37.407811291161941       0.96533263333563024     
   37.414351118310748       0.96507112794338101     
   37.420890945459554       0.96480865748000411     
   37.427430772608353       0.96454522220796957     
   37.433970599757160       0.96428082239071278     
   37.440510426905966       0.96401545829263369     
   37.447050254054773       0.96374913017909636     
   37.453590081203572       0.96348183831642875     
   37.460129908352378       0.96321358297192294     
   37.466669735501185       0.96294436441383413     
   37.473209562649984       0.96267418291138085     
   37.479749389798791       0.96240303873474464     
   37.486289216947597       0.96213093215506984     
   37.492829044096403       0.96185786344446278     
   37.499368871245203       0.96158383287599225     
   37.505908698394009       0.96130884072368872     
   37.512448525542816       0.96103288726254466     
   37.518988352691622       0.96075597276851321     
   37.525528179840421       0.96047809751850910     
   37.532068006989228       0.96019926179040738     
   37.538607834138034       0.95991946586304389     
   37.545147661286840       0.95963871001621470     
   37.551687488435640       0.95935699453067536     
   37.558227315584446       0.95907431968814150     
   37.564767142733253       0.95879068577128790     
   37.571306969882059       0.95850609306374857     
   37.577846797030858       0.95822054185011618     
   37.584386624179665       0.95793403241594199     
   37.590926451328471       0.95764656504773538     
   37.597466278477270       0.95735814003296382     
   37.604006105626077       0.95706875766005217     
   37.610545932774883       0.95677841821838283     
   37.617085759923690       0.95648712199829544     
   37.623625587072489       0.95619486929108599     
   37.630165414221295       0.95590166038900715     
   37.636705241370102       0.95560749558526803     
   37.643245068518908       0.95531237517403300     
   37.649784895667707       0.95501629945042299     
   37.656324722816514       0.95471926871051349     
   37.662864549965320       0.95442128325133535     
   37.669404377114127       0.95412234337087387     
   37.675944204262926       0.95382244936806904     
   37.682484031411732       0.95352160154281507     
   37.689023858560539       0.95321980019595953     
   37.695563685709338       0.95291704562930368     
   37.702103512858145       0.95261333814560212     
   37.708643340006951       0.95230867804856256     
   37.715183167155757       0.95200306564284487     
   37.721722994304557       0.95169650123406146     
   37.728262821453363       0.95138898512877690     
   37.734802648602169       0.95108051763450729     
   37.741342475750976       0.95077109905971990     
   37.747882302899775       0.95046072971383355     
   37.754422130048582       0.95014940990721741     
   37.760961957197388       0.94983713995119134     
   37.767501784346194       0.94952392015802534     
   37.774041611494994       0.94920975084093906     
   37.780581438643800       0.94889463231410198     
   37.787121265792607       0.94857856489263248     
   37.793661092941413       0.94826154889259817     
   37.800200920090212       0.94794358463101491     
   37.806740747239019       0.94762467242584714     
   37.813280574387825       0.94730481259600674     
   37.819820401536624       0.94698400546135386     
   37.826360228685431       0.94666225134269555     
   37.832900055834237       0.94633955056178587     
   37.839439882983044       0.94601590344132569     
   37.845979710131843       0.94569131030496201     
   37.852519537280649       0.94536577147728817     
   37.859059364429456       0.94503928728384290     
   37.865599191578262       0.94471185805111024     
   37.872139018727061       0.94438348410651962     
   37.878678845875868       0.94405416577844492     
   37.885218673024674       0.94372390339620449     
   37.891758500173481       0.94339269729006059     
   37.898298327322280       0.94306054779121939     
   37.904838154471086       0.94272745523183044     
   37.911377981619893       0.94239341994498627     
   37.917917808768699       0.94205844226472202     
   37.924457635917499       0.94172252252601563     
   37.930997463066305       0.94138566106478661     
   37.937537290215111       0.94104785821789660     
   37.944077117363911       0.94070911432314830     
   37.950616944512717       0.94036942971928561     
   37.957156771661523       0.94002880474599326     
   37.963696598810330       0.93968723974389612     
   37.970236425959129       0.93934473505455918     
   37.976776253107936       0.93900129102048713     
   37.983316080256742       0.93865690798512424     
   37.989855907405548       0.93831158629285316     
   37.996395734554348       0.93796532628899598     
   38.002935561703154       0.93761812831981239     
   38.009475388851961       0.93726999273250045     
   38.016015216000767       0.93692091987519588     
   38.022555043149566       0.93657091009697135     
   38.029094870298373       0.93621996374783678     
   38.035634697447179       0.93586808117873854     
   38.042174524595985       0.93551526274155905     
   38.048714351744785       0.93516150878911686     
   38.055254178893591       0.93480681967516599     
   38.061794006042398       0.93445119575439539     
   38.068333833191197       0.93409463738242904     
   38.074873660340003       0.93373714491582527     
   38.081413487488810       0.93337871871207656     
   38.087953314637616       0.93301935912960920     
   38.094493141786415       0.93265906652778263     
   38.101032968935222       0.93229784126688964     
   38.107572796084028       0.93193568370815538     
   38.114112623232835       0.93157259421373728     
   38.120652450381634       0.93120857314672500     
   38.127192277530440       0.93084362087113959     
   38.133732104679247       0.93047773775193343     
   38.140271931828053       0.93011092415498942     
   38.146811758976853       0.92974318044712134     
   38.153351586125659       0.92937450699607294     
   38.159891413274465       0.92900490417051729     
   38.166431240423265       0.92863437234005741     
   38.172971067572071       0.92826291187522547     
   38.179510894720877       0.92789052314748155     
   38.186050721869684       0.92751720652921454     
   38.192590549018483       0.92714296239374105     
   38.199130376167290       0.92676779111530505     
   38.205670203316096       0.92639169306907809     
   38.212210030464902       0.92601466863115811     
   38.218749857613702       0.92563671817856952     
   38.225289684762508       0.92525784208926265     
   38.231829511911315       0.92487804074211377     
   38.238369339060121       0.92449731451692418     
   38.244909166208920       0.92411566379442001     
   38.251448993357727       0.92373308895625217     
   38.257988820506533       0.92334959038499531     
   38.264528647655339       0.92296516846414800     
   38.271068474804139       0.92257982357813251     
   38.277608301952945       0.92219355611229314     
   38.284148129101752       0.92180636645289793     
   38.290687956250551       0.92141825498713603     
   38.297227783399357       0.92102922210311922     
   38.303767610548164       0.92063926818988018     
   38.310307437696970       0.92024839363737310     
   38.316847264845769       0.91985659883647231     
   38.323387091994576       0.91946388417897262     
   38.329926919143382       0.91907025005758880     
   38.336466746292189       0.91867569686595474     
   38.343006573440988       0.91828022499862383     
   38.349546400589794       0.91788383485106806     
   38.356086227738601       0.91748652681967735     
   38.362626054887407       0.91708830130175978     
   38.369165882036206       0.91668915869554113     
   38.375705709185013       0.91628909940016368     
   38.382245536333819       0.91588812381568685     
   38.388785363482626       0.91548623234308635     
   38.395325190631425       0.91508342538425325     
   38.401865017780231       0.91467970334199500     
   38.408404844929038       0.91427506662003322     
   38.414944672077837       0.91386951562300500     
   38.421484499226644       0.91346305075646084     
   38.428024326375450       0.91305567242686603     
   38.434564153524256       0.91264738104159893     
   38.441103980673056       0.91223817700895060     
   38.447643807821862       0.91182806073812550     
   38.454183634970668       0.91141703263923945     
   38.460723462119475       0.91100509312332079     
   38.467263289268274       0.91059224260230898     
   38.473803116417081       0.91017848148905456     
   38.480342943565887       0.90976381019731867     
   38.486882770714693       0.90934822914177249     
   38.493422597863493       0.90893173873799726     
   38.499962425012299       0.90851433940248327     
   38.506502252161106       0.90809603155262986     
   38.513042079309912       0.90767681560674485     
   38.519581906458711       0.90725669198404446     
   38.526121733607518       0.90683566110465197     
   38.532661560756324       0.90641372338959836     
   38.539201387905123       0.90599087926082134     
   38.545741215053930       0.90556712914116511     
   38.552281042202736       0.90514247345437970     
   38.558820869351543       0.90471691262512088     
   38.565360696500342       0.90429044707894946     
   38.571900523649148       0.90386307724233095     
   38.578440350797955       0.90343480354263506     
   38.584980177946761       0.90300562640813564     
   38.591520005095560       0.90257554626800984     
   38.598059832244367       0.90214456355233774     
   38.604599659393173       0.90171267869210214     
   38.611139486541980       0.90127989211918791     
   38.617679313690779       0.90084620426638151     
   38.624219140839585       0.90041161556737082     
   38.630758967988392       0.89997612645674463     
   38.637298795137198       0.89953973736999193     
   38.643838622285998       0.89910244874350187     
   38.650378449434804       0.89866426101456331     
   38.656918276583610       0.89822517462136353     
   38.663458103732410       0.89778519000298918     
   38.669997930881216       0.89734430759942485     
   38.676537758030022       0.89690252785155278     
   38.683077585178829       0.89645985120115268     
   38.689617412327628       0.89601627809090167     
   38.696157239476435       0.89557180896437272     
   38.702697066625241       0.89512644426603449     
   38.709236893774047       0.89468018444125219     
   38.715776720922847       0.89423302993628517     
   38.722316548071653       0.89378498119828842     
   38.728856375220460       0.89333603867531031     
   38.735396202369266       0.89288620281629361     
   38.741936029518065       0.89243547407107404     
   38.748475856666872       0.89198385289038029     
   38.755015683815678       0.89153133972583387     
   38.761555510964477       0.89107793502994770     
   38.768095338113284       0.89062363925612642     
   38.774635165262090       0.89016845285866586     
   38.781174992410897       0.88971237629275246     
   38.787714819559696       0.88925541001446295     
   38.794254646708502       0.88879755448076325     
   38.800794473857309       0.88833881014950911     
   38.807334301006115       0.88787917747944489     
   38.813874128154914       0.88741865693020305     
   38.820413955303721       0.88695724896230432     
   38.826953782452527       0.88649495403715683     
   38.833493609601334       0.88603177261705512     
   38.840033436750133       0.88556770516518080     
   38.846573263898939       0.88510275214560130     
   38.853113091047746       0.88463691402326972     
   38.859652918196552       0.88417019126402396     
   38.866192745345352       0.88370258433458726     
   38.872732572494158       0.88323409370256600     
   38.879272399642964       0.88276471983645100     
   38.885812226791764       0.88229446320561633     
   38.892352053940570       0.88182332428031829     
   38.898891881089376       0.88135130353169600     
   38.905431708238183       0.88087840143177021     
   38.911971535386982       0.88040461845344298     
   38.918511362535789       0.87992995507049732     
   38.925051189684595       0.87945441175759653     
   38.931591016833401       0.87897798899028390     
   38.938130843982201       0.87850068724498243     
   38.944670671131007       0.87802250699899365     
   38.951210498279814       0.87754344873049783     
   38.957750325428620       0.87706351291855311     
   38.964290152577419       0.87658270004309580     
   38.970829979726226       0.87610101058493828     
   38.977369806875032       0.87561844502577013     
   38.983909634023838       0.87513500384815701     
   38.990449461172638       0.87465068753554021     
   38.996989288321444       0.87416549657223541     
   39.003529115470251       0.87367943144343441     
   39.010068942619050       0.87319249263520193     
   39.016608769767856       0.87270468063447681     
   39.023148596916663       0.87221599592907118     
   39.029688424065469       0.87172643900766933     
   39.036228251214268       0.87123601035982878     
   39.042768078363075       0.87074471047597779     
   39.049307905511881       0.87025253984741624     
   39.055847732660688       0.86975949896631499     
   39.062387559809487       0.86926558832571454     
   39.068927386958293       0.86877080841952603     
   39.075467214107100       0.86827515974252889     
   39.082007041255906       0.86777864279037220     
   39.088546868404705       0.86728125805957257     
   39.095086695553512       0.86678300604751501     
   39.101626522702318       0.86628388725245120     
   39.108166349851125       0.86578390217350032     
   39.114706176999924       0.86528305131064709     
   39.121246004148730       0.86478133516474254     
   39.127785831297537       0.86427875423750289     
   39.134325658446336       0.86377530903150901     
   39.140865485595143       0.86327100005020618     
   39.147405312743949       0.86276582779790323     
   39.153945139892755       0.86225979277977260     
   39.160484967041555       0.86175289550184897     
   39.167024794190361       0.86124513647103018     
   39.173564621339168       0.86073651619507463     
   39.180104448487974       0.86022703518260291     
   39.186644275636773       0.85971669394309613     
   39.193184102785580       0.85920549298689541     
   39.199723929934386       0.85869343282520161     
   39.206263757083192       0.85818051397007511     
   39.212803584231992       0.85766673693443474     
   39.219343411380798       0.85715210223205729     
   39.225883238529605       0.85663661037757777     
   39.232423065678411       0.85612026188648771     
   39.238962892827210       0.85560305727513597     
   39.245502719976017       0.85508499706072683     
   39.252042547124823       0.85456608176132065     
   39.258582374273622       0.85404631189583269     
   39.265122201422429       0.85352568798403294     
   39.271662028571235       0.85300421054654507     
   39.278201855720042       0.85248188010484671     
   39.284741682868841       0.85195869718126838     
   39.291281510017647       0.85143466229899256     
   39.297821337166454       0.85090977598205464     
   39.304361164315260       0.85038403875534074     
   39.310900991464059       0.84985745114458799     
   39.317440818612866       0.84933001367638405     
   39.323980645761672       0.84880172687816657     
   39.330520472910479       0.84827259127822219     
   39.337060300059278       0.84774260740568641     
   39.343600127208084       0.84721177579054341     
   39.350139954356891       0.84668009696362445     
   39.356679781505690       0.84614757145660868     
   39.363219608654497       0.84561419980202135     
   39.369759435803303       0.84507998253323413     
   39.376299262952109       0.84454492018446436     
   39.382839090100909       0.84400901329077449     
   39.389378917249715       0.84347226238807138     
   39.395918744398521       0.84293466801310590     
   39.402458571547328       0.84239623070347236     
   39.408998398696127       0.84185695099760827     
   39.415538225844934       0.84131682943479302     
   39.422078052993740       0.84077586655514847     
   39.428617880142546       0.84023406289963720     
   39.435157707291346       0.83969141901006339     
   39.441697534440152       0.83914793542907040     
   39.448237361588959       0.83860361270014194     
   39.454777188737765       0.83805845136760071     
   39.461317015886564       0.83751245197660817     
   39.467856843035371       0.83696561507316369     
   39.474396670184177       0.83641794120410429     
   39.480936497332976       0.83586943091710353     
   39.487476324481783       0.83532008476067188     
   39.494016151630589       0.83476990328415557     
   39.500555978779396       0.83421888703773583     
   39.507095805928195       0.83366703657242902     
   39.513635633077001       0.83311435244008558     
   39.520175460225808       0.83256083519338997     
   39.526715287374614       0.83200648538585875     
   39.533255114523413       0.83145130357184238     
   39.539794941672220       0.83089529030652243     
   39.546334768821026       0.83033844614591212     
   39.552874595969833       0.82978077164685571     
   39.559414423118632       0.82922226736702764     
   39.565954250267438       0.82866293386493195     
   39.572494077416245       0.82810277169990265     
   39.579033904565051       0.82754178143210155     
   39.585573731713851       0.82697996362251902     
   39.592113558862657       0.82641731883297298     
   39.598653386011463       0.82585384762610792     
   39.605193213160263       0.82528955056539544     
   39.611733040309069       0.82472442821513225     
   39.618272867457875       0.82415848114044066     
   39.624812694606682       0.82359170990726815     
   39.631352521755481       0.82302411508238571     
   39.637892348904288       0.82245569723338818     
   39.644432176053094       0.82188645692869322     
   39.650972003201900       0.82131639473754148     
   39.657511830350700       0.82074551122999495     
   39.664051657499506       0.82017380697693720     
   39.670591484648313       0.81960128255007259     
   39.677131311797119       0.81902793852192535     
   39.683671138945918       0.81845377546583953     
   39.690210966094725       0.81787879395597840     
   39.696750793243531       0.81730299456732314     
   39.703290620392337       0.81672637787567337     
   39.709830447541137       0.81614894445764574     
   39.716370274689943       0.81557069489067369     
   39.722910101838750       0.81499162975300676     
   39.729449928987549       0.81441174962370999     
   39.735989756136355       0.81383105508266351     
   39.742529583285162       0.81324954671056204     
   39.749069410433968       0.81266722508891409     
   39.755609237582767       0.81208409080004074     
   39.762149064731574       0.81150014442707696     
   39.768688891880380       0.81091538655396844     
   39.775228719029187       0.81032981776547353     
   39.781768546177986       0.80974343864716070     
   39.788308373326792       0.80915624978540945     
   39.794848200475599       0.80856825176740843     
   39.801388027624405       0.80797944518115550     
   39.807927854773205       0.80738983061545755     
   39.814467681922011       0.80679940865992883     
   39.821007509070817       0.80620817990499150     
   39.827547336219617       0.80561614494187417     
   39.834087163368423       0.80502330436261205     
   39.840626990517229       0.80442965876004535     
   39.847166817666036       0.80383520872781999     
   39.853706644814835       0.80323995486038580     
   39.860246471963642       0.80264389775299694     
   39.866786299112448       0.80204703800171029     
   39.873326126261254       0.80144937620338552     
   39.879865953410054       0.80085091295568456     
   39.886405780558860       0.80025164885707067     
   39.892945607707667       0.79965158450680796     
   39.899485434856473       0.79905072050496073     
   39.906025262005272       0.79844905745239292     
   39.912565089154079       0.79784659595076768     
   39.919104916302885       0.79724333660254665     
   39.925644743451691       0.79663928001098894     
   39.932184570600491       0.79603442678015124     
   39.938724397749297       0.79542877751488683     
   39.945264224898104       0.79482233282084491     
   39.951804052046903       0.79421509330446993     
   39.958343879195709       0.79360705957300215     
   39.964883706344516       0.79299823223447452     
   39.971423533493322       0.79238861189771470     
   39.977963360642121       0.79177819917234293     
   39.984503187790928       0.79116699466877194     
   39.991043014939734       0.79055499899820647     
   39.997582842088541       0.78994221277264198     
   40.004122669237340       0.78932863660486463     
   40.010662496386146       0.78871427110845060     
   40.017202323534953       0.78809911689776557     
   40.023742150683759       0.78748317458796357     
   40.030281977832558       0.78686644479498702     
   40.036821804981365       0.78624892813556546     
   40.043361632130171       0.78563062522721583     
   40.049901459278978       0.78501153668824109     
   40.056441286427777       0.78439166313772957     
   40.062981113576583       0.78377100519555509     
   40.069520940725390       0.78314956348237530     
   40.076060767874189       0.78252733861963197     
   40.082600595022996       0.78190433122955028     
   40.089140422171802       0.78128054193513730     
   40.095680249320608       0.78065597136018217     
   40.102220076469408       0.78003062012925595     
   40.108759903618214       0.77940448886770952     
   40.115299730767020       0.77877757820167415     
   40.121839557915827       0.77814988875806068     
   40.128379385064626       0.77752142116455836     
   40.134919212213433       0.77689217604963501     
   40.141459039362239       0.77626215404253540     
   40.147998866511045       0.77563135577328202     
   40.154538693659845       0.77499978187267271     
   40.161078520808651       0.77436743297228183     
   40.167618347957458       0.77373430970445778     
   40.174158175106264       0.77310041270232399     
   40.180698002255063       0.77246574259977763     
   40.187237829403870       0.77183030003148845     
   40.193777656552676       0.77119408563289926     
   40.200317483701475       0.77055710004022449     
   40.206857310850282       0.76991934389044947     
   40.213397137999088       0.76928081782133073     
   40.219936965147895       0.76864152247139395     
   40.226476792296694       0.76800145847993495     
   40.233016619445500       0.76736062648701731     
   40.239556446594307       0.76671902713347317     
   40.246096273743113       0.76607666106090200     
   40.252636100891912       0.76543352891166971     
   40.259175928040719       0.76478963132890854     
   40.265715755189525       0.76414496895651596     
   40.272255582338332       0.76349954243915463     
   40.278795409487131       0.76285335242225072     
   40.285335236635937       0.76220639955199443     
   40.291875063784744       0.76155868447533859     
   40.298414890933550       0.76091020783999841     
   40.304954718082350       0.76026097029445028     
   40.311494545231156       0.75961097248793208     
   40.318034372379962       0.75896021507044120     
   40.324574199528762       0.75830869869273532     
   40.331114026677568       0.75765642400633082     
   40.337653853826374       0.75700339166350217     
   40.344193680975181       0.75634960231728177     
   40.350733508123980       0.75569505662145919     
   40.357273335272787       0.75503975523057998     
   40.363813162421593       0.75438369879994549     
   40.370352989570399       0.75372688798561238     
   40.376892816719199       0.75306932344439126     
   40.383432643868005       0.75241100583384679     
   40.389972471016812       0.75175193581229638     
   40.396512298165618       0.75109211403881015     
   40.403052125314417       0.75043154117320976     
   40.409591952463224       0.74977021787606835     
   40.416131779612030       0.74910814480870902     
   40.422671606760829       0.74844532263320485     
   40.429211433909636       0.74778175201237829     
   40.435751261058442       0.74711743360979943     
   40.442291088207249       0.74645236808978710     
   40.448830915356048       0.74578655611740663     
   40.455370742504854       0.74511999835847020     
   40.461910569653661       0.74445269547953519     
   40.468450396802467       0.74378464814790468     
   40.474990223951266       0.74311585703162630     
   40.481530051100073       0.74244632279949085     
   40.488069878248879       0.74177604612103243     
   40.494609705397686       0.74110502766652808     
   40.501149532546485       0.74043326810699606     
   40.507689359695291       0.73976076811419600     
   40.514229186844098       0.73908752836062763     
   40.520769013992904       0.73841354951953109     
   40.527308841141704       0.73773883226488490     
   40.533848668290510       0.73706337727140647     
   40.540388495439316       0.73638718521455082     
   40.546928322588116       0.73571025677050994     
   40.553468149736922       0.73503259261621223     
   40.560007976885728       0.73435419342932207     
   40.566547804034535       0.73367505988823822     
   40.573087631183334       0.73299519267209468     
   40.579627458332141       0.73231459246075836     
   40.586167285480947       0.73163325993482953     
   40.592707112629753       0.73095119577564094     
   40.599246939778553       0.73026840066525633     
   40.605786766927359       0.72958487528647131     
   40.612326594076166       0.72890062032281078     
   40.618866421224972       0.72821563645852994     
   40.625406248373771       0.72752992437861264     
   40.631946075522578       0.72684348476877081     
   40.638485902671384       0.72615631831544447     
   40.645025729820190       0.72546842570579961     
   40.651565556968990       0.72477980762772909     
   40.658105384117796       0.72409046476985106     
   40.664645211266603       0.72340039782150833     
   40.671185038415402       0.72270960747276769     
   40.677724865564208       0.72201809441441955     
   40.684264692713015       0.72132585933797710     
   40.690804519861821       0.72063290293567528     
   40.697344347010620       0.71993922590047055     
   40.703884174159427       0.71924482892604003     
   40.710424001308233       0.71854971270678047     
   40.716963828457040       0.71785387793780830     
   40.723503655605839       0.71715732531495813     
   40.730043482754645       0.71646005553478265     
   40.736583309903452       0.71576206929455166     
   40.743123137052258       0.71506336729225128     
   40.749662964201057       0.71436395022658383     
   40.756202791349864       0.71366381879696605     
   40.762742618498670       0.71296297370352935     
   40.769282445647477       0.71226141564711909     
   40.775822272796276       0.71155914532929299     
   40.782362099945082       0.71085616345232172     
   40.788901927093889       0.71015247071918686     
   40.795441754242688       0.70944806783358139     
   40.801981581391495       0.70874295549990807     
   40.808521408540301       0.70803713442327920     
   40.815061235689107       0.70733060530951575     
   40.821601062837907       0.70662336886514709     
   40.828140889986713       0.70591542579740951     
   40.834680717135520       0.70520677681424615     
   40.841220544284326       0.70449742262430592     
   40.847760371433125       0.70378736393694308     
   40.854300198581932       0.70307660146221629     
   40.860840025730738       0.70236513591088801     
   40.867379852879544       0.70165296799442378     
   40.873919680028344       0.70094009842499150     
   40.880459507177150       0.70022652791546092     
   40.886999334325957       0.69951225717940246     
   40.893539161474756       0.69879728693108678     
   40.900078988623562       0.69808161788548406     
   40.906618815772369       0.69736525075826361     
   40.913158642921175       0.69664818626579228     
   40.919698470069974       0.69593042512513481     
   40.926238297218781       0.69521196805405228     
   40.932778124367587       0.69449281577100153     
   40.939317951516394       0.69377296899513530     
   40.945857778665193       0.69305242844629977     
   40.952397605813999       0.69233119484503591     
   40.958937432962806       0.69160926891257712     
   40.965477260111612       0.69088665137084959     
   40.972017087260411       0.69016334294247061     
   40.978556914409218       0.68943934435074872     
   40.985096741558024       0.68871465631968254     
   40.991636568706831       0.68798927957396006     
   40.998176395855630       0.68726321483895791     
   41.004716223004436       0.68653646284074110     
   41.011256050153243       0.68580902430606128     
   41.017795877302042       0.68508089996235721     
   41.024335704450849       0.68435209053775314     
   41.030875531599655       0.68362259676105863     
   41.037415358748461       0.68289241936176737     
   41.043955185897261       0.68216155907005660     
   41.050495013046067       0.68143001661678693     
   41.057034840194873       0.68069779273350062     
   41.063574667343680       0.67996488815242151     
   41.070114494492479       0.67923130360645434     
   41.076654321641286       0.67849703982918363     
   41.083194148790092       0.67776209755487293     
   41.089733975938898       0.67702647751846490     
   41.096273803087698       0.67629018045557920     
   41.102813630236504       0.67555320710251321     
   41.109353457385311       0.67481555819624006     
   41.115893284534117       0.67407723447440870     
   41.122433111682916       0.67333823667534298     
   41.128972938831723       0.67259856553804065     
   41.135512765980529       0.67185822180217258     
   41.142052593129328       0.67111720620808279     
   41.148592420278135       0.67037551949678686     
   41.155132247426941       0.66963316240997139     
   41.161672074575748       0.66889013568999345     
   41.168211901724547       0.66814644007988000     
   41.174751728873353       0.66740207632332649     
   41.181291556022160       0.66665704516469659     
   41.187831383170966       0.66591134734902158     
   41.194371210319765       0.66516498362199927     
   41.200911037468572       0.66441795472999321     
   41.207450864617378       0.66367026142003249     
   41.213990691766185       0.66292190443981036     
   41.220530518914984       0.66217288453768375     
   41.227070346063790       0.66142320246267272     
   41.233610173212597       0.66067285896445915     
   41.240150000361403       0.65992185479338661     
   41.246689827510203       0.65917019070045924     
   41.253229654659009       0.65841786743734121     
   41.259769481807815       0.65766488575635573     
   41.266309308956615       0.65691124641048448     
   41.272849136105421       0.65615695015336684     
   41.279388963254227       0.65540199773929886     
   41.285928790403034       0.65464638992323332     
   41.292468617551833       0.65389012746077768     
   41.299008444700640       0.65313321110819456     
   41.305548271849446       0.65237564162240036     
   41.312088098998252       0.65161741976096454     
   41.318627926147052       0.65085854628210882     
   41.325167753295858       0.65009902194470692     
   41.331707580444665       0.64933884750828297     
   41.338247407593471       0.64857802373301154     
   41.344787234742270       0.64781655137971650     
   41.351327061891077       0.64705443120986983     
   41.357866889039883       0.64629166398559212     
   41.364406716188689       0.64552825046965034     
   41.370946543337489       0.64476419142545804     
   41.377486370486295       0.64399948761707437     
   41.384026197635102       0.64323413980920296     
   41.390566024783901       0.64246814876719183     
   41.397105851932707       0.64170151525703201     
   41.403645679081514       0.64093424004535671     
   41.410185506230320       0.64016632389944150     
   41.416725333379119       0.63939776758720224     
   41.423265160527926       0.63862857187719546     
   41.429804987676732       0.63785873753861677     
   41.436344814825539       0.63708826534130047     
   41.442884641974338       0.63631715605571881     
   41.449424469123144       0.63554541045298119     
   41.455964296271951       0.63477302930483315     
   41.462504123420757       0.63400001338365564     
   41.469043950569557       0.63322636346246475     
   41.475583777718363       0.63245208031491040     
   41.482123604867169       0.63167716471527569     
   41.488663432015969       0.63090161743847628     
   41.495203259164775       0.63012543926005926     
   41.501743086313581       0.62934863095620319     
   41.508282913462388       0.62857119330371602     
   41.514822740611187       0.62779312708003565     
   41.521362567759994       0.62701443306322813     
   41.527902394908800       0.62623511203198756     
   41.534442222057606       0.62545516476563501     
   41.540982049206406       0.62467459204411757     
   41.547521876355212       0.62389339464800797     
   41.554061703504019       0.62311157335850387     
   41.560601530652825       0.62232912895742631     
   41.567141357801624       0.62154606222721998     
   41.573681184950431       0.62076237395095135     
   41.580221012099237       0.61997806491230867     
   41.586760839248043       0.61919313589560110     
   41.593300666396843       0.61840758768575765     
   41.599840493545649       0.61762142106832651     
   41.606380320694456       0.61683463682947437     
   41.612920147843255       0.61604723575598541     
   41.619459974992061       0.61525921863526067     
   41.625999802140868       0.61447058625531736     
   41.632539629289674       0.61368133940478775     
   41.639079456438473       0.61289147887291873     
   41.645619283587280       0.61210100544957080     
   41.652159110736086       0.61130991992521755     
   41.658698937884893       0.61051822309094428     
   41.665238765033692       0.60972591573844781     
   41.671778592182498       0.60893299866003570     
   41.678318419331305       0.60813947264862489     
   41.684858246480111       0.60734533849774142     
   41.691398073628910       0.60655059700151948     
   41.697937900777717       0.60575524895470045     
   41.704477727926523       0.60495929515263258     
   41.711017555075330       0.60416273639126949     
   41.717557382224129       0.60336557346717012     
   41.724097209372935       0.60256780717749714     
   41.730637036521742       0.60176943832001695     
   41.737176863670541       0.60097046769309859     
   41.743716690819348       0.60017089609571239     
   41.750256517968154       0.59937072432743022     
   41.756796345116960       0.59856995318842365     
   41.763336172265760       0.59776858347946393     
   41.769875999414566       0.59696661600192080     
   41.776415826563372       0.59616405155776164     
   41.782955653712179       0.59536089094955091     
   41.789495480860978       0.59455713498044926     
   41.796035308009785       0.59375278445421265     
   41.802575135158591       0.59294784017519142     
   41.809114962307397       0.59214230294833015     
   41.815654789456197       0.59133617357916590     
   41.822194616605003       0.59052945287382808     
   41.828734443753810       0.58972214163903747     
   41.835274270902616       0.58891424068210507     
   41.841814098051415       0.58810575081093208     
   41.848353925200222       0.58729667283400810     
   41.854893752349028       0.58648700756041150     
   41.861433579497827       0.58567675579980716     
   41.867973406646634       0.58486591836244717     
   41.874513233795440       0.58405449605916882     
   41.881053060944247       0.58324248970139436     
   41.887592888093046       0.58242990010113005     
   41.894132715241852       0.58161672807096576     
   41.900672542390659       0.58080297442407347     
   41.907212369539465       0.57998863997420680     
   41.913752196688264       0.57917372553570012     
   41.920292023837071       0.57835823192346780     
   41.926831850985877       0.57754215995300373     
   41.933371678134684       0.57672551044037956     
   41.939911505283483       0.57590828420224505     
   41.946451332432289       0.57509048205582625     
   41.952991159581096       0.57427210481892532     
   41.959530986729895       0.57345315330991975     
   41.966070813878702       0.57263362834776066     
   41.972610641027508       0.57181353075197328     
   41.979150468176314       0.57099286134265514     
   41.985690295325114       0.57017162094047569     
   41.992230122473920       0.56934981036667531     
   41.998769949622726       0.56852743044306453     
   42.005309776771533       0.56770448199202339     
   42.011849603920332       0.56688096583650027     
   42.018389431069139       0.56605688280001121     
   42.024929258217945       0.56523223370663944     
   42.031469085366751       0.56440701938103377     
   42.038008912515551       0.56358124064840887     
   42.044548739664357       0.56275489833454306     
   42.051088566813164       0.56192799326577914     
   42.057628393961970       0.56110052626902196     
   42.064168221110769       0.56027249817173841     
   42.070708048259576       0.55944390980195680     
   42.077247875408382       0.55861476198826532     
   42.083787702557181       0.55778505555981195     
   42.090327529705988       0.55695479134630310     
   42.096867356854794       0.55612397017800286     
   42.103407184003601       0.55529259288573229     
   42.109947011152400       0.55446066030086893     
   42.116486838301206       0.55362817325534530     
   42.123026665450013       0.55279513258164836     
   42.129566492598819       0.55196153911281876     
   42.136106319747618       0.55112739368245012     
   42.142646146896425       0.55029269712468776     
   42.149185974045231       0.54945745027422821     
   42.155725801194038       0.54862165396631857     
   42.162265628342837       0.54778530903675482     
   42.168805455491643       0.54694841632188218     
   42.175345282640450       0.54611097665859298     
   42.181885109789256       0.54527299088432735     
   42.188424936938056       0.54443445983707051     
   42.194964764086862       0.54359538435535415     
   42.201504591235668       0.54275576527825331     
   42.208044418384468       0.54191560344538714     
   42.214584245533274       0.54107489969691758     
   42.221124072682080       0.54023365487354824     
   42.227663899830887       0.53939186981652387     
   42.234203726979686       0.53854954536762989     
   42.240743554128493       0.53770668236919050     
   42.247283381277299       0.53686328166406860     
   42.253823208426105       0.53601934409566532     
   42.260363035574905       0.53517487050791768     
   42.266902862723711       0.53432986174529939     
   42.273442689872518       0.53348431865281964     
   42.279982517021324       0.53263824207602117     
   42.286522344170123       0.53179163286098052     
   42.293062171318930       0.53094449185430714     
   42.299601998467736       0.53009681990314184     
   42.306141825616542       0.52924861785515676     
   42.312681652765342       0.52839988655855386     
   42.319221479914148       0.52755062686206433     
   42.325761307062955       0.52670083961494807     
   42.332301134211754       0.52585052566699209     
   42.338840961360560       0.52499968586851042     
   42.345380788509367       0.52414832107034293     
   42.351920615658173       0.52329643212385435     
   42.358460442806972       0.52244401988093347     
   42.365000269955779       0.52159108519399289     
   42.371540097104585       0.52073762891596709     
   42.378079924253392       0.51988365190031238     
   42.384619751402191       0.51902915500100566     
   42.391159578550997       0.51817413907254406     
   42.397699405699804       0.51731860496994331     
   42.404239232848610       0.51646255354873749     
   42.410779059997409       0.51560598566497817     
   42.417318887146216       0.51474890217523317     
   42.423858714295022       0.51389130393658600     
   42.430398541443829       0.51303319180663476     
   42.436938368592628       0.51217456664349192     
   42.443478195741434       0.51131542930578233     
   42.450018022890241       0.51045578065264341     
   42.456557850039040       0.50959562154372373     
   42.463097677187847       0.50873495283918257     
   42.469637504336653       0.50787377539968859     
   42.476177331485459       0.50701209008641912     
   42.482717158634259       0.50614989776105956     
   42.489256985783065       0.50528719928580224     
   42.495796812931872       0.50442399552334560     
   42.502336640080678       0.50356028733689340     
   42.508876467229477       0.50269607559015395     
   42.515416294378284       0.50183136114733895     
   42.521956121527090       0.50096614487316260     
   42.528495948675896       0.50010042763284157     
   42.535035775824696       0.49923421029209281     
   42.541575602973502       0.49836749371713374     
   42.548115430122309       0.49750027877468095     
   42.554655257271108       0.49663256633194947     
   42.561195084419914       0.49576435725665163     
   42.567734911568721       0.49489565241699651     
   42.574274738717527       0.49402645268168899     
   42.580814565866326       0.49315675891992883     
   42.587354393015133       0.49228657200140974     
   42.593894220163939       0.49141589279631864     
   42.600434047312746       0.49054472217533485     
   42.606973874461545       0.48967306100962882     
   42.613513701610351       0.48880091017086180     
   42.620053528759158       0.48792827053118459     
   42.626593355907964       0.48705514296323682     
   42.633133183056763       0.48618152834014605     
   42.639673010205570       0.48530742753552708     
   42.646212837354376       0.48443284142348042     
   42.652752664503183       0.48355777087859247     
   42.659292491651982       0.48268221677593359     
   42.665832318800788       0.48180617999105796     
   42.672372145949595       0.48092966140000221     
   42.678911973098394       0.48005266187928519     
   42.685451800247201       0.47917518230590617     
   42.691991627396007       0.47829722355734489     
   42.698531454544813       0.47741878651156000     
   42.705071281693613       0.47653987204698872     
   42.711611108842419       0.47566048104254532     
   42.718150935991225       0.47478061437762087     
   42.724690763140032       0.47390027293208198     
   42.731230590288831       0.47301945758627029     
   42.737770417437638       0.47213816922100088     
   42.744310244586444       0.47125640871756230     
   42.750850071735250       0.47037417695771500     
   42.757389898884050       0.46949147482369069     
   42.763929726032856       0.46860830319819152     
   42.770469553181663       0.46772466296438925     
   42.777009380330469       0.46684055500592397     
   42.783549207479268       0.46595598020690365     
   42.790089034628075       0.46507093945190320     
   42.796628861776881       0.46418543362596315     
   42.803168688925680       0.46329946361458962     
   42.809708516074487       0.46241303030375241     
   42.816248343223293       0.46152613457988501     
   42.822788170372100       0.46063877732988284     
   42.829327997520899       0.45975095944110339     
   42.835867824669705       0.45886268180136452     
   42.842407651818512       0.45797394529894386     
   42.848947478967318       0.45708475082257788     
   42.855487306116117       0.45619509926146107     
   42.862027133264924       0.45530499150524495     
   42.868566960413730       0.45441442844403734     
   42.875106787562537       0.45352341096840137     
   42.881646614711336       0.45263193996935436     
   42.888186441860142       0.45174001633836741     
   42.894726269008949       0.45084764096736413     
   42.901266096157755       0.44995481474871979     
   42.907805923306555       0.44906153857526071     
   42.914345750455361       0.44816781334026312     
   42.920885577604167       0.44727363993745212     
   42.927425404752967       0.44637901926100126     
   42.933965231901773       0.44548395220553116     
   42.940505059050579       0.44458843966610878     
   42.947044886199386       0.44369248253824684     
   42.953584713348185       0.44279608171790230     
   42.960124540496992       0.44189923810147602     
   42.966664367645798       0.44100195258581160     
   42.973204194794604       0.44010422606819466     
   42.979744021943404       0.43920605944635166     
   42.986283849092210       0.43830745361844919     
   42.992823676241017       0.43740840948309312     
   42.999363503389823       0.43650892793932761     
   43.005903330538622       0.43560900988663409     
   43.012443157687429       0.43470865622493071     
   43.018982984836235       0.43380786785457109     
   43.025522811985034       0.43290664567634363     
   43.032062639133841       0.43200499059147052     
   43.038602466282647       0.43110290350160679     
   43.045142293431454       0.43020038530883947     
   43.051682120580253       0.42929743691568700     
   43.058221947729059       0.42839405922509755     
   43.064761774877866       0.42749025314044886     
   43.071301602026672       0.42658601956554704     
   43.077841429175471       0.42568135940462565     
   43.084381256324278       0.42477627356234487     
   43.090921083473084       0.42387076294379061     
   43.097460910621891       0.42296482845447331     
   43.104000737770690       0.42205847100032767     
   43.110540564919496       0.42115169148771087     
   43.117080392068303       0.42024449082340265     
   43.123620219217109       0.41933686991460367     
   43.130160046365908       0.41842882966893474     
   43.136699873514715       0.41752037099443606     
   43.143239700663521       0.41661149479956644     
   43.149779527812321       0.41570220199320207     
   43.156319354961127       0.41479249348463565     
   43.162859182109933       0.41388237018357577     
   43.169399009258740       0.41297183300014567     
   43.175938836407539       0.41206088284488251     
   43.182478663556346       0.41114952062873666     
   43.189018490705152       0.41023774726307011     
   43.195558317853958       0.40932556365965622     
   43.202098145002758       0.40841297073067873     
   43.208637972151564       0.40749996938873051     
   43.215177799300371       0.40658656054681291     
   43.221717626449177       0.40567274511833479     
   43.228257453597976       0.40475852401711149     
   43.234797280746783       0.40384389815736421     
   43.241337107895589       0.40292886845371878     
   43.247876935044395       0.40201343582120491     
   43.254416762193195       0.40109760117525517     
   43.260956589342001       0.40018136543170429     
   43.267496416490808       0.39926472950678804     
   43.274036243639607       0.39834769431714218     
   43.280576070788413       0.39743026077980192     
   43.287115897937220       0.39651242981220103     
   43.293655725086026       0.39559420233217024     
   43.300195552234825       0.39467557925793711     
   43.306735379383632       0.39375656150812482     
   43.313275206532438       0.39283715000175096     
   43.319815033681245       0.39191734565822711     
   43.326354860830044       0.39099714939735764     
   43.332894687978850       0.39007656213933878     
   43.339434515127657       0.38915558480475776     
   43.345974342276463       0.38823421831459193     
   43.352514169425262       0.38731246359020777     
   43.359053996574069       0.38639032155336006     
   43.365593823722875       0.38546779312619073     
   43.372133650871682       0.38454487923122832     
   43.378673478020481       0.38362158079138664     
   43.385213305169287       0.38269789872996424     
   43.391753132318094       0.38177383397064307     
   43.398292959466893       0.38084938743748792     
   43.404832786615700       0.37992456005494535     
   43.411372613764506       0.37899935274784263     
   43.417912440913312       0.37807376644138718     
   43.424452268062112       0.37714780206116538     
   43.430992095210918       0.37622146053314132     
   43.437531922359724       0.37529474278365688     
   43.444071749508531       0.37436764973942954     
   43.450611576657330       0.37344018232755249     
   43.457151403806137       0.37251234147549317     
   43.463691230954943       0.37158412811109237     
   43.470231058103749       0.37065554316256344     
   43.476770885252549       0.36972658755849136     
   43.483310712401355       0.36879726222783166     
   43.489850539550162       0.36786756809990967     
   43.496390366698968       0.36693750610441966     
   43.502930193847767       0.36600707717142350     
   43.509470020996574       0.36507628223135014     
   43.516009848145380       0.36414512221499451     
   43.522549675294179       0.36321359805351672     
   43.529089502442986       0.36228171067844089     
   43.535629329591792       0.36134946102165433     
   43.542169156740599       0.36041685001540674     
   43.548708983889398       0.35948387859230913     
   43.555248811038204       0.35855054768533290     
   43.561788638187011       0.35761685822780898     
   43.568328465335817       0.35668281115342693     
   43.574868292484616       0.35574840739623353     
   43.581408119633423       0.35481364789063286     
   43.587947946782229       0.35387853357138421     
   43.594487773931036       0.35294306537360204     
   43.601027601079835       0.35200724423275459     
   43.607567428228641       0.35107107108466279     
   43.614107255377448       0.35013454686549994     
   43.620647082526247       0.34919767251179029     
   43.627186909675054       0.34826044896040809     
   43.633726736823860       0.34732287714857701     
   43.640266563972666       0.34638495801386870     
   43.646806391121466       0.34544669249420246     
   43.653346218270272       0.34450808152784368     
   43.659886045419078       0.34356912605340340     
   43.666425872567885       0.34262982700983707     
   43.672965699716684       0.34169018533644369     
   43.679505526865491       0.34075020197286499     
   43.686045354014297       0.33980987785908434     
   43.692585181163103       0.33886921393542591     
   43.699125008311903       0.33792821114255345     
   43.705664835460709       0.33698687042146991     
   43.712204662609516       0.33604519271351596     
   43.718744489758322       0.33510317896036934     
   43.725284316907121       0.33416083010404374     
   43.731824144055928       0.33321814708688807     
   43.738363971204734       0.33227513085158533     
   43.744903798353533       0.33133178234115174     
   43.751443625502340       0.33038810249893569     
   43.757983452651146       0.32944409226861732     
   43.764523279799953       0.32849975259420655     
   43.771063106948752       0.32755508442004322     
   43.777602934097558       0.32661008869079550     
   43.784142761246365       0.32566476635145908     
   43.790682588395171       0.32471911834735634     
   43.797222415543970       0.32377314562413517     
   43.803762242692777       0.32282684912776843     
   43.810302069841583       0.32188022980455255     
   43.816841896990390       0.32093328860110687     
   43.823381724139189       0.31998602646437257     
   43.829921551287995       0.31903844434161183     
   43.836461378436802       0.31809054318040675     
   43.843001205585608       0.31714232392865843     
   43.849541032734408       0.31619378753458616     
   43.856080859883214       0.31524493494672640     
   43.862620687032020       0.31429576711393170     
   43.869160514180820       0.31334628498536982     
   43.875700341329626       0.31239648951052296     
   43.882240168478432       0.31144638163918659     
   43.888779995627239       0.31049596232146864     
   43.895319822776038       0.30954523250778837     
   43.901859649924845       0.30859419314887554     
   43.908399477073651       0.30764284519576968     
   43.914939304222457       0.30669118959981845     
   43.921479131371257       0.30573922731267777     
   43.928018958520063       0.30478695928630967     
   43.934558785668870       0.30383438647298233     
   43.941098612817676       0.30288150982526846     
   43.947638439966475       0.30192833029604482     
   43.954178267115282       0.30097484883849090     
   43.960718094264088       0.30002106640608811     
   43.967257921412894       0.29906698395261894     
   43.973797748561694       0.29811260243216586     
   43.980337575710500       0.29715792279911024     
   43.986877402859307       0.29620294600813196     
   43.993417230008106       0.29524767301420762     
   43.999957057156912       0.29429210477261031     
   44.006496884305719       0.29333624223890825     
   44.013036711454525       0.29238008636896395     
   44.019576538603324       0.29142363811893329     
   44.026116365752131       0.29046689844526447     
   44.032656192900937       0.28950986830469727     
   44.039196020049744       0.28855254865426172     
   44.045735847198543       0.28759494045127748     
   44.052275674347349       0.28663704465335277     
   44.058815501496156       0.28567886221838346     
   44.065355328644962       0.28472039410455191     
   44.071895155793761       0.28376164127032621     
   44.078434982942568       0.28280260467445928     
   44.084974810091374       0.28184328527598762     
   44.091514637240181       0.28088368403423070     
   44.098054464388980       0.27992380190878979     
   44.104594291537786       0.27896363985954686     
   44.111134118686593       0.27800319884666413     
   44.117673945835392       0.27704247983058261     
   44.124213772984199       0.27608148377202119     
   44.130753600133005       0.27512021163197603     
   44.137293427281811       0.27415866437171932     
   44.143833254430611       0.27319684295279817     
   44.150373081579417       0.27223474833703409     
   44.156912908728223       0.27127238148652166     
   44.163452735877030       0.27030974336362779     
   44.169992563025829       0.26934683493099054     
   44.176532390174636       0.26838365715151835     
   44.183072217323442       0.26742021098838908     
   44.189612044472248       0.26645649740504879     
   44.196151871621048       0.26549251736521107     
   44.202691698769854       0.26452827183285599     
   44.209231525918661       0.26356376177222907     
   44.215771353067460       0.26259898814784038     
   44.222311180216266       0.26163395192446359     
   44.228851007365073       0.26066865406713485     
   44.235390834513879       0.25970309554115206     
   44.241930661662678       0.25873727731207374     
   44.248470488811485       0.25777120034571804     
   44.255010315960291       0.25680486560816201     
   44.261550143109098       0.25583827406574045     
   44.268089970257897       0.25487142668504470     
   44.274629797406703       0.25390432443292232     
   44.281169624555510       0.25293696827647549     
   44.287709451704316       0.25196935918306035     
   44.294249278853115       0.25100149812028605     
   44.300789106001922       0.25003338605601366     
   44.307328933150728       0.24906502395835517     
   44.313868760299535       0.24809641279567271     
   44.320408587448334       0.24712755353657753     
   44.326948414597140       0.24615844714992877     
   44.333488241745947       0.24518909460483287     
   44.340028068894746       0.24421949687064237     
   44.346567896043553       0.24324965491695499     
   44.353107723192359       0.24227956971361270     
   44.359647550341165       0.24130924223070077     
   44.366187377489965       0.24033867343854654     
   44.372727204638771       0.23936786430771892     
   44.379267031787577       0.23839681580902700     
   44.385806858936384       0.23742552891351928     
   44.392346686085183       0.23645400459248261     
   44.398886513233990       0.23548224381744140     
   44.405426340382796       0.23451024756015632     
   44.411966167531602       0.23353801679262373     
   44.418505994680402       0.23256555248707431     
   44.425045821829208       0.23159285561597243     
   44.431585648978015       0.23061992715201490     
   44.438125476126821       0.22964676806813025     
   44.444665303275620       0.22867337933747753     
   44.451205130424427       0.22769976193344543     
   44.457744957573233       0.22672591682965143     
   44.464284784722032       0.22575184499994058     
   44.470824611870839       0.22477754741838471     
   44.477364439019645       0.22380302505928143     
   44.483904266168452       0.22282827889715309     
   44.490444093317251       0.22185330990674587     
   44.496983920466057       0.22087811906302873     
   44.503523747614864       0.21990270734119249     
   44.510063574763670       0.21892707571664896     
   44.516603401912469       0.21795122516502971     
   44.523143229061276       0.21697515666218528     
   44.529683056210082       0.21599887118418420     
   44.536222883358889       0.21502236970731192     
   44.542762710507688       0.21404565320806998     
   44.549302537656494       0.21306872266317481     
   44.555842364805301       0.21209157904955700     
   44.562382191954107       0.21111422334436017     
   44.568922019102907       0.21013665652493993     
   44.575461846251713       0.20915887956886320     
   44.582001673400519       0.20818089345390692     
   44.588541500549319       0.20720269915805717     
   44.595081327698125       0.20622429765950823     
   44.601621154846931       0.20524568993666165     
   44.608160981995738       0.20426687696812515     
   44.614700809144537       0.20328785973271171     
   44.621240636293344       0.20230863920943848     
   44.627780463442150       0.20132921637752610     
   44.634320290590956       0.20034959221639731     
   44.640860117739756       0.19936976770567633     
   44.647399944888562       0.19838974382518768     
   44.653939772037369       0.19740952155495514     
   44.660479599186175       0.19642910187520110     
   44.667019426334974       0.19544848576634519     
   44.673559253483781       0.19446767420900349     
   44.680099080632587       0.19348666818398758     
   44.686638907781386       0.19250546867230345     
   44.693178734930193       0.19152407665515067     
   44.699718562078999       0.19054249311392127     
   44.706258389227806       0.18956071903019875     
   44.712798216376605       0.18857875538575719     
   44.719338043525411       0.18759660316256024     
   44.725877870674218       0.18661426334276016     
   44.732417697823024       0.18563173690869669     
   44.738957524971823       0.18464902484289641     
   44.745497352120630       0.18366612812807123     
   44.752037179269436       0.18268304774711791     
   44.758577006418243       0.18169978468311687     
   44.765116833567042       0.18071633991933111     
   44.771656660715848       0.17973271443920547     
   44.778196487864655       0.17874890922636535     
   44.784736315013461       0.17776492526461604     
   44.791276142162260       0.17678076353794142     
   44.797815969311067       0.17579642503050330     
   44.804355796459873       0.17481191072664015     
   44.810895623608673       0.17382722161086628     
   44.817435450757479       0.17284235866787079     
   44.823975277906285       0.17185732288251662     
   44.830515105055092       0.17087211523983958     
   44.837054932203891       0.16988673672504731     
   44.843594759352698       0.16890118832351830     
   44.850134586501504       0.16791547102080095     
   44.856674413650310       0.16692958580261261     
   44.863214240799110       0.16594353365483847     
   44.869754067947916       0.16495731556353066     
   44.876293895096723       0.16397093251490730     
   44.882833722245529       0.16298438549535141     
   44.889373549394328       0.16199767549141000     
   44.895913376543135       0.16101080348979313     
   44.902453203691941       0.16002377047737276     
   44.908993030840747       0.15903657744118194     
   44.915532857989547       0.15804922536841365     
   44.922072685138353       0.15706171524641999     
   44.928612512287160       0.15607404806271111     
   44.935152339435959       0.15508622480495413     
   44.941692166584765       0.15409824646097239     
   44.948231993733572       0.15311011401874416     
   44.954771820882378       0.15212182846640199     
   44.961311648031177       0.15113339079223129     
   44.967851475179984       0.15014480198466981     
   44.974391302328790       0.14915606303230636     
   44.980931129477597       0.14816717492387987     
   44.987470956626396       0.14717813864827850     
   44.994010783775202       0.14618895519453842     
   45.000550610924009       0.14519962555184318     
   45.007090438072815       0.14421015070952242     
   45.013630265221614       0.14322053165705090     
   45.020170092370421       0.14223076938404774     
   45.026709919519227       0.14124086488027521     
   45.033249746668034       0.14025081913563778     
   45.039789573816833       0.13926063314018122     
   45.046329400965639       0.13827030788409150     
   45.052869228114446       0.13727984435769391     
   45.059409055263245       0.13628924355145194     
   45.065948882412052       0.13529850645596644     
   45.072488709560858       0.13430763406197449     
   45.079028536709664       0.13331662736034849     
   45.085568363858464       0.13232548734209512     
   45.092108191007270       0.13133421499835440     
   45.098648018156076       0.13034281132039871     
   45.105187845304883       0.12935127729963170     
   45.111727672453682       0.12835961392758738     
   45.118267499602489       0.12736782219592915     
   45.124807326751295       0.12637590309644869     
   45.131347153900101       0.12538385762106516     
   45.137886981048901       0.12439168676182398     
   45.144426808197707       0.12339939151089606     
   45.150966635346514       0.12240697286057661     
   45.157506462495320       0.12141443180328433     
   45.164046289644119       0.12042176933156021     
   45.170586116792926       0.11942898643806679     
   45.177125943941732       0.11843608411558693     
   45.183665771090531       0.11744306335702294     
   45.190205598239338       0.11644992515539561     
   45.196745425388144       0.11545667050384313     
   45.203285252536951       0.11446330039562012     
   45.209825079685750       0.11346981582409675     
   45.216364906834556       0.11247621778275751     
   45.222904733983363       0.11148250726520050     
   45.229444561132169       0.11048868526513624     
   45.235984388280968       0.10949475277638669     
   45.242524215429775       0.10850071079288437     
   45.249064042578581       0.10750656030867127     
   45.255603869727388       0.10651230231789784     
   45.262143696876187       0.10551793781482212     
   45.268683524024993       0.10452346779380856     
   45.275223351173800       0.10352889324932721     
   45.281763178322599       0.10253421517595261     
   45.288303005471406       0.10153943456836283     
   45.294842832620212       0.10054455242133849     
   45.301382659769018        9.9549569729761714E-002
   45.307922486917818        9.8554487488615228E-002
   45.314462314066624        9.7559306692981254E-002
   45.321002141215430        9.6564028338040592E-002
   45.327541968364237        9.5568653419071586E-002
   45.334081795513036        9.4573182931449173E-002
   45.340621622661843        9.3577617870643823E-002
   45.347161449810649        9.2581959232220595E-002
   45.353701276959455        9.1586208011838144E-002
   45.360241104108255        9.0590365205247686E-002
   45.366780931257061        8.9594431808292005E-002
   45.373320758405868        8.8598408816904520E-002
   45.379860585554674        8.7602297227108231E-002
   45.386400412703473        8.6606098035014720E-002
   45.392940239852280        8.5609812236823166E-002
   45.399480067001086        8.4613440828819358E-002
   45.406019894149885        8.3616984807374742E-002
   45.412559721298692        8.2620445168945317E-002
   45.419099548447498        8.1623822910070712E-002
   45.425639375596305        8.0627119027373198E-002
   45.432179202745104        7.9630334517556661E-002
   45.438719029893910        7.8633470377405576E-002
   45.445258857042717        7.7636527603784131E-002
   45.451798684191523        7.6639507193635062E-002
   45.458338511340322        7.5642410143978822E-002
   45.464878338489129        7.4645237451912413E-002
   45.471418165637935        7.3647990114608555E-002
   45.477957992786742        7.2650669129314588E-002
   45.484497819935541        7.1653275493351473E-002
   45.491037647084347        7.0655810204112865E-002
   45.497577474233154        6.9658274259064082E-002
   45.504117301381960        6.8660668655741025E-002
   45.510657128530760        6.7662994391749304E-002
   45.517196955679566        6.6665252464763208E-002
   45.523736782828372        6.5667443872524642E-002
   45.530276609977172        6.4669569612842190E-002
   45.536816437125978        6.3671630683590150E-002
   45.543356264274784        6.2673628082707419E-002
   45.549896091423591        6.1675562808196603E-002
   45.556435918572390        6.0677435858122991E-002
   45.562975745721197        5.9679248230613519E-002
   45.569515572870003        5.8681000923855808E-002
   45.576055400018809        5.7682694936097179E-002
   45.582595227167609        5.6684331265643609E-002
   45.589135054316415        5.5685910910858769E-002
   45.595674881465222        5.4687434870163018E-002
   45.602214708614028        5.3688904142032409E-002
   45.608754535762827        5.2690319724997652E-002
   45.615294362911634        5.1691682617643175E-002
   45.621834190060440        5.0692993818606077E-002
   45.628374017209246        4.9694254326575170E-002
   45.634913844358046        4.8695465140289933E-002
   45.641453671506852        4.7696627258539549E-002
   45.647993498655659        4.6697741680161921E-002
   45.654533325804458        4.5698809404042598E-002
   45.661073152953264        4.4699831429113879E-002
   45.667612980102071        4.3700808754353740E-002
   45.674152807250877        4.2701742378784838E-002
   45.680692634399676        4.1702633301473557E-002
   45.687232461548483        4.0703482521528972E-002
   45.693772288697289        3.9704291038101865E-002
   45.700312115846096        3.8705059850383715E-002
   45.706851942994895        3.7705789957605720E-002
   45.713391770143701        3.6706482359037770E-002
   45.719931597292508        3.5707138053987460E-002
   45.726471424441314        3.4707758041799090E-002
   45.733011251590113        3.3708343321852678E-002
   45.739551078738920        3.2708894893562941E-002
   45.746090905887726        3.1709413756378320E-002
   45.752630733036526        3.0709900909779927E-002
   45.759170560185332        2.9710357353280634E-002
   45.765710387334138        2.8710784086423982E-002
   45.772250214482945        2.7711182108783247E-002
   45.778790041631744        2.6711552419960399E-002
   45.785329868780551        2.5711896019585130E-002
   45.791869695929357        2.4712213907313846E-002
   45.798409523078163        2.3712507082828651E-002
   45.804949350226963        2.2712776545836377E-002
   45.811489177375769        2.1713023296067557E-002
   45.818029004524575        2.0713248333275442E-002
   45.824568831673382        1.9713452657234995E-002
   45.831108658822181        1.8713637267741889E-002
   45.837648485970988        1.7713803164611519E-002
   45.844188313119794        1.6713951347677985E-002
   45.850728140268600        1.5714082816793103E-002
   45.857267967417400        1.4714198571825403E-002
   45.863807794566206        1.3714299612659131E-002
   45.870347621715013        1.2714386939193247E-002
   45.876887448863812        1.1714461551340425E-002
   45.883427276012618        1.0714524449026049E-002
   45.889967103161425        9.7145766321872253E-003
   45.896506930310231        8.7146191007717692E-003
   45.903046757459030        7.7146528547372122E-003
   45.909586584607837        6.7146788940497994E-003
   45.916126411756643        5.7146982186834939E-003
   45.922666238905450        4.7147118286189693E-003
   45.929206066054249        3.7147207238426164E-003
   45.935745893203055        2.7147259043455402E-003
   45.942285720351862        1.7147283701225587E-003
   45.948825547500668        7.1472912117120739E-004
   45.955365374649467        2.8527084250926495E-004
   45.961905201798274        1.2852705209188951E-003
   45.968445028947080        2.2852689140580038E-003
   45.974984856095887        3.2852650219281992E-003
   45.981524683244686        4.2852578445333718E-003
   45.988064510393492        5.2852463818807019E-003
   45.994604337542299        6.2852296339816482E-003
   46.001144164691098        7.2852066008529618E-003
   46.007683991839905        8.2851762825176724E-003
   46.014223818988711        9.2851376790061019E-003
   46.020763646137517        1.0285089790356852E-002
   46.027303473286317        1.1285031616617808E-002
   46.033843300435123        1.2284962157847149E-002
   46.040383127583929        1.3284880414114332E-002
   46.046922954732736        1.4284785385501098E-002
   46.053462781881535        1.5284676072102482E-002
   46.060002609030342        1.6284551474027794E-002
   46.066542436179148        1.7284410591401629E-002
   46.073082263327954        1.8284252424364870E-002
   46.079622090476754        1.9284075973075684E-002
   46.086161917625560        2.0283880237710532E-002
   46.092701744774367        2.1283664218465136E-002
   46.099241571923173        2.2283426915555526E-002
   46.105781399071972        2.3283167329219003E-002
   46.112321226220779        2.4282884459715142E-002
   46.118861053369585        2.5282577307326828E-002
   46.125400880518384        2.6282244872361204E-002
   46.131940707667191        2.7281886155150710E-002
   46.138480534815997        2.8281500156054056E-002
   46.145020361964804        2.9281085875457250E-002
   46.151560189113603        3.0280642313774565E-002
   46.158100016262409        3.1280168471449571E-002
   46.164639843411216        3.2279663348956100E-002
   46.171179670560022        3.3279125946799284E-002
   46.177719497708821        3.4278555265516514E-002
   46.184259324857628        3.5277950305678492E-002
   46.190799152006434        3.6277310067890166E-002
   46.197338979155241        3.7276633552791760E-002
   46.203878806304040        3.8275919761059811E-002
   46.210418633452846        3.9275167693408095E-002
   46.216958460601653        4.0274376350588691E-002
   46.223498287750459        4.1273544733392939E-002
   46.230038114899259        4.2272671842652439E-002
   46.236577942048065        4.3271756679240103E-002
   46.243117769196871        4.4270798244071090E-002
   46.249657596345671        4.5269795538103827E-002
   46.256197423494477        4.6268747562341034E-002
   46.262737250643283        4.7267653317830664E-002
   46.269277077792090        4.8266511805666983E-002
   46.275816904940889        4.9265322026991493E-002
   46.282356732089696        5.0264082982993986E-002
   46.288896559238502        5.1262793674913494E-002
   46.295436386387308        5.2261453104039318E-002
   46.301976213536108        5.3260060271712040E-002
   46.308516040684914        5.4258614179324496E-002
   46.315055867833721        5.5257113828322775E-002
   46.321595694982527        5.6255558220207225E-002
   46.328135522131326        5.7253946356533456E-002
   46.334675349280133        5.8252277238913332E-002
   46.341215176428939        5.9250549869015956E-002
   46.347755003577738        6.0248763248568718E-002
   46.354294830726545        6.1246916379358231E-002
   46.360834657875351        6.2245008263231358E-002
   46.367374485024158        6.3243037902096233E-002
   46.373914312172957        6.4241004297923204E-002
   46.380454139321763        6.5238906452745868E-002
   46.386993966470570        6.6236743368662074E-002
   46.393533793619376        6.7234514047834912E-002
   46.400073620768175        6.8232217492493696E-002
   46.406613447916982        6.9229852704934994E-002
   46.413153275065788        7.0227418687523580E-002
   46.419693102214595        7.1224914442693465E-002
   46.426232929363394        7.2222338972948927E-002
   46.432772756512200        7.3219691280865390E-002
   46.439312583661007        7.4216970369090599E-002
   46.445852410809813        7.5214175240345418E-002
   46.452392237958612        7.6211304897425017E-002
   46.458932065107419        7.7208358343199709E-002
   46.465471892256225        7.8205334580616043E-002
   46.472011719405025        7.9202232612697820E-002
   46.478551546553831        8.0199051442546965E-002
   46.485091373702637        8.1195790073344695E-002
   46.491631200851444        8.2192447508352334E-002
   46.498171028000243        8.3189022750912472E-002
   46.504710855149050        8.4185514804449871E-002
   46.511250682297856        8.5181922672472446E-002
   46.517790509446662        8.6178245358572367E-002
   46.524330336595462        8.7174481866426914E-002
   46.530870163744268        8.8170631199799607E-002
   46.537409990893075        8.9166692362541114E-002
   46.543949818041881        9.0162664358590258E-002
   46.550489645190680        9.1158546191975040E-002
   46.557029472339487        9.2154336866813652E-002
   46.563569299488293        9.3150035387315380E-002
   46.570109126637099        9.4145640757781701E-002
   46.576648953785899        9.5141151982607294E-002
   46.583188780934705        9.6136568066280889E-002
   46.589728608083512        9.7131888013386430E-002
   46.596268435232311        9.8127110828603939E-002
   46.602808262381117        9.9122235516710636E-002
   46.609348089529924       0.10011726108258182     
   46.615887916678730       0.10111218653119189     
   46.622427743827529       0.10210701086761545     
   46.628967570976336       0.10310173309702812     
   46.635507398125142       0.10409635222470771     
   46.642047225273949       0.10509086725603507     
   46.648587052422748       0.10608527719649517     
   46.655126879571554       0.10707958105167809     
   46.661666706720361       0.10807377782727993     
   46.668206533869167       0.10906786652910397     
   46.674746361017966       0.11006184616306146     
   46.681286188166773       0.11105571573517280     
   46.687826015315579       0.11204947425156840     
   46.694365842464386       0.11304312071848975     
   46.700905669613185       0.11403665414229039     
   46.707445496761991       0.11503007352943688     
   46.713985323910798       0.11602337788650986     
   46.720525151059597       0.11701656622020494     
   46.727064978208404       0.11800963753733380     
   46.733604805357210       0.11900259084482513     
   46.740144632506016       0.11999542514972558     
   46.746684459654816       0.12098813945920092     
   46.753224286803622       0.12198073278053677     
   46.759764113952428       0.12297320412113985     
   46.766303941101235       0.12396555248853881     
   46.772843768250034       0.12495777689038530     
   46.779383595398841       0.12594987633445490     
   46.785923422547647       0.12694184982864815     
   46.792463249696453       0.12793369638099156     
   46.799003076845253       0.12892541499963861     
   46.805542903994059       0.12991700469287068     
   46.812082731142866       0.13090846446909801     
   46.818622558291665       0.13189979333686092     
   46.825162385440471       0.13289099030483048     
   46.831702212589278       0.13388205438180975     
   46.838242039738084       0.13487298457673463     
   46.844781866886883       0.13586377989867496     
   46.851321694035690       0.13685443935683536     
   46.857861521184496       0.13784496196055640     
   46.864401348333303       0.13883534671931549     
   46.870941175482102       0.13982559264272784     
   46.877481002630908       0.14081569874054756     
   46.884020829779715       0.14180566402266853     
   46.890560656928521       0.14279548749912549     
   46.897100484077320       0.14378516818009493     
   46.903640311226127       0.14477470507589621     
   46.910180138374933       0.14576409719699238     
   46.916719965523740       0.14675334355399136     
   46.923259792672539       0.14774244315764679     
   46.929799619821345       0.14873139501885907     
   46.936339446970152       0.14972019814867632     
   46.942879274118951       0.15070885155829541     
   46.949419101267758       0.15169735425906300     
   46.955958928416564       0.15268570526247630     
   46.962498755565370       0.15367390358018437     
   46.969038582714170       0.15466194822398885     
   46.975578409862976       0.15564983820584510     
   46.982118237011782       0.15663757253786312     
   46.988658064160589       0.15762515023230866     
   46.995197891309388       0.15861257030160394     
   47.001737718458195       0.15959983175832898     
   47.008277545607001       0.16058693361522222     
   47.014817372755807       0.16157387488518182     
   47.021357199904607       0.16256065458126659     
   47.027897027053413       0.16354727171669678     
   47.034436854202220       0.16453372530485524     
   47.040976681351026       0.16552001435928837     
   47.047516508499825       0.16650613789370713     
   47.054056335648632       0.16749209492198802     
   47.060596162797438       0.16847788445817402     
   47.067135989946237       0.16946350551647557     
   47.073675817095044       0.17044895711127153     
   47.080215644243850       0.17143423825711046     
   47.086755471392657       0.17241934796871108     
   47.093295298541456       0.17340428526096377     
   47.099835125690262       0.17438904914893119     
   47.106374952839069       0.17537363864784944     
   47.112914779987875       0.17635805277312908     
   47.119454607136674       0.17734229054035591     
   47.125994434285481       0.17832635096529220     
   47.132534261434287       0.17931023306387756     
   47.139074088583094       0.18029393585222983     
   47.145613915731893       0.18127745834664624     
   47.152153742880699       0.18226079956360433     
   47.158693570029506       0.18324395851976283     
   47.165233397178312       0.18422693423196279     
   47.171773224327112       0.18520972571722857     
   47.178313051475918       0.18619233199276861     
   47.184852878624724       0.18717475207597667     
   47.191392705773524       0.18815698498443265     
   47.197932532922330       0.18913902973590366     
   47.204472360071136       0.19012088534834490     
   47.211012187219943       0.19110255083990080     
   47.217552014368742       0.19208402522890589     
   47.224091841517549       0.19306530753388568     
   47.230631668666355       0.19404639677355798     
   47.237171495815161       0.19502729196683344     
   47.243711322963961       0.19600799213281697     
   47.250251150112767       0.19698849629080833     
   47.256790977261574       0.19796880346030343     
   47.263330804410380       0.19894891266099507     
   47.269870631559179       0.19992882291277403     
   47.276410458707986       0.20090853323573007     
   47.282950285856792       0.20188804265015292     
   47.289490113005598       0.20286735017653307     
   47.296029940154398       0.20384645483556307     
   47.302569767303204       0.20482535564813822     
   47.309109594452011       0.20580405163535773     
   47.315649421600810       0.20678254181852562     
   47.322189248749616       0.20776082521915165     
   47.328729075898423       0.20873890085895250     
   47.335268903047229       0.20971676775985243     
   47.341808730196028       0.21069442494398466     
   47.348348557344835       0.21167187143369193     
   47.354888384493641       0.21264910625152778     
   47.361428211642448       0.21362612842025736     
   47.367968038791247       0.21460293696285851     
   47.374507865940053       0.21557953090252269     
   47.381047693088860       0.21655590926265597     
   47.387587520237666       0.21753207106688002     
   47.394127347386465       0.21850801533903300     
   47.400667174535272       0.21948374110317062     
   47.407207001684078       0.22045924738356718     
   47.413746828832878       0.22143453320471634     
   47.420286655981684       0.22240959759133228     
   47.426826483130490       0.22338443956835066     
   47.433366310279297       0.22435905816092944     
   47.439906137428096       0.22533345239445007     
   47.446445964576903       0.22630762129451834     
   47.452985791725709       0.22728156388696527     
   47.459525618874515       0.22825527919784830     
   47.466065446023315       0.22922876625345215     
   47.472605273172121       0.23020202408028975     
   47.479145100320927       0.23117505170510327     
   47.485684927469734       0.23214784815486508     
   47.492224754618533       0.23312041245677870     
   47.498764581767340       0.23409274363827995     
   47.505304408916146       0.23506484072703751     
   47.511844236064952       0.23603670275095431     
   47.518384063213752       0.23700832873816843     
   47.524923890362558       0.23797971771705376     
   47.531463717511365       0.23895086871622140     
   47.538003544660164       0.23992178076452031     
   47.544543371808970       0.24089245289103847     
   47.551083198957777       0.24186288412510371     
   47.557623026106583       0.24283307349628486     
   47.564162853255382       0.24380302003439244     
   47.570702680404189       0.24477272276948003     
   47.577242507552995       0.24574218073184484     
   47.583782334701802       0.24671139295202890     
   47.590322161850601       0.24768035846082001     
   47.596861988999407       0.24864907628925267     
   47.603401816148214       0.24961754546860904     
   47.609941643297020       0.25058576503041990     
   47.616481470445819       0.25155373400646575     
   47.623021297594626       0.25252145142877758     
   47.629561124743432       0.25348891632963799     
   47.636100951892239       0.25445612774158211     
   47.642640779041038       0.25542308469739849     
   47.649180606189844       0.25638978623013015     
   47.655720433338651       0.25735623137307562     
   47.662260260487450       0.25832241915978976     
   47.668800087636257       0.25928834862408479     
   47.675339914785063       0.26025401880003113     
   47.681879741933869       0.26121942872195875     
   47.688419569082669       0.26218457742445761     
   47.694959396231475       0.26314946394237904     
   47.701499223380281       0.26411408731083658     
   47.708039050529088       0.26507844656520679     
   47.714578877677887       0.26604254074113043     
   47.721118704826694       0.26700636887451334     
   47.727658531975500       0.26796993000152736     
   47.734198359124306       0.26893322315861135     
   47.740738186273106       0.26989624738247225     
   47.747278013421912       0.27085900171008570     
   47.753817840570719       0.27182148517869748     
   47.760357667719525       0.27278369682582404     
   47.766897494868324       0.27374563568925381     
   47.773437322017131       0.27470730080704786     
   47.779977149165937       0.27566869121754112     
   47.786516976314736       0.27662980595934317     
   47.793056803463543       0.27759064407133927     
   47.799596630612349       0.27855120459269123     
   47.806136457761156       0.27951148656283864     
   47.812676284909955       0.28047148902149954     
   47.819216112058761       0.28143121100867141     
   47.825755939207568       0.28239065156463228     
   47.832295766356374       0.28334980972994162     
   47.838835593505173       0.28430868454544117     
   47.845375420653980       0.28526727505225619     
   47.851915247802786       0.28622558029179618     
   47.858455074951593       0.28718359930575588     
   47.864994902100392       0.28814133113611623     
   47.871534729249198       0.28909877482514545     
   47.878074556398005       0.29005592941539987     
   47.884614383546811       0.29101279394972485     
   47.891154210695611       0.29196936747125590     
   47.897694037844417       0.29292564902341944     
   47.904233864993223       0.29388163764993402     
   47.910773692142023       0.29483733239481091     
   47.917313519290829       0.29579273230235553     
   47.923853346439635       0.29674783641716779     
   47.930393173588442       0.29770264378414363     
   47.936933000737241       0.29865715344847571     
   47.943472827886048       0.29961136445565434     
   47.950012655034854       0.30056527585146853     
   47.956552482183660       0.30151888668200683     
   47.963092309332460       0.30247219599365843     
   47.969632136481266       0.30342520283311408     
   47.976171963630073       0.30437790624736688     
   47.982711790778879       0.30533030528371341     
   47.989251617927678       0.30628239898975468     
   47.995791445076485       0.30723418641339684     
   48.002331272225291       0.30818566660285263     
   48.008871099374090       0.30913683860664187     
   48.015410926522897       0.31008770147359249     
   48.021950753671703       0.31103825425284160     
   48.028490580820510       0.31198849599383649     
   48.035030407969309       0.31293842574633546     
   48.041570235118115       0.31388804256040864     
   48.048110062266922       0.31483734548643927     
   48.054649889415728       0.31578633357512442     
   48.061189716564527       0.31673500587747594     
   48.067729543713334       0.31768336144482173     
   48.074269370862140       0.31863139932880602     
   48.080809198010947       0.31957911858139093     
   48.087349025159746       0.32052651825485734     
   48.093888852308552       0.32147359740180548     
   48.100428679457359       0.32242035507515626     
   48.106968506606165       0.32336679032815191     
   48.113508333754964       0.32431290221435732     
   48.120048160903771       0.32525868978766048     
   48.126587988052577       0.32620415210227388     
   48.133127815201377       0.32714928821273509     
   48.139667642350183       0.32809409717390808     
   48.146207469498989       0.32903857804098391     
   48.152747296647796       0.32998272986948168     
   48.159287123796595       0.33092655171524965     
   48.165826950945402       0.33187004263446584     
   48.172366778094208       0.33281320168363943     
   48.178906605243014       0.33375602791961134     
   48.185446432391814       0.33469852039955528     
   48.191986259540620       0.33564067818097876     
   48.198526086689427       0.33658250032172410     
   48.205065913838233       0.33752398587996912     
   48.211605740987032       0.33846513391422828     
   48.218145568135839       0.33940594348335351     
   48.224685395284645       0.34034641364653523     
   48.231225222433451       0.34128654346330334     
   48.237765049582251       0.34222633199352803     
   48.244304876731057       0.34316577829742073     
   48.250844703879864       0.34410488143553514     
   48.257384531028663       0.34504364046876812     
   48.263924358177469       0.34598205445836067     
   48.270464185326276       0.34692012246589876     
   48.277004012475082       0.34785784355331434     
   48.283543839623881       0.34879521678288639     
   48.290083666772688       0.34973224121724161     
   48.296623493921494       0.35066891591935573     
   48.303163321070301       0.35160523995255388     
   48.309703148219100       0.35254121238051211     
   48.316242975367906       0.35347683226725801     
   48.322782802516713       0.35441209867717166     
   48.329322629665519       0.35534701067498653     
   48.335862456814318       0.35628156732579075     
   48.342402283963125       0.35721576769502766     
   48.348942111111931       0.35814961084849695     
   48.355481938260738       0.35908309585235537     
   48.362021765409537       0.36001622177311793     
   48.368561592558343       0.36094898767765876     
   48.375101419707150       0.36188139263321190     
   48.381641246855949       0.36281343570737240     
   48.388181074004756       0.36374511596809722     
   48.394720901153562       0.36467643248370607     
   48.401260728302368       0.36560738432288248     
   48.407800555451168       0.36653797055467463     
   48.414340382599974       0.36746819024849608     
   48.420880209748780       0.36839804247412733     
   48.427420036897587       0.36932752630171617     
   48.433959864046386       0.37025664080177867     
   48.440499691195193       0.37118538504520032     
   48.447039518343999       0.37211375810323699     
   48.453579345492805       0.37304175904751552     
   48.460119172641605       0.37396938695003495     
   48.466658999790411       0.37489664088316749     
   48.473198826939218       0.37582351991965918     
   48.479738654088017       0.37675002313263090     
   48.486278481236823       0.37767614959557949     
   48.492818308385630       0.37860189838237851     
   48.499358135534436       0.37952726856727920     
   48.505897962683235       0.38045225922491122     
   48.512437789832042       0.38137686943028409     
   48.518977616980848       0.38230109825878761     
   48.525517444129655       0.38322494478619279     
   48.532057271278454       0.38414840808865314     
   48.538597098427260       0.38507148724270546     
   48.545136925576067       0.38599418132527058     
   48.551676752724873       0.38691648941365431     
   48.558216579873672       0.38783841058554863     
   48.564756407022479       0.38875994391903235     
   48.571296234171285       0.38968108849257221     
   48.577836061320092       0.39060184338502346     
   48.584375888468891       0.39152220767563140     
   48.590915715617697       0.39244218044403167     
   48.597455542766504       0.39336176077025148     
   48.603995369915303       0.39428094773471051     
   48.610535197064110       0.39519974041822176     
   48.617075024212916       0.39611813790199263     
   48.623614851361722       0.39703613926762565     
   48.630154678510522       0.39795374359711932     
   48.636694505659328       0.39887094997286943     
   48.643234332808134       0.39978775747766959     
   48.649774159956941       0.40070416519471219     
   48.656313987105740       0.40162017220758972     
   48.662853814254547       0.40253577760029496     
   48.669393641403353       0.40345098045722261     
   48.675933468552159       0.40436577986316979     
   48.682473295700959       0.40528017490333712     
   48.689013122849765       0.40619416466332947     
   48.695552949998572       0.40710774822915730     
   48.702092777147378       0.40802092468723683     
   48.708632604296177       0.40893369312439160     
   48.715172431444984       0.40984605262785329     
   48.721712258593790       0.41075800228526232     
   48.728252085742589       0.41166954118466909     
   48.734791912891396       0.41258066841453461     
   48.741331740040202       0.41349138306373173     
   48.747871567189009       0.41440168422154577     
   48.754411394337808       0.41531157097767557     
   48.760951221486614       0.41622104242223446     
   48.767491048635421       0.41713009764575082     
   48.774030875784227       0.41803873573916966     
   48.780570702933026       0.41894695579385260     
   48.787110530081833       0.41985475690157986     
   48.793650357230639       0.42076213815455021     
   48.800190184379446       0.42166909864538227     
   48.806730011528245       0.42257563746711579     
   48.813269838677051       0.42348175371321178     
   48.819809665825858       0.42438744647755411     
   48.826349492974664       0.42529271485444986     
   48.832889320123464       0.42619755793863084     
   48.839429147272270       0.42710197482525397     
   48.845968974421076       0.42800596460990215     
   48.852508801569876       0.42890952638858576     
   48.859048628718682       0.42981265925774292     
   48.865588455867488       0.43071536231424085     
   48.872128283016295       0.43161763465537639     
   48.878668110165094       0.43251947537887730     
   48.885207937313901       0.43342088358290287     
   48.891747764462707       0.43432185836604492     
   48.898287591611513       0.43522239882732849     
   48.904827418760313       0.43612250406621333     
   48.911367245909119       0.43702217318259401     
   48.917907073057926       0.43792140527680157     
   48.924446900206732       0.43882019944960382     
   48.930986727355531       0.43971855480220673     
   48.937526554504338       0.44061647043625474     
   48.944066381653144       0.44151394545383232     
   48.950606208801950       0.44241097895746445     
   48.957146035950750       0.44330757005011756     
   48.963685863099556       0.44420371783520074     
   48.970225690248363       0.44509942141656605     
   48.976765517397162       0.44599467989850988     
   48.983305344545968       0.44688949238577391     
   48.989845171694775       0.44778385798354547     
   48.996384998843581       0.44867777579745910     
   49.002924825992380       0.44957124493359685     
   49.009464653141187       0.45046426449848975     
   49.016004480289993       0.45135683359911810     
   49.022544307438800       0.45224895134291287     
   49.029084134587599       0.45314061683775636     
   49.035623961736405       0.45403182919198293     
   49.042163788885212       0.45492258751438031     
   49.048703616034018       0.45581289091419031     
   49.055243443182817       0.45670273850110921     
   49.061783270331624       0.45759212938528970     
   49.068323097480430       0.45848106267734073     
   49.074862924629230       0.45936953748832915     
   49.081402751778036       0.46025755292978004     
   49.087942578926842       0.46114510811367804     
   49.094482406075649       0.46203220215246782     
   49.101022233224448       0.46291883415905555     
   49.107562060373255       0.46380500324680901     
   49.114101887522061       0.46469070852955929     
   49.120641714670867       0.46557594912160105     
   49.127181541819667       0.46646072413769368     
   49.133721368968473       0.46734503269306221     
   49.140261196117279       0.46822887390339801     
   49.146801023266086       0.46911224688485992     
   49.153340850414885       0.46999515075407494     
   49.159880677563692       0.47087758462813922     
   49.166420504712498       0.47175954762461886     
   49.172960331861304       0.47264103886155084     
   49.179500159010104       0.47352205745744402     
   49.186039986158910       0.47440260253127964     
   49.192579813307717       0.47528267320251283     
   49.199119640456516       0.47616226859107275     
   49.205659467605322       0.47704138781736416     
   49.212199294754129       0.47792003000226768     
   49.218739121902935       0.47879819426714126     
   49.225278949051734       0.47967587973382064     
   49.231818776200541       0.48055308552462028     
   49.238358603349347       0.48142981076233438     
   49.244898430498154       0.48230605457023767     
   49.251438257646953       0.48318181607208638     
   49.257978084795759       0.48405709439211903     
   49.264517911944566       0.48493188865505726     
   49.271057739093372       0.48580619798610686     
   49.277597566242171       0.48668002151095846     
   49.284137393390978       0.48755335835578861     
   49.290677220539784       0.48842620764726041     
   49.297217047688591       0.48929856851252462     
   49.303756874837390       0.49017044007922017     
   49.310296701986196       0.49104182147547587     
   49.316836529135003       0.49191271182990992     
   49.323376356283802       0.49278311027163219     
   49.329916183432609       0.49365301593024413     
   49.336456010581415       0.49452242793584023     
   49.342995837730221       0.49539134541900848     
   49.349535664879021       0.49625976751083117     
   49.356075492027827       0.49712769334288642     
   49.362615319176633       0.49799512204724833     
   49.369155146325440       0.49886205275648815     
   49.375694973474239       0.49972848460367525     
   49.382234800623046       0.50059441672237770     
   49.388774627771852       0.50145984824666345     
   49.395314454920658       0.50232477831110101     
   49.401854282069458       0.50318920605076012     
   49.408394109218264       0.50405313060121326     
   49.414933936367071       0.50491655109853584     
   49.421473763515877       0.50577946667930729     
   49.428013590664676       0.50664187648061199     
   49.434553417813483       0.50750377964004034     
   49.441093244962289       0.50836517529568903     
   49.447633072111088       0.50922606258616243     
   49.454172899259895       0.51008644065057318     
   49.460712726408701       0.51094630862854340     
   49.467252553557508       0.51180566566020513     
   49.473792380706307       0.51266451088620102     
   49.480332207855113       0.51352284344768617     
   49.486872035003920       0.51438066248632808     
   49.493411862152726       0.51523796714430725     
   49.499951689301525       0.51609475656431936     
   49.506491516450332       0.51695102988957498     
   49.513031343599138       0.51780678626380072     
   49.519571170747945       0.51866202483124013     
   49.526110997896744       0.51951674473665466     
   49.532650825045550       0.52037094512532467     
   49.539190652194357       0.52122462514304935     
   49.545730479343156       0.52207778393614901     
   49.552270306491963       0.52293042065146467     
   49.558810133640769       0.52378253443635991     
   49.565349960789575       0.52463412443872059     
   49.571889787938375       0.52548518980695702     
   49.578429615087181       0.52633572969000353     
   49.584969442235987       0.52718574323732037     
   49.591509269384794       0.52803522959889393     
   49.598049096533593       0.52888418792523795     
   49.604588923682400       0.52973261736739408     
   49.611128750831206       0.53058051707693277     
   49.617668577980012       0.53142788620595449     
   49.624208405128812       0.53227472390708985     
   49.630748232277618       0.53312102933350136     
   49.637288059426425       0.53396680163888355     
   49.643827886575231       0.53481203997746407     
   49.650367713724030       0.53565674350400461     
   49.656907540872837       0.53650091137380163     
   49.663447368021643       0.53734454274268728     
   49.669987195170442       0.53818763676703019     
   49.676527022319249       0.53903019260373630     
   49.683066849468055       0.53987220941024994     
   49.689606676616862       0.54071368634455408     
   49.696146503765661       0.54155462256517184     
   49.702686330914467       0.54239501723116701     
   49.709226158063274       0.54323486950214495     
   49.715765985212080       0.54407417853825346     
   49.722305812360879       0.54491294350018349     
   49.728845639509686       0.54575116354917008     
   49.735385466658492       0.54658883784699297     
   49.741925293807299       0.54742596555597800     
   49.748465120956098       0.54826254583899747     
   49.755004948104904       0.54909857785947125     
   49.761544775253711       0.54993406078136697     
   49.768084602402517       0.55076899376920208     
   49.774624429551316       0.55160337598804332     
   49.781164256700123       0.55243720660350859     
   49.787704083848929       0.55327048478176721     
   49.794243910997729       0.55410320968954119     
   49.800783738146535       0.55493538049410551     
   49.807323565295341       0.55576699636328930     
   49.813863392444148       0.55659805646547655     
   49.820403219592947       0.55742855996960750     
   49.826943046741754       0.55825850604517846     
   49.833482873890560       0.55908789386224345     
   49.840022701039366       0.55991672259141445     
   49.846562528188166       0.56074499140386291     
   49.853102355336972       0.56157269947131994     
   49.859642182485779       0.56239984596607751     
   49.866182009634585       0.56322643006098916     
   49.872721836783384       0.56405245092947065     
   49.879261663932191       0.56487790774550128     
   49.885801491080997       0.56570279968362425     
   49.892341318229803       0.56652712591894760     
   49.898881145378603       0.56735088562714497     
   49.905420972527409       0.56817407798445674     
   49.911960799676216       0.56899670216769049     
   49.918500626825015       0.56981875735422205     
   49.925040453973821       0.57064024272199654     
   49.931580281122628       0.57146115744952797     
   49.938120108271434       0.57228150071590211     
   49.944659935420233       0.57310127170077552     
   49.951199762569040       0.57392046958437726     
   49.957739589717846       0.57473909354750929     
   49.964279416866653       0.57555714277154790     
   49.970819244015452       0.57637461643844357     
   49.977359071164258       0.57719151373072308     
   49.983898898313065       0.57800783383148879     
   49.990438725461871       0.57882357592442069     
   49.996978552610670       0.57963873919377673     
   50.003518379759477       0.58045332282439344     
   50.010058206908283       0.58126732600168751     
   50.016598034057090       0.58208074791165532     
   50.023137861205889       0.58289358774087541     
   50.029677688354695       0.58370584467650755     
   50.036217515503502       0.58451751790629503     
   50.042757342652301       0.58532860661856467     
   50.049297169801108       0.58613911000222751     
   50.055836996949914       0.58694902724678055     
   50.062376824098720       0.58775835754230632     
   50.068916651247520       0.58856710007947455     
   50.075456478396326       0.58937525404954261     
   50.081996305545132       0.59018281864435662     
   50.088536132693939       0.59098979305635180     
   50.095075959842738       0.59179617647855420     
   50.101615786991545       0.59260196810457988     
   50.108155614140351       0.59340716712863728     
   50.114695441289157       0.59421177274552794     
   50.121235268437957       0.59501578415064560     
   50.127775095586763       0.59581920053997928     
   50.134314922735570       0.59662202111011242     
   50.140854749884369       0.59742424505822445     
   50.147394577033175       0.59822587158209140     
   50.153934404181982       0.59902689988008662     
   50.160474231330788       0.59982732915118198     
   50.167014058479587       0.60062715859494820     
   50.173553885628394       0.60142638741155574     
   50.180093712777200       0.60222501480177593     
   50.186633539926007       0.60302303996698126     
   50.193173367074806       0.60382046210914664     
   50.199713194223612       0.60461728043085006     
   50.206253021372419       0.60541349413527279     
   50.212792848521225       0.60620910242620152     
   50.219332675670024       0.60700410450802778     
   50.225872502818831       0.60779849958574950     
   50.232412329967637       0.60859228686497169     
   50.238952157116444       0.60938546555190687     
   50.245491984265243       0.61017803485337674     
   50.252031811414049       0.61096999397681151     
   50.258571638562856       0.61176134213025235     
   50.265111465711655       0.61255207852235116     
   50.271651292860462       0.61334220236237125     
   50.278191120009268       0.61413171286018908     
   50.284730947158074       0.61492060922629410     
   50.291270774306874       0.61570889067179002     
   50.297810601455680       0.61649655640839507     
   50.304350428604486       0.61728360564844387     
   50.310890255753293       0.61807003760488688     
   50.317430082902092       0.61885585149129219     
   50.323969910050899       0.61964104652184615     
   50.330509737199705       0.62042562191135342     
   50.337049564348511       0.62120957687523881     
   50.343589391497311       0.62199291062954742     
   50.350129218646117       0.62277562239094542     
   50.356669045794924       0.62355771137672089     
   50.363208872943730       0.62433917680478490     
   50.369748700092529       0.62512001789367233     
   50.376288527241336       0.62590023386254179     
   50.382828354390142       0.62667982393117738     
   50.389368181538941       0.62745878731998894     
   50.395908008687748       0.62823712325001324     
   50.402447835836554       0.62901483094291433     
   50.408987662985361       0.62979190962098441     
   50.415527490134160       0.63056835850714488     
   50.422067317282966       0.63134417682494681     
   50.428607144431773       0.63211936379857181     
   50.435146971580579       0.63289391865283318     
   50.441686798729378       0.63366784061317594     
   50.448226625878185       0.63444112890567794     
   50.454766453026991       0.63521378275705120     
   50.461306280175798       0.63598580139464156     
   50.467846107324597       0.63675718404643056     
   50.474385934473403       0.63752792994103546     
   50.480925761622210       0.63829803830771048     
   50.487465588771016       0.63906750837634718     
   50.494005415919816       0.63983633937747553     
   50.500545243068622       0.64060453054226452     
   50.507085070217428       0.64137208110252286     
   50.513624897366228       0.64213899029070021     
   50.520164724515034       0.64290525733988724     
   50.526704551663840       0.64367088148381701     
   50.533244378812647       0.64443586195686520     
   50.539784205961446       0.64520019799405148     
   50.546324033110253       0.64596388883103972     
   50.552863860259059       0.64672693370413936     
   50.559403687407865       0.64748933185030499     
   50.565943514556665       0.64825108250713892     
   50.572483341705471       0.64901218491289026     
   50.579023168854278       0.64977263830645671     
   50.585562996003084       0.65053244192738491     
   50.592102823151883       0.65129159501587097     
   50.598642650300690       0.65205009681276216     
   50.605182477449496       0.65280794655955643     
   50.611722304598295       0.65356514349840422     
   50.618262131747102       0.65432168687210845     
   50.624801958895908       0.65507757592412574     
   50.631341786044715       0.65583280989856718     
   50.637881613193514       0.65658738804019878     
   50.644421440342320       0.65734130959444226     
   50.650961267491127       0.65809457380737602     
   50.657501094639933       0.65884717992573616     
   50.664040921788732       0.65959912719691627     
   50.670580748937539       0.66035041486896928     
   50.677120576086345       0.66110104219060739     
   50.683660403235152       0.66185100841120337     
   50.690200230383951       0.66260031278079090     
   50.696740057532757       0.66334895455006582     
   50.703279884681564       0.66409693297038597     
   50.709819711830370       0.66484424729377323     
   50.716359538979169       0.66559089677291328     
   50.722899366127976       0.66633688066115648     
   50.729439193276782       0.66708219821251902     
   50.735979020425582       0.66782684868168340     
   50.742518847574388       0.66857083132399919     
   50.749058674723194       0.66931414539548351     
   50.755598501872001       0.67005679015282249     
   50.762138329020800       0.67079876485337120     
   50.768678156169607       0.67154006875515504     
   50.775217983318413       0.67228070111687033     
   50.781757810467219       0.67302066119788428     
   50.788297637616019       0.67375994825823715     
   50.794837464764825       0.67449856155864174     
   50.801377291913631       0.67523650036048477     
   50.807917119062438       0.67597376392582753     
   50.814456946211237       0.67671035151740633     
   50.820996773360044       0.67744626239863359     
   50.827536600508850       0.67818149583359844     
   50.834076427657656       0.67891605108706754     
   50.840616254806456       0.67964992742448549     
   50.847156081955262       0.68038312411197610     
   50.853695909104069       0.68111564041634254     
   50.860235736252868       0.68184747560506864     
   50.866775563401674       0.68257862894631904     
   50.873315390550481       0.68330909970894038     
   50.879855217699287       0.68403888716246208     
   50.886395044848086       0.68476799057709670     
   50.892934871996893       0.68549640922374055     
   50.899474699145699       0.68622414237397522     
   50.906014526294506       0.68695118930006760     
   50.912554353443305       0.68767754927497049     
   50.919094180592111       0.68840322157232425     
   50.925634007740918       0.68912820546645637     
   50.932173834889724       0.68985250023238309     
   50.938713662038523       0.69057610514580947     
   50.945253489187330       0.69129901948313077     
   50.951793316336136       0.69202124252143260     
   50.958333143484943       0.69274277353849190     
   50.964872970633742       0.69346361181277760     
   50.971412797782548       0.69418375662345155     
   50.977952624931355       0.69490320725036892     
   50.984492452080154       0.69562196297407908     
   50.991032279228961       0.69634002307582632     
   50.997572106377767       0.69705738683755025     
   51.004111933526573       0.69777405354188748     
   51.010651760675373       0.69849002247217118     
   51.017191587824179       0.69920529291243227     
   51.023731414972985       0.69991986414740048     
   51.030271242121792       0.70063373546250474     
   51.036811069270591       0.70134690614387341     
   51.043350896419398       0.70205937547833575     
   51.049890723568204       0.70277114275342289     
   51.056430550717010       0.70348220725736721     
   51.062970377865810       0.70419256827910437     
   51.069510205014616       0.70490222510827305     
   51.076050032163423       0.70561117703521670     
   51.082589859312229       0.70631942335098330     
   51.089129686461028       0.70702696334732651     
   51.095669513609835       0.70773379631670663     
   51.102209340758641       0.70843992155229030     
   51.108749167907440       0.70914533834795235     
   51.115288995056247       0.70985004599827617     
   51.121828822205053       0.71055404379855391     
   51.128368649353860       0.71125733104478794     
   51.134908476502659       0.71195990703369083     
   51.141448303651465       0.71266177106268669     
   51.147988130800272       0.71336292242991139     
   51.154527957949078       0.71406336043421348     
   51.161067785097877       0.71476308437515534     
   51.167607612246684       0.71546209355301282     
   51.174147439395490       0.71616038726877662     
   51.180687266544297       0.71685796482415309     
   51.187227093693096       0.71755482552156491     
   51.193766920841902       0.71825096866415106     
   51.200306747990709       0.71894639355576850     
   51.206846575139508       0.71964109950099242     
   51.213386402288315       0.72033508580511685     
   51.219926229437121       0.72102835177415536     
   51.226466056585927       0.72172089671484230     
   51.233005883734727       0.72241271993463241     
   51.239545710883533       0.72310382074170276     
   51.246085538032339       0.72379419844495219     
   51.252625365181146       0.72448385235400325     
   51.259165192329945       0.72517278177920186     
   51.265705019478752       0.72586098603161853     
   51.272244846627558       0.72654846442304943     
   51.278784673776364       0.72723521626601573     
   51.285324500925164       0.72792124087376586     
   51.291864328073970       0.72860653756027494     
   51.298404155222777       0.72929110564024657     
   51.304943982371583       0.72997494442911248     
   51.311483809520382       0.73065805324303401     
   51.318023636669189       0.73134043139890226     
   51.324563463817995       0.73202207821433918     
   51.331103290966794       0.73270299300769792     
   51.337643118115601       0.73338317509806361     
   51.344182945264407       0.73406262380525422     
   51.350722772413214       0.73474133844982115     
   51.357262599562013       0.73541931835304941     
   51.363802426710819       0.73609656283695934     
   51.370342253859626       0.73677307122430657     
   51.376882081008432       0.73744884283858247     
   51.383421908157231       0.73812387700401560     
   51.389961735306038       0.73879817304557149     
   51.396501562454844       0.73947173028895452     
   51.403041389603651       0.74014454806060725     
   51.409581216752450       0.74081662568771178     
   51.416121043901256       0.74148796249819093     
   51.422660871050063       0.74215855782070728     
   51.429200698198869       0.74282841098466601     
   51.435740525347668       0.74349752132021374     
   51.442280352496475       0.74416588815824003     
   51.448820179645281       0.74483351083037830     
   51.455360006794081       0.74550038866900570     
   51.461899833942887       0.74616652100724445     
   51.468439661091693       0.74683190717896220     
   51.474979488240500       0.74749654651877273     
   51.481519315389299       0.74816043836203672     
   51.488059142538106       0.74882358204486243     
   51.494598969686912       0.74948597690410601     
   51.501138796835718       0.75014762227737275     
   51.507678623984518       0.75080851750301725     
   51.514218451133324       0.75146866192014428     
   51.520758278282131       0.75212805486860923     
   51.527298105430937       0.75278669568901946     
   51.533837932579736       0.75344458372273393     
   51.540377759728543       0.75410171831186479     
   51.546917586877349       0.75475809879927724     
   51.553457414026155       0.75541372452859090     
   51.559997241174955       0.75606859484417999     
   51.566537068323761       0.75672270909117434     
   51.573076895472568       0.75737606661545953     
   51.579616722621367       0.75802866676367797     
   51.586156549770173       0.75868050888322980     
   51.592696376918980       0.75933159232227265     
   51.599236204067786       0.75998191642972313     
   51.605776031216585       0.76063148055525720     
   51.612315858365392       0.76128028404931070     
   51.618855685514198       0.76192832626308005     
   51.625395512663005       0.76257560654852330     
   51.631935339811804       0.76322212425835978     
   51.638475166960610       0.76386787874607209     
   51.645014994109417       0.76451286936590557     
   51.651554821258223       0.76515709547286970     
   51.658094648407022       0.76580055642273848     
   51.664634475555829       0.76644325157205073     
   51.671174302704635       0.76708518027811157     
   51.677714129853442       0.76772634189899203     
   51.684253957002241       0.76836673579353076     
   51.690793784151047       0.76900636132133360     
   51.697333611299854       0.76964521784277518     
   51.703873438448653       0.77028330471899875     
   51.710413265597460       0.77092062131191763     
   51.716953092746266       0.77155716698421550     
   51.723492919895072       0.77219294109934611     
   51.730032747043872       0.77282794302153557     
   51.736572574192678       0.77346217211578228     
   51.743112401341484       0.77409562774785667     
   51.749652228490291       0.77472830928430336     
   51.756192055639090       0.77536021609244088     
   51.762731882787897       0.77599134754036203     
   51.769271709936703       0.77662170299693578     
   51.775811537085509       0.77725128183180658     
   51.782351364234309       0.77788008341539561     
   51.788891191383115       0.77850810711890106     
   51.795431018531922       0.77913535231429942     
   51.801970845680721       0.77976181837434555     
   51.808510672829527       0.78038750467257323     
   51.815050499978334       0.78101241058329618     
   51.821590327127140       0.78163653548160861     
   51.828130154275939       0.78225987874338554     
   51.834669981424746       0.78288243974528371     
   51.841209808573552       0.78350421786474200     
   51.847749635722359       0.78412521247998257     
   51.854289462871158       0.78474542297001060     
   51.860829290019964       0.78536484871461576     
   51.867369117168771       0.78598348909437221     
   51.873908944317577       0.78660134349063959     
   51.880448771466376       0.78721841128556347     
   51.886988598615183       0.78783469186207611     
   51.893528425763989       0.78845018460389693     
   51.900068252912796       0.78906488889553317     
   51.906608080061595       0.78967880412228031     
   51.913147907210401       0.79029192967022355     
   51.919687734359208       0.79090426492623700     
   51.926227561508007       0.79151580927798559     
   51.932767388656814       0.79212656211392474     
   51.939307215805620       0.79273652282330187     
   51.945847042954426       0.79334569079615624     
   51.952386870103226       0.79395406542331981     
   51.958926697252032       0.79456164609641788     
   51.965466524400838       0.79516843220786981     
   51.972006351549645       0.79577442315088953     
   51.978546178698444       0.79637961831948612     
   51.985086005847251       0.79698401710846434     
   51.991625832996057       0.79758761891342544     
   51.998165660144863       0.79819042313076760     
   52.004705487293663       0.79879242915768678     
   52.011245314442469       0.79939363639217675     
   52.017785141591276       0.79999404423303022     
   52.024324968740082       0.80059365207983957     
   52.030864795888881       0.80119245933299676     
   52.037404623037688       0.80179046539369458     
   52.043944450186494       0.80238766966392694     
   52.050484277335293       0.80298407154648976     
   52.057024104484100       0.80357967044498102     
   52.063563931632906       0.80417446576380180     
   52.070103758781713       0.80476845690815668     
   52.076643585930512       0.80536164328405468     
   52.083183413079318       0.80595402429830942     
   52.089723240228125       0.80654559935853987     
   52.096263067376931       0.80713636787317111     
   52.102802894525730       0.80772632925143439     
   52.109342721674537       0.80831548290336830     
   52.115882548823343       0.80890382823981921     
   52.122422375972150       0.80949136467244198     
   52.128962203120949       0.81007809161370004     
   52.135502030269755       0.81066400847686648     
   52.142041857418562       0.81124911467602445     
   52.148581684567368       0.81183340962606787     
   52.155121511716168       0.81241689274270157     
   52.161661338864974       0.81299956344244262     
   52.168201166013780       0.81358142114262000     
   52.174740993162580       0.81416246526137637     
   52.181280820311386       0.81474269521766751     
   52.187820647460192       0.81532211043126324     
   52.194360474608999       0.81590071032274880     
   52.200900301757798       0.81647849431352382     
   52.207440128906605       0.81705546182580469     
   52.213979956055411       0.81763161228262371     
   52.220519783204217       0.81820694510783043     
   52.227059610353017       0.81878145972609195     
   52.233599437501823       0.81935515556289373     
   52.240139264650630       0.81992803204454001     
   52.246679091799436       0.82050008859815426     
   52.253218918948235       0.82107132465167998     
   52.259758746097042       0.82164173963388099     
   52.266298573245848       0.82221133297434235     
   52.272838400394647       0.82278010410347069     
   52.279378227543454       0.82334805245249487     
   52.285918054692260       0.82391517745346676     
   52.292457881841067       0.82448147853926101     
   52.298997708989866       0.82504695514357684     
   52.305537536138672       0.82561160670093747     
   52.312077363287479       0.82617543264669147     
   52.318617190436285       0.82673843241701295     
